<?xml version="1.0" encoding="UTF-8"?>
<gpx creator="https://gpx.studio" version="1.1" xmlns="http://www.topografix.com/GPX/1/1" xmlns:xsi="http://www.w3.org/2001/XMLSchema-instance" xsi:schemaLocation="http://www.topografix.com/GPX/1/1 http://www.topografix.com/GPX/1/1/gpx.xsd http://www.garmin.com/xmlschemas/GpxExtensions/v3 http://www.garmin.com/xmlschemas/GpxExtensionsv3.xsd http://www.garmin.com/xmlschemas/TrackPointExtension/v1 http://www.garmin.com/xmlschemas/TrackPointExtensionv1.xsd http://www.garmin.com/xmlschemas/PowerExtension/v1 http://www.garmin.com/xmlschemas/PowerExtensionv1.xsd http://www.topografix.com/GPX/gpx_style/0/2 http://www.topografix.com/GPX/gpx_style/0/2/gpx_style.xsd" xmlns:gpxtpx="http://www.garmin.com/xmlschemas/TrackPointExtension/v1" xmlns:gpxx="http://www.garmin.com/xmlschemas/GpxExtensions/v3" xmlns:gpxpx="http://www.garmin.com/xmlschemas/PowerExtension/v1" xmlns:gpx_style="http://www.topografix.com/GPX/gpx_style/0/2">
  <metadata>
    <name>2 Jours en Vercors</name>
    <author>
      <name>gpx.studio</name>
      <link href="https://gpx.studio"/>
    </author>
  </metadata>
  <trk>
    <name>2 Jours en Vercors</name>
    <trkseg>
      <trkpt lat="44.82254" lon="5.548918">
        <ele>1043.64</ele>
      </trkpt>
      <trkpt lat="44.822557" lon="5.548783">
        <ele>1045.48</ele>
      </trkpt>
      <trkpt lat="44.822537" lon="5.548671">
        <ele>1046.46</ele>
      </trkpt>
      <trkpt lat="44.822483" lon="5.548521">
        <ele>1047.33</ele>
      </trkpt>
      <trkpt lat="44.822469" lon="5.548412">
        <ele>1048.1</ele>
      </trkpt>
      <trkpt lat="44.822497" lon="5.548279">
        <ele>1049.36</ele>
      </trkpt>
      <trkpt lat="44.822562" lon="5.548069">
        <ele>1052.6</ele>
      </trkpt>
      <trkpt lat="44.822589" lon="5.547946">
        <ele>1053.75</ele>
      </trkpt>
      <trkpt lat="44.822558" lon="5.547722">
        <ele>1054.24</ele>
      </trkpt>
      <trkpt lat="44.82253" lon="5.54766">
        <ele>1053.78</ele>
      </trkpt>
      <trkpt lat="44.822482" lon="5.547426">
        <ele>1054</ele>
      </trkpt>
      <trkpt lat="44.822477" lon="5.547317">
        <ele>1053.95</ele>
      </trkpt>
      <trkpt lat="44.822445" lon="5.546626">
        <ele>1054.47</ele>
      </trkpt>
      <trkpt lat="44.822468" lon="5.546358">
        <ele>1054.89</ele>
      </trkpt>
      <trkpt lat="44.822583" lon="5.545704">
        <ele>1057.79</ele>
      </trkpt>
      <trkpt lat="44.822623" lon="5.545146">
        <ele>1061.59</ele>
      </trkpt>
      <trkpt lat="44.822577" lon="5.544959">
        <ele>1061.77</ele>
      </trkpt>
      <trkpt lat="44.822509" lon="5.544759">
        <ele>1061.97</ele>
      </trkpt>
      <trkpt lat="44.822416" lon="5.544556">
        <ele>1061.63</ele>
      </trkpt>
      <trkpt lat="44.822228" lon="5.544257">
        <ele>1061.36</ele>
      </trkpt>
      <trkpt lat="44.821999" lon="5.543827">
        <ele>1061.98</ele>
      </trkpt>
      <trkpt lat="44.821823" lon="5.543582">
        <ele>1061.88</ele>
      </trkpt>
      <trkpt lat="44.821577" lon="5.543238">
        <ele>1061.74</ele>
      </trkpt>
      <trkpt lat="44.821537" lon="5.543008">
        <ele>1062.18</ele>
      </trkpt>
      <trkpt lat="44.821579" lon="5.542747">
        <ele>1063.82</ele>
      </trkpt>
      <trkpt lat="44.821598" lon="5.542506">
        <ele>1065.38</ele>
      </trkpt>
      <trkpt lat="44.821577" lon="5.54234">
        <ele>1066.17</ele>
      </trkpt>
      <trkpt lat="44.821394" lon="5.541744">
        <ele>1069.14</ele>
      </trkpt>
      <trkpt lat="44.82133" lon="5.541471">
        <ele>1069.75</ele>
      </trkpt>
      <trkpt lat="44.821233" lon="5.540819">
        <ele>1074.38</ele>
      </trkpt>
      <trkpt lat="44.821171" lon="5.540536">
        <ele>1076.64</ele>
      </trkpt>
      <trkpt lat="44.82111" lon="5.540361">
        <ele>1077.17</ele>
      </trkpt>
      <trkpt lat="44.820822" lon="5.539528">
        <ele>1079.7</ele>
      </trkpt>
      <trkpt lat="44.820642" lon="5.539116">
        <ele>1082.56</ele>
      </trkpt>
      <trkpt lat="44.820562" lon="5.538951">
        <ele>1083.11</ele>
      </trkpt>
      <trkpt lat="44.820436" lon="5.538461">
        <ele>1086.79</ele>
      </trkpt>
      <trkpt lat="44.820192" lon="5.537938">
        <ele>1087.69</ele>
      </trkpt>
      <trkpt lat="44.819964" lon="5.537166">
        <ele>1091.42</ele>
      </trkpt>
      <trkpt lat="44.819853" lon="5.536846">
        <ele>1095.97</ele>
      </trkpt>
      <trkpt lat="44.819718" lon="5.536453">
        <ele>1098</ele>
      </trkpt>
      <trkpt lat="44.819633" lon="5.536206">
        <ele>1099.28</ele>
      </trkpt>
      <trkpt lat="44.819434" lon="5.535448">
        <ele>1104</ele>
      </trkpt>
      <trkpt lat="44.819135" lon="5.534311">
        <ele>1116.24</ele>
      </trkpt>
      <trkpt lat="44.819064" lon="5.533784">
        <ele>1121.61</ele>
      </trkpt>
      <trkpt lat="44.818941" lon="5.533266">
        <ele>1124.6</ele>
      </trkpt>
      <trkpt lat="44.818843" lon="5.532487">
        <ele>1127.54</ele>
      </trkpt>
      <trkpt lat="44.818779" lon="5.532121">
        <ele>1128.6</ele>
      </trkpt>
      <trkpt lat="44.818813" lon="5.53144">
        <ele>1130.7</ele>
      </trkpt>
      <trkpt lat="44.818979" lon="5.530562">
        <ele>1136.14</ele>
      </trkpt>
      <trkpt lat="44.819157" lon="5.530099">
        <ele>1141.24</ele>
      </trkpt>
      <trkpt lat="44.819133" lon="5.529763">
        <ele>1140.66</ele>
      </trkpt>
      <trkpt lat="44.819195" lon="5.529081">
        <ele>1144.16</ele>
      </trkpt>
      <trkpt lat="44.819029" lon="5.528375">
        <ele>1147.72</ele>
      </trkpt>
      <trkpt lat="44.819004" lon="5.528143">
        <ele>1149.62</ele>
      </trkpt>
      <trkpt lat="44.818942" lon="5.527987">
        <ele>1150.04</ele>
      </trkpt>
      <trkpt lat="44.818768" lon="5.527706">
        <ele>1151.97</ele>
      </trkpt>
      <trkpt lat="44.818676" lon="5.527317">
        <ele>1154.7</ele>
      </trkpt>
      <trkpt lat="44.818489" lon="5.526519">
        <ele>1160.3</ele>
      </trkpt>
      <trkpt lat="44.818409" lon="5.526282">
        <ele>1162.33</ele>
      </trkpt>
      <trkpt lat="44.818297" lon="5.526094">
        <ele>1163.64</ele>
      </trkpt>
      <trkpt lat="44.817711" lon="5.525554">
        <ele>1171.2</ele>
      </trkpt>
      <trkpt lat="44.817537" lon="5.525314">
        <ele>1173.36</ele>
      </trkpt>
      <trkpt lat="44.817015" lon="5.524591">
        <ele>1175.58</ele>
      </trkpt>
      <trkpt lat="44.81688" lon="5.524207">
        <ele>1178.11</ele>
      </trkpt>
      <trkpt lat="44.816771" lon="5.52394">
        <ele>1180.66</ele>
      </trkpt>
      <trkpt lat="44.816613" lon="5.523554">
        <ele>1184.35</ele>
      </trkpt>
      <trkpt lat="44.816235" lon="5.522906">
        <ele>1193.74</ele>
      </trkpt>
      <trkpt lat="44.816189" lon="5.522687">
        <ele>1197.21</ele>
      </trkpt>
      <trkpt lat="44.816177" lon="5.522271">
        <ele>1203.22</ele>
      </trkpt>
      <trkpt lat="44.816186" lon="5.522052">
        <ele>1205.69</ele>
      </trkpt>
      <trkpt lat="44.816142" lon="5.521895">
        <ele>1208.31</ele>
      </trkpt>
      <trkpt lat="44.816023" lon="5.521777">
        <ele>1211.36</ele>
      </trkpt>
      <trkpt lat="44.8159" lon="5.521687">
        <ele>1213.95</ele>
      </trkpt>
      <trkpt lat="44.815812" lon="5.521645">
        <ele>1215.53</ele>
      </trkpt>
      <trkpt lat="44.815668" lon="5.521575">
        <ele>1218.14</ele>
      </trkpt>
      <trkpt lat="44.815363" lon="5.521478">
        <ele>1223.76</ele>
      </trkpt>
      <trkpt lat="44.81512" lon="5.52148">
        <ele>1226.56</ele>
      </trkpt>
      <trkpt lat="44.814944" lon="5.52152">
        <ele>1226.31</ele>
      </trkpt>
      <trkpt lat="44.814665" lon="5.521316">
        <ele>1236.54</ele>
      </trkpt>
      <trkpt lat="44.814656" lon="5.521298">
        <ele>1237.18</ele>
      </trkpt>
      <trkpt lat="44.814558" lon="5.521107">
        <ele>1244.25</ele>
      </trkpt>
      <trkpt lat="44.814685" lon="5.52084">
        <ele>1252.92</ele>
      </trkpt>
      <trkpt lat="44.814664" lon="5.520731">
        <ele>1256.41</ele>
      </trkpt>
      <trkpt lat="44.814488" lon="5.520547">
        <ele>1262.48</ele>
      </trkpt>
      <trkpt lat="44.814339" lon="5.52046">
        <ele>1265</ele>
      </trkpt>
      <trkpt lat="44.814092" lon="5.520228">
        <ele>1272.03</ele>
      </trkpt>
      <trkpt lat="44.813814" lon="5.519967">
        <ele>1279.94</ele>
      </trkpt>
      <trkpt lat="44.813778" lon="5.519672">
        <ele>1289.94</ele>
      </trkpt>
      <trkpt lat="44.813611" lon="5.519629">
        <ele>1289.8</ele>
      </trkpt>
      <trkpt lat="44.813432" lon="5.51949">
        <ele>1292.65</ele>
      </trkpt>
      <trkpt lat="44.813418" lon="5.519372">
        <ele>1296.93</ele>
      </trkpt>
      <trkpt lat="44.813481" lon="5.519155">
        <ele>1305.95</ele>
      </trkpt>
      <trkpt lat="44.813493" lon="5.518948">
        <ele>1313.86</ele>
      </trkpt>
      <trkpt lat="44.813464" lon="5.518739">
        <ele>1320.93</ele>
      </trkpt>
      <trkpt lat="44.813344" lon="5.518634">
        <ele>1321.76</ele>
      </trkpt>
      <trkpt lat="44.813275" lon="5.518532">
        <ele>1323.64</ele>
      </trkpt>
      <trkpt lat="44.813218" lon="5.518134">
        <ele>1334.21</ele>
      </trkpt>
      <trkpt lat="44.813295" lon="5.517888">
        <ele>1346.16</ele>
      </trkpt>
      <trkpt lat="44.813324" lon="5.517716">
        <ele>1353.32</ele>
      </trkpt>
      <trkpt lat="44.813283" lon="5.517567">
        <ele>1358.54</ele>
      </trkpt>
      <trkpt lat="44.813194" lon="5.51746">
        <ele>1360.42</ele>
      </trkpt>
      <trkpt lat="44.813093" lon="5.517384">
        <ele>1360.65</ele>
      </trkpt>
      <trkpt lat="44.813023" lon="5.517317">
        <ele>1360.88</ele>
      </trkpt>
      <trkpt lat="44.812962" lon="5.517176">
        <ele>1365</ele>
      </trkpt>
      <trkpt lat="44.812751" lon="5.51652">
        <ele>1386.14</ele>
      </trkpt>
      <trkpt lat="44.812672" lon="5.51641">
        <ele>1387.73</ele>
      </trkpt>
      <trkpt lat="44.812671" lon="5.516284">
        <ele>1393.55</ele>
      </trkpt>
      <trkpt lat="44.812622" lon="5.51624">
        <ele>1393.62</ele>
      </trkpt>
      <trkpt lat="44.812643" lon="5.516138">
        <ele>1399.22</ele>
      </trkpt>
      <trkpt lat="44.812606" lon="5.516063">
        <ele>1401.2</ele>
      </trkpt>
      <trkpt lat="44.812683" lon="5.51603">
        <ele>1405.85</ele>
      </trkpt>
      <trkpt lat="44.812701" lon="5.516">
        <ele>1408.03</ele>
      </trkpt>
      <trkpt lat="44.81269" lon="5.515967">
        <ele>1409.12</ele>
      </trkpt>
      <trkpt lat="44.812597" lon="5.515878">
        <ele>1409.45</ele>
      </trkpt>
      <trkpt lat="44.812527" lon="5.515786">
        <ele>1410.83</ele>
      </trkpt>
      <trkpt lat="44.812539" lon="5.515762">
        <ele>1412.45</ele>
      </trkpt>
      <trkpt lat="44.812601" lon="5.515743">
        <ele>1415.86</ele>
      </trkpt>
      <trkpt lat="44.812607" lon="5.515716">
        <ele>1417.39</ele>
      </trkpt>
      <trkpt lat="44.812519" lon="5.515588">
        <ele>1419.73</ele>
      </trkpt>
      <trkpt lat="44.812499" lon="5.515477">
        <ele>1424.09</ele>
      </trkpt>
      <trkpt lat="44.812414" lon="5.515345">
        <ele>1427.23</ele>
      </trkpt>
      <trkpt lat="44.81237" lon="5.515228">
        <ele>1431.25</ele>
      </trkpt>
      <trkpt lat="44.812318" lon="5.515208">
        <ele>1430.46</ele>
      </trkpt>
      <trkpt lat="44.812309" lon="5.515163">
        <ele>1432.28</ele>
      </trkpt>
      <trkpt lat="44.81228" lon="5.515141">
        <ele>1432.32</ele>
      </trkpt>
      <trkpt lat="44.812265" lon="5.5151">
        <ele>1433.75</ele>
      </trkpt>
      <trkpt lat="44.812197" lon="5.515066">
        <ele>1433.6</ele>
      </trkpt>
      <trkpt lat="44.812172" lon="5.515014">
        <ele>1435.89</ele>
      </trkpt>
      <trkpt lat="44.81223" lon="5.514969">
        <ele>1439.46</ele>
      </trkpt>
      <trkpt lat="44.812216" lon="5.5149">
        <ele>1443.01</ele>
      </trkpt>
      <trkpt lat="44.811987" lon="5.51478">
        <ele>1445.2</ele>
      </trkpt>
      <trkpt lat="44.811973" lon="5.514741">
        <ele>1447.06</ele>
      </trkpt>
      <trkpt lat="44.811978" lon="5.514662">
        <ele>1451.31</ele>
      </trkpt>
      <trkpt lat="44.811949" lon="5.51463">
        <ele>1452.3</ele>
      </trkpt>
      <trkpt lat="44.811926" lon="5.51463">
        <ele>1451.71</ele>
      </trkpt>
      <trkpt lat="44.811904" lon="5.514606">
        <ele>1452.44</ele>
      </trkpt>
      <trkpt lat="44.811883" lon="5.514553">
        <ele>1454.66</ele>
      </trkpt>
      <trkpt lat="44.811836" lon="5.514493">
        <ele>1456.92</ele>
      </trkpt>
      <trkpt lat="44.811786" lon="5.514455">
        <ele>1458.06</ele>
      </trkpt>
      <trkpt lat="44.81173" lon="5.514352">
        <ele>1462.67</ele>
      </trkpt>
      <trkpt lat="44.811696" lon="5.514332">
        <ele>1463.45</ele>
      </trkpt>
      <trkpt lat="44.811658" lon="5.514284">
        <ele>1465.67</ele>
      </trkpt>
      <trkpt lat="44.811652" lon="5.514245">
        <ele>1467.65</ele>
      </trkpt>
      <trkpt lat="44.811641" lon="5.514238">
        <ele>1467.92</ele>
      </trkpt>
      <trkpt lat="44.811615" lon="5.514245">
        <ele>1467.4</ele>
      </trkpt>
      <trkpt lat="44.811602" lon="5.514227">
        <ele>1468.37</ele>
      </trkpt>
      <trkpt lat="44.811615" lon="5.514194">
        <ele>1470.32</ele>
      </trkpt>
      <trkpt lat="44.811593" lon="5.514132">
        <ele>1473.94</ele>
      </trkpt>
      <trkpt lat="44.81157" lon="5.514107">
        <ele>1475.39</ele>
      </trkpt>
      <trkpt lat="44.811527" lon="5.514111">
        <ele>1475.15</ele>
      </trkpt>
      <trkpt lat="44.811478" lon="5.514088">
        <ele>1476.28</ele>
      </trkpt>
      <trkpt lat="44.811448" lon="5.514033">
        <ele>1479.24</ele>
      </trkpt>
      <trkpt lat="44.811454" lon="5.513969">
        <ele>1483.03</ele>
      </trkpt>
      <trkpt lat="44.81142" lon="5.513946">
        <ele>1484.08</ele>
      </trkpt>
      <trkpt lat="44.811372" lon="5.513891">
        <ele>1487.01</ele>
      </trkpt>
      <trkpt lat="44.811177" lon="5.51384">
        <ele>1490.55</ele>
      </trkpt>
      <trkpt lat="44.810969" lon="5.513794">
        <ele>1492.07</ele>
      </trkpt>
      <trkpt lat="44.810955" lon="5.513759">
        <ele>1493.9</ele>
      </trkpt>
      <trkpt lat="44.810962" lon="5.513698">
        <ele>1497.77</ele>
      </trkpt>
      <trkpt lat="44.810861" lon="5.513511">
        <ele>1505.18</ele>
      </trkpt>
      <trkpt lat="44.810867" lon="5.513493">
        <ele>1506.31</ele>
      </trkpt>
      <trkpt lat="44.810935" lon="5.513501">
        <ele>1507.54</ele>
      </trkpt>
      <trkpt lat="44.810955" lon="5.513486">
        <ele>1508.86</ele>
      </trkpt>
      <trkpt lat="44.810943" lon="5.513444">
        <ele>1510.84</ele>
      </trkpt>
      <trkpt lat="44.810862" lon="5.513342">
        <ele>1514.92</ele>
      </trkpt>
      <trkpt lat="44.81063" lon="5.51316">
        <ele>1524.62</ele>
      </trkpt>
      <trkpt lat="44.810545" lon="5.513143">
        <ele>1525.48</ele>
      </trkpt>
      <trkpt lat="44.810514" lon="5.513115">
        <ele>1527.61</ele>
      </trkpt>
      <trkpt lat="44.810411" lon="5.513079">
        <ele>1530.96</ele>
      </trkpt>
      <trkpt lat="44.810375" lon="5.513001">
        <ele>1537.55</ele>
      </trkpt>
      <trkpt lat="44.810361" lon="5.512989">
        <ele>1538.63</ele>
      </trkpt>
      <trkpt lat="44.810313" lon="5.512994">
        <ele>1538.3</ele>
      </trkpt>
      <trkpt lat="44.810278" lon="5.512966">
        <ele>1540.92</ele>
      </trkpt>
      <trkpt lat="44.810192" lon="5.512987">
        <ele>1539.57</ele>
      </trkpt>
      <trkpt lat="44.810178" lon="5.512982">
        <ele>1540.06</ele>
      </trkpt>
      <trkpt lat="44.810241" lon="5.512839">
        <ele>1552.88</ele>
      </trkpt>
      <trkpt lat="44.810071" lon="5.512836">
        <ele>1553.7</ele>
      </trkpt>
      <trkpt lat="44.81018" lon="5.512611">
        <ele>1575.53</ele>
      </trkpt>
      <trkpt lat="44.810141" lon="5.512591">
        <ele>1577.18</ele>
      </trkpt>
      <trkpt lat="44.81007" lon="5.512607">
        <ele>1574.7</ele>
      </trkpt>
      <trkpt lat="44.809917" lon="5.512689">
        <ele>1567.78</ele>
      </trkpt>
      <trkpt lat="44.809894" lon="5.512736">
        <ele>1564.68</ele>
      </trkpt>
      <trkpt lat="44.809879" lon="5.512796">
        <ele>1560.89</ele>
      </trkpt>
      <trkpt lat="44.809852" lon="5.512846">
        <ele>1558.23</ele>
      </trkpt>
      <trkpt lat="44.809814" lon="5.512815">
        <ele>1560.87</ele>
      </trkpt>
      <trkpt lat="44.809797" lon="5.512772">
        <ele>1563.45</ele>
      </trkpt>
      <trkpt lat="44.809804" lon="5.512701">
        <ele>1567.2</ele>
      </trkpt>
      <trkpt lat="44.809799" lon="5.512662">
        <ele>1569.69</ele>
      </trkpt>
      <trkpt lat="44.809785" lon="5.512639">
        <ele>1571.19</ele>
      </trkpt>
      <trkpt lat="44.809731" lon="5.512621">
        <ele>1571.8</ele>
      </trkpt>
      <trkpt lat="44.809675" lon="5.512518">
        <ele>1577.82</ele>
      </trkpt>
      <trkpt lat="44.809624" lon="5.512467">
        <ele>1580.8</ele>
      </trkpt>
      <trkpt lat="44.80955" lon="5.512433">
        <ele>1582.17</ele>
      </trkpt>
      <trkpt lat="44.809388" lon="5.512436">
        <ele>1581.63</ele>
      </trkpt>
      <trkpt lat="44.809347" lon="5.512411">
        <ele>1582.67</ele>
      </trkpt>
      <trkpt lat="44.809209" lon="5.512298">
        <ele>1586.13</ele>
      </trkpt>
      <trkpt lat="44.80912" lon="5.512258">
        <ele>1587.14</ele>
      </trkpt>
      <trkpt lat="44.809033" lon="5.512253">
        <ele>1587.11</ele>
      </trkpt>
      <trkpt lat="44.808996" lon="5.51227">
        <ele>1586.5</ele>
      </trkpt>
      <trkpt lat="44.808918" lon="5.512334">
        <ele>1584.6</ele>
      </trkpt>
      <trkpt lat="44.80885" lon="5.512328">
        <ele>1585.81</ele>
      </trkpt>
      <trkpt lat="44.80876" lon="5.512369">
        <ele>1585.75</ele>
      </trkpt>
      <trkpt lat="44.808725" lon="5.512375">
        <ele>1585.94</ele>
      </trkpt>
      <trkpt lat="44.808617" lon="5.512339">
        <ele>1587.68</ele>
      </trkpt>
      <trkpt lat="44.808563" lon="5.512335">
        <ele>1588.34</ele>
      </trkpt>
      <trkpt lat="44.808538" lon="5.512348">
        <ele>1588.77</ele>
      </trkpt>
      <trkpt lat="44.808502" lon="5.512426">
        <ele>1588.55</ele>
      </trkpt>
      <trkpt lat="44.808482" lon="5.512455">
        <ele>1588.75</ele>
      </trkpt>
      <trkpt lat="44.808465" lon="5.512459">
        <ele>1589.22</ele>
      </trkpt>
      <trkpt lat="44.808432" lon="5.512434">
        <ele>1590.38</ele>
      </trkpt>
      <trkpt lat="44.808398" lon="5.512381">
        <ele>1591.83</ele>
      </trkpt>
      <trkpt lat="44.808367" lon="5.512355">
        <ele>1592.9</ele>
      </trkpt>
      <trkpt lat="44.808245" lon="5.51233">
        <ele>1596.2</ele>
      </trkpt>
      <trkpt lat="44.808199" lon="5.512306">
        <ele>1597.63</ele>
      </trkpt>
      <trkpt lat="44.808171" lon="5.512288">
        <ele>1598.6</ele>
      </trkpt>
      <trkpt lat="44.808128" lon="5.512225">
        <ele>1600.06</ele>
      </trkpt>
      <trkpt lat="44.808107" lon="5.512216">
        <ele>1600.53</ele>
      </trkpt>
      <trkpt lat="44.808011" lon="5.512198">
        <ele>1601.7</ele>
      </trkpt>
      <trkpt lat="44.80779" lon="5.51222">
        <ele>1604</ele>
      </trkpt>
      <trkpt lat="44.807628" lon="5.512197">
        <ele>1604.74</ele>
      </trkpt>
      <trkpt lat="44.80775" lon="5.512127">
        <ele>1604.75</ele>
      </trkpt>
      <trkpt lat="44.807865" lon="5.511993">
        <ele>1606.95</ele>
      </trkpt>
      <trkpt lat="44.807943" lon="5.511986">
        <ele>1606.48</ele>
      </trkpt>
      <trkpt lat="44.808129" lon="5.51197">
        <ele>1605.37</ele>
      </trkpt>
      <trkpt lat="44.808325" lon="5.51176">
        <ele>1609.52</ele>
      </trkpt>
      <trkpt lat="44.808614" lon="5.511613">
        <ele>1612.45</ele>
      </trkpt>
      <trkpt lat="44.808679" lon="5.511533">
        <ele>1616.49</ele>
      </trkpt>
      <trkpt lat="44.808828" lon="5.511434">
        <ele>1620.69</ele>
      </trkpt>
      <trkpt lat="44.808889" lon="5.511277">
        <ele>1627.23</ele>
      </trkpt>
      <trkpt lat="44.808898" lon="5.511151">
        <ele>1630.98</ele>
      </trkpt>
      <trkpt lat="44.808858" lon="5.510922">
        <ele>1634.7</ele>
      </trkpt>
      <trkpt lat="44.808754" lon="5.510754">
        <ele>1637.21</ele>
      </trkpt>
      <trkpt lat="44.808727" lon="5.510656">
        <ele>1638.42</ele>
      </trkpt>
      <trkpt lat="44.808662" lon="5.510412">
        <ele>1641.43</ele>
      </trkpt>
      <trkpt lat="44.808569" lon="5.510042">
        <ele>1640.63</ele>
      </trkpt>
      <trkpt lat="44.808402" lon="5.509585">
        <ele>1635.59</ele>
      </trkpt>
      <trkpt lat="44.808398" lon="5.509528">
        <ele>1635.36</ele>
      </trkpt>
      <trkpt lat="44.808747" lon="5.509593">
        <ele>1637.46</ele>
      </trkpt>
      <trkpt lat="44.808834" lon="5.509455">
        <ele>1636.43</ele>
      </trkpt>
      <trkpt lat="44.808919" lon="5.509448">
        <ele>1636.35</ele>
      </trkpt>
      <trkpt lat="44.808949" lon="5.509402">
        <ele>1635.84</ele>
      </trkpt>
      <trkpt lat="44.809018" lon="5.509394">
        <ele>1635.3</ele>
      </trkpt>
      <trkpt lat="44.809133" lon="5.50944">
        <ele>1634.71</ele>
      </trkpt>
      <trkpt lat="44.809327" lon="5.509452">
        <ele>1634.01</ele>
      </trkpt>
      <trkpt lat="44.809535" lon="5.509542">
        <ele>1632.84</ele>
      </trkpt>
      <trkpt lat="44.809667" lon="5.509615">
        <ele>1632.18</ele>
      </trkpt>
      <trkpt lat="44.809776" lon="5.509595">
        <ele>1631.17</ele>
      </trkpt>
      <trkpt lat="44.809886" lon="5.509648">
        <ele>1630.83</ele>
      </trkpt>
      <trkpt lat="44.809998" lon="5.509731">
        <ele>1631.64</ele>
      </trkpt>
      <trkpt lat="44.810063" lon="5.509829">
        <ele>1632.91</ele>
      </trkpt>
      <trkpt lat="44.810141" lon="5.50987">
        <ele>1633.57</ele>
      </trkpt>
      <trkpt lat="44.810232" lon="5.509866">
        <ele>1634.21</ele>
      </trkpt>
      <trkpt lat="44.810293" lon="5.509988">
        <ele>1635.35</ele>
      </trkpt>
      <trkpt lat="44.810625" lon="5.510215">
        <ele>1637.63</ele>
      </trkpt>
      <trkpt lat="44.810701" lon="5.51037">
        <ele>1639.28</ele>
      </trkpt>
      <trkpt lat="44.810805" lon="5.510446">
        <ele>1639.98</ele>
      </trkpt>
      <trkpt lat="44.810889" lon="5.510435">
        <ele>1639.91</ele>
      </trkpt>
      <trkpt lat="44.810989" lon="5.510511">
        <ele>1640.65</ele>
      </trkpt>
      <trkpt lat="44.811112" lon="5.51046">
        <ele>1640.12</ele>
      </trkpt>
      <trkpt lat="44.811169" lon="5.510458">
        <ele>1640.37</ele>
      </trkpt>
      <trkpt lat="44.811302" lon="5.510474">
        <ele>1641.33</ele>
      </trkpt>
      <trkpt lat="44.811587" lon="5.510311">
        <ele>1640.33</ele>
      </trkpt>
      <trkpt lat="44.811643" lon="5.510306">
        <ele>1640.47</ele>
      </trkpt>
      <trkpt lat="44.811674" lon="5.51023">
        <ele>1640.42</ele>
      </trkpt>
      <trkpt lat="44.811822" lon="5.510109">
        <ele>1641</ele>
      </trkpt>
      <trkpt lat="44.811899" lon="5.509885">
        <ele>1642.26</ele>
      </trkpt>
      <trkpt lat="44.811937" lon="5.509849">
        <ele>1642.57</ele>
      </trkpt>
      <trkpt lat="44.811997" lon="5.509713">
        <ele>1642.84</ele>
      </trkpt>
      <trkpt lat="44.812045" lon="5.509606">
        <ele>1643.04</ele>
      </trkpt>
      <trkpt lat="44.812261" lon="5.509465">
        <ele>1643.34</ele>
      </trkpt>
      <trkpt lat="44.812281" lon="5.509422">
        <ele>1643.04</ele>
      </trkpt>
      <trkpt lat="44.812361" lon="5.509405">
        <ele>1643.05</ele>
      </trkpt>
      <trkpt lat="44.812391" lon="5.509324">
        <ele>1643.29</ele>
      </trkpt>
      <trkpt lat="44.812402" lon="5.50922">
        <ele>1643.54</ele>
      </trkpt>
      <trkpt lat="44.812459" lon="5.509114">
        <ele>1644.62</ele>
      </trkpt>
      <trkpt lat="44.812615" lon="5.508984">
        <ele>1646.78</ele>
      </trkpt>
      <trkpt lat="44.81265" lon="5.508893">
        <ele>1647.5</ele>
      </trkpt>
      <trkpt lat="44.812707" lon="5.508812">
        <ele>1648.46</ele>
      </trkpt>
      <trkpt lat="44.812946" lon="5.508716">
        <ele>1649.94</ele>
      </trkpt>
      <trkpt lat="44.813076" lon="5.508536">
        <ele>1652.04</ele>
      </trkpt>
      <trkpt lat="44.813118" lon="5.508496">
        <ele>1652.61</ele>
      </trkpt>
      <trkpt lat="44.813128" lon="5.508396">
        <ele>1653.27</ele>
      </trkpt>
      <trkpt lat="44.813184" lon="5.50819">
        <ele>1655.17</ele>
      </trkpt>
      <trkpt lat="44.813231" lon="5.508115">
        <ele>1655.58</ele>
      </trkpt>
      <trkpt lat="44.813279" lon="5.507948">
        <ele>1656.78</ele>
      </trkpt>
      <trkpt lat="44.813286" lon="5.507796">
        <ele>1658.07</ele>
      </trkpt>
      <trkpt lat="44.813379" lon="5.507627">
        <ele>1659.42</ele>
      </trkpt>
      <trkpt lat="44.813403" lon="5.507423">
        <ele>1660.6</ele>
      </trkpt>
      <trkpt lat="44.81349" lon="5.507161">
        <ele>1662.5</ele>
      </trkpt>
      <trkpt lat="44.813481" lon="5.507053">
        <ele>1663.56</ele>
      </trkpt>
      <trkpt lat="44.813557" lon="5.506829">
        <ele>1666.11</ele>
      </trkpt>
      <trkpt lat="44.813636" lon="5.506496">
        <ele>1669.98</ele>
      </trkpt>
      <trkpt lat="44.813793" lon="5.50628">
        <ele>1673.27</ele>
      </trkpt>
      <trkpt lat="44.813918" lon="5.505832">
        <ele>1677.82</ele>
      </trkpt>
      <trkpt lat="44.813976" lon="5.505758">
        <ele>1678.76</ele>
      </trkpt>
      <trkpt lat="44.814042" lon="5.505726">
        <ele>1679.37</ele>
      </trkpt>
      <trkpt lat="44.814058" lon="5.505683">
        <ele>1679.7</ele>
      </trkpt>
      <trkpt lat="44.814069" lon="5.505565">
        <ele>1681.22</ele>
      </trkpt>
      <trkpt lat="44.814199" lon="5.505434">
        <ele>1683.38</ele>
      </trkpt>
      <trkpt lat="44.81425" lon="5.505192">
        <ele>1686.88</ele>
      </trkpt>
      <trkpt lat="44.81438" lon="5.505005">
        <ele>1686.26</ele>
      </trkpt>
      <trkpt lat="44.814433" lon="5.504786">
        <ele>1686.91</ele>
      </trkpt>
      <trkpt lat="44.814475" lon="5.504714">
        <ele>1687.54</ele>
      </trkpt>
      <trkpt lat="44.814549" lon="5.504643">
        <ele>1687.57</ele>
      </trkpt>
      <trkpt lat="44.814665" lon="5.504429">
        <ele>1690</ele>
      </trkpt>
      <trkpt lat="44.814721" lon="5.504366">
        <ele>1690.13</ele>
      </trkpt>
      <trkpt lat="44.814869" lon="5.504386">
        <ele>1689.66</ele>
      </trkpt>
      <trkpt lat="44.814931" lon="5.504341">
        <ele>1690.44</ele>
      </trkpt>
      <trkpt lat="44.814984" lon="5.504382">
        <ele>1689.28</ele>
      </trkpt>
      <trkpt lat="44.815025" lon="5.504381">
        <ele>1688.97</ele>
      </trkpt>
      <trkpt lat="44.815119" lon="5.504307">
        <ele>1689.48</ele>
      </trkpt>
      <trkpt lat="44.815328" lon="5.504297">
        <ele>1690.91</ele>
      </trkpt>
      <trkpt lat="44.81536" lon="5.504252">
        <ele>1691.65</ele>
      </trkpt>
      <trkpt lat="44.815386" lon="5.504172">
        <ele>1692</ele>
      </trkpt>
      <trkpt lat="44.815443" lon="5.504136">
        <ele>1692.09</ele>
      </trkpt>
      <trkpt lat="44.815519" lon="5.504046">
        <ele>1692.03</ele>
      </trkpt>
      <trkpt lat="44.815628" lon="5.503967">
        <ele>1691.68</ele>
      </trkpt>
      <trkpt lat="44.815696" lon="5.50396">
        <ele>1691.54</ele>
      </trkpt>
      <trkpt lat="44.815839" lon="5.504006">
        <ele>1692.06</ele>
      </trkpt>
      <trkpt lat="44.81594" lon="5.504069">
        <ele>1692.8</ele>
      </trkpt>
      <trkpt lat="44.81607" lon="5.504093">
        <ele>1693.08</ele>
      </trkpt>
      <trkpt lat="44.816343" lon="5.503956">
        <ele>1691.49</ele>
      </trkpt>
      <trkpt lat="44.816517" lon="5.503998">
        <ele>1690.32</ele>
      </trkpt>
      <trkpt lat="44.816617" lon="5.504062">
        <ele>1689.8</ele>
      </trkpt>
      <trkpt lat="44.816714" lon="5.504062">
        <ele>1688.38</ele>
      </trkpt>
      <trkpt lat="44.816811" lon="5.504128">
        <ele>1688.6</ele>
      </trkpt>
      <trkpt lat="44.816941" lon="5.504132">
        <ele>1688.69</ele>
      </trkpt>
      <trkpt lat="44.817128" lon="5.504031">
        <ele>1688.21</ele>
      </trkpt>
      <trkpt lat="44.817227" lon="5.50391">
        <ele>1688.12</ele>
      </trkpt>
      <trkpt lat="44.817305" lon="5.50377">
        <ele>1686.95</ele>
      </trkpt>
      <trkpt lat="44.817339" lon="5.503662">
        <ele>1685.77</ele>
      </trkpt>
      <trkpt lat="44.81738" lon="5.503369">
        <ele>1683.63</ele>
      </trkpt>
      <trkpt lat="44.817456" lon="5.503221">
        <ele>1682.56</ele>
      </trkpt>
      <trkpt lat="44.817505" lon="5.503209">
        <ele>1681.71</ele>
      </trkpt>
      <trkpt lat="44.817562" lon="5.50323">
        <ele>1681.31</ele>
      </trkpt>
      <trkpt lat="44.817653" lon="5.503133">
        <ele>1681</ele>
      </trkpt>
      <trkpt lat="44.817686" lon="5.503048">
        <ele>1681.02</ele>
      </trkpt>
      <trkpt lat="44.817719" lon="5.503032">
        <ele>1681.12</ele>
      </trkpt>
      <trkpt lat="44.817954" lon="5.503112">
        <ele>1679.11</ele>
      </trkpt>
      <trkpt lat="44.818087" lon="5.503124">
        <ele>1677.63</ele>
      </trkpt>
      <trkpt lat="44.818142" lon="5.503201">
        <ele>1676.35</ele>
      </trkpt>
      <trkpt lat="44.818298" lon="5.503244">
        <ele>1674.09</ele>
      </trkpt>
      <trkpt lat="44.818371" lon="5.503139">
        <ele>1674.7</ele>
      </trkpt>
      <trkpt lat="44.818456" lon="5.503171">
        <ele>1673.64</ele>
      </trkpt>
      <trkpt lat="44.818643" lon="5.503181">
        <ele>1674.58</ele>
      </trkpt>
      <trkpt lat="44.818761" lon="5.503162">
        <ele>1675.3</ele>
      </trkpt>
      <trkpt lat="44.818779" lon="5.503088">
        <ele>1676.68</ele>
      </trkpt>
      <trkpt lat="44.818825" lon="5.503024">
        <ele>1677.5</ele>
      </trkpt>
      <trkpt lat="44.819009" lon="5.502903">
        <ele>1678.23</ele>
      </trkpt>
      <trkpt lat="44.819249" lon="5.502862">
        <ele>1679.12</ele>
      </trkpt>
      <trkpt lat="44.819347" lon="5.502799">
        <ele>1679.18</ele>
      </trkpt>
      <trkpt lat="44.819424" lon="5.502697">
        <ele>1679.21</ele>
      </trkpt>
      <trkpt lat="44.819474" lon="5.502687">
        <ele>1678.88</ele>
      </trkpt>
      <trkpt lat="44.819503" lon="5.50265">
        <ele>1678.91</ele>
      </trkpt>
      <trkpt lat="44.819588" lon="5.502648">
        <ele>1677.73</ele>
      </trkpt>
      <trkpt lat="44.819602" lon="5.502565">
        <ele>1678.32</ele>
      </trkpt>
      <trkpt lat="44.819646" lon="5.50252">
        <ele>1678.46</ele>
      </trkpt>
      <trkpt lat="44.81967" lon="5.502459">
        <ele>1678.97</ele>
      </trkpt>
      <trkpt lat="44.81977" lon="5.502304">
        <ele>1679.59</ele>
      </trkpt>
      <trkpt lat="44.81981" lon="5.502033">
        <ele>1680.83</ele>
      </trkpt>
      <trkpt lat="44.819939" lon="5.501915">
        <ele>1679.79</ele>
      </trkpt>
      <trkpt lat="44.820017" lon="5.501879">
        <ele>1679.07</ele>
      </trkpt>
      <trkpt lat="44.820122" lon="5.501863">
        <ele>1678.22</ele>
      </trkpt>
      <trkpt lat="44.820212" lon="5.501798">
        <ele>1677.82</ele>
      </trkpt>
      <trkpt lat="44.820318" lon="5.501643">
        <ele>1678.15</ele>
      </trkpt>
      <trkpt lat="44.820415" lon="5.501585">
        <ele>1678.08</ele>
      </trkpt>
      <trkpt lat="44.820456" lon="5.501598">
        <ele>1677.93</ele>
      </trkpt>
      <trkpt lat="44.820556" lon="5.501545">
        <ele>1678.34</ele>
      </trkpt>
      <trkpt lat="44.820797" lon="5.501726">
        <ele>1674.59</ele>
      </trkpt>
      <trkpt lat="44.820926" lon="5.501724">
        <ele>1673.82</ele>
      </trkpt>
      <trkpt lat="44.821017" lon="5.501659">
        <ele>1673.01</ele>
      </trkpt>
      <trkpt lat="44.821025" lon="5.501618">
        <ele>1672.92</ele>
      </trkpt>
      <trkpt lat="44.821051" lon="5.501589">
        <ele>1672.59</ele>
      </trkpt>
      <trkpt lat="44.821253" lon="5.501596">
        <ele>1671.52</ele>
      </trkpt>
      <trkpt lat="44.821448" lon="5.501478">
        <ele>1672.12</ele>
      </trkpt>
      <trkpt lat="44.821632" lon="5.501555">
        <ele>1673.46</ele>
      </trkpt>
      <trkpt lat="44.82175" lon="5.501539">
        <ele>1674.61</ele>
      </trkpt>
      <trkpt lat="44.821821" lon="5.501502">
        <ele>1675.63</ele>
      </trkpt>
      <trkpt lat="44.821917" lon="5.501592">
        <ele>1675.75</ele>
      </trkpt>
      <trkpt lat="44.822017" lon="5.501644">
        <ele>1676.78</ele>
      </trkpt>
      <trkpt lat="44.822118" lon="5.501751">
        <ele>1677.62</ele>
      </trkpt>
      <trkpt lat="44.82222" lon="5.501774">
        <ele>1679.52</ele>
      </trkpt>
      <trkpt lat="44.822298" lon="5.501885">
        <ele>1680.17</ele>
      </trkpt>
      <trkpt lat="44.822389" lon="5.501899">
        <ele>1681.74</ele>
      </trkpt>
      <trkpt lat="44.822616" lon="5.501956">
        <ele>1683.44</ele>
      </trkpt>
      <trkpt lat="44.822716" lon="5.502049">
        <ele>1683.76</ele>
      </trkpt>
      <trkpt lat="44.822911" lon="5.502099">
        <ele>1683.55</ele>
      </trkpt>
      <trkpt lat="44.823056" lon="5.502203">
        <ele>1683</ele>
      </trkpt>
      <trkpt lat="44.823123" lon="5.502227">
        <ele>1683.21</ele>
      </trkpt>
      <trkpt lat="44.82317" lon="5.502219">
        <ele>1683.55</ele>
      </trkpt>
      <trkpt lat="44.823219" lon="5.502251">
        <ele>1683.68</ele>
      </trkpt>
      <trkpt lat="44.823286" lon="5.50225">
        <ele>1683.87</ele>
      </trkpt>
      <trkpt lat="44.823464" lon="5.502192">
        <ele>1685.06</ele>
      </trkpt>
      <trkpt lat="44.823531" lon="5.502198">
        <ele>1685.61</ele>
      </trkpt>
      <trkpt lat="44.823576" lon="5.502324">
        <ele>1686.7</ele>
      </trkpt>
      <trkpt lat="44.823614" lon="5.502337">
        <ele>1686.88</ele>
      </trkpt>
      <trkpt lat="44.823692" lon="5.50232">
        <ele>1686.98</ele>
      </trkpt>
      <trkpt lat="44.823722" lon="5.502268">
        <ele>1686.91</ele>
      </trkpt>
      <trkpt lat="44.823748" lon="5.502265">
        <ele>1686.78</ele>
      </trkpt>
      <trkpt lat="44.823772" lon="5.502353">
        <ele>1686.96</ele>
      </trkpt>
      <trkpt lat="44.823816" lon="5.50238">
        <ele>1687</ele>
      </trkpt>
      <trkpt lat="44.823932" lon="5.502506">
        <ele>1686.84</ele>
      </trkpt>
      <trkpt lat="44.824107" lon="5.502546">
        <ele>1688.63</ele>
      </trkpt>
      <trkpt lat="44.824391" lon="5.502445">
        <ele>1693.1</ele>
      </trkpt>
      <trkpt lat="44.824686" lon="5.5024">
        <ele>1700.4</ele>
      </trkpt>
      <trkpt lat="44.824775" lon="5.502427">
        <ele>1702.46</ele>
      </trkpt>
      <trkpt lat="44.824822" lon="5.502404">
        <ele>1703.4</ele>
      </trkpt>
      <trkpt lat="44.824895" lon="5.502404">
        <ele>1704.73</ele>
      </trkpt>
      <trkpt lat="44.825256" lon="5.502522">
        <ele>1711.48</ele>
      </trkpt>
      <trkpt lat="44.825309" lon="5.502469">
        <ele>1712.43</ele>
      </trkpt>
      <trkpt lat="44.825346" lon="5.50247">
        <ele>1713.14</ele>
      </trkpt>
      <trkpt lat="44.825368" lon="5.502509">
        <ele>1713.42</ele>
      </trkpt>
      <trkpt lat="44.825445" lon="5.502561">
        <ele>1714.57</ele>
      </trkpt>
      <trkpt lat="44.825503" lon="5.502538">
        <ele>1715.52</ele>
      </trkpt>
      <trkpt lat="44.825732" lon="5.502694">
        <ele>1717.64</ele>
      </trkpt>
      <trkpt lat="44.826076" lon="5.502733">
        <ele>1717.87</ele>
      </trkpt>
      <trkpt lat="44.826197" lon="5.502815">
        <ele>1717.84</ele>
      </trkpt>
      <trkpt lat="44.826236" lon="5.502945">
        <ele>1717.04</ele>
      </trkpt>
      <trkpt lat="44.826323" lon="5.502981">
        <ele>1716.85</ele>
      </trkpt>
      <trkpt lat="44.826436" lon="5.502981">
        <ele>1716.85</ele>
      </trkpt>
      <trkpt lat="44.826498" lon="5.502874">
        <ele>1718.05</ele>
      </trkpt>
      <trkpt lat="44.826643" lon="5.502791">
        <ele>1716.89</ele>
      </trkpt>
      <trkpt lat="44.826737" lon="5.502769">
        <ele>1716.12</ele>
      </trkpt>
      <trkpt lat="44.826853" lon="5.502663">
        <ele>1715.17</ele>
      </trkpt>
      <trkpt lat="44.827264" lon="5.502666">
        <ele>1714.25</ele>
      </trkpt>
      <trkpt lat="44.827468" lon="5.502895">
        <ele>1715</ele>
      </trkpt>
      <trkpt lat="44.827567" lon="5.502937">
        <ele>1714.78</ele>
      </trkpt>
      <trkpt lat="44.827677" lon="5.502919">
        <ele>1714.2</ele>
      </trkpt>
      <trkpt lat="44.82798" lon="5.502785">
        <ele>1710.45</ele>
      </trkpt>
      <trkpt lat="44.828206" lon="5.50256">
        <ele>1707.09</ele>
      </trkpt>
      <trkpt lat="44.828382" lon="5.502278">
        <ele>1705.12</ele>
      </trkpt>
      <trkpt lat="44.828456" lon="5.502284">
        <ele>1704.55</ele>
      </trkpt>
      <trkpt lat="44.828705" lon="5.502546">
        <ele>1704.08</ele>
      </trkpt>
      <trkpt lat="44.828899" lon="5.502568">
        <ele>1702.46</ele>
      </trkpt>
      <trkpt lat="44.829113" lon="5.502724">
        <ele>1701.67</ele>
      </trkpt>
      <trkpt lat="44.829284" lon="5.50258">
        <ele>1701.19</ele>
      </trkpt>
      <trkpt lat="44.829299" lon="5.502382">
        <ele>1700.09</ele>
      </trkpt>
      <trkpt lat="44.829236" lon="5.502139">
        <ele>1697.93</ele>
      </trkpt>
      <trkpt lat="44.829236" lon="5.501999">
        <ele>1697</ele>
      </trkpt>
      <trkpt lat="44.829349" lon="5.50165">
        <ele>1696</ele>
      </trkpt>
      <trkpt lat="44.829343" lon="5.501408">
        <ele>1696.52</ele>
      </trkpt>
      <trkpt lat="44.829341" lon="5.501288">
        <ele>1696.77</ele>
      </trkpt>
      <trkpt lat="44.82932" lon="5.50117">
        <ele>1696.95</ele>
      </trkpt>
      <trkpt lat="44.829217" lon="5.501097">
        <ele>1697.79</ele>
      </trkpt>
      <trkpt lat="44.829113" lon="5.50092">
        <ele>1700.48</ele>
      </trkpt>
      <trkpt lat="44.829118" lon="5.500521">
        <ele>1703.65</ele>
      </trkpt>
      <trkpt lat="44.82905" lon="5.500411">
        <ele>1705.75</ele>
      </trkpt>
      <trkpt lat="44.829031" lon="5.500153">
        <ele>1708.68</ele>
      </trkpt>
      <trkpt lat="44.828943" lon="5.50003">
        <ele>1711.68</ele>
      </trkpt>
      <trkpt lat="44.828803" lon="5.499295">
        <ele>1715.4</ele>
      </trkpt>
      <trkpt lat="44.828662" lon="5.498791">
        <ele>1719.47</ele>
      </trkpt>
      <trkpt lat="44.828555" lon="5.498501">
        <ele>1723.27</ele>
      </trkpt>
      <trkpt lat="44.828567" lon="5.498431">
        <ele>1723.89</ele>
      </trkpt>
      <trkpt lat="44.82873" lon="5.498337">
        <ele>1721.31</ele>
      </trkpt>
      <trkpt lat="44.829118" lon="5.498276">
        <ele>1714.06</ele>
      </trkpt>
      <trkpt lat="44.829333" lon="5.498067">
        <ele>1711.67</ele>
      </trkpt>
      <trkpt lat="44.829354" lon="5.497967">
        <ele>1711.33</ele>
      </trkpt>
      <trkpt lat="44.829333" lon="5.49783">
        <ele>1711.36</ele>
      </trkpt>
      <trkpt lat="44.829389" lon="5.497621">
        <ele>1710.38</ele>
      </trkpt>
      <trkpt lat="44.829446" lon="5.497592">
        <ele>1709.83</ele>
      </trkpt>
      <trkpt lat="44.829506" lon="5.497632">
        <ele>1708.83</ele>
      </trkpt>
      <trkpt lat="44.829552" lon="5.497766">
        <ele>1708.08</ele>
      </trkpt>
      <trkpt lat="44.829706" lon="5.497881">
        <ele>1706.78</ele>
      </trkpt>
      <trkpt lat="44.829828" lon="5.497916">
        <ele>1705.81</ele>
      </trkpt>
      <trkpt lat="44.8299" lon="5.497873">
        <ele>1705.19</ele>
      </trkpt>
      <trkpt lat="44.830005" lon="5.497592">
        <ele>1705</ele>
      </trkpt>
      <trkpt lat="44.829993" lon="5.497487">
        <ele>1705.42</ele>
      </trkpt>
      <trkpt lat="44.829834" lon="5.497294">
        <ele>1705.64</ele>
      </trkpt>
      <trkpt lat="44.829761" lon="5.497155">
        <ele>1705.43</ele>
      </trkpt>
      <trkpt lat="44.829636" lon="5.496744">
        <ele>1705.76</ele>
      </trkpt>
      <trkpt lat="44.829481" lon="5.496483">
        <ele>1706.49</ele>
      </trkpt>
      <trkpt lat="44.829326" lon="5.496221">
        <ele>1709.77</ele>
      </trkpt>
      <trkpt lat="44.829309" lon="5.495921">
        <ele>1713.89</ele>
      </trkpt>
      <trkpt lat="44.829153" lon="5.495626">
        <ele>1713.56</ele>
      </trkpt>
      <trkpt lat="44.828997" lon="5.495331">
        <ele>1708.25</ele>
      </trkpt>
      <trkpt lat="44.828818" lon="5.495097">
        <ele>1702.24</ele>
      </trkpt>
      <trkpt lat="44.828637" lon="5.494742">
        <ele>1700.89</ele>
      </trkpt>
      <trkpt lat="44.828456" lon="5.494387">
        <ele>1694.07</ele>
      </trkpt>
      <trkpt lat="44.828356" lon="5.494263">
        <ele>1692.15</ele>
      </trkpt>
      <trkpt lat="44.828215" lon="5.493973">
        <ele>1685.24</ele>
      </trkpt>
      <trkpt lat="44.828194" lon="5.493745">
        <ele>1679.79</ele>
      </trkpt>
      <trkpt lat="44.828139" lon="5.493542">
        <ele>1676.58</ele>
      </trkpt>
      <trkpt lat="44.828154" lon="5.493458">
        <ele>1675.82</ele>
      </trkpt>
      <trkpt lat="44.828308" lon="5.493324">
        <ele>1671.95</ele>
      </trkpt>
      <trkpt lat="44.828641" lon="5.493373">
        <ele>1669.64</ele>
      </trkpt>
      <trkpt lat="44.828793" lon="5.493279">
        <ele>1667.72</ele>
      </trkpt>
      <trkpt lat="44.828843" lon="5.493163">
        <ele>1666.5</ele>
      </trkpt>
      <trkpt lat="44.82885" lon="5.493051">
        <ele>1665.91</ele>
      </trkpt>
      <trkpt lat="44.82884" lon="5.492975">
        <ele>1665.55</ele>
      </trkpt>
      <trkpt lat="44.828721" lon="5.492681">
        <ele>1664.46</ele>
      </trkpt>
      <trkpt lat="44.828531" lon="5.49252">
        <ele>1662.33</ele>
      </trkpt>
      <trkpt lat="44.828386" lon="5.492348">
        <ele>1660.94</ele>
      </trkpt>
      <trkpt lat="44.828044" lon="5.492123">
        <ele>1658.73</ele>
      </trkpt>
      <trkpt lat="44.827827" lon="5.491804">
        <ele>1655.89</ele>
      </trkpt>
      <trkpt lat="44.827791" lon="5.49164">
        <ele>1655.13</ele>
      </trkpt>
      <trkpt lat="44.827793" lon="5.49146">
        <ele>1654.56</ele>
      </trkpt>
      <trkpt lat="44.82776" lon="5.491154">
        <ele>1655.39</ele>
      </trkpt>
      <trkpt lat="44.827745" lon="5.490951">
        <ele>1657.06</ele>
      </trkpt>
      <trkpt lat="44.827721" lon="5.490829">
        <ele>1657.95</ele>
      </trkpt>
      <trkpt lat="44.827638" lon="5.490409">
        <ele>1656.1</ele>
      </trkpt>
      <trkpt lat="44.827494" lon="5.490023">
        <ele>1653.3</ele>
      </trkpt>
      <trkpt lat="44.827389" lon="5.489631">
        <ele>1650.44</ele>
      </trkpt>
      <trkpt lat="44.827346" lon="5.489515">
        <ele>1649.82</ele>
      </trkpt>
      <trkpt lat="44.827319" lon="5.489443">
        <ele>1649.43</ele>
      </trkpt>
      <trkpt lat="44.827277" lon="5.489239">
        <ele>1648.1</ele>
      </trkpt>
      <trkpt lat="44.827241" lon="5.48914">
        <ele>1648.01</ele>
      </trkpt>
      <trkpt lat="44.82703" lon="5.488912">
        <ele>1645.34</ele>
      </trkpt>
      <trkpt lat="44.826906" lon="5.488875">
        <ele>1643.09</ele>
      </trkpt>
      <trkpt lat="44.826725" lon="5.488931">
        <ele>1640.76</ele>
      </trkpt>
      <trkpt lat="44.826628" lon="5.488909">
        <ele>1639.78</ele>
      </trkpt>
      <trkpt lat="44.826552" lon="5.488858">
        <ele>1640.06</ele>
      </trkpt>
      <trkpt lat="44.8264" lon="5.488609">
        <ele>1637.15</ele>
      </trkpt>
      <trkpt lat="44.826274" lon="5.488487">
        <ele>1636.09</ele>
      </trkpt>
      <trkpt lat="44.826179" lon="5.488394">
        <ele>1636</ele>
      </trkpt>
      <trkpt lat="44.825983" lon="5.488051">
        <ele>1635.23</ele>
      </trkpt>
      <trkpt lat="44.825898" lon="5.487973">
        <ele>1634.96</ele>
      </trkpt>
      <trkpt lat="44.825812" lon="5.487914">
        <ele>1634.64</ele>
      </trkpt>
      <trkpt lat="44.8257" lon="5.48778">
        <ele>1633.71</ele>
      </trkpt>
      <trkpt lat="44.825622" lon="5.487611">
        <ele>1632.95</ele>
      </trkpt>
      <trkpt lat="44.825422" lon="5.486949">
        <ele>1630.16</ele>
      </trkpt>
      <trkpt lat="44.825256" lon="5.486796">
        <ele>1631.86</ele>
      </trkpt>
      <trkpt lat="44.825032" lon="5.486514">
        <ele>1634.88</ele>
      </trkpt>
      <trkpt lat="44.824812" lon="5.485975">
        <ele>1631.21</ele>
      </trkpt>
      <trkpt lat="44.824682" lon="5.48586">
        <ele>1632.99</ele>
      </trkpt>
      <trkpt lat="44.824536" lon="5.485785">
        <ele>1634.22</ele>
      </trkpt>
      <trkpt lat="44.824439" lon="5.485648">
        <ele>1633.32</ele>
      </trkpt>
      <trkpt lat="44.824335" lon="5.485533">
        <ele>1632.32</ele>
      </trkpt>
      <trkpt lat="44.824305" lon="5.485441">
        <ele>1630.45</ele>
      </trkpt>
      <trkpt lat="44.824304" lon="5.485337">
        <ele>1628.05</ele>
      </trkpt>
      <trkpt lat="44.824329" lon="5.485276">
        <ele>1627.27</ele>
      </trkpt>
      <trkpt lat="44.8242" lon="5.485295">
        <ele>1628.18</ele>
      </trkpt>
      <trkpt lat="44.824293" lon="5.485199">
        <ele>1627.34</ele>
      </trkpt>
      <trkpt lat="44.824599" lon="5.484883">
        <ele>1624.58</ele>
      </trkpt>
      <trkpt lat="44.824593" lon="5.48458">
        <ele>1621.49</ele>
      </trkpt>
      <trkpt lat="44.824545" lon="5.484346">
        <ele>1618.46</ele>
      </trkpt>
      <trkpt lat="44.824549" lon="5.484162">
        <ele>1615.48</ele>
      </trkpt>
      <trkpt lat="44.824558" lon="5.484015">
        <ele>1612.26</ele>
      </trkpt>
      <trkpt lat="44.824583" lon="5.483966">
        <ele>1611.53</ele>
      </trkpt>
      <trkpt lat="44.824635" lon="5.483902">
        <ele>1610.91</ele>
      </trkpt>
      <trkpt lat="44.824646" lon="5.483853">
        <ele>1609.93</ele>
      </trkpt>
      <trkpt lat="44.824647" lon="5.483765">
        <ele>1607.86</ele>
      </trkpt>
      <trkpt lat="44.824651" lon="5.483669">
        <ele>1605.58</ele>
      </trkpt>
      <trkpt lat="44.824633" lon="5.483449">
        <ele>1599.97</ele>
      </trkpt>
      <trkpt lat="44.824632" lon="5.483316">
        <ele>1597.33</ele>
      </trkpt>
      <trkpt lat="44.824664" lon="5.483205">
        <ele>1595.99</ele>
      </trkpt>
      <trkpt lat="44.824756" lon="5.482889">
        <ele>1592.16</ele>
      </trkpt>
      <trkpt lat="44.824809" lon="5.482767">
        <ele>1590.63</ele>
      </trkpt>
      <trkpt lat="44.824968" lon="5.482429">
        <ele>1589.61</ele>
      </trkpt>
      <trkpt lat="44.825551" lon="5.482195">
        <ele>1595.61</ele>
      </trkpt>
      <trkpt lat="44.825854" lon="5.482209">
        <ele>1596.8</ele>
      </trkpt>
      <trkpt lat="44.825947" lon="5.482285">
        <ele>1597.9</ele>
      </trkpt>
      <trkpt lat="44.826013" lon="5.482359">
        <ele>1599.07</ele>
      </trkpt>
      <trkpt lat="44.826267" lon="5.482399">
        <ele>1598.91</ele>
      </trkpt>
      <trkpt lat="44.826368" lon="5.482439">
        <ele>1599.19</ele>
      </trkpt>
      <trkpt lat="44.826535" lon="5.48257">
        <ele>1599.65</ele>
      </trkpt>
      <trkpt lat="44.826876" lon="5.482803">
        <ele>1600.26</ele>
      </trkpt>
      <trkpt lat="44.826927" lon="5.482949">
        <ele>1601.06</ele>
      </trkpt>
      <trkpt lat="44.826963" lon="5.48313">
        <ele>1601.43</ele>
      </trkpt>
      <trkpt lat="44.82704" lon="5.483417">
        <ele>1602.83</ele>
      </trkpt>
      <trkpt lat="44.827049" lon="5.483491">
        <ele>1603.15</ele>
      </trkpt>
      <trkpt lat="44.827071" lon="5.483552">
        <ele>1603.24</ele>
      </trkpt>
      <trkpt lat="44.827122" lon="5.48391">
        <ele>1604.05</ele>
      </trkpt>
      <trkpt lat="44.827201" lon="5.484338">
        <ele>1605.81</ele>
      </trkpt>
      <trkpt lat="44.827219" lon="5.484561">
        <ele>1606.89</ele>
      </trkpt>
      <trkpt lat="44.827265" lon="5.484767">
        <ele>1607.32</ele>
      </trkpt>
      <trkpt lat="44.827293" lon="5.485032">
        <ele>1608.35</ele>
      </trkpt>
      <trkpt lat="44.827364" lon="5.485472">
        <ele>1609.92</ele>
      </trkpt>
      <trkpt lat="44.827398" lon="5.485689">
        <ele>1610.7</ele>
      </trkpt>
      <trkpt lat="44.827508" lon="5.486089">
        <ele>1611.17</ele>
      </trkpt>
      <trkpt lat="44.827618" lon="5.486255">
        <ele>1611.23</ele>
      </trkpt>
      <trkpt lat="44.827836" lon="5.486483">
        <ele>1611.35</ele>
      </trkpt>
      <trkpt lat="44.827954" lon="5.48653">
        <ele>1611</ele>
      </trkpt>
      <trkpt lat="44.828185" lon="5.486548">
        <ele>1610.08</ele>
      </trkpt>
      <trkpt lat="44.828334" lon="5.486542">
        <ele>1609.02</ele>
      </trkpt>
      <trkpt lat="44.828439" lon="5.48652">
        <ele>1608.87</ele>
      </trkpt>
      <trkpt lat="44.82861" lon="5.486392">
        <ele>1608.72</ele>
      </trkpt>
      <trkpt lat="44.828796" lon="5.48633">
        <ele>1611.05</ele>
      </trkpt>
      <trkpt lat="44.828994" lon="5.486328">
        <ele>1614.61</ele>
      </trkpt>
      <trkpt lat="44.829321" lon="5.486306">
        <ele>1621.47</ele>
      </trkpt>
      <trkpt lat="44.829534" lon="5.486097">
        <ele>1623.01</ele>
      </trkpt>
      <trkpt lat="44.829702" lon="5.486021">
        <ele>1623.16</ele>
      </trkpt>
      <trkpt lat="44.829791" lon="5.485932">
        <ele>1622.87</ele>
      </trkpt>
      <trkpt lat="44.829858" lon="5.485735">
        <ele>1620.98</ele>
      </trkpt>
      <trkpt lat="44.829884" lon="5.485512">
        <ele>1620.32</ele>
      </trkpt>
      <trkpt lat="44.830039" lon="5.485317">
        <ele>1620</ele>
      </trkpt>
      <trkpt lat="44.830165" lon="5.485172">
        <ele>1620.98</ele>
      </trkpt>
      <trkpt lat="44.830296" lon="5.485093">
        <ele>1620.15</ele>
      </trkpt>
      <trkpt lat="44.830381" lon="5.484856">
        <ele>1616.64</ele>
      </trkpt>
      <trkpt lat="44.830412" lon="5.484605">
        <ele>1614.02</ele>
      </trkpt>
      <trkpt lat="44.830501" lon="5.484283">
        <ele>1614.07</ele>
      </trkpt>
      <trkpt lat="44.830518" lon="5.4841">
        <ele>1614.27</ele>
      </trkpt>
      <trkpt lat="44.830628" lon="5.483689">
        <ele>1614.04</ele>
      </trkpt>
      <trkpt lat="44.830848" lon="5.482867">
        <ele>1620.53</ele>
      </trkpt>
      <trkpt lat="44.830915" lon="5.482738">
        <ele>1621.38</ele>
      </trkpt>
      <trkpt lat="44.830947" lon="5.482616">
        <ele>1622.17</ele>
      </trkpt>
      <trkpt lat="44.831167" lon="5.481774">
        <ele>1621.47</ele>
      </trkpt>
      <trkpt lat="44.831397" lon="5.481338">
        <ele>1619.82</ele>
      </trkpt>
      <trkpt lat="44.831615" lon="5.4812">
        <ele>1619.06</ele>
      </trkpt>
      <trkpt lat="44.831774" lon="5.481173">
        <ele>1619.14</ele>
      </trkpt>
      <trkpt lat="44.831921" lon="5.481264">
        <ele>1620.31</ele>
      </trkpt>
      <trkpt lat="44.832069" lon="5.481452">
        <ele>1621.4</ele>
      </trkpt>
      <trkpt lat="44.832242" lon="5.481566">
        <ele>1622.07</ele>
      </trkpt>
      <trkpt lat="44.832479" lon="5.481563">
        <ele>1622.05</ele>
      </trkpt>
      <trkpt lat="44.832742" lon="5.481693">
        <ele>1622.72</ele>
      </trkpt>
      <trkpt lat="44.833009" lon="5.481712">
        <ele>1621.9</ele>
      </trkpt>
      <trkpt lat="44.833136" lon="5.481833">
        <ele>1622.62</ele>
      </trkpt>
      <trkpt lat="44.83322" lon="5.482144">
        <ele>1625.45</ele>
      </trkpt>
      <trkpt lat="44.833292" lon="5.482216">
        <ele>1626.47</ele>
      </trkpt>
      <trkpt lat="44.833396" lon="5.482087">
        <ele>1626.62</ele>
      </trkpt>
      <trkpt lat="44.833701" lon="5.48182">
        <ele>1627.52</ele>
      </trkpt>
      <trkpt lat="44.833804" lon="5.481739">
        <ele>1627.14</ele>
      </trkpt>
      <trkpt lat="44.833857" lon="5.481728">
        <ele>1627.4</ele>
      </trkpt>
      <trkpt lat="44.833953" lon="5.481707">
        <ele>1627.89</ele>
      </trkpt>
      <trkpt lat="44.834126" lon="5.481715">
        <ele>1628.39</ele>
      </trkpt>
      <trkpt lat="44.834341" lon="5.48171">
        <ele>1629.83</ele>
      </trkpt>
      <trkpt lat="44.834812" lon="5.481587">
        <ele>1628.93</ele>
      </trkpt>
      <trkpt lat="44.835195" lon="5.481472">
        <ele>1627.63</ele>
      </trkpt>
      <trkpt lat="44.835449" lon="5.481426">
        <ele>1628</ele>
      </trkpt>
      <trkpt lat="44.835633" lon="5.481405">
        <ele>1627.19</ele>
      </trkpt>
      <trkpt lat="44.836022" lon="5.481484">
        <ele>1626</ele>
      </trkpt>
      <trkpt lat="44.83627" lon="5.481574">
        <ele>1625</ele>
      </trkpt>
      <trkpt lat="44.836968" lon="5.48191">
        <ele>1622.94</ele>
      </trkpt>
      <trkpt lat="44.837072" lon="5.481941">
        <ele>1622.75</ele>
      </trkpt>
      <trkpt lat="44.837441" lon="5.481891">
        <ele>1623.02</ele>
      </trkpt>
      <trkpt lat="44.838" lon="5.481991">
        <ele>1623</ele>
      </trkpt>
      <trkpt lat="44.838573" lon="5.482177">
        <ele>1621.43</ele>
      </trkpt>
      <trkpt lat="44.839275" lon="5.482652">
        <ele>1616.33</ele>
      </trkpt>
      <trkpt lat="44.840087" lon="5.483239">
        <ele>1609.74</ele>
      </trkpt>
      <trkpt lat="44.840269" lon="5.483286">
        <ele>1608.95</ele>
      </trkpt>
      <trkpt lat="44.84042" lon="5.48335">
        <ele>1606.97</ele>
      </trkpt>
      <trkpt lat="44.840532" lon="5.483468">
        <ele>1606.02</ele>
      </trkpt>
      <trkpt lat="44.840628" lon="5.48352">
        <ele>1605.24</ele>
      </trkpt>
      <trkpt lat="44.840917" lon="5.483513">
        <ele>1603.48</ele>
      </trkpt>
      <trkpt lat="44.841369" lon="5.48355">
        <ele>1599.22</ele>
      </trkpt>
      <trkpt lat="44.841675" lon="5.483623">
        <ele>1596.28</ele>
      </trkpt>
      <trkpt lat="44.841978" lon="5.483584">
        <ele>1593.16</ele>
      </trkpt>
      <trkpt lat="44.842295" lon="5.483635">
        <ele>1589.52</ele>
      </trkpt>
      <trkpt lat="44.842911" lon="5.484096">
        <ele>1583.29</ele>
      </trkpt>
      <trkpt lat="44.843009" lon="5.484135">
        <ele>1582.71</ele>
      </trkpt>
      <trkpt lat="44.843101" lon="5.484155">
        <ele>1581.96</ele>
      </trkpt>
      <trkpt lat="44.84318" lon="5.484173">
        <ele>1581.31</ele>
      </trkpt>
      <trkpt lat="44.843349" lon="5.484168">
        <ele>1580.12</ele>
      </trkpt>
      <trkpt lat="44.843432" lon="5.484179">
        <ele>1579.5</ele>
      </trkpt>
      <trkpt lat="44.844446" lon="5.484786">
        <ele>1574.99</ele>
      </trkpt>
      <trkpt lat="44.84522" lon="5.485262">
        <ele>1577.23</ele>
      </trkpt>
      <trkpt lat="44.845651" lon="5.485176">
        <ele>1579.05</ele>
      </trkpt>
      <trkpt lat="44.845933" lon="5.485318">
        <ele>1580.88</ele>
      </trkpt>
      <trkpt lat="44.846665" lon="5.485089">
        <ele>1578.73</ele>
      </trkpt>
      <trkpt lat="44.846983" lon="5.485357">
        <ele>1577.12</ele>
      </trkpt>
      <trkpt lat="44.847548" lon="5.485551">
        <ele>1576</ele>
      </trkpt>
      <trkpt lat="44.848298" lon="5.486187">
        <ele>1573.02</ele>
      </trkpt>
      <trkpt lat="44.848615" lon="5.486512">
        <ele>1572</ele>
      </trkpt>
      <trkpt lat="44.849122" lon="5.486891">
        <ele>1570.59</ele>
      </trkpt>
      <trkpt lat="44.849357" lon="5.486985">
        <ele>1569.23</ele>
      </trkpt>
      <trkpt lat="44.849839" lon="5.487317">
        <ele>1567.15</ele>
      </trkpt>
      <trkpt lat="44.850131" lon="5.487546">
        <ele>1569.13</ele>
      </trkpt>
      <trkpt lat="44.850678" lon="5.488457">
        <ele>1569.96</ele>
      </trkpt>
      <trkpt lat="44.851252" lon="5.48935">
        <ele>1570.44</ele>
      </trkpt>
      <trkpt lat="44.851397" lon="5.489522">
        <ele>1570.55</ele>
      </trkpt>
      <trkpt lat="44.85167" lon="5.489849">
        <ele>1570.75</ele>
      </trkpt>
      <trkpt lat="44.851852" lon="5.490164">
        <ele>1571.2</ele>
      </trkpt>
      <trkpt lat="44.852153" lon="5.490374">
        <ele>1569.2</ele>
      </trkpt>
      <trkpt lat="44.852741" lon="5.490482">
        <ele>1566.99</ele>
      </trkpt>
      <trkpt lat="44.853794" lon="5.490826">
        <ele>1563.24</ele>
      </trkpt>
      <trkpt lat="44.854165" lon="5.491072">
        <ele>1561.48</ele>
      </trkpt>
      <trkpt lat="44.854336" lon="5.491303">
        <ele>1561</ele>
      </trkpt>
      <trkpt lat="44.854627" lon="5.491531">
        <ele>1561</ele>
      </trkpt>
      <trkpt lat="44.854696" lon="5.49163">
        <ele>1561.63</ele>
      </trkpt>
      <trkpt lat="44.854758" lon="5.492174">
        <ele>1564.75</ele>
      </trkpt>
      <trkpt lat="44.854818" lon="5.492285">
        <ele>1565.39</ele>
      </trkpt>
      <trkpt lat="44.854918" lon="5.492472">
        <ele>1566.48</ele>
      </trkpt>
      <trkpt lat="44.855076" lon="5.492899">
        <ele>1568.96</ele>
      </trkpt>
      <trkpt lat="44.855338" lon="5.493794">
        <ele>1571.67</ele>
      </trkpt>
      <trkpt lat="44.855487" lon="5.494191">
        <ele>1573.29</ele>
      </trkpt>
      <trkpt lat="44.855677" lon="5.494846">
        <ele>1576.13</ele>
      </trkpt>
      <trkpt lat="44.855743" lon="5.49495">
        <ele>1576.08</ele>
      </trkpt>
      <trkpt lat="44.855814" lon="5.495">
        <ele>1576.47</ele>
      </trkpt>
      <trkpt lat="44.855914" lon="5.495018">
        <ele>1577.4</ele>
      </trkpt>
      <trkpt lat="44.856046" lon="5.495023">
        <ele>1578.65</ele>
      </trkpt>
      <trkpt lat="44.856145" lon="5.495095">
        <ele>1580.02</ele>
      </trkpt>
      <trkpt lat="44.856223" lon="5.495211">
        <ele>1581.7</ele>
      </trkpt>
      <trkpt lat="44.856442" lon="5.4955">
        <ele>1586.42</ele>
      </trkpt>
      <trkpt lat="44.856696" lon="5.495787">
        <ele>1592.07</ele>
      </trkpt>
      <trkpt lat="44.856715" lon="5.495798">
        <ele>1592.39</ele>
      </trkpt>
      <trkpt lat="44.856804" lon="5.495846">
        <ele>1593.9</ele>
      </trkpt>
      <trkpt lat="44.856926" lon="5.495879">
        <ele>1595.42</ele>
      </trkpt>
      <trkpt lat="44.856974" lon="5.495881">
        <ele>1595.81</ele>
      </trkpt>
      <trkpt lat="44.857019" lon="5.495908">
        <ele>1596.18</ele>
      </trkpt>
      <trkpt lat="44.857076" lon="5.495983">
        <ele>1596.65</ele>
      </trkpt>
      <trkpt lat="44.857483" lon="5.49619">
        <ele>1598.09</ele>
      </trkpt>
      <trkpt lat="44.857706" lon="5.496233">
        <ele>1599.28</ele>
      </trkpt>
      <trkpt lat="44.857844" lon="5.496208">
        <ele>1599.96</ele>
      </trkpt>
      <trkpt lat="44.857981" lon="5.496168">
        <ele>1601.08</ele>
      </trkpt>
      <trkpt lat="44.858149" lon="5.496168">
        <ele>1602.45</ele>
      </trkpt>
      <trkpt lat="44.858398" lon="5.496147">
        <ele>1604.41</ele>
      </trkpt>
      <trkpt lat="44.858512" lon="5.496056">
        <ele>1604.6</ele>
      </trkpt>
      <trkpt lat="44.858721" lon="5.495951">
        <ele>1606.14</ele>
      </trkpt>
      <trkpt lat="44.858919" lon="5.495873">
        <ele>1607</ele>
      </trkpt>
      <trkpt lat="44.859177" lon="5.495889">
        <ele>1608.88</ele>
      </trkpt>
      <trkpt lat="44.859434" lon="5.495771">
        <ele>1609.99</ele>
      </trkpt>
      <trkpt lat="44.859542" lon="5.495744">
        <ele>1610.44</ele>
      </trkpt>
      <trkpt lat="44.859632" lon="5.495656">
        <ele>1610.61</ele>
      </trkpt>
      <trkpt lat="44.859746" lon="5.495618">
        <ele>1611.42</ele>
      </trkpt>
      <trkpt lat="44.859824" lon="5.495656">
        <ele>1611.99</ele>
      </trkpt>
      <trkpt lat="44.859983" lon="5.495669">
        <ele>1612.56</ele>
      </trkpt>
      <trkpt lat="44.860219" lon="5.495629">
        <ele>1613.83</ele>
      </trkpt>
      <trkpt lat="44.860727" lon="5.49526">
        <ele>1614.41</ele>
      </trkpt>
      <trkpt lat="44.860935" lon="5.495095">
        <ele>1614.72</ele>
      </trkpt>
      <trkpt lat="44.861191" lon="5.495004">
        <ele>1614.6</ele>
      </trkpt>
      <trkpt lat="44.861371" lon="5.495043">
        <ele>1615.42</ele>
      </trkpt>
      <trkpt lat="44.861619" lon="5.4952">
        <ele>1617.34</ele>
      </trkpt>
      <trkpt lat="44.861992" lon="5.495383">
        <ele>1619.4</ele>
      </trkpt>
      <trkpt lat="44.862257" lon="5.495567">
        <ele>1620.08</ele>
      </trkpt>
      <trkpt lat="44.862588" lon="5.495797">
        <ele>1620.92</ele>
      </trkpt>
      <trkpt lat="44.862877" lon="5.49598">
        <ele>1621.87</ele>
      </trkpt>
      <trkpt lat="44.862983" lon="5.495986">
        <ele>1621.91</ele>
      </trkpt>
      <trkpt lat="44.863166" lon="5.496061">
        <ele>1622.14</ele>
      </trkpt>
      <trkpt lat="44.863376" lon="5.496208">
        <ele>1621.87</ele>
      </trkpt>
      <trkpt lat="44.863449" lon="5.496476">
        <ele>1622.08</ele>
      </trkpt>
      <trkpt lat="44.863553" lon="5.496745">
        <ele>1622.54</ele>
      </trkpt>
      <trkpt lat="44.863637" lon="5.497008">
        <ele>1623.38</ele>
      </trkpt>
      <trkpt lat="44.863667" lon="5.497174">
        <ele>1624.1</ele>
      </trkpt>
      <trkpt lat="44.863715" lon="5.497367">
        <ele>1624.83</ele>
      </trkpt>
      <trkpt lat="44.863786" lon="5.497531">
        <ele>1625.81</ele>
      </trkpt>
      <trkpt lat="44.863873" lon="5.497611">
        <ele>1626.1</ele>
      </trkpt>
      <trkpt lat="44.863962" lon="5.497654">
        <ele>1626.21</ele>
      </trkpt>
      <trkpt lat="44.864097" lon="5.49767">
        <ele>1626.23</ele>
      </trkpt>
      <trkpt lat="44.86443" lon="5.497899">
        <ele>1628.06</ele>
      </trkpt>
      <trkpt lat="44.864546" lon="5.498011">
        <ele>1628.44</ele>
      </trkpt>
      <trkpt lat="44.864607" lon="5.498085">
        <ele>1629.22</ele>
      </trkpt>
      <trkpt lat="44.864696" lon="5.498046">
        <ele>1629.04</ele>
      </trkpt>
      <trkpt lat="44.864759" lon="5.498032">
        <ele>1629.47</ele>
      </trkpt>
      <trkpt lat="44.864817" lon="5.498062">
        <ele>1630.12</ele>
      </trkpt>
      <trkpt lat="44.865027" lon="5.498228">
        <ele>1632.81</ele>
      </trkpt>
      <trkpt lat="44.865051" lon="5.498301">
        <ele>1633.43</ele>
      </trkpt>
      <trkpt lat="44.865069" lon="5.498482">
        <ele>1635.05</ele>
      </trkpt>
      <trkpt lat="44.865095" lon="5.498645">
        <ele>1637.15</ele>
      </trkpt>
      <trkpt lat="44.865223" lon="5.498866">
        <ele>1639.65</ele>
      </trkpt>
      <trkpt lat="44.865246" lon="5.499001">
        <ele>1640.43</ele>
      </trkpt>
      <trkpt lat="44.865257" lon="5.499162">
        <ele>1641.37</ele>
      </trkpt>
      <trkpt lat="44.865243" lon="5.49939">
        <ele>1642.7</ele>
      </trkpt>
      <trkpt lat="44.865244" lon="5.499499">
        <ele>1643.12</ele>
      </trkpt>
      <trkpt lat="44.865282" lon="5.499607">
        <ele>1643.04</ele>
      </trkpt>
      <trkpt lat="44.865295" lon="5.499663">
        <ele>1643.27</ele>
      </trkpt>
      <trkpt lat="44.865307" lon="5.49987">
        <ele>1643.84</ele>
      </trkpt>
      <trkpt lat="44.865322" lon="5.499953">
        <ele>1643.71</ele>
      </trkpt>
      <trkpt lat="44.865365" lon="5.499998">
        <ele>1643.51</ele>
      </trkpt>
      <trkpt lat="44.865394" lon="5.500056">
        <ele>1643.62</ele>
      </trkpt>
      <trkpt lat="44.865413" lon="5.50017">
        <ele>1643.97</ele>
      </trkpt>
      <trkpt lat="44.865403" lon="5.500229">
        <ele>1644</ele>
      </trkpt>
      <trkpt lat="44.865367" lon="5.500275">
        <ele>1644</ele>
      </trkpt>
      <trkpt lat="44.865329" lon="5.500373">
        <ele>1644</ele>
      </trkpt>
      <trkpt lat="44.86532" lon="5.500543">
        <ele>1643.89</ele>
      </trkpt>
      <trkpt lat="44.865299" lon="5.500635">
        <ele>1643.9</ele>
      </trkpt>
      <trkpt lat="44.865394" lon="5.500886">
        <ele>1642.65</ele>
      </trkpt>
      <trkpt lat="44.865436" lon="5.501036">
        <ele>1641.51</ele>
      </trkpt>
      <trkpt lat="44.865495" lon="5.501157">
        <ele>1640.32</ele>
      </trkpt>
      <trkpt lat="44.865552" lon="5.501213">
        <ele>1639.95</ele>
      </trkpt>
      <trkpt lat="44.865635" lon="5.501334">
        <ele>1639.14</ele>
      </trkpt>
      <trkpt lat="44.865719" lon="5.501412">
        <ele>1639.54</ele>
      </trkpt>
      <trkpt lat="44.865787" lon="5.501511">
        <ele>1640.11</ele>
      </trkpt>
      <trkpt lat="44.865947" lon="5.501777">
        <ele>1640.42</ele>
      </trkpt>
      <trkpt lat="44.866052" lon="5.502249">
        <ele>1640.32</ele>
      </trkpt>
      <trkpt lat="44.866069" lon="5.502426">
        <ele>1641</ele>
      </trkpt>
      <trkpt lat="44.866086" lon="5.50248">
        <ele>1641</ele>
      </trkpt>
      <trkpt lat="44.866116" lon="5.502517">
        <ele>1641</ele>
      </trkpt>
      <trkpt lat="44.866164" lon="5.502608">
        <ele>1641.41</ele>
      </trkpt>
      <trkpt lat="44.866192" lon="5.502748">
        <ele>1642</ele>
      </trkpt>
      <trkpt lat="44.866244" lon="5.502887">
        <ele>1642.03</ele>
      </trkpt>
      <trkpt lat="44.866408" lon="5.503106">
        <ele>1642.44</ele>
      </trkpt>
      <trkpt lat="44.866489" lon="5.503169">
        <ele>1642.95</ele>
      </trkpt>
      <trkpt lat="44.866649" lon="5.503316">
        <ele>1645.39</ele>
      </trkpt>
      <trkpt lat="44.866976" lon="5.503509">
        <ele>1650.6</ele>
      </trkpt>
      <trkpt lat="44.867101" lon="5.50368">
        <ele>1651.69</ele>
      </trkpt>
      <trkpt lat="44.867192" lon="5.503804">
        <ele>1652.5</ele>
      </trkpt>
      <trkpt lat="44.867394" lon="5.50403">
        <ele>1652.39</ele>
      </trkpt>
      <trkpt lat="44.867535" lon="5.504303">
        <ele>1653.83</ele>
      </trkpt>
      <trkpt lat="44.867603" lon="5.504421">
        <ele>1653.95</ele>
      </trkpt>
      <trkpt lat="44.867694" lon="5.504429">
        <ele>1653.25</ele>
      </trkpt>
      <trkpt lat="44.867789" lon="5.504539">
        <ele>1653.11</ele>
      </trkpt>
      <trkpt lat="44.867898" lon="5.504644">
        <ele>1653.07</ele>
      </trkpt>
      <trkpt lat="44.868173" lon="5.504813">
        <ele>1651.78</ele>
      </trkpt>
      <trkpt lat="44.868493" lon="5.505146">
        <ele>1652.27</ele>
      </trkpt>
      <trkpt lat="44.86854" lon="5.505223">
        <ele>1652.8</ele>
      </trkpt>
      <trkpt lat="44.868584" lon="5.505266">
        <ele>1652.86</ele>
      </trkpt>
      <trkpt lat="44.868854" lon="5.505221">
        <ele>1652.35</ele>
      </trkpt>
      <trkpt lat="44.868996" lon="5.505258">
        <ele>1653.52</ele>
      </trkpt>
      <trkpt lat="44.869386" lon="5.505486">
        <ele>1659.1</ele>
      </trkpt>
      <trkpt lat="44.869639" lon="5.50576">
        <ele>1661.76</ele>
      </trkpt>
      <trkpt lat="44.869801" lon="5.505981">
        <ele>1660.94</ele>
      </trkpt>
      <trkpt lat="44.870057" lon="5.506468">
        <ele>1658.98</ele>
      </trkpt>
      <trkpt lat="44.870298" lon="5.506753">
        <ele>1659.91</ele>
      </trkpt>
      <trkpt lat="44.87057" lon="5.506964">
        <ele>1660.73</ele>
      </trkpt>
      <trkpt lat="44.870763" lon="5.507159">
        <ele>1661.86</ele>
      </trkpt>
      <trkpt lat="44.87091" lon="5.507467">
        <ele>1664.74</ele>
      </trkpt>
      <trkpt lat="44.870951" lon="5.507527">
        <ele>1665.48</ele>
      </trkpt>
      <trkpt lat="44.870967" lon="5.507604">
        <ele>1666.23</ele>
      </trkpt>
      <trkpt lat="44.871011" lon="5.507695">
        <ele>1666.98</ele>
      </trkpt>
      <trkpt lat="44.871056" lon="5.507756">
        <ele>1667.68</ele>
      </trkpt>
      <trkpt lat="44.871214" lon="5.507865">
        <ele>1669.57</ele>
      </trkpt>
      <trkpt lat="44.871396" lon="5.507959">
        <ele>1671.15</ele>
      </trkpt>
      <trkpt lat="44.871651" lon="5.507922">
        <ele>1672.81</ele>
      </trkpt>
      <trkpt lat="44.871738" lon="5.507861">
        <ele>1672.82</ele>
      </trkpt>
      <trkpt lat="44.871899" lon="5.507853">
        <ele>1673.05</ele>
      </trkpt>
      <trkpt lat="44.872008" lon="5.507891">
        <ele>1674.26</ele>
      </trkpt>
      <trkpt lat="44.872109" lon="5.507852">
        <ele>1673.79</ele>
      </trkpt>
      <trkpt lat="44.872159" lon="5.507885">
        <ele>1674.62</ele>
      </trkpt>
      <trkpt lat="44.872401" lon="5.507881">
        <ele>1675.13</ele>
      </trkpt>
      <trkpt lat="44.872503" lon="5.507847">
        <ele>1674.73</ele>
      </trkpt>
      <trkpt lat="44.872572" lon="5.507777">
        <ele>1673.92</ele>
      </trkpt>
      <trkpt lat="44.872675" lon="5.507802">
        <ele>1674.21</ele>
      </trkpt>
      <trkpt lat="44.872703" lon="5.507809">
        <ele>1674.29</ele>
      </trkpt>
      <trkpt lat="44.872916" lon="5.508066">
        <ele>1676.34</ele>
      </trkpt>
      <trkpt lat="44.873005" lon="5.508101">
        <ele>1676.37</ele>
      </trkpt>
      <trkpt lat="44.873255" lon="5.508333">
        <ele>1679.2</ele>
      </trkpt>
      <trkpt lat="44.873306" lon="5.508333">
        <ele>1679.32</ele>
      </trkpt>
      <trkpt lat="44.873341" lon="5.508317">
        <ele>1679.23</ele>
      </trkpt>
      <trkpt lat="44.873365" lon="5.50825">
        <ele>1678.64</ele>
      </trkpt>
      <trkpt lat="44.873381" lon="5.508175">
        <ele>1677.95</ele>
      </trkpt>
      <trkpt lat="44.873407" lon="5.508133">
        <ele>1677.68</ele>
      </trkpt>
      <trkpt lat="44.87345" lon="5.508146">
        <ele>1678.17</ele>
      </trkpt>
      <trkpt lat="44.873551" lon="5.508292">
        <ele>1680.25</ele>
      </trkpt>
      <trkpt lat="44.873629" lon="5.508345">
        <ele>1681.2</ele>
      </trkpt>
      <trkpt lat="44.873714" lon="5.508329">
        <ele>1681.76</ele>
      </trkpt>
      <trkpt lat="44.873815" lon="5.508353">
        <ele>1682.59</ele>
      </trkpt>
      <trkpt lat="44.873911" lon="5.508363">
        <ele>1682.73</ele>
      </trkpt>
      <trkpt lat="44.874053" lon="5.508311">
        <ele>1682.52</ele>
      </trkpt>
      <trkpt lat="44.874182" lon="5.508402">
        <ele>1684.16</ele>
      </trkpt>
      <trkpt lat="44.874419" lon="5.508399">
        <ele>1684.15</ele>
      </trkpt>
      <trkpt lat="44.874537" lon="5.508367">
        <ele>1684.67</ele>
      </trkpt>
      <trkpt lat="44.874668" lon="5.508195">
        <ele>1683.75</ele>
      </trkpt>
      <trkpt lat="44.875027" lon="5.507771">
        <ele>1680.75</ele>
      </trkpt>
      <trkpt lat="44.875358" lon="5.507774">
        <ele>1684.3</ele>
      </trkpt>
      <trkpt lat="44.87563" lon="5.507554">
        <ele>1683.18</ele>
      </trkpt>
      <trkpt lat="44.875865" lon="5.507533">
        <ele>1682.29</ele>
      </trkpt>
      <trkpt lat="44.876312" lon="5.507649">
        <ele>1679.27</ele>
      </trkpt>
      <trkpt lat="44.876417" lon="5.50782">
        <ele>1678.6</ele>
      </trkpt>
      <trkpt lat="44.876501" lon="5.508066">
        <ele>1679.14</ele>
      </trkpt>
      <trkpt lat="44.876619" lon="5.508278">
        <ele>1678.43</ele>
      </trkpt>
      <trkpt lat="44.876717" lon="5.508331">
        <ele>1678.68</ele>
      </trkpt>
      <trkpt lat="44.876932" lon="5.50849">
        <ele>1679.61</ele>
      </trkpt>
      <trkpt lat="44.877046" lon="5.508683">
        <ele>1680</ele>
      </trkpt>
      <trkpt lat="44.877312" lon="5.508767">
        <ele>1681.21</ele>
      </trkpt>
      <trkpt lat="44.877585" lon="5.50878">
        <ele>1682.29</ele>
      </trkpt>
      <trkpt lat="44.878033" lon="5.508871">
        <ele>1684.82</ele>
      </trkpt>
      <trkpt lat="44.87824" lon="5.509032">
        <ele>1685.76</ele>
      </trkpt>
      <trkpt lat="44.878381" lon="5.509182">
        <ele>1686.36</ele>
      </trkpt>
      <trkpt lat="44.878822" lon="5.509421">
        <ele>1687.04</ele>
      </trkpt>
      <trkpt lat="44.879282" lon="5.509875">
        <ele>1689</ele>
      </trkpt>
      <trkpt lat="44.87942" lon="5.509947">
        <ele>1689.95</ele>
      </trkpt>
      <trkpt lat="44.879694" lon="5.510226">
        <ele>1691</ele>
      </trkpt>
      <trkpt lat="44.880153" lon="5.510503">
        <ele>1691</ele>
      </trkpt>
      <trkpt lat="44.880507" lon="5.510522">
        <ele>1689.13</ele>
      </trkpt>
      <trkpt lat="44.880815" lon="5.510775">
        <ele>1685.56</ele>
      </trkpt>
      <trkpt lat="44.880844" lon="5.510824">
        <ele>1685.43</ele>
      </trkpt>
      <trkpt lat="44.881026" lon="5.51081">
        <ele>1682.84</ele>
      </trkpt>
      <trkpt lat="44.881114" lon="5.510738">
        <ele>1681.31</ele>
      </trkpt>
      <trkpt lat="44.881201" lon="5.510741">
        <ele>1680.44</ele>
      </trkpt>
      <trkpt lat="44.881317" lon="5.510829">
        <ele>1679.08</ele>
      </trkpt>
      <trkpt lat="44.881868" lon="5.510751">
        <ele>1672.72</ele>
      </trkpt>
      <trkpt lat="44.88202" lon="5.510641">
        <ele>1670.83</ele>
      </trkpt>
      <trkpt lat="44.882324" lon="5.510354">
        <ele>1666.67</ele>
      </trkpt>
      <trkpt lat="44.882404" lon="5.510172">
        <ele>1664.68</ele>
      </trkpt>
      <trkpt lat="44.882444" lon="5.509988">
        <ele>1662.63</ele>
      </trkpt>
      <trkpt lat="44.88251" lon="5.509839">
        <ele>1660.84</ele>
      </trkpt>
      <trkpt lat="44.882691" lon="5.509649">
        <ele>1656.63</ele>
      </trkpt>
      <trkpt lat="44.882818" lon="5.509528">
        <ele>1654.51</ele>
      </trkpt>
      <trkpt lat="44.883012" lon="5.5094">
        <ele>1651.47</ele>
      </trkpt>
      <trkpt lat="44.883157" lon="5.509381">
        <ele>1650.65</ele>
      </trkpt>
      <trkpt lat="44.883242" lon="5.509214">
        <ele>1648.51</ele>
      </trkpt>
      <trkpt lat="44.883294" lon="5.509008">
        <ele>1646.88</ele>
      </trkpt>
      <trkpt lat="44.883398" lon="5.508767">
        <ele>1644.04</ele>
      </trkpt>
      <trkpt lat="44.883635" lon="5.508461">
        <ele>1639.91</ele>
      </trkpt>
      <trkpt lat="44.88383" lon="5.508138">
        <ele>1635.43</ele>
      </trkpt>
      <trkpt lat="44.884137" lon="5.507435">
        <ele>1628.51</ele>
      </trkpt>
      <trkpt lat="44.884226" lon="5.507337">
        <ele>1627.18</ele>
      </trkpt>
      <trkpt lat="44.884337" lon="5.507345">
        <ele>1625.69</ele>
      </trkpt>
      <trkpt lat="44.884727" lon="5.507432">
        <ele>1622.96</ele>
      </trkpt>
      <trkpt lat="44.885028" lon="5.507465">
        <ele>1621.68</ele>
      </trkpt>
      <trkpt lat="44.885539" lon="5.507537">
        <ele>1620.85</ele>
      </trkpt>
      <trkpt lat="44.885654" lon="5.507505">
        <ele>1620.16</ele>
      </trkpt>
      <trkpt lat="44.885694" lon="5.507495">
        <ele>1619.92</ele>
      </trkpt>
      <trkpt lat="44.885929" lon="5.50751">
        <ele>1618.64</ele>
      </trkpt>
      <trkpt lat="44.885982" lon="5.507557">
        <ele>1618.21</ele>
      </trkpt>
      <trkpt lat="44.886037" lon="5.507577">
        <ele>1617.76</ele>
      </trkpt>
      <trkpt lat="44.886369" lon="5.507586">
        <ele>1615.03</ele>
      </trkpt>
      <trkpt lat="44.886564" lon="5.507698">
        <ele>1614</ele>
      </trkpt>
      <trkpt lat="44.886598" lon="5.507776">
        <ele>1614.07</ele>
      </trkpt>
      <trkpt lat="44.886865" lon="5.508129">
        <ele>1613.98</ele>
      </trkpt>
      <trkpt lat="44.886959" lon="5.508273">
        <ele>1614.34</ele>
      </trkpt>
      <trkpt lat="44.887181" lon="5.50841">
        <ele>1615.14</ele>
      </trkpt>
      <trkpt lat="44.887669" lon="5.508839">
        <ele>1614.36</ele>
      </trkpt>
      <trkpt lat="44.887869" lon="5.50899">
        <ele>1612.72</ele>
      </trkpt>
      <trkpt lat="44.887969" lon="5.509109">
        <ele>1612.1</ele>
      </trkpt>
      <trkpt lat="44.888067" lon="5.509162">
        <ele>1611.61</ele>
      </trkpt>
      <trkpt lat="44.888131" lon="5.509226">
        <ele>1611.41</ele>
      </trkpt>
      <trkpt lat="44.888242" lon="5.509295">
        <ele>1610.7</ele>
      </trkpt>
      <trkpt lat="44.888271" lon="5.509328">
        <ele>1610.6</ele>
      </trkpt>
      <trkpt lat="44.888298" lon="5.509332">
        <ele>1610.31</ele>
      </trkpt>
      <trkpt lat="44.888384" lon="5.509415">
        <ele>1609.97</ele>
      </trkpt>
      <trkpt lat="44.888482" lon="5.509479">
        <ele>1609.71</ele>
      </trkpt>
      <trkpt lat="44.888677" lon="5.50926">
        <ele>1608</ele>
      </trkpt>
      <trkpt lat="44.88892" lon="5.508923">
        <ele>1607.11</ele>
      </trkpt>
      <trkpt lat="44.889328" lon="5.50827">
        <ele>1603.33</ele>
      </trkpt>
      <trkpt lat="44.889595" lon="5.507763">
        <ele>1601.38</ele>
      </trkpt>
      <trkpt lat="44.889788" lon="5.507506">
        <ele>1601</ele>
      </trkpt>
      <trkpt lat="44.889926" lon="5.507291">
        <ele>1601</ele>
      </trkpt>
      <trkpt lat="44.889964" lon="5.507197">
        <ele>1601</ele>
      </trkpt>
      <trkpt lat="44.890036" lon="5.507059">
        <ele>1600.27</ele>
      </trkpt>
      <trkpt lat="44.890179" lon="5.506815">
        <ele>1599.5</ele>
      </trkpt>
      <trkpt lat="44.890264" lon="5.506571">
        <ele>1597.03</ele>
      </trkpt>
      <trkpt lat="44.89034" lon="5.506449">
        <ele>1597.26</ele>
      </trkpt>
      <trkpt lat="44.890372" lon="5.506346">
        <ele>1597.86</ele>
      </trkpt>
      <trkpt lat="44.890415" lon="5.506295">
        <ele>1598</ele>
      </trkpt>
      <trkpt lat="44.890479" lon="5.506241">
        <ele>1598</ele>
      </trkpt>
      <trkpt lat="44.89052" lon="5.506114">
        <ele>1597.76</ele>
      </trkpt>
      <trkpt lat="44.890704" lon="5.505905">
        <ele>1596.69</ele>
      </trkpt>
      <trkpt lat="44.890851" lon="5.505615">
        <ele>1596.25</ele>
      </trkpt>
      <trkpt lat="44.891009" lon="5.505358">
        <ele>1595.52</ele>
      </trkpt>
      <trkpt lat="44.89108" lon="5.505227">
        <ele>1595.34</ele>
      </trkpt>
      <trkpt lat="44.891198" lon="5.505063">
        <ele>1595.91</ele>
      </trkpt>
      <trkpt lat="44.891268" lon="5.504988">
        <ele>1596.34</ele>
      </trkpt>
      <trkpt lat="44.891532" lon="5.505004">
        <ele>1595.32</ele>
      </trkpt>
      <trkpt lat="44.891573" lon="5.505017">
        <ele>1595.17</ele>
      </trkpt>
      <trkpt lat="44.891951" lon="5.505166">
        <ele>1593.5</ele>
      </trkpt>
      <trkpt lat="44.892198" lon="5.505331">
        <ele>1594.28</ele>
      </trkpt>
      <trkpt lat="44.892332" lon="5.505384">
        <ele>1593.65</ele>
      </trkpt>
      <trkpt lat="44.892505" lon="5.505419">
        <ele>1593.75</ele>
      </trkpt>
      <trkpt lat="44.892635" lon="5.505373">
        <ele>1593.48</ele>
      </trkpt>
      <trkpt lat="44.892723" lon="5.505376">
        <ele>1593.5</ele>
      </trkpt>
      <trkpt lat="44.892862" lon="5.505407">
        <ele>1593.76</ele>
      </trkpt>
      <trkpt lat="44.892908" lon="5.505427">
        <ele>1593.93</ele>
      </trkpt>
      <trkpt lat="44.892976" lon="5.505477">
        <ele>1594.06</ele>
      </trkpt>
      <trkpt lat="44.893156" lon="5.505642">
        <ele>1594.45</ele>
      </trkpt>
      <trkpt lat="44.893192" lon="5.505661">
        <ele>1594.51</ele>
      </trkpt>
      <trkpt lat="44.8933" lon="5.505694">
        <ele>1594.2</ele>
      </trkpt>
      <trkpt lat="44.893349" lon="5.505721">
        <ele>1594.39</ele>
      </trkpt>
      <trkpt lat="44.89349" lon="5.505832">
        <ele>1595.61</ele>
      </trkpt>
      <trkpt lat="44.893672" lon="5.505913">
        <ele>1597.5</ele>
      </trkpt>
      <trkpt lat="44.893751" lon="5.505926">
        <ele>1597.79</ele>
      </trkpt>
      <trkpt lat="44.893863" lon="5.50593">
        <ele>1597.89</ele>
      </trkpt>
      <trkpt lat="44.893989" lon="5.505887">
        <ele>1596.65</ele>
      </trkpt>
      <trkpt lat="44.894032" lon="5.505885">
        <ele>1596.45</ele>
      </trkpt>
      <trkpt lat="44.894143" lon="5.505924">
        <ele>1597.3</ele>
      </trkpt>
      <trkpt lat="44.894175" lon="5.505924">
        <ele>1597.37</ele>
      </trkpt>
      <trkpt lat="44.894327" lon="5.505831">
        <ele>1596.29</ele>
      </trkpt>
      <trkpt lat="44.894366" lon="5.505787">
        <ele>1595.67</ele>
      </trkpt>
      <trkpt lat="44.894415" lon="5.505709">
        <ele>1594.31</ele>
      </trkpt>
      <trkpt lat="44.894463" lon="5.505677">
        <ele>1593.75</ele>
      </trkpt>
      <trkpt lat="44.894573" lon="5.50567">
        <ele>1593.63</ele>
      </trkpt>
      <trkpt lat="44.894733" lon="5.505579">
        <ele>1593.13</ele>
      </trkpt>
      <trkpt lat="44.894883" lon="5.505522">
        <ele>1593</ele>
      </trkpt>
      <trkpt lat="44.895225" lon="5.505348">
        <ele>1592.89</ele>
      </trkpt>
      <trkpt lat="44.895302" lon="5.505302">
        <ele>1592.93</ele>
      </trkpt>
      <trkpt lat="44.895399" lon="5.505227">
        <ele>1592.92</ele>
      </trkpt>
      <trkpt lat="44.895501" lon="5.505176">
        <ele>1592.09</ele>
      </trkpt>
      <trkpt lat="44.895591" lon="5.505151">
        <ele>1592</ele>
      </trkpt>
      <trkpt lat="44.895679" lon="5.505148">
        <ele>1592.69</ele>
      </trkpt>
      <trkpt lat="44.895808" lon="5.505218">
        <ele>1594.1</ele>
      </trkpt>
      <trkpt lat="44.895838" lon="5.505247">
        <ele>1594.44</ele>
      </trkpt>
      <trkpt lat="44.895897" lon="5.505347">
        <ele>1594.89</ele>
      </trkpt>
      <trkpt lat="44.896007" lon="5.505437">
        <ele>1596.08</ele>
      </trkpt>
      <trkpt lat="44.896078" lon="5.505474">
        <ele>1596.62</ele>
      </trkpt>
      <trkpt lat="44.896131" lon="5.505491">
        <ele>1597.24</ele>
      </trkpt>
      <trkpt lat="44.896221" lon="5.505556">
        <ele>1599.01</ele>
      </trkpt>
      <trkpt lat="44.896263" lon="5.505574">
        <ele>1599.84</ele>
      </trkpt>
      <trkpt lat="44.896278" lon="5.505565">
        <ele>1600.28</ele>
      </trkpt>
      <trkpt lat="44.896291" lon="5.505544">
        <ele>1600.71</ele>
      </trkpt>
      <trkpt lat="44.896312" lon="5.505539">
        <ele>1601.26</ele>
      </trkpt>
      <trkpt lat="44.896347" lon="5.505563">
        <ele>1601.99</ele>
      </trkpt>
      <trkpt lat="44.89638" lon="5.50562">
        <ele>1602.47</ele>
      </trkpt>
      <trkpt lat="44.896462" lon="5.505832">
        <ele>1603.27</ele>
      </trkpt>
      <trkpt lat="44.896591" lon="5.505986">
        <ele>1604.73</ele>
      </trkpt>
      <trkpt lat="44.896636" lon="5.506">
        <ele>1605.46</ele>
      </trkpt>
      <trkpt lat="44.896771" lon="5.506001">
        <ele>1607.34</ele>
      </trkpt>
      <trkpt lat="44.896877" lon="5.506019">
        <ele>1608.2</ele>
      </trkpt>
      <trkpt lat="44.897107" lon="5.50611">
        <ele>1608.93</ele>
      </trkpt>
      <trkpt lat="44.897146" lon="5.506114">
        <ele>1608.67</ele>
      </trkpt>
      <trkpt lat="44.897176" lon="5.506108">
        <ele>1608.5</ele>
      </trkpt>
      <trkpt lat="44.897226" lon="5.506065">
        <ele>1608.46</ele>
      </trkpt>
      <trkpt lat="44.897359" lon="5.505896">
        <ele>1608.88</ele>
      </trkpt>
      <trkpt lat="44.897416" lon="5.505854">
        <ele>1608.99</ele>
      </trkpt>
      <trkpt lat="44.897574" lon="5.505784">
        <ele>1608.2</ele>
      </trkpt>
      <trkpt lat="44.897653" lon="5.505709">
        <ele>1607.99</ele>
      </trkpt>
      <trkpt lat="44.897759" lon="5.505687">
        <ele>1607.25</ele>
      </trkpt>
      <trkpt lat="44.897831" lon="5.505643">
        <ele>1606.91</ele>
      </trkpt>
      <trkpt lat="44.897864" lon="5.505634">
        <ele>1606.69</ele>
      </trkpt>
      <trkpt lat="44.897925" lon="5.505677">
        <ele>1605.94</ele>
      </trkpt>
      <trkpt lat="44.897965" lon="5.505689">
        <ele>1605.68</ele>
      </trkpt>
      <trkpt lat="44.89802" lon="5.505685">
        <ele>1605.71</ele>
      </trkpt>
      <trkpt lat="44.89811" lon="5.505656">
        <ele>1605.55</ele>
      </trkpt>
      <trkpt lat="44.898252" lon="5.505665">
        <ele>1604.82</ele>
      </trkpt>
      <trkpt lat="44.898819" lon="5.505332">
        <ele>1605</ele>
      </trkpt>
      <trkpt lat="44.899136" lon="5.505197">
        <ele>1606</ele>
      </trkpt>
      <trkpt lat="44.89927" lon="5.505116">
        <ele>1606.85</ele>
      </trkpt>
      <trkpt lat="44.899521" lon="5.505046">
        <ele>1608.76</ele>
      </trkpt>
      <trkpt lat="44.899649" lon="5.50496">
        <ele>1609.92</ele>
      </trkpt>
      <trkpt lat="44.899837" lon="5.504865">
        <ele>1611.24</ele>
      </trkpt>
      <trkpt lat="44.899979" lon="5.50485">
        <ele>1612.52</ele>
      </trkpt>
      <trkpt lat="44.900049" lon="5.504869">
        <ele>1613.48</ele>
      </trkpt>
      <trkpt lat="44.900129" lon="5.50494">
        <ele>1614.8</ele>
      </trkpt>
      <trkpt lat="44.90022" lon="5.504969">
        <ele>1615.64</ele>
      </trkpt>
      <trkpt lat="44.900322" lon="5.505026">
        <ele>1616.49</ele>
      </trkpt>
      <trkpt lat="44.900394" lon="5.505015">
        <ele>1617.12</ele>
      </trkpt>
      <trkpt lat="44.900493" lon="5.504932">
        <ele>1618.79</ele>
      </trkpt>
      <trkpt lat="44.900547" lon="5.504922">
        <ele>1619.33</ele>
      </trkpt>
      <trkpt lat="44.900635" lon="5.504964">
        <ele>1619.95</ele>
      </trkpt>
      <trkpt lat="44.900786" lon="5.504983">
        <ele>1620.85</ele>
      </trkpt>
      <trkpt lat="44.900898" lon="5.505062">
        <ele>1621.21</ele>
      </trkpt>
      <trkpt lat="44.90098" lon="5.505092">
        <ele>1621.89</ele>
      </trkpt>
      <trkpt lat="44.901048" lon="5.505174">
        <ele>1622</ele>
      </trkpt>
      <trkpt lat="44.901098" lon="5.505427">
        <ele>1622</ele>
      </trkpt>
      <trkpt lat="44.901113" lon="5.505645">
        <ele>1622.97</ele>
      </trkpt>
      <trkpt lat="44.901274" lon="5.505861">
        <ele>1623.52</ele>
      </trkpt>
      <trkpt lat="44.901706" lon="5.506154">
        <ele>1626.88</ele>
      </trkpt>
      <trkpt lat="44.902092" lon="5.506369">
        <ele>1629.52</ele>
      </trkpt>
      <trkpt lat="44.902152" lon="5.506403">
        <ele>1629.94</ele>
      </trkpt>
      <trkpt lat="44.902478" lon="5.506711">
        <ele>1632.34</ele>
      </trkpt>
      <trkpt lat="44.902812" lon="5.506963">
        <ele>1631.53</ele>
      </trkpt>
      <trkpt lat="44.903017" lon="5.507328">
        <ele>1634.09</ele>
      </trkpt>
      <trkpt lat="44.903242" lon="5.507621">
        <ele>1635.66</ele>
      </trkpt>
      <trkpt lat="44.903378" lon="5.507771">
        <ele>1636.29</ele>
      </trkpt>
      <trkpt lat="44.90351" lon="5.508013">
        <ele>1638.01</ele>
      </trkpt>
      <trkpt lat="44.903584" lon="5.508061">
        <ele>1637.94</ele>
      </trkpt>
      <trkpt lat="44.903688" lon="5.508197">
        <ele>1637.78</ele>
      </trkpt>
      <trkpt lat="44.903795" lon="5.508398">
        <ele>1638.08</ele>
      </trkpt>
      <trkpt lat="44.903884" lon="5.508543">
        <ele>1638.19</ele>
      </trkpt>
      <trkpt lat="44.904066" lon="5.508706">
        <ele>1638.86</ele>
      </trkpt>
      <trkpt lat="44.904181" lon="5.508689">
        <ele>1638.88</ele>
      </trkpt>
      <trkpt lat="44.904296" lon="5.508716">
        <ele>1639.95</ele>
      </trkpt>
      <trkpt lat="44.904353" lon="5.508691">
        <ele>1640.25</ele>
      </trkpt>
      <trkpt lat="44.904635" lon="5.508855">
        <ele>1644.58</ele>
      </trkpt>
      <trkpt lat="44.904748" lon="5.508952">
        <ele>1646.16</ele>
      </trkpt>
      <trkpt lat="44.904826" lon="5.509052">
        <ele>1647.27</ele>
      </trkpt>
      <trkpt lat="44.904895" lon="5.509223">
        <ele>1648.85</ele>
      </trkpt>
      <trkpt lat="44.905011" lon="5.509428">
        <ele>1651.25</ele>
      </trkpt>
      <trkpt lat="44.90509" lon="5.509516">
        <ele>1652.66</ele>
      </trkpt>
      <trkpt lat="44.90513" lon="5.509615">
        <ele>1654.62</ele>
      </trkpt>
      <trkpt lat="44.905185" lon="5.509701">
        <ele>1656.32</ele>
      </trkpt>
      <trkpt lat="44.905186" lon="5.509832">
        <ele>1658.81</ele>
      </trkpt>
      <trkpt lat="44.905231" lon="5.50992">
        <ele>1659.98</ele>
      </trkpt>
      <trkpt lat="44.905347" lon="5.510075">
        <ele>1662.69</ele>
      </trkpt>
      <trkpt lat="44.905378" lon="5.510155">
        <ele>1664.15</ele>
      </trkpt>
      <trkpt lat="44.905364" lon="5.510206">
        <ele>1665.45</ele>
      </trkpt>
      <trkpt lat="44.905308" lon="5.510259">
        <ele>1667.16</ele>
      </trkpt>
      <trkpt lat="44.905323" lon="5.510315">
        <ele>1668.22</ele>
      </trkpt>
      <trkpt lat="44.905469" lon="5.510333">
        <ele>1667.47</ele>
      </trkpt>
      <trkpt lat="44.905514" lon="5.510315">
        <ele>1666.85</ele>
      </trkpt>
      <trkpt lat="44.905561" lon="5.510278">
        <ele>1666</ele>
      </trkpt>
      <trkpt lat="44.905688" lon="5.509957">
        <ele>1660.92</ele>
      </trkpt>
      <trkpt lat="44.905745" lon="5.509845">
        <ele>1658.93</ele>
      </trkpt>
      <trkpt lat="44.905992" lon="5.509876">
        <ele>1660.66</ele>
      </trkpt>
      <trkpt lat="44.906153" lon="5.509757">
        <ele>1658.91</ele>
      </trkpt>
      <trkpt lat="44.906364" lon="5.509823">
        <ele>1661.1</ele>
      </trkpt>
      <trkpt lat="44.906531" lon="5.509857">
        <ele>1662.41</ele>
      </trkpt>
      <trkpt lat="44.906646" lon="5.509835">
        <ele>1662.28</ele>
      </trkpt>
      <trkpt lat="44.906723" lon="5.509708">
        <ele>1660.08</ele>
      </trkpt>
      <trkpt lat="44.906963" lon="5.509755">
        <ele>1661.88</ele>
      </trkpt>
      <trkpt lat="44.907312" lon="5.509703">
        <ele>1663.83</ele>
      </trkpt>
      <trkpt lat="44.907616" lon="5.509703">
        <ele>1665.32</ele>
      </trkpt>
      <trkpt lat="44.907808" lon="5.50976">
        <ele>1666.98</ele>
      </trkpt>
      <trkpt lat="44.90793" lon="5.509646">
        <ele>1665.96</ele>
      </trkpt>
      <trkpt lat="44.908047" lon="5.509616">
        <ele>1666.35</ele>
      </trkpt>
      <trkpt lat="44.908243" lon="5.509608">
        <ele>1667.82</ele>
      </trkpt>
      <trkpt lat="44.908377" lon="5.509721">
        <ele>1670.43</ele>
      </trkpt>
      <trkpt lat="44.908536" lon="5.509689">
        <ele>1671.06</ele>
      </trkpt>
      <trkpt lat="44.908667" lon="5.509786">
        <ele>1673.4</ele>
      </trkpt>
      <trkpt lat="44.908759" lon="5.509798">
        <ele>1674.21</ele>
      </trkpt>
      <trkpt lat="44.908897" lon="5.509704">
        <ele>1673.91</ele>
      </trkpt>
      <trkpt lat="44.909082" lon="5.509684">
        <ele>1674.48</ele>
      </trkpt>
      <trkpt lat="44.909206" lon="5.509707">
        <ele>1675.49</ele>
      </trkpt>
      <trkpt lat="44.909366" lon="5.509813">
        <ele>1678.11</ele>
      </trkpt>
      <trkpt lat="44.909534" lon="5.509842">
        <ele>1680.18</ele>
      </trkpt>
      <trkpt lat="44.909658" lon="5.509816">
        <ele>1682.29</ele>
      </trkpt>
      <trkpt lat="44.909881" lon="5.50977">
        <ele>1686.08</ele>
      </trkpt>
      <trkpt lat="44.910045" lon="5.509716">
        <ele>1689.16</ele>
      </trkpt>
      <trkpt lat="44.910134" lon="5.509634">
        <ele>1690.6</ele>
      </trkpt>
      <trkpt lat="44.910193" lon="5.509644">
        <ele>1692.16</ele>
      </trkpt>
      <trkpt lat="44.910287" lon="5.509589">
        <ele>1694.12</ele>
      </trkpt>
      <trkpt lat="44.910407" lon="5.509637">
        <ele>1698.07</ele>
      </trkpt>
      <trkpt lat="44.910474" lon="5.509603">
        <ele>1699.53</ele>
      </trkpt>
      <trkpt lat="44.910493" lon="5.509505">
        <ele>1699.43</ele>
      </trkpt>
      <trkpt lat="44.910612" lon="5.509591">
        <ele>1702.85</ele>
      </trkpt>
      <trkpt lat="44.910779" lon="5.510043">
        <ele>1711.02</ele>
      </trkpt>
      <trkpt lat="44.910823" lon="5.510104">
        <ele>1712.35</ele>
      </trkpt>
      <trkpt lat="44.910832" lon="5.510155">
        <ele>1712.87</ele>
      </trkpt>
      <trkpt lat="44.910898" lon="5.510204">
        <ele>1714.16</ele>
      </trkpt>
      <trkpt lat="44.91094" lon="5.510273">
        <ele>1715.26</ele>
      </trkpt>
      <trkpt lat="44.910955" lon="5.510382">
        <ele>1716.28</ele>
      </trkpt>
      <trkpt lat="44.911227" lon="5.510866">
        <ele>1722.84</ele>
      </trkpt>
      <trkpt lat="44.911238" lon="5.51101">
        <ele>1724.75</ele>
      </trkpt>
      <trkpt lat="44.911207" lon="5.511309">
        <ele>1729.17</ele>
      </trkpt>
      <trkpt lat="44.91121" lon="5.51144">
        <ele>1731.41</ele>
      </trkpt>
      <trkpt lat="44.911198" lon="5.511522">
        <ele>1732.94</ele>
      </trkpt>
      <trkpt lat="44.911177" lon="5.511584">
        <ele>1734.19</ele>
      </trkpt>
      <trkpt lat="44.911108" lon="5.511718">
        <ele>1737.09</ele>
      </trkpt>
      <trkpt lat="44.911073" lon="5.511771">
        <ele>1738.22</ele>
      </trkpt>
      <trkpt lat="44.911003" lon="5.511842">
        <ele>1740.13</ele>
      </trkpt>
      <trkpt lat="44.910983" lon="5.511877">
        <ele>1740.89</ele>
      </trkpt>
      <trkpt lat="44.911011" lon="5.511915">
        <ele>1741.34</ele>
      </trkpt>
      <trkpt lat="44.911092" lon="5.511983">
        <ele>1741.86</ele>
      </trkpt>
      <trkpt lat="44.911172" lon="5.511995">
        <ele>1740.86</ele>
      </trkpt>
      <trkpt lat="44.911186" lon="5.512023">
        <ele>1741.06</ele>
      </trkpt>
      <trkpt lat="44.91118" lon="5.512049">
        <ele>1741.54</ele>
      </trkpt>
      <trkpt lat="44.911111" lon="5.512146">
        <ele>1743.68</ele>
      </trkpt>
      <trkpt lat="44.911058" lon="5.512196">
        <ele>1745.23</ele>
      </trkpt>
      <trkpt lat="44.910956" lon="5.512237">
        <ele>1747.63</ele>
      </trkpt>
      <trkpt lat="44.91087" lon="5.512253">
        <ele>1749.32</ele>
      </trkpt>
      <trkpt lat="44.910735" lon="5.512167">
        <ele>1748.97</ele>
      </trkpt>
      <trkpt lat="44.910714" lon="5.512164">
        <ele>1749.06</ele>
      </trkpt>
      <trkpt lat="44.910683" lon="5.512231">
        <ele>1750.88</ele>
      </trkpt>
      <trkpt lat="44.910624" lon="5.512278">
        <ele>1752.46</ele>
      </trkpt>
      <trkpt lat="44.910588" lon="5.512349">
        <ele>1754.71</ele>
      </trkpt>
      <trkpt lat="44.910544" lon="5.512374">
        <ele>1756.03</ele>
      </trkpt>
      <trkpt lat="44.910549" lon="5.512416">
        <ele>1757.03</ele>
      </trkpt>
      <trkpt lat="44.910582" lon="5.512472">
        <ele>1758.15</ele>
      </trkpt>
      <trkpt lat="44.910626" lon="5.512586">
        <ele>1760.54</ele>
      </trkpt>
      <trkpt lat="44.910673" lon="5.512746">
        <ele>1763.49</ele>
      </trkpt>
      <trkpt lat="44.910783" lon="5.512905">
        <ele>1765.04</ele>
      </trkpt>
      <trkpt lat="44.910868" lon="5.513075">
        <ele>1766.95</ele>
      </trkpt>
      <trkpt lat="44.910878" lon="5.513157">
        <ele>1768.7</ele>
      </trkpt>
      <trkpt lat="44.910851" lon="5.513208">
        <ele>1770.44</ele>
      </trkpt>
      <trkpt lat="44.910749" lon="5.513253">
        <ele>1773.99</ele>
      </trkpt>
      <trkpt lat="44.910785" lon="5.513357">
        <ele>1775.84</ele>
      </trkpt>
      <trkpt lat="44.91097" lon="5.513719">
        <ele>1782.27</ele>
      </trkpt>
      <trkpt lat="44.911035" lon="5.5138">
        <ele>1783.12</ele>
      </trkpt>
      <trkpt lat="44.911157" lon="5.514024">
        <ele>1786.65</ele>
      </trkpt>
      <trkpt lat="44.911236" lon="5.51407">
        <ele>1786.04</ele>
      </trkpt>
      <trkpt lat="44.911312" lon="5.514186">
        <ele>1787.52</ele>
      </trkpt>
      <trkpt lat="44.911396" lon="5.514373">
        <ele>1790.89</ele>
      </trkpt>
      <trkpt lat="44.911479" lon="5.514637">
        <ele>1795.57</ele>
      </trkpt>
      <trkpt lat="44.911503" lon="5.514961">
        <ele>1803.62</ele>
      </trkpt>
      <trkpt lat="44.911459" lon="5.51498">
        <ele>1804.93</ele>
      </trkpt>
      <trkpt lat="44.911347" lon="5.514846">
        <ele>1804.29</ele>
      </trkpt>
      <trkpt lat="44.911222" lon="5.514742">
        <ele>1804.96</ele>
      </trkpt>
      <trkpt lat="44.911062" lon="5.514715">
        <ele>1809.42</ele>
      </trkpt>
      <trkpt lat="44.911045" lon="5.514724">
        <ele>1810.23</ele>
      </trkpt>
      <trkpt lat="44.911043" lon="5.514773">
        <ele>1811.73</ele>
      </trkpt>
      <trkpt lat="44.91107" lon="5.514807">
        <ele>1811.83</ele>
      </trkpt>
      <trkpt lat="44.911063" lon="5.514847">
        <ele>1813.22</ele>
      </trkpt>
      <trkpt lat="44.911007" lon="5.514885">
        <ele>1816.15</ele>
      </trkpt>
      <trkpt lat="44.910844" lon="5.514911">
        <ele>1821.28</ele>
      </trkpt>
      <trkpt lat="44.910625" lon="5.514975">
        <ele>1828.43</ele>
      </trkpt>
      <trkpt lat="44.910523" lon="5.514954">
        <ele>1829.66</ele>
      </trkpt>
      <trkpt lat="44.910408" lon="5.514909">
        <ele>1829.95</ele>
      </trkpt>
      <trkpt lat="44.910266" lon="5.514911">
        <ele>1832.41</ele>
      </trkpt>
      <trkpt lat="44.910196" lon="5.514937">
        <ele>1834.33</ele>
      </trkpt>
      <trkpt lat="44.910145" lon="5.514984">
        <ele>1836.26</ele>
      </trkpt>
      <trkpt lat="44.910077" lon="5.515026">
        <ele>1837.42</ele>
      </trkpt>
      <trkpt lat="44.909972" lon="5.515113">
        <ele>1839.13</ele>
      </trkpt>
      <trkpt lat="44.909958" lon="5.51524">
        <ele>1841.98</ele>
      </trkpt>
      <trkpt lat="44.909853" lon="5.515342">
        <ele>1843.33</ele>
      </trkpt>
      <trkpt lat="44.909838" lon="5.515422">
        <ele>1845.2</ele>
      </trkpt>
      <trkpt lat="44.909861" lon="5.515464">
        <ele>1846.39</ele>
      </trkpt>
      <trkpt lat="44.909938" lon="5.515492">
        <ele>1847.55</ele>
      </trkpt>
      <trkpt lat="44.910064" lon="5.515518">
        <ele>1848.15</ele>
      </trkpt>
      <trkpt lat="44.910074" lon="5.515559">
        <ele>1848.96</ele>
      </trkpt>
      <trkpt lat="44.910032" lon="5.51562">
        <ele>1850.17</ele>
      </trkpt>
      <trkpt lat="44.909978" lon="5.515765">
        <ele>1852.94</ele>
      </trkpt>
      <trkpt lat="44.909835" lon="5.515912">
        <ele>1857.03</ele>
      </trkpt>
      <trkpt lat="44.909771" lon="5.515937">
        <ele>1857.61</ele>
      </trkpt>
      <trkpt lat="44.909691" lon="5.516012">
        <ele>1858.95</ele>
      </trkpt>
      <trkpt lat="44.9096" lon="5.516041">
        <ele>1859.55</ele>
      </trkpt>
      <trkpt lat="44.909584" lon="5.516065">
        <ele>1860.23</ele>
      </trkpt>
      <trkpt lat="44.909614" lon="5.516082">
        <ele>1860.72</ele>
      </trkpt>
      <trkpt lat="44.909593" lon="5.516147">
        <ele>1862.75</ele>
      </trkpt>
      <trkpt lat="44.909605" lon="5.516152">
        <ele>1862.91</ele>
      </trkpt>
      <trkpt lat="44.909634" lon="5.51613">
        <ele>1862.14</ele>
      </trkpt>
      <trkpt lat="44.909707" lon="5.516161">
        <ele>1863.22</ele>
      </trkpt>
      <trkpt lat="44.909755" lon="5.51617">
        <ele>1863.54</ele>
      </trkpt>
      <trkpt lat="44.909854" lon="5.516309">
        <ele>1868.41</ele>
      </trkpt>
      <trkpt lat="44.909899" lon="5.516326">
        <ele>1868.91</ele>
      </trkpt>
      <trkpt lat="44.909919" lon="5.516376">
        <ele>1870.47</ele>
      </trkpt>
      <trkpt lat="44.909924" lon="5.516436">
        <ele>1872.53</ele>
      </trkpt>
      <trkpt lat="44.909943" lon="5.516463">
        <ele>1873.31</ele>
      </trkpt>
      <trkpt lat="44.909994" lon="5.516497">
        <ele>1874.06</ele>
      </trkpt>
      <trkpt lat="44.910036" lon="5.516513">
        <ele>1874.28</ele>
      </trkpt>
      <trkpt lat="44.910113" lon="5.516577">
        <ele>1875.89</ele>
      </trkpt>
      <trkpt lat="44.91013" lon="5.516636">
        <ele>1877.81</ele>
      </trkpt>
      <trkpt lat="44.910158" lon="5.51667">
        <ele>1878.59</ele>
      </trkpt>
      <trkpt lat="44.91019" lon="5.516735">
        <ele>1880.23</ele>
      </trkpt>
      <trkpt lat="44.910155" lon="5.516856">
        <ele>1883.78</ele>
      </trkpt>
      <trkpt lat="44.910174" lon="5.516915">
        <ele>1885</ele>
      </trkpt>
      <trkpt lat="44.91015" lon="5.516937">
        <ele>1885.7</ele>
      </trkpt>
      <trkpt lat="44.910152" lon="5.516992">
        <ele>1886.93</ele>
      </trkpt>
      <trkpt lat="44.910141" lon="5.517006">
        <ele>1887.29</ele>
      </trkpt>
      <trkpt lat="44.910107" lon="5.517">
        <ele>1887.42</ele>
      </trkpt>
      <trkpt lat="44.910081" lon="5.51703">
        <ele>1888.08</ele>
      </trkpt>
      <trkpt lat="44.909992" lon="5.517057">
        <ele>1888.98</ele>
      </trkpt>
      <trkpt lat="44.909947" lon="5.517085">
        <ele>1889.67</ele>
      </trkpt>
      <trkpt lat="44.909947" lon="5.51713">
        <ele>1890.19</ele>
      </trkpt>
      <trkpt lat="44.909921" lon="5.517146">
        <ele>1890.58</ele>
      </trkpt>
      <trkpt lat="44.909894" lon="5.517186">
        <ele>1891.11</ele>
      </trkpt>
      <trkpt lat="44.909648" lon="5.517224">
        <ele>1897.02</ele>
      </trkpt>
      <trkpt lat="44.909364" lon="5.517218">
        <ele>1906.1</ele>
      </trkpt>
      <trkpt lat="44.909296" lon="5.517206">
        <ele>1907.47</ele>
      </trkpt>
      <trkpt lat="44.909215" lon="5.517211">
        <ele>1909.75</ele>
      </trkpt>
      <trkpt lat="44.909064" lon="5.517273">
        <ele>1915.73</ele>
      </trkpt>
      <trkpt lat="44.908882" lon="5.517303">
        <ele>1920.2</ele>
      </trkpt>
      <trkpt lat="44.908578" lon="5.51737">
        <ele>1927.64</ele>
      </trkpt>
      <trkpt lat="44.908534" lon="5.517363">
        <ele>1927.88</ele>
      </trkpt>
      <trkpt lat="44.908439" lon="5.517391">
        <ele>1930.42</ele>
      </trkpt>
      <trkpt lat="44.908398" lon="5.517419">
        <ele>1932.54</ele>
      </trkpt>
      <trkpt lat="44.908342" lon="5.517421">
        <ele>1933.3</ele>
      </trkpt>
      <trkpt lat="44.908093" lon="5.517464">
        <ele>1939.17</ele>
      </trkpt>
      <trkpt lat="44.907713" lon="5.517529">
        <ele>1948.13</ele>
      </trkpt>
      <trkpt lat="44.907434" lon="5.517607">
        <ele>1953.95</ele>
      </trkpt>
      <trkpt lat="44.907016" lon="5.517795">
        <ele>1962.06</ele>
      </trkpt>
      <trkpt lat="44.906809" lon="5.517933">
        <ele>1966.21</ele>
      </trkpt>
      <trkpt lat="44.906602" lon="5.51807">
        <ele>1965.91</ele>
      </trkpt>
      <trkpt lat="44.906395" lon="5.518208">
        <ele>1971.1</ele>
      </trkpt>
      <trkpt lat="44.906256" lon="5.518347">
        <ele>1973.32</ele>
      </trkpt>
      <trkpt lat="44.906233" lon="5.5185">
        <ele>1974.63</ele>
      </trkpt>
      <trkpt lat="44.906243" lon="5.518677">
        <ele>1976.94</ele>
      </trkpt>
      <trkpt lat="44.905956" lon="5.519244">
        <ele>1985.14</ele>
      </trkpt>
      <trkpt lat="44.905669" lon="5.519811">
        <ele>2002.13</ele>
      </trkpt>
      <trkpt lat="44.905526" lon="5.520094">
        <ele>2009.29</ele>
      </trkpt>
      <trkpt lat="44.905382" lon="5.520378">
        <ele>2014.44</ele>
      </trkpt>
      <trkpt lat="44.905" lon="5.520303">
        <ele>2017.63</ele>
      </trkpt>
      <trkpt lat="44.904818" lon="5.52033">
        <ele>2019.98</ele>
      </trkpt>
      <trkpt lat="44.904419" lon="5.520102">
        <ele>2034.99</ele>
      </trkpt>
      <trkpt lat="44.904128" lon="5.51999">
        <ele>2047.89</ele>
      </trkpt>
      <trkpt lat="44.904052" lon="5.519916">
        <ele>2052.44</ele>
      </trkpt>
      <trkpt lat="44.904007" lon="5.519923">
        <ele>2054.05</ele>
      </trkpt>
      <trkpt lat="44.903812" lon="5.520068">
        <ele>2059.41</ele>
      </trkpt>
      <trkpt lat="44.903494" lon="5.520187">
        <ele>2071.13</ele>
      </trkpt>
      <trkpt lat="44.903317" lon="5.520305">
        <ele>2075.78</ele>
      </trkpt>
      <trkpt lat="44.903188" lon="5.520702">
        <ele>2076.77</ele>
      </trkpt>
      <trkpt lat="44.903019" lon="5.520547">
        <ele>2076.24</ele>
      </trkpt>
      <trkpt lat="44.90281" lon="5.520718">
        <ele>2072.1</ele>
      </trkpt>
      <trkpt lat="44.902409" lon="5.520756">
        <ele>2065.89</ele>
      </trkpt>
      <trkpt lat="44.902308" lon="5.520761">
        <ele>2065.88</ele>
      </trkpt>
      <trkpt lat="44.90217" lon="5.520855">
        <ele>2066.5</ele>
      </trkpt>
      <trkpt lat="44.902103" lon="5.520936">
        <ele>2067.8</ele>
      </trkpt>
      <trkpt lat="44.901883" lon="5.521137">
        <ele>2070.2</ele>
      </trkpt>
      <trkpt lat="44.901731" lon="5.521225">
        <ele>2072.17</ele>
      </trkpt>
      <trkpt lat="44.901086" lon="5.521558">
        <ele>2078.52</ele>
      </trkpt>
      <trkpt lat="44.900571" lon="5.521831">
        <ele>2080.34</ele>
      </trkpt>
      <trkpt lat="44.899999" lon="5.52214">
        <ele>2078.8</ele>
      </trkpt>
      <trkpt lat="44.899794" lon="5.522176">
        <ele>2078.15</ele>
      </trkpt>
      <trkpt lat="44.899666" lon="5.522357">
        <ele>2082.16</ele>
      </trkpt>
      <trkpt lat="44.899473" lon="5.522576">
        <ele>2093.68</ele>
      </trkpt>
      <trkpt lat="44.89928" lon="5.522794">
        <ele>2107.39</ele>
      </trkpt>
      <trkpt lat="44.898993" lon="5.522894">
        <ele>2110.3</ele>
      </trkpt>
      <trkpt lat="44.898879" lon="5.522808">
        <ele>2106</ele>
      </trkpt>
      <trkpt lat="44.898729" lon="5.522408">
        <ele>2101.68</ele>
      </trkpt>
      <trkpt lat="44.898501" lon="5.522226">
        <ele>2093.84</ele>
      </trkpt>
      <trkpt lat="44.898045" lon="5.521861">
        <ele>2085.92</ele>
      </trkpt>
      <trkpt lat="44.897522" lon="5.521775">
        <ele>2064.67</ele>
      </trkpt>
      <trkpt lat="44.89731" lon="5.521712">
        <ele>2056.69</ele>
      </trkpt>
      <trkpt lat="44.897098" lon="5.521649">
        <ele>2050.96</ele>
      </trkpt>
      <trkpt lat="44.896917" lon="5.521626">
        <ele>2048.01</ele>
      </trkpt>
      <trkpt lat="44.896855" lon="5.52164">
        <ele>2047.06</ele>
      </trkpt>
      <trkpt lat="44.896627" lon="5.521574">
        <ele>2043.59</ele>
      </trkpt>
      <trkpt lat="44.896559" lon="5.521569">
        <ele>2042.83</ele>
      </trkpt>
      <trkpt lat="44.896192" lon="5.521412">
        <ele>2036.06</ele>
      </trkpt>
      <trkpt lat="44.895991" lon="5.52133">
        <ele>2033.98</ele>
      </trkpt>
      <trkpt lat="44.895693" lon="5.521075">
        <ele>2029.77</ele>
      </trkpt>
      <trkpt lat="44.895489" lon="5.520963">
        <ele>2025.38</ele>
      </trkpt>
      <trkpt lat="44.895296" lon="5.520904">
        <ele>2019.92</ele>
      </trkpt>
      <trkpt lat="44.895054" lon="5.520798">
        <ele>2009.23</ele>
      </trkpt>
      <trkpt lat="44.894813" lon="5.520693">
        <ele>2000.94</ele>
      </trkpt>
      <trkpt lat="44.894671" lon="5.52063">
        <ele>1997.87</ele>
      </trkpt>
      <trkpt lat="44.894572" lon="5.520587">
        <ele>1995.71</ele>
      </trkpt>
      <trkpt lat="44.894258" lon="5.520418">
        <ele>1984.68</ele>
      </trkpt>
      <trkpt lat="44.893941" lon="5.520364">
        <ele>1975.6</ele>
      </trkpt>
      <trkpt lat="44.893788" lon="5.520371">
        <ele>1974.22</ele>
      </trkpt>
      <trkpt lat="44.89347" lon="5.520355">
        <ele>1973.82</ele>
      </trkpt>
      <trkpt lat="44.893236" lon="5.520372">
        <ele>1974.4</ele>
      </trkpt>
      <trkpt lat="44.892879" lon="5.520372">
        <ele>1975.35</ele>
      </trkpt>
      <trkpt lat="44.8927" lon="5.520456">
        <ele>1974.4</ele>
      </trkpt>
      <trkpt lat="44.892461" lon="5.520611">
        <ele>1974.7</ele>
      </trkpt>
      <trkpt lat="44.892411" lon="5.520716">
        <ele>1973.07</ele>
      </trkpt>
      <trkpt lat="44.892158" lon="5.52089">
        <ele>1976.12</ele>
      </trkpt>
      <trkpt lat="44.892043" lon="5.520914">
        <ele>1979.29</ele>
      </trkpt>
      <trkpt lat="44.891539" lon="5.520904">
        <ele>1992.46</ele>
      </trkpt>
      <trkpt lat="44.891291" lon="5.520852">
        <ele>1994.22</ele>
      </trkpt>
      <trkpt lat="44.891044" lon="5.520801">
        <ele>1992.09</ele>
      </trkpt>
      <trkpt lat="44.890796" lon="5.520749">
        <ele>1992.39</ele>
      </trkpt>
      <trkpt lat="44.890301" lon="5.520647">
        <ele>2004.15</ele>
      </trkpt>
      <trkpt lat="44.890054" lon="5.520595">
        <ele>2004.95</ele>
      </trkpt>
      <trkpt lat="44.889806" lon="5.520544">
        <ele>2003.5</ele>
      </trkpt>
      <trkpt lat="44.889336" lon="5.520511">
        <ele>1998.94</ele>
      </trkpt>
      <trkpt lat="44.888729" lon="5.520469">
        <ele>1989.84</ele>
      </trkpt>
      <trkpt lat="44.888525" lon="5.520507">
        <ele>1990.17</ele>
      </trkpt>
      <trkpt lat="44.888191" lon="5.52059">
        <ele>1992.72</ele>
      </trkpt>
      <trkpt lat="44.888027" lon="5.520579">
        <ele>1992.77</ele>
      </trkpt>
      <trkpt lat="44.887725" lon="5.520469">
        <ele>1990.66</ele>
      </trkpt>
      <trkpt lat="44.887522" lon="5.520445">
        <ele>1991.35</ele>
      </trkpt>
      <trkpt lat="44.887083" lon="5.520448">
        <ele>1993.02</ele>
      </trkpt>
      <trkpt lat="44.88698" lon="5.520423">
        <ele>1991.9</ele>
      </trkpt>
      <trkpt lat="44.886845" lon="5.520438">
        <ele>1991.64</ele>
      </trkpt>
      <trkpt lat="44.886461" lon="5.52048">
        <ele>1990.93</ele>
      </trkpt>
      <trkpt lat="44.886368" lon="5.520472">
        <ele>1989.82</ele>
      </trkpt>
      <trkpt lat="44.885711" lon="5.520571">
        <ele>1990.39</ele>
      </trkpt>
      <trkpt lat="44.885445" lon="5.520544">
        <ele>1987.51</ele>
      </trkpt>
      <trkpt lat="44.885241" lon="5.520576">
        <ele>1987.06</ele>
      </trkpt>
      <trkpt lat="44.885006" lon="5.520599">
        <ele>1983.39</ele>
      </trkpt>
      <trkpt lat="44.88477" lon="5.520622">
        <ele>1976.94</ele>
      </trkpt>
      <trkpt lat="44.88459" lon="5.520692">
        <ele>1970.93</ele>
      </trkpt>
      <trkpt lat="44.884403" lon="5.520869">
        <ele>1966.33</ele>
      </trkpt>
      <trkpt lat="44.88415" lon="5.521168">
        <ele>1960.28</ele>
      </trkpt>
      <trkpt lat="44.883896" lon="5.521467">
        <ele>1960.24</ele>
      </trkpt>
      <trkpt lat="44.883242" lon="5.521874">
        <ele>1953.44</ele>
      </trkpt>
      <trkpt lat="44.882942" lon="5.521789">
        <ele>1951.62</ele>
      </trkpt>
      <trkpt lat="44.882642" lon="5.521703">
        <ele>1946.89</ele>
      </trkpt>
      <trkpt lat="44.882547" lon="5.521834">
        <ele>1948.83</ele>
      </trkpt>
      <trkpt lat="44.882471" lon="5.521845">
        <ele>1947.41</ele>
      </trkpt>
      <trkpt lat="44.882204" lon="5.522086">
        <ele>1943.78</ele>
      </trkpt>
      <trkpt lat="44.882096" lon="5.522218">
        <ele>1940.69</ele>
      </trkpt>
      <trkpt lat="44.881708" lon="5.522424">
        <ele>1929.39</ele>
      </trkpt>
      <trkpt lat="44.881566" lon="5.522419">
        <ele>1925.02</ele>
      </trkpt>
      <trkpt lat="44.881414" lon="5.522393">
        <ele>1922.07</ele>
      </trkpt>
      <trkpt lat="44.881252" lon="5.522405">
        <ele>1923.62</ele>
      </trkpt>
      <trkpt lat="44.881195" lon="5.522303">
        <ele>1922.39</ele>
      </trkpt>
      <trkpt lat="44.881188" lon="5.522192">
        <ele>1918.39</ele>
      </trkpt>
      <trkpt lat="44.881256" lon="5.52214">
        <ele>1914.71</ele>
      </trkpt>
      <trkpt lat="44.881402" lon="5.522112">
        <ele>1912.5</ele>
      </trkpt>
      <trkpt lat="44.8815" lon="5.522008">
        <ele>1908.45</ele>
      </trkpt>
      <trkpt lat="44.881567" lon="5.521916">
        <ele>1905.11</ele>
      </trkpt>
      <trkpt lat="44.881644" lon="5.521847">
        <ele>1903.29</ele>
      </trkpt>
      <trkpt lat="44.881683" lon="5.521755">
        <ele>1900.24</ele>
      </trkpt>
      <trkpt lat="44.881865" lon="5.521533">
        <ele>1896.06</ele>
      </trkpt>
      <trkpt lat="44.881819" lon="5.52151">
        <ele>1892.88</ele>
      </trkpt>
      <trkpt lat="44.881765" lon="5.521501">
        <ele>1890.24</ele>
      </trkpt>
      <trkpt lat="44.881783" lon="5.521464">
        <ele>1888.99</ele>
      </trkpt>
      <trkpt lat="44.881823" lon="5.521426">
        <ele>1888.7</ele>
      </trkpt>
      <trkpt lat="44.881874" lon="5.521337">
        <ele>1886.16</ele>
      </trkpt>
      <trkpt lat="44.881932" lon="5.52121">
        <ele>1883.28</ele>
      </trkpt>
      <trkpt lat="44.881964" lon="5.521176">
        <ele>1883.47</ele>
      </trkpt>
      <trkpt lat="44.881991" lon="5.521162">
        <ele>1884.31</ele>
      </trkpt>
      <trkpt lat="44.882017" lon="5.521098">
        <ele>1883.51</ele>
      </trkpt>
      <trkpt lat="44.882014" lon="5.521062">
        <ele>1882.02</ele>
      </trkpt>
      <trkpt lat="44.881992" lon="5.521027">
        <ele>1879.36</ele>
      </trkpt>
      <trkpt lat="44.881946" lon="5.52102">
        <ele>1876.6</ele>
      </trkpt>
      <trkpt lat="44.881851" lon="5.521054">
        <ele>1873.19</ele>
      </trkpt>
      <trkpt lat="44.881768" lon="5.520992">
        <ele>1868.47</ele>
      </trkpt>
      <trkpt lat="44.881703" lon="5.521037">
        <ele>1868.38</ele>
      </trkpt>
      <trkpt lat="44.881649" lon="5.521036">
        <ele>1867</ele>
      </trkpt>
      <trkpt lat="44.881588" lon="5.521016">
        <ele>1865.22</ele>
      </trkpt>
      <trkpt lat="44.881621" lon="5.520932">
        <ele>1862.71</ele>
      </trkpt>
      <trkpt lat="44.881643" lon="5.520838">
        <ele>1859.98</ele>
      </trkpt>
      <trkpt lat="44.881693" lon="5.520745">
        <ele>1858.14</ele>
      </trkpt>
      <trkpt lat="44.881717" lon="5.520666">
        <ele>1856.51</ele>
      </trkpt>
      <trkpt lat="44.881733" lon="5.520565">
        <ele>1854.1</ele>
      </trkpt>
      <trkpt lat="44.881686" lon="5.520456">
        <ele>1850.78</ele>
      </trkpt>
      <trkpt lat="44.881709" lon="5.520324">
        <ele>1848.08</ele>
      </trkpt>
      <trkpt lat="44.881715" lon="5.520183">
        <ele>1844.83</ele>
      </trkpt>
      <trkpt lat="44.881699" lon="5.52017">
        <ele>1844.17</ele>
      </trkpt>
      <trkpt lat="44.881612" lon="5.520215">
        <ele>1843.75</ele>
      </trkpt>
      <trkpt lat="44.881602" lon="5.520185">
        <ele>1842.76</ele>
      </trkpt>
      <trkpt lat="44.881611" lon="5.52011">
        <ele>1840.72</ele>
      </trkpt>
      <trkpt lat="44.881587" lon="5.520043">
        <ele>1838.78</ele>
      </trkpt>
      <trkpt lat="44.881615" lon="5.520013">
        <ele>1838.01</ele>
      </trkpt>
      <trkpt lat="44.88162" lon="5.519977">
        <ele>1836.97</ele>
      </trkpt>
      <trkpt lat="44.881603" lon="5.519946">
        <ele>1836.26</ele>
      </trkpt>
      <trkpt lat="44.881637" lon="5.519719">
        <ele>1831.82</ele>
      </trkpt>
      <trkpt lat="44.881631" lon="5.519652">
        <ele>1830.09</ele>
      </trkpt>
      <trkpt lat="44.881593" lon="5.519544">
        <ele>1828.38</ele>
      </trkpt>
      <trkpt lat="44.881596" lon="5.519536">
        <ele>1828.21</ele>
      </trkpt>
      <trkpt lat="44.881627" lon="5.519533">
        <ele>1827.6</ele>
      </trkpt>
      <trkpt lat="44.881665" lon="5.519509">
        <ele>1827.22</ele>
      </trkpt>
      <trkpt lat="44.881716" lon="5.519454">
        <ele>1826.19</ele>
      </trkpt>
      <trkpt lat="44.88178" lon="5.519223">
        <ele>1823.29</ele>
      </trkpt>
      <trkpt lat="44.881784" lon="5.519133">
        <ele>1821.46</ele>
      </trkpt>
      <trkpt lat="44.88182" lon="5.518993">
        <ele>1818.63</ele>
      </trkpt>
      <trkpt lat="44.88187" lon="5.51891">
        <ele>1817.08</ele>
      </trkpt>
      <trkpt lat="44.881911" lon="5.518768">
        <ele>1814.36</ele>
      </trkpt>
      <trkpt lat="44.881924" lon="5.518699">
        <ele>1812.77</ele>
      </trkpt>
      <trkpt lat="44.881926" lon="5.518613">
        <ele>1810.05</ele>
      </trkpt>
      <trkpt lat="44.881937" lon="5.518538">
        <ele>1807.92</ele>
      </trkpt>
      <trkpt lat="44.881922" lon="5.518488">
        <ele>1805.82</ele>
      </trkpt>
      <trkpt lat="44.881851" lon="5.518543">
        <ele>1806</ele>
      </trkpt>
      <trkpt lat="44.881838" lon="5.518519">
        <ele>1804.88</ele>
      </trkpt>
      <trkpt lat="44.8818" lon="5.518511">
        <ele>1803.7</ele>
      </trkpt>
      <trkpt lat="44.881769" lon="5.518526">
        <ele>1803.42</ele>
      </trkpt>
      <trkpt lat="44.881725" lon="5.518494">
        <ele>1801.53</ele>
      </trkpt>
      <trkpt lat="44.881747" lon="5.518454">
        <ele>1800.81</ele>
      </trkpt>
      <trkpt lat="44.881779" lon="5.518436">
        <ele>1800.89</ele>
      </trkpt>
      <trkpt lat="44.881818" lon="5.518295">
        <ele>1797.7</ele>
      </trkpt>
      <trkpt lat="44.881848" lon="5.518228">
        <ele>1796.64</ele>
      </trkpt>
      <trkpt lat="44.881892" lon="5.518175">
        <ele>1796.11</ele>
      </trkpt>
      <trkpt lat="44.881912" lon="5.518063">
        <ele>1793.85</ele>
      </trkpt>
      <trkpt lat="44.881936" lon="5.518004">
        <ele>1792.9</ele>
      </trkpt>
      <trkpt lat="44.881969" lon="5.51797">
        <ele>1792.65</ele>
      </trkpt>
      <trkpt lat="44.881977" lon="5.517917">
        <ele>1791.56</ele>
      </trkpt>
      <trkpt lat="44.881973" lon="5.517851">
        <ele>1790.01</ele>
      </trkpt>
      <trkpt lat="44.882003" lon="5.517776">
        <ele>1789.01</ele>
      </trkpt>
      <trkpt lat="44.882013" lon="5.517702">
        <ele>1787.75</ele>
      </trkpt>
      <trkpt lat="44.882053" lon="5.517616">
        <ele>1786.54</ele>
      </trkpt>
      <trkpt lat="44.88205" lon="5.517583">
        <ele>1785.94</ele>
      </trkpt>
      <trkpt lat="44.881996" lon="5.517467">
        <ele>1783.68</ele>
      </trkpt>
      <trkpt lat="44.88198" lon="5.517389">
        <ele>1782.67</ele>
      </trkpt>
      <trkpt lat="44.881951" lon="5.517302">
        <ele>1781.79</ele>
      </trkpt>
      <trkpt lat="44.881821" lon="5.517138">
        <ele>1779.88</ele>
      </trkpt>
      <trkpt lat="44.881681" lon="5.517087">
        <ele>1779.59</ele>
      </trkpt>
      <trkpt lat="44.881568" lon="5.517007">
        <ele>1779.55</ele>
      </trkpt>
      <trkpt lat="44.881528" lon="5.516811">
        <ele>1777.71</ele>
      </trkpt>
      <trkpt lat="44.88152" lon="5.516611">
        <ele>1774.61</ele>
      </trkpt>
      <trkpt lat="44.881576" lon="5.51647">
        <ele>1772.36</ele>
      </trkpt>
      <trkpt lat="44.881579" lon="5.516384">
        <ele>1770.5</ele>
      </trkpt>
      <trkpt lat="44.881604" lon="5.516288">
        <ele>1768.04</ele>
      </trkpt>
      <trkpt lat="44.881643" lon="5.51618">
        <ele>1765.12</ele>
      </trkpt>
      <trkpt lat="44.881739" lon="5.516052">
        <ele>1761.3</ele>
      </trkpt>
      <trkpt lat="44.881846" lon="5.516024">
        <ele>1760.13</ele>
      </trkpt>
      <trkpt lat="44.882176" lon="5.515805">
        <ele>1752.67</ele>
      </trkpt>
      <trkpt lat="44.882364" lon="5.5156">
        <ele>1746.87</ele>
      </trkpt>
      <trkpt lat="44.882482" lon="5.515453">
        <ele>1743.44</ele>
      </trkpt>
      <trkpt lat="44.882611" lon="5.515345">
        <ele>1740.83</ele>
      </trkpt>
      <trkpt lat="44.882774" lon="5.515153">
        <ele>1736.06</ele>
      </trkpt>
      <trkpt lat="44.882778" lon="5.515116">
        <ele>1735.07</ele>
      </trkpt>
      <trkpt lat="44.88254" lon="5.51505">
        <ele>1733.98</ele>
      </trkpt>
      <trkpt lat="44.882481" lon="5.515013">
        <ele>1733.11</ele>
      </trkpt>
      <trkpt lat="44.882399" lon="5.514992">
        <ele>1732.02</ele>
      </trkpt>
      <trkpt lat="44.882385" lon="5.514975">
        <ele>1731.52</ele>
      </trkpt>
      <trkpt lat="44.882385" lon="5.514936">
        <ele>1730.61</ele>
      </trkpt>
      <trkpt lat="44.882416" lon="5.514906">
        <ele>1730.26</ele>
      </trkpt>
      <trkpt lat="44.882447" lon="5.514816">
        <ele>1728.94</ele>
      </trkpt>
      <trkpt lat="44.88244" lon="5.514735">
        <ele>1727.4</ele>
      </trkpt>
      <trkpt lat="44.882622" lon="5.514502">
        <ele>1722.69</ele>
      </trkpt>
      <trkpt lat="44.882615" lon="5.514413">
        <ele>1721.13</ele>
      </trkpt>
      <trkpt lat="44.882591" lon="5.514325">
        <ele>1719.56</ele>
      </trkpt>
      <trkpt lat="44.882599" lon="5.514243">
        <ele>1718.16</ele>
      </trkpt>
      <trkpt lat="44.882618" lon="5.51416">
        <ele>1716.71</ele>
      </trkpt>
      <trkpt lat="44.882732" lon="5.513952">
        <ele>1713.73</ele>
      </trkpt>
      <trkpt lat="44.882751" lon="5.513892">
        <ele>1713.03</ele>
      </trkpt>
      <trkpt lat="44.882757" lon="5.513805">
        <ele>1711.52</ele>
      </trkpt>
      <trkpt lat="44.882796" lon="5.513659">
        <ele>1709.31</ele>
      </trkpt>
      <trkpt lat="44.882828" lon="5.513605">
        <ele>1708.69</ele>
      </trkpt>
      <trkpt lat="44.882886" lon="5.513568">
        <ele>1708.26</ele>
      </trkpt>
      <trkpt lat="44.882929" lon="5.513495">
        <ele>1707.41</ele>
      </trkpt>
      <trkpt lat="44.88305" lon="5.513345">
        <ele>1705.05</ele>
      </trkpt>
      <trkpt lat="44.883098" lon="5.513259">
        <ele>1704.25</ele>
      </trkpt>
      <trkpt lat="44.883128" lon="5.513056">
        <ele>1701.93</ele>
      </trkpt>
      <trkpt lat="44.883128" lon="5.512911">
        <ele>1700.25</ele>
      </trkpt>
      <trkpt lat="44.883198" lon="5.512843">
        <ele>1698.88</ele>
      </trkpt>
      <trkpt lat="44.883354" lon="5.512353">
        <ele>1691.67</ele>
      </trkpt>
      <trkpt lat="44.883473" lon="5.512088">
        <ele>1686.25</ele>
      </trkpt>
      <trkpt lat="44.883515" lon="5.511966">
        <ele>1684.08</ele>
      </trkpt>
      <trkpt lat="44.883557" lon="5.511822">
        <ele>1682.04</ele>
      </trkpt>
      <trkpt lat="44.883635" lon="5.511274">
        <ele>1673.42</ele>
      </trkpt>
      <trkpt lat="44.883717" lon="5.511086">
        <ele>1670.2</ele>
      </trkpt>
      <trkpt lat="44.883783" lon="5.510676">
        <ele>1663.88</ele>
      </trkpt>
      <trkpt lat="44.883816" lon="5.510401">
        <ele>1659.8</ele>
      </trkpt>
      <trkpt lat="44.883837" lon="5.510228">
        <ele>1657.23</ele>
      </trkpt>
      <trkpt lat="44.883983" lon="5.509979">
        <ele>1653.13</ele>
      </trkpt>
      <trkpt lat="44.884074" lon="5.509853">
        <ele>1650.46</ele>
      </trkpt>
      <trkpt lat="44.884089" lon="5.509719">
        <ele>1648.23</ele>
      </trkpt>
      <trkpt lat="44.884292" lon="5.509434">
        <ele>1643.26</ele>
      </trkpt>
      <trkpt lat="44.884371" lon="5.509284">
        <ele>1640.3</ele>
      </trkpt>
      <trkpt lat="44.884483" lon="5.508892">
        <ele>1635.4</ele>
      </trkpt>
      <trkpt lat="44.884487" lon="5.508832">
        <ele>1634.66</ele>
      </trkpt>
      <trkpt lat="44.884522" lon="5.508748">
        <ele>1633.4</ele>
      </trkpt>
      <trkpt lat="44.884543" lon="5.50862">
        <ele>1632.38</ele>
      </trkpt>
      <trkpt lat="44.884557" lon="5.508252">
        <ele>1630.12</ele>
      </trkpt>
      <trkpt lat="44.88459" lon="5.508191">
        <ele>1629.41</ele>
      </trkpt>
      <trkpt lat="44.884609" lon="5.508132">
        <ele>1628.77</ele>
      </trkpt>
      <trkpt lat="44.884613" lon="5.508077">
        <ele>1628.29</ele>
      </trkpt>
      <trkpt lat="44.884601" lon="5.507962">
        <ele>1627.32</ele>
      </trkpt>
      <trkpt lat="44.884612" lon="5.507919">
        <ele>1626.87</ele>
      </trkpt>
      <trkpt lat="44.884622" lon="5.507877">
        <ele>1626.43</ele>
      </trkpt>
      <trkpt lat="44.884651" lon="5.507811">
        <ele>1625.79</ele>
      </trkpt>
      <trkpt lat="44.884676" lon="5.507663">
        <ele>1624.72</ele>
      </trkpt>
      <trkpt lat="44.884708" lon="5.507555">
        <ele>1623.83</ele>
      </trkpt>
      <trkpt lat="44.884727" lon="5.507432">
        <ele>1622.96</ele>
      </trkpt>
      <trkpt lat="44.884337" lon="5.507345">
        <ele>1625.69</ele>
      </trkpt>
      <trkpt lat="44.884226" lon="5.507337">
        <ele>1627.18</ele>
      </trkpt>
      <trkpt lat="44.884137" lon="5.507435">
        <ele>1628.51</ele>
      </trkpt>
      <trkpt lat="44.88383" lon="5.508138">
        <ele>1635.43</ele>
      </trkpt>
      <trkpt lat="44.883635" lon="5.508461">
        <ele>1639.91</ele>
      </trkpt>
      <trkpt lat="44.883398" lon="5.508767">
        <ele>1644.04</ele>
      </trkpt>
      <trkpt lat="44.883294" lon="5.509008">
        <ele>1646.88</ele>
      </trkpt>
      <trkpt lat="44.883242" lon="5.509214">
        <ele>1648.51</ele>
      </trkpt>
      <trkpt lat="44.883157" lon="5.509381">
        <ele>1650.65</ele>
      </trkpt>
      <trkpt lat="44.883012" lon="5.5094">
        <ele>1651.47</ele>
      </trkpt>
      <trkpt lat="44.882818" lon="5.509528">
        <ele>1654.51</ele>
      </trkpt>
      <trkpt lat="44.882691" lon="5.509649">
        <ele>1656.63</ele>
      </trkpt>
      <trkpt lat="44.88251" lon="5.509839">
        <ele>1660.84</ele>
      </trkpt>
      <trkpt lat="44.882444" lon="5.509988">
        <ele>1662.63</ele>
      </trkpt>
      <trkpt lat="44.882404" lon="5.510172">
        <ele>1664.68</ele>
      </trkpt>
      <trkpt lat="44.882324" lon="5.510354">
        <ele>1666.67</ele>
      </trkpt>
      <trkpt lat="44.88202" lon="5.510641">
        <ele>1670.83</ele>
      </trkpt>
      <trkpt lat="44.881868" lon="5.510751">
        <ele>1672.72</ele>
      </trkpt>
      <trkpt lat="44.881317" lon="5.510829">
        <ele>1679.08</ele>
      </trkpt>
      <trkpt lat="44.881201" lon="5.510741">
        <ele>1680.44</ele>
      </trkpt>
      <trkpt lat="44.881114" lon="5.510738">
        <ele>1681.31</ele>
      </trkpt>
      <trkpt lat="44.881026" lon="5.51081">
        <ele>1682.84</ele>
      </trkpt>
      <trkpt lat="44.880844" lon="5.510824">
        <ele>1685.43</ele>
      </trkpt>
      <trkpt lat="44.880815" lon="5.510775">
        <ele>1685.56</ele>
      </trkpt>
      <trkpt lat="44.880507" lon="5.510522">
        <ele>1689.13</ele>
      </trkpt>
      <trkpt lat="44.880153" lon="5.510503">
        <ele>1691</ele>
      </trkpt>
      <trkpt lat="44.879694" lon="5.510226">
        <ele>1691</ele>
      </trkpt>
      <trkpt lat="44.87942" lon="5.509947">
        <ele>1689.95</ele>
      </trkpt>
      <trkpt lat="44.879282" lon="5.509875">
        <ele>1689</ele>
      </trkpt>
      <trkpt lat="44.878836" lon="5.509429">
        <ele>1687.06</ele>
      </trkpt>
      <trkpt lat="44.878381" lon="5.509182">
        <ele>1686.36</ele>
      </trkpt>
      <trkpt lat="44.87824" lon="5.509032">
        <ele>1685.76</ele>
      </trkpt>
      <trkpt lat="44.878033" lon="5.508871">
        <ele>1684.82</ele>
      </trkpt>
      <trkpt lat="44.877585" lon="5.50878">
        <ele>1682.29</ele>
      </trkpt>
      <trkpt lat="44.877312" lon="5.508767">
        <ele>1681.21</ele>
      </trkpt>
      <trkpt lat="44.877046" lon="5.508683">
        <ele>1680</ele>
      </trkpt>
      <trkpt lat="44.876932" lon="5.50849">
        <ele>1679.61</ele>
      </trkpt>
      <trkpt lat="44.876717" lon="5.508331">
        <ele>1678.68</ele>
      </trkpt>
      <trkpt lat="44.876619" lon="5.508278">
        <ele>1678.43</ele>
      </trkpt>
      <trkpt lat="44.876501" lon="5.508066">
        <ele>1679.14</ele>
      </trkpt>
      <trkpt lat="44.876417" lon="5.50782">
        <ele>1678.6</ele>
      </trkpt>
      <trkpt lat="44.876312" lon="5.507649">
        <ele>1679.27</ele>
      </trkpt>
      <trkpt lat="44.875865" lon="5.507533">
        <ele>1682.29</ele>
      </trkpt>
      <trkpt lat="44.87563" lon="5.507554">
        <ele>1683.18</ele>
      </trkpt>
      <trkpt lat="44.875358" lon="5.507774">
        <ele>1684.3</ele>
      </trkpt>
      <trkpt lat="44.875027" lon="5.507771">
        <ele>1680.75</ele>
      </trkpt>
      <trkpt lat="44.874668" lon="5.508195">
        <ele>1683.75</ele>
      </trkpt>
      <trkpt lat="44.874537" lon="5.508367">
        <ele>1684.67</ele>
      </trkpt>
      <trkpt lat="44.874419" lon="5.508399">
        <ele>1684.15</ele>
      </trkpt>
      <trkpt lat="44.874182" lon="5.508402">
        <ele>1684.16</ele>
      </trkpt>
      <trkpt lat="44.874053" lon="5.508311">
        <ele>1682.52</ele>
      </trkpt>
      <trkpt lat="44.873911" lon="5.508363">
        <ele>1682.73</ele>
      </trkpt>
      <trkpt lat="44.873815" lon="5.508353">
        <ele>1682.59</ele>
      </trkpt>
      <trkpt lat="44.873714" lon="5.508329">
        <ele>1681.76</ele>
      </trkpt>
      <trkpt lat="44.873629" lon="5.508345">
        <ele>1681.2</ele>
      </trkpt>
      <trkpt lat="44.873551" lon="5.508292">
        <ele>1680.25</ele>
      </trkpt>
      <trkpt lat="44.87345" lon="5.508146">
        <ele>1678.17</ele>
      </trkpt>
      <trkpt lat="44.873407" lon="5.508133">
        <ele>1677.68</ele>
      </trkpt>
      <trkpt lat="44.873381" lon="5.508175">
        <ele>1677.95</ele>
      </trkpt>
      <trkpt lat="44.873365" lon="5.50825">
        <ele>1678.64</ele>
      </trkpt>
      <trkpt lat="44.873341" lon="5.508317">
        <ele>1679.23</ele>
      </trkpt>
      <trkpt lat="44.873306" lon="5.508333">
        <ele>1679.32</ele>
      </trkpt>
      <trkpt lat="44.873255" lon="5.508333">
        <ele>1679.2</ele>
      </trkpt>
      <trkpt lat="44.873005" lon="5.508101">
        <ele>1676.37</ele>
      </trkpt>
      <trkpt lat="44.872916" lon="5.508066">
        <ele>1676.34</ele>
      </trkpt>
      <trkpt lat="44.872703" lon="5.507809">
        <ele>1674.29</ele>
      </trkpt>
      <trkpt lat="44.872572" lon="5.507777">
        <ele>1673.92</ele>
      </trkpt>
      <trkpt lat="44.872503" lon="5.507847">
        <ele>1674.73</ele>
      </trkpt>
      <trkpt lat="44.872401" lon="5.507881">
        <ele>1675.13</ele>
      </trkpt>
      <trkpt lat="44.872159" lon="5.507885">
        <ele>1674.62</ele>
      </trkpt>
      <trkpt lat="44.872109" lon="5.507852">
        <ele>1673.79</ele>
      </trkpt>
      <trkpt lat="44.872008" lon="5.507891">
        <ele>1674.26</ele>
      </trkpt>
      <trkpt lat="44.871899" lon="5.507853">
        <ele>1673.05</ele>
      </trkpt>
      <trkpt lat="44.871738" lon="5.507861">
        <ele>1672.82</ele>
      </trkpt>
      <trkpt lat="44.871651" lon="5.507922">
        <ele>1672.81</ele>
      </trkpt>
      <trkpt lat="44.871396" lon="5.507959">
        <ele>1671.15</ele>
      </trkpt>
      <trkpt lat="44.871371" lon="5.508398">
        <ele>1676.15</ele>
      </trkpt>
      <trkpt lat="44.871336" lon="5.508487">
        <ele>1677.17</ele>
      </trkpt>
      <trkpt lat="44.871305" lon="5.508605">
        <ele>1678.65</ele>
      </trkpt>
      <trkpt lat="44.871271" lon="5.508681">
        <ele>1679.46</ele>
      </trkpt>
      <trkpt lat="44.871263" lon="5.508698">
        <ele>1679.65</ele>
      </trkpt>
      <trkpt lat="44.871152" lon="5.508802">
        <ele>1679.96</ele>
      </trkpt>
      <trkpt lat="44.870953" lon="5.508941">
        <ele>1679.94</ele>
      </trkpt>
      <trkpt lat="44.870913" lon="5.508995">
        <ele>1680.24</ele>
      </trkpt>
      <trkpt lat="44.870839" lon="5.509053">
        <ele>1680.35</ele>
      </trkpt>
      <trkpt lat="44.870737" lon="5.509224">
        <ele>1681.49</ele>
      </trkpt>
      <trkpt lat="44.870668" lon="5.509315">
        <ele>1681.55</ele>
      </trkpt>
      <trkpt lat="44.870616" lon="5.509357">
        <ele>1681.64</ele>
      </trkpt>
      <trkpt lat="44.87056" lon="5.509428">
        <ele>1682.07</ele>
      </trkpt>
      <trkpt lat="44.870467" lon="5.509507">
        <ele>1682.52</ele>
      </trkpt>
      <trkpt lat="44.870405" lon="5.509532">
        <ele>1682.66</ele>
      </trkpt>
      <trkpt lat="44.87033" lon="5.509619">
        <ele>1683.17</ele>
      </trkpt>
      <trkpt lat="44.870191" lon="5.509748">
        <ele>1683.15</ele>
      </trkpt>
      <trkpt lat="44.87014" lon="5.509812">
        <ele>1683.29</ele>
      </trkpt>
      <trkpt lat="44.869997" lon="5.50996">
        <ele>1684.15</ele>
      </trkpt>
      <trkpt lat="44.869796" lon="5.510237">
        <ele>1685.77</ele>
      </trkpt>
      <trkpt lat="44.869649" lon="5.510397">
        <ele>1687.69</ele>
      </trkpt>
      <trkpt lat="44.869473" lon="5.510538">
        <ele>1689.17</ele>
      </trkpt>
      <trkpt lat="44.86938" lon="5.510568">
        <ele>1689.97</ele>
      </trkpt>
      <trkpt lat="44.869185" lon="5.510607">
        <ele>1690.93</ele>
      </trkpt>
      <trkpt lat="44.869131" lon="5.510637">
        <ele>1691.51</ele>
      </trkpt>
      <trkpt lat="44.869098" lon="5.510684">
        <ele>1691.83</ele>
      </trkpt>
      <trkpt lat="44.869034" lon="5.510731">
        <ele>1692.16</ele>
      </trkpt>
      <trkpt lat="44.868973" lon="5.510798">
        <ele>1692.77</ele>
      </trkpt>
      <trkpt lat="44.868829" lon="5.510902">
        <ele>1693.59</ele>
      </trkpt>
      <trkpt lat="44.868786" lon="5.510916">
        <ele>1694.01</ele>
      </trkpt>
      <trkpt lat="44.86875" lon="5.510946">
        <ele>1694.47</ele>
      </trkpt>
      <trkpt lat="44.868675" lon="5.51097">
        <ele>1695</ele>
      </trkpt>
      <trkpt lat="44.868584" lon="5.511049">
        <ele>1695.46</ele>
      </trkpt>
      <trkpt lat="44.868558" lon="5.511081">
        <ele>1695.84</ele>
      </trkpt>
      <trkpt lat="44.868381" lon="5.511178">
        <ele>1697.85</ele>
      </trkpt>
      <trkpt lat="44.868359" lon="5.511214">
        <ele>1698.25</ele>
      </trkpt>
      <trkpt lat="44.8682" lon="5.511272">
        <ele>1698.88</ele>
      </trkpt>
      <trkpt lat="44.868156" lon="5.511265">
        <ele>1699.2</ele>
      </trkpt>
      <trkpt lat="44.868084" lon="5.5113">
        <ele>1699.94</ele>
      </trkpt>
      <trkpt lat="44.867978" lon="5.511322">
        <ele>1700.07</ele>
      </trkpt>
      <trkpt lat="44.867912" lon="5.511305">
        <ele>1700.44</ele>
      </trkpt>
      <trkpt lat="44.867771" lon="5.511247">
        <ele>1700.64</ele>
      </trkpt>
      <trkpt lat="44.867501" lon="5.511206">
        <ele>1700.4</ele>
      </trkpt>
      <trkpt lat="44.867358" lon="5.511162">
        <ele>1700.14</ele>
      </trkpt>
      <trkpt lat="44.867266" lon="5.511167">
        <ele>1700.04</ele>
      </trkpt>
      <trkpt lat="44.867141" lon="5.511129">
        <ele>1699.16</ele>
      </trkpt>
      <trkpt lat="44.867074" lon="5.511145">
        <ele>1699.04</ele>
      </trkpt>
      <trkpt lat="44.866857" lon="5.511281">
        <ele>1698.83</ele>
      </trkpt>
      <trkpt lat="44.866419" lon="5.511408">
        <ele>1699.14</ele>
      </trkpt>
      <trkpt lat="44.866331" lon="5.511408">
        <ele>1699.14</ele>
      </trkpt>
      <trkpt lat="44.866217" lon="5.511361">
        <ele>1698.59</ele>
      </trkpt>
      <trkpt lat="44.866134" lon="5.511356">
        <ele>1698.54</ele>
      </trkpt>
      <trkpt lat="44.866057" lon="5.511367">
        <ele>1698.67</ele>
      </trkpt>
      <trkpt lat="44.865948" lon="5.51142">
        <ele>1699.28</ele>
      </trkpt>
      <trkpt lat="44.865846" lon="5.511511">
        <ele>1700.34</ele>
      </trkpt>
      <trkpt lat="44.865627" lon="5.511641">
        <ele>1701.85</ele>
      </trkpt>
      <trkpt lat="44.865554" lon="5.511657">
        <ele>1702.04</ele>
      </trkpt>
      <trkpt lat="44.865484" lon="5.511627">
        <ele>1701.69</ele>
      </trkpt>
      <trkpt lat="44.865384" lon="5.511646">
        <ele>1701.91</ele>
      </trkpt>
      <trkpt lat="44.865257" lon="5.511688">
        <ele>1702.16</ele>
      </trkpt>
      <trkpt lat="44.864944" lon="5.51179">
        <ele>1702.77</ele>
      </trkpt>
      <trkpt lat="44.864709" lon="5.511884">
        <ele>1702.93</ele>
      </trkpt>
      <trkpt lat="44.864561" lon="5.511958">
        <ele>1702.58</ele>
      </trkpt>
      <trkpt lat="44.864437" lon="5.511964">
        <ele>1702.6</ele>
      </trkpt>
      <trkpt lat="44.864253" lon="5.512024">
        <ele>1702.31</ele>
      </trkpt>
      <trkpt lat="44.86395" lon="5.512156">
        <ele>1703.84</ele>
      </trkpt>
      <trkpt lat="44.86359" lon="5.512424">
        <ele>1706.44</ele>
      </trkpt>
      <trkpt lat="44.863454" lon="5.512534">
        <ele>1708.12</ele>
      </trkpt>
      <trkpt lat="44.863323" lon="5.512661">
        <ele>1709.82</ele>
      </trkpt>
      <trkpt lat="44.862932" lon="5.512807">
        <ele>1713.73</ele>
      </trkpt>
      <trkpt lat="44.862742" lon="5.512932">
        <ele>1717.12</ele>
      </trkpt>
      <trkpt lat="44.862427" lon="5.513152">
        <ele>1722.17</ele>
      </trkpt>
      <trkpt lat="44.862192" lon="5.513358">
        <ele>1725.3</ele>
      </trkpt>
      <trkpt lat="44.862146" lon="5.513426">
        <ele>1726.07</ele>
      </trkpt>
      <trkpt lat="44.862061" lon="5.513583">
        <ele>1727.89</ele>
      </trkpt>
      <trkpt lat="44.861928" lon="5.51374">
        <ele>1730.2</ele>
      </trkpt>
      <trkpt lat="44.861811" lon="5.513854">
        <ele>1731.69</ele>
      </trkpt>
      <trkpt lat="44.861732" lon="5.51392">
        <ele>1732.2</ele>
      </trkpt>
      <trkpt lat="44.861519" lon="5.514039">
        <ele>1733.85</ele>
      </trkpt>
      <trkpt lat="44.861398" lon="5.514093">
        <ele>1734.36</ele>
      </trkpt>
      <trkpt lat="44.861253" lon="5.514211">
        <ele>1735.95</ele>
      </trkpt>
      <trkpt lat="44.861076" lon="5.514383">
        <ele>1738.74</ele>
      </trkpt>
      <trkpt lat="44.86092" lon="5.514508">
        <ele>1740.19</ele>
      </trkpt>
      <trkpt lat="44.860726" lon="5.514741">
        <ele>1743.33</ele>
      </trkpt>
      <trkpt lat="44.860633" lon="5.514933">
        <ele>1746.14</ele>
      </trkpt>
      <trkpt lat="44.860543" lon="5.515032">
        <ele>1747.88</ele>
      </trkpt>
      <trkpt lat="44.860364" lon="5.515169">
        <ele>1749.87</ele>
      </trkpt>
      <trkpt lat="44.860268" lon="5.515221">
        <ele>1750.61</ele>
      </trkpt>
      <trkpt lat="44.860234" lon="5.515228">
        <ele>1750.91</ele>
      </trkpt>
      <trkpt lat="44.860191" lon="5.515219">
        <ele>1751.04</ele>
      </trkpt>
      <trkpt lat="44.860142" lon="5.51524">
        <ele>1751.54</ele>
      </trkpt>
      <trkpt lat="44.86011" lon="5.515271">
        <ele>1752.06</ele>
      </trkpt>
      <trkpt lat="44.860081" lon="5.515327">
        <ele>1752.72</ele>
      </trkpt>
      <trkpt lat="44.860026" lon="5.515378">
        <ele>1753.4</ele>
      </trkpt>
      <trkpt lat="44.859969" lon="5.515493">
        <ele>1755.39</ele>
      </trkpt>
      <trkpt lat="44.859944" lon="5.515575">
        <ele>1756.56</ele>
      </trkpt>
      <trkpt lat="44.859906" lon="5.515639">
        <ele>1757.5</ele>
      </trkpt>
      <trkpt lat="44.859875" lon="5.515671">
        <ele>1758.08</ele>
      </trkpt>
      <trkpt lat="44.859822" lon="5.515729">
        <ele>1759.07</ele>
      </trkpt>
      <trkpt lat="44.859547" lon="5.51612">
        <ele>1764.82</ele>
      </trkpt>
      <trkpt lat="44.859501" lon="5.516213">
        <ele>1765.79</ele>
      </trkpt>
      <trkpt lat="44.859498" lon="5.516289">
        <ele>1766.87</ele>
      </trkpt>
      <trkpt lat="44.859427" lon="5.51636">
        <ele>1768.03</ele>
      </trkpt>
      <trkpt lat="44.859376" lon="5.516483">
        <ele>1769.74</ele>
      </trkpt>
      <trkpt lat="44.859321" lon="5.516585">
        <ele>1771.07</ele>
      </trkpt>
      <trkpt lat="44.85923" lon="5.516704">
        <ele>1772.84</ele>
      </trkpt>
      <trkpt lat="44.859045" lon="5.516872">
        <ele>1774.81</ele>
      </trkpt>
      <trkpt lat="44.859007" lon="5.51692">
        <ele>1775.35</ele>
      </trkpt>
      <trkpt lat="44.858872" lon="5.517033">
        <ele>1775.48</ele>
      </trkpt>
      <trkpt lat="44.858818" lon="5.517118">
        <ele>1776.25</ele>
      </trkpt>
      <trkpt lat="44.858743" lon="5.517213">
        <ele>1777.28</ele>
      </trkpt>
      <trkpt lat="44.858638" lon="5.51729">
        <ele>1777.76</ele>
      </trkpt>
      <trkpt lat="44.858336" lon="5.517617">
        <ele>1778.65</ele>
      </trkpt>
      <trkpt lat="44.858243" lon="5.51782">
        <ele>1781</ele>
      </trkpt>
      <trkpt lat="44.858203" lon="5.518141">
        <ele>1786.6</ele>
      </trkpt>
      <trkpt lat="44.858106" lon="5.518398">
        <ele>1791.51</ele>
      </trkpt>
      <trkpt lat="44.858025" lon="5.518593">
        <ele>1797.27</ele>
      </trkpt>
      <trkpt lat="44.858" lon="5.518629">
        <ele>1798.34</ele>
      </trkpt>
      <trkpt lat="44.857958" lon="5.518638">
        <ele>1798.19</ele>
      </trkpt>
      <trkpt lat="44.857947" lon="5.518668">
        <ele>1799.3</ele>
      </trkpt>
      <trkpt lat="44.857882" lon="5.518736">
        <ele>1801.44</ele>
      </trkpt>
      <trkpt lat="44.857793" lon="5.518794">
        <ele>1804.06</ele>
      </trkpt>
      <trkpt lat="44.857749" lon="5.518813">
        <ele>1805.18</ele>
      </trkpt>
      <trkpt lat="44.857701" lon="5.518811">
        <ele>1805.71</ele>
      </trkpt>
      <trkpt lat="44.857676" lon="5.518823">
        <ele>1806.62</ele>
      </trkpt>
      <trkpt lat="44.857654" lon="5.518814">
        <ele>1806.64</ele>
      </trkpt>
      <trkpt lat="44.857596" lon="5.518815">
        <ele>1807.91</ele>
      </trkpt>
      <trkpt lat="44.857555" lon="5.518835">
        <ele>1810.34</ele>
      </trkpt>
      <trkpt lat="44.857522" lon="5.518887">
        <ele>1812.95</ele>
      </trkpt>
      <trkpt lat="44.857317" lon="5.519247">
        <ele>1820.25</ele>
      </trkpt>
      <trkpt lat="44.857302" lon="5.519306">
        <ele>1820.75</ele>
      </trkpt>
      <trkpt lat="44.857301" lon="5.519406">
        <ele>1821.24</ele>
      </trkpt>
      <trkpt lat="44.85728" lon="5.519508">
        <ele>1823.16</ele>
      </trkpt>
      <trkpt lat="44.857208" lon="5.519815">
        <ele>1825.59</ele>
      </trkpt>
      <trkpt lat="44.857195" lon="5.519981">
        <ele>1825.59</ele>
      </trkpt>
      <trkpt lat="44.857133" lon="5.520147">
        <ele>1825.72</ele>
      </trkpt>
      <trkpt lat="44.857075" lon="5.520283">
        <ele>1828</ele>
      </trkpt>
      <trkpt lat="44.857036" lon="5.520456">
        <ele>1830.02</ele>
      </trkpt>
      <trkpt lat="44.857006" lon="5.520725">
        <ele>1834.2</ele>
      </trkpt>
      <trkpt lat="44.856883" lon="5.520934">
        <ele>1838.83</ele>
      </trkpt>
      <trkpt lat="44.856862" lon="5.521055">
        <ele>1841.67</ele>
      </trkpt>
      <trkpt lat="44.85684" lon="5.521122">
        <ele>1843.15</ele>
      </trkpt>
      <trkpt lat="44.856822" lon="5.52122">
        <ele>1844.85</ele>
      </trkpt>
      <trkpt lat="44.856775" lon="5.521353">
        <ele>1847.25</ele>
      </trkpt>
      <trkpt lat="44.85673" lon="5.521439">
        <ele>1849.04</ele>
      </trkpt>
      <trkpt lat="44.856689" lon="5.521472">
        <ele>1850.38</ele>
      </trkpt>
      <trkpt lat="44.856675" lon="5.521555">
        <ele>1852.39</ele>
      </trkpt>
      <trkpt lat="44.856596" lon="5.521676">
        <ele>1854.81</ele>
      </trkpt>
      <trkpt lat="44.85659" lon="5.521762">
        <ele>1856.31</ele>
      </trkpt>
      <trkpt lat="44.856596" lon="5.521809">
        <ele>1857.17</ele>
      </trkpt>
      <trkpt lat="44.856604" lon="5.521869">
        <ele>1858.27</ele>
      </trkpt>
      <trkpt lat="44.856517" lon="5.52191">
        <ele>1859.47</ele>
      </trkpt>
      <trkpt lat="44.856486" lon="5.522047">
        <ele>1864.33</ele>
      </trkpt>
      <trkpt lat="44.856466" lon="5.522079">
        <ele>1865.68</ele>
      </trkpt>
      <trkpt lat="44.856348" lon="5.522124">
        <ele>1867.9</ele>
      </trkpt>
      <trkpt lat="44.856281" lon="5.522163">
        <ele>1869.08</ele>
      </trkpt>
      <trkpt lat="44.856261" lon="5.522137">
        <ele>1868.91</ele>
      </trkpt>
      <trkpt lat="44.856152" lon="5.522096">
        <ele>1868.69</ele>
      </trkpt>
      <trkpt lat="44.85608" lon="5.522052">
        <ele>1868.45</ele>
      </trkpt>
      <trkpt lat="44.856014" lon="5.522072">
        <ele>1868.48</ele>
      </trkpt>
      <trkpt lat="44.855956" lon="5.522125">
        <ele>1867.87</ele>
      </trkpt>
      <trkpt lat="44.855863" lon="5.522171">
        <ele>1866.45</ele>
      </trkpt>
      <trkpt lat="44.855725" lon="5.522161">
        <ele>1864.63</ele>
      </trkpt>
      <trkpt lat="44.855663" lon="5.522144">
        <ele>1864.06</ele>
      </trkpt>
      <trkpt lat="44.855597" lon="5.522223">
        <ele>1863.52</ele>
      </trkpt>
      <trkpt lat="44.855394" lon="5.522407">
        <ele>1862.46</ele>
      </trkpt>
      <trkpt lat="44.855297" lon="5.522465">
        <ele>1862.05</ele>
      </trkpt>
      <trkpt lat="44.855247" lon="5.522463">
        <ele>1861.95</ele>
      </trkpt>
      <trkpt lat="44.855036" lon="5.522375">
        <ele>1861.28</ele>
      </trkpt>
      <trkpt lat="44.854956" lon="5.522391">
        <ele>1861</ele>
      </trkpt>
      <trkpt lat="44.854924" lon="5.522391">
        <ele>1860.85</ele>
      </trkpt>
      <trkpt lat="44.854892" lon="5.522375">
        <ele>1860.58</ele>
      </trkpt>
      <trkpt lat="44.854854" lon="5.52233">
        <ele>1860.11</ele>
      </trkpt>
      <trkpt lat="44.854645" lon="5.522304">
        <ele>1858.98</ele>
      </trkpt>
      <trkpt lat="44.854585" lon="5.522302">
        <ele>1858.93</ele>
      </trkpt>
      <trkpt lat="44.854468" lon="5.522338">
        <ele>1859.15</ele>
      </trkpt>
      <trkpt lat="44.854321" lon="5.522368">
        <ele>1858.34</ele>
      </trkpt>
      <trkpt lat="44.854017" lon="5.522346">
        <ele>1856.76</ele>
      </trkpt>
      <trkpt lat="44.853904" lon="5.522321">
        <ele>1857.42</ele>
      </trkpt>
      <trkpt lat="44.85376" lon="5.522265">
        <ele>1859.08</ele>
      </trkpt>
      <trkpt lat="44.853603" lon="5.522177">
        <ele>1862.79</ele>
      </trkpt>
      <trkpt lat="44.853485" lon="5.522179">
        <ele>1864.31</ele>
      </trkpt>
      <trkpt lat="44.853469" lon="5.522105">
        <ele>1866.33</ele>
      </trkpt>
      <trkpt lat="44.853443" lon="5.52203">
        <ele>1867.54</ele>
      </trkpt>
      <trkpt lat="44.853423" lon="5.521924">
        <ele>1868.72</ele>
      </trkpt>
      <trkpt lat="44.853351" lon="5.521687">
        <ele>1870.09</ele>
      </trkpt>
      <trkpt lat="44.85333" lon="5.521559">
        <ele>1870.21</ele>
      </trkpt>
      <trkpt lat="44.853295" lon="5.521428">
        <ele>1871.02</ele>
      </trkpt>
      <trkpt lat="44.853018" lon="5.520977">
        <ele>1878.18</ele>
      </trkpt>
      <trkpt lat="44.852835" lon="5.521058">
        <ele>1883.29</ele>
      </trkpt>
      <trkpt lat="44.852767" lon="5.521067">
        <ele>1886</ele>
      </trkpt>
      <trkpt lat="44.852496" lon="5.521077">
        <ele>1896.73</ele>
      </trkpt>
      <trkpt lat="44.852141" lon="5.521091">
        <ele>1907.82</ele>
      </trkpt>
      <trkpt lat="44.851781" lon="5.521043">
        <ele>1913.5</ele>
      </trkpt>
      <trkpt lat="44.85162" lon="5.521101">
        <ele>1917.73</ele>
      </trkpt>
      <trkpt lat="44.851516" lon="5.521089">
        <ele>1918.35</ele>
      </trkpt>
      <trkpt lat="44.851381" lon="5.521047">
        <ele>1918.52</ele>
      </trkpt>
      <trkpt lat="44.851303" lon="5.521018">
        <ele>1918.86</ele>
      </trkpt>
      <trkpt lat="44.851176" lon="5.520938">
        <ele>1919.38</ele>
      </trkpt>
      <trkpt lat="44.850981" lon="5.520947">
        <ele>1921.73</ele>
      </trkpt>
      <trkpt lat="44.850804" lon="5.520954">
        <ele>1923.86</ele>
      </trkpt>
      <trkpt lat="44.850633" lon="5.520855">
        <ele>1924.69</ele>
      </trkpt>
      <trkpt lat="44.850452" lon="5.520858">
        <ele>1925.5</ele>
      </trkpt>
      <trkpt lat="44.850307" lon="5.520913">
        <ele>1925.02</ele>
      </trkpt>
      <trkpt lat="44.850247" lon="5.520912">
        <ele>1924.58</ele>
      </trkpt>
      <trkpt lat="44.850183" lon="5.520881">
        <ele>1923.8</ele>
      </trkpt>
      <trkpt lat="44.850054" lon="5.520792">
        <ele>1923.13</ele>
      </trkpt>
      <trkpt lat="44.849972" lon="5.520748">
        <ele>1924.88</ele>
      </trkpt>
      <trkpt lat="44.849798" lon="5.520631">
        <ele>1928.86</ele>
      </trkpt>
      <trkpt lat="44.849662" lon="5.520507">
        <ele>1930.63</ele>
      </trkpt>
      <trkpt lat="44.849583" lon="5.520417">
        <ele>1931.56</ele>
      </trkpt>
      <trkpt lat="44.849525" lon="5.520376">
        <ele>1931.79</ele>
      </trkpt>
      <trkpt lat="44.849275" lon="5.520248">
        <ele>1932.98</ele>
      </trkpt>
      <trkpt lat="44.849132" lon="5.520135">
        <ele>1932.84</ele>
      </trkpt>
      <trkpt lat="44.849016" lon="5.520071">
        <ele>1932.51</ele>
      </trkpt>
      <trkpt lat="44.84883" lon="5.519871">
        <ele>1931.99</ele>
      </trkpt>
      <trkpt lat="44.848556" lon="5.519602">
        <ele>1931.56</ele>
      </trkpt>
      <trkpt lat="44.848266" lon="5.519279">
        <ele>1929.4</ele>
      </trkpt>
      <trkpt lat="44.848084" lon="5.519142">
        <ele>1927.86</ele>
      </trkpt>
      <trkpt lat="44.847807" lon="5.518839">
        <ele>1924.63</ele>
      </trkpt>
      <trkpt lat="44.847745" lon="5.51873">
        <ele>1924.03</ele>
      </trkpt>
      <trkpt lat="44.847678" lon="5.51866">
        <ele>1923.89</ele>
      </trkpt>
      <trkpt lat="44.847528" lon="5.518582">
        <ele>1923.38</ele>
      </trkpt>
      <trkpt lat="44.847458" lon="5.518507">
        <ele>1922.34</ele>
      </trkpt>
      <trkpt lat="44.847257" lon="5.518377">
        <ele>1920.1</ele>
      </trkpt>
      <trkpt lat="44.847206" lon="5.518357">
        <ele>1919.65</ele>
      </trkpt>
      <trkpt lat="44.847107" lon="5.51835">
        <ele>1918.82</ele>
      </trkpt>
      <trkpt lat="44.847009" lon="5.518362">
        <ele>1918.09</ele>
      </trkpt>
      <trkpt lat="44.846778" lon="5.518235">
        <ele>1915.84</ele>
      </trkpt>
      <trkpt lat="44.846726" lon="5.518224">
        <ele>1915.76</ele>
      </trkpt>
      <trkpt lat="44.846679" lon="5.51824">
        <ele>1915.53</ele>
      </trkpt>
      <trkpt lat="44.846646" lon="5.518236">
        <ele>1915.49</ele>
      </trkpt>
      <trkpt lat="44.84649" lon="5.518152">
        <ele>1915.01</ele>
      </trkpt>
      <trkpt lat="44.846107" lon="5.517978">
        <ele>1910</ele>
      </trkpt>
      <trkpt lat="44.845881" lon="5.517855">
        <ele>1907.97</ele>
      </trkpt>
      <trkpt lat="44.845832" lon="5.517796">
        <ele>1908.33</ele>
      </trkpt>
      <trkpt lat="44.84574" lon="5.517685">
        <ele>1909</ele>
      </trkpt>
      <trkpt lat="44.845616" lon="5.517638">
        <ele>1909.87</ele>
      </trkpt>
      <trkpt lat="44.845426" lon="5.517478">
        <ele>1910.94</ele>
      </trkpt>
      <trkpt lat="44.84534" lon="5.517453">
        <ele>1911</ele>
      </trkpt>
      <trkpt lat="44.845026" lon="5.517402">
        <ele>1913.24</ele>
      </trkpt>
      <trkpt lat="44.84492" lon="5.517422">
        <ele>1914.58</ele>
      </trkpt>
      <trkpt lat="44.844899" lon="5.51748">
        <ele>1915.09</ele>
      </trkpt>
      <trkpt lat="44.844764" lon="5.517598">
        <ele>1918.55</ele>
      </trkpt>
      <trkpt lat="44.84468" lon="5.517608">
        <ele>1919.5</ele>
      </trkpt>
      <trkpt lat="44.844633" lon="5.517688">
        <ele>1921.99</ele>
      </trkpt>
      <trkpt lat="44.844575" lon="5.517729">
        <ele>1923.42</ele>
      </trkpt>
      <trkpt lat="44.844482" lon="5.517756">
        <ele>1925.84</ele>
      </trkpt>
      <trkpt lat="44.844352" lon="5.517751">
        <ele>1927.28</ele>
      </trkpt>
      <trkpt lat="44.844297" lon="5.517796">
        <ele>1927.71</ele>
      </trkpt>
      <trkpt lat="44.844205" lon="5.517799">
        <ele>1927.73</ele>
      </trkpt>
      <trkpt lat="44.843936" lon="5.517917">
        <ele>1928.23</ele>
      </trkpt>
      <trkpt lat="44.843838" lon="5.518013">
        <ele>1929.83</ele>
      </trkpt>
      <trkpt lat="44.843745" lon="5.518157">
        <ele>1931.88</ele>
      </trkpt>
      <trkpt lat="44.843562" lon="5.518229">
        <ele>1934.13</ele>
      </trkpt>
      <trkpt lat="44.843496" lon="5.518365">
        <ele>1934.45</ele>
      </trkpt>
      <trkpt lat="44.84341" lon="5.518451">
        <ele>1937</ele>
      </trkpt>
      <trkpt lat="44.843349" lon="5.518486">
        <ele>1938.75</ele>
      </trkpt>
      <trkpt lat="44.84328" lon="5.518594">
        <ele>1941.48</ele>
      </trkpt>
      <trkpt lat="44.843077" lon="5.518833">
        <ele>1948.13</ele>
      </trkpt>
      <trkpt lat="44.842873" lon="5.519072">
        <ele>1951.56</ele>
      </trkpt>
      <trkpt lat="44.842701" lon="5.519357">
        <ele>1951.26</ele>
      </trkpt>
      <trkpt lat="44.842529" lon="5.519643">
        <ele>1945.52</ele>
      </trkpt>
      <trkpt lat="44.842385" lon="5.519764">
        <ele>1941.06</ele>
      </trkpt>
      <trkpt lat="44.842238" lon="5.519887">
        <ele>1936.53</ele>
      </trkpt>
      <trkpt lat="44.841905" lon="5.520337">
        <ele>1926.06</ele>
      </trkpt>
      <trkpt lat="44.84171" lon="5.520761">
        <ele>1918.52</ele>
      </trkpt>
      <trkpt lat="44.841588" lon="5.520973">
        <ele>1915.45</ele>
      </trkpt>
      <trkpt lat="44.841542" lon="5.521087">
        <ele>1913.46</ele>
      </trkpt>
      <trkpt lat="44.841541" lon="5.521311">
        <ele>1910.45</ele>
      </trkpt>
      <trkpt lat="44.841509" lon="5.521448">
        <ele>1909.12</ele>
      </trkpt>
      <trkpt lat="44.841479" lon="5.521901">
        <ele>1905.42</ele>
      </trkpt>
      <trkpt lat="44.841516" lon="5.522108">
        <ele>1903.47</ele>
      </trkpt>
      <trkpt lat="44.841442" lon="5.522257">
        <ele>1902.35</ele>
      </trkpt>
      <trkpt lat="44.841416" lon="5.522385">
        <ele>1901.61</ele>
      </trkpt>
      <trkpt lat="44.841403" lon="5.522581">
        <ele>1899.94</ele>
      </trkpt>
      <trkpt lat="44.841353" lon="5.522744">
        <ele>1897.85</ele>
      </trkpt>
      <trkpt lat="44.841334" lon="5.522902">
        <ele>1895.49</ele>
      </trkpt>
      <trkpt lat="44.841258" lon="5.523079">
        <ele>1893.89</ele>
      </trkpt>
      <trkpt lat="44.84121" lon="5.523067">
        <ele>1895.02</ele>
      </trkpt>
      <trkpt lat="44.841184" lon="5.523103">
        <ele>1895.04</ele>
      </trkpt>
      <trkpt lat="44.841214" lon="5.523446">
        <ele>1889.62</ele>
      </trkpt>
      <trkpt lat="44.841198" lon="5.523587">
        <ele>1889.58</ele>
      </trkpt>
      <trkpt lat="44.841228" lon="5.523683">
        <ele>1889.54</ele>
      </trkpt>
      <trkpt lat="44.84128" lon="5.523744">
        <ele>1889.07</ele>
      </trkpt>
      <trkpt lat="44.841339" lon="5.523752">
        <ele>1888.15</ele>
      </trkpt>
      <trkpt lat="44.841551" lon="5.523958">
        <ele>1887</ele>
      </trkpt>
      <trkpt lat="44.841646" lon="5.524307">
        <ele>1885.91</ele>
      </trkpt>
      <trkpt lat="44.841732" lon="5.524487">
        <ele>1882.27</ele>
      </trkpt>
      <trkpt lat="44.841787" lon="5.524547">
        <ele>1879.66</ele>
      </trkpt>
      <trkpt lat="44.84187" lon="5.524584">
        <ele>1876.74</ele>
      </trkpt>
      <trkpt lat="44.841889" lon="5.524615">
        <ele>1874.87</ele>
      </trkpt>
      <trkpt lat="44.8419" lon="5.524719">
        <ele>1869.92</ele>
      </trkpt>
      <trkpt lat="44.841936" lon="5.52493">
        <ele>1861.48</ele>
      </trkpt>
      <trkpt lat="44.841871" lon="5.525303">
        <ele>1856.96</ele>
      </trkpt>
      <trkpt lat="44.841801" lon="5.525374">
        <ele>1860.51</ele>
      </trkpt>
      <trkpt lat="44.841687" lon="5.525576">
        <ele>1859.88</ele>
      </trkpt>
      <trkpt lat="44.84166" lon="5.525736">
        <ele>1854.87</ele>
      </trkpt>
      <trkpt lat="44.84164" lon="5.525774">
        <ele>1854.74</ele>
      </trkpt>
      <trkpt lat="44.841635" lon="5.525884">
        <ele>1850.61</ele>
      </trkpt>
      <trkpt lat="44.841616" lon="5.525955">
        <ele>1849.12</ele>
      </trkpt>
      <trkpt lat="44.841491" lon="5.526151">
        <ele>1849.39</ele>
      </trkpt>
      <trkpt lat="44.841471" lon="5.526205">
        <ele>1848.66</ele>
      </trkpt>
      <trkpt lat="44.841457" lon="5.52635">
        <ele>1845.91</ele>
      </trkpt>
      <trkpt lat="44.841541" lon="5.526588">
        <ele>1839.19</ele>
      </trkpt>
      <trkpt lat="44.841702" lon="5.526799">
        <ele>1833.11</ele>
      </trkpt>
      <trkpt lat="44.841756" lon="5.526924">
        <ele>1831.45</ele>
      </trkpt>
      <trkpt lat="44.84181" lon="5.527002">
        <ele>1829.16</ele>
      </trkpt>
      <trkpt lat="44.841845" lon="5.527079">
        <ele>1827.68</ele>
      </trkpt>
      <trkpt lat="44.841848" lon="5.527145">
        <ele>1827.84</ele>
      </trkpt>
      <trkpt lat="44.841896" lon="5.527359">
        <ele>1824.87</ele>
      </trkpt>
      <trkpt lat="44.841967" lon="5.527523">
        <ele>1821.24</ele>
      </trkpt>
      <trkpt lat="44.841999" lon="5.527594">
        <ele>1819.65</ele>
      </trkpt>
      <trkpt lat="44.842006" lon="5.527812">
        <ele>1819.47</ele>
      </trkpt>
      <trkpt lat="44.841988" lon="5.527966">
        <ele>1819.04</ele>
      </trkpt>
      <trkpt lat="44.842031" lon="5.52828">
        <ele>1812.09</ele>
      </trkpt>
      <trkpt lat="44.842053" lon="5.528569">
        <ele>1807.72</ele>
      </trkpt>
      <trkpt lat="44.842067" lon="5.528575">
        <ele>1806.72</ele>
      </trkpt>
      <trkpt lat="44.842099" lon="5.528486">
        <ele>1805.52</ele>
      </trkpt>
      <trkpt lat="44.842138" lon="5.528329">
        <ele>1803.95</ele>
      </trkpt>
      <trkpt lat="44.842308" lon="5.52801">
        <ele>1799.48</ele>
      </trkpt>
      <trkpt lat="44.842337" lon="5.527971">
        <ele>1798.35</ele>
      </trkpt>
      <trkpt lat="44.842415" lon="5.527728">
        <ele>1796.58</ele>
      </trkpt>
      <trkpt lat="44.842441" lon="5.527712">
        <ele>1796.37</ele>
      </trkpt>
      <trkpt lat="44.842443" lon="5.527766">
        <ele>1796.35</ele>
      </trkpt>
      <trkpt lat="44.842455" lon="5.527825">
        <ele>1796.22</ele>
      </trkpt>
      <trkpt lat="44.84248" lon="5.527867">
        <ele>1795.55</ele>
      </trkpt>
      <trkpt lat="44.842513" lon="5.528016">
        <ele>1794.23</ele>
      </trkpt>
      <trkpt lat="44.842496" lon="5.528266">
        <ele>1789.36</ele>
      </trkpt>
      <trkpt lat="44.842479" lon="5.528356">
        <ele>1787.86</ele>
      </trkpt>
      <trkpt lat="44.842499" lon="5.528435">
        <ele>1786.4</ele>
      </trkpt>
      <trkpt lat="44.84251" lon="5.528557">
        <ele>1784.31</ele>
      </trkpt>
      <trkpt lat="44.842526" lon="5.528573">
        <ele>1784.1</ele>
      </trkpt>
      <trkpt lat="44.842585" lon="5.528584">
        <ele>1784.16</ele>
      </trkpt>
      <trkpt lat="44.842627" lon="5.528658">
        <ele>1782.75</ele>
      </trkpt>
      <trkpt lat="44.842749" lon="5.528799">
        <ele>1779.39</ele>
      </trkpt>
      <trkpt lat="44.842749" lon="5.528825">
        <ele>1778.45</ele>
      </trkpt>
      <trkpt lat="44.842731" lon="5.528833">
        <ele>1777.72</ele>
      </trkpt>
      <trkpt lat="44.84268" lon="5.528899">
        <ele>1775.64</ele>
      </trkpt>
      <trkpt lat="44.842701" lon="5.528955">
        <ele>1773.75</ele>
      </trkpt>
      <trkpt lat="44.842811" lon="5.528935">
        <ele>1775.82</ele>
      </trkpt>
      <trkpt lat="44.842843" lon="5.528961">
        <ele>1775.46</ele>
      </trkpt>
      <trkpt lat="44.843018" lon="5.529165">
        <ele>1772.15</ele>
      </trkpt>
      <trkpt lat="44.843046" lon="5.529222">
        <ele>1770.83</ele>
      </trkpt>
      <trkpt lat="44.843104" lon="5.529272">
        <ele>1770.92</ele>
      </trkpt>
      <trkpt lat="44.843136" lon="5.529336">
        <ele>1769.52</ele>
      </trkpt>
      <trkpt lat="44.843104" lon="5.529377">
        <ele>1766.06</ele>
      </trkpt>
      <trkpt lat="44.84315" lon="5.529462">
        <ele>1764.6</ele>
      </trkpt>
      <trkpt lat="44.843111" lon="5.529487">
        <ele>1761.41</ele>
      </trkpt>
      <trkpt lat="44.843133" lon="5.52952">
        <ele>1761.1</ele>
      </trkpt>
      <trkpt lat="44.843146" lon="5.529668">
        <ele>1756.2</ele>
      </trkpt>
      <trkpt lat="44.843147" lon="5.529795">
        <ele>1751.49</ele>
      </trkpt>
      <trkpt lat="44.843123" lon="5.529886">
        <ele>1747.07</ele>
      </trkpt>
      <trkpt lat="44.843137" lon="5.529986">
        <ele>1744</ele>
      </trkpt>
      <trkpt lat="44.843099" lon="5.530132">
        <ele>1737.49</ele>
      </trkpt>
      <trkpt lat="44.843094" lon="5.530201">
        <ele>1734.95</ele>
      </trkpt>
      <trkpt lat="44.843099" lon="5.530275">
        <ele>1732.48</ele>
      </trkpt>
      <trkpt lat="44.843079" lon="5.530363">
        <ele>1729.05</ele>
      </trkpt>
      <trkpt lat="44.843061" lon="5.530423">
        <ele>1726.85</ele>
      </trkpt>
      <trkpt lat="44.843022" lon="5.530475">
        <ele>1724.91</ele>
      </trkpt>
      <trkpt lat="44.842988" lon="5.530588">
        <ele>1721.69</ele>
      </trkpt>
      <trkpt lat="44.843012" lon="5.530767">
        <ele>1716.77</ele>
      </trkpt>
      <trkpt lat="44.842933" lon="5.530828">
        <ele>1715.25</ele>
      </trkpt>
      <trkpt lat="44.842876" lon="5.530993">
        <ele>1712.4</ele>
      </trkpt>
      <trkpt lat="44.842867" lon="5.531196">
        <ele>1708.81</ele>
      </trkpt>
      <trkpt lat="44.842909" lon="5.531384">
        <ele>1704.13</ele>
      </trkpt>
      <trkpt lat="44.842896" lon="5.53148">
        <ele>1702.18</ele>
      </trkpt>
      <trkpt lat="44.84282" lon="5.531675">
        <ele>1698.86</ele>
      </trkpt>
      <trkpt lat="44.842698" lon="5.531839">
        <ele>1696.92</ele>
      </trkpt>
      <trkpt lat="44.842617" lon="5.531939">
        <ele>1694.25</ele>
      </trkpt>
      <trkpt lat="44.842564" lon="5.532055">
        <ele>1690.78</ele>
      </trkpt>
      <trkpt lat="44.842539" lon="5.532225">
        <ele>1684.49</ele>
      </trkpt>
      <trkpt lat="44.842523" lon="5.532273">
        <ele>1682.92</ele>
      </trkpt>
      <trkpt lat="44.84253" lon="5.532334">
        <ele>1680.42</ele>
      </trkpt>
      <trkpt lat="44.842524" lon="5.532371">
        <ele>1679.19</ele>
      </trkpt>
      <trkpt lat="44.842507" lon="5.532395">
        <ele>1678.81</ele>
      </trkpt>
      <trkpt lat="44.84251" lon="5.532438">
        <ele>1677.18</ele>
      </trkpt>
      <trkpt lat="44.842497" lon="5.532468">
        <ele>1676.56</ele>
      </trkpt>
      <trkpt lat="44.842493" lon="5.532543">
        <ele>1674.09</ele>
      </trkpt>
      <trkpt lat="44.842473" lon="5.532613">
        <ele>1672.27</ele>
      </trkpt>
      <trkpt lat="44.842478" lon="5.532741">
        <ele>1668.24</ele>
      </trkpt>
      <trkpt lat="44.842454" lon="5.532868">
        <ele>1665.02</ele>
      </trkpt>
      <trkpt lat="44.842473" lon="5.532932">
        <ele>1662.15</ele>
      </trkpt>
      <trkpt lat="44.842473" lon="5.532994">
        <ele>1660.07</ele>
      </trkpt>
      <trkpt lat="44.842489" lon="5.533034">
        <ele>1658.4</ele>
      </trkpt>
      <trkpt lat="44.842477" lon="5.5331">
        <ele>1656.86</ele>
      </trkpt>
      <trkpt lat="44.842377" lon="5.53318">
        <ele>1657.94</ele>
      </trkpt>
      <trkpt lat="44.842324" lon="5.533299">
        <ele>1657.31</ele>
      </trkpt>
      <trkpt lat="44.842257" lon="5.533407">
        <ele>1657.07</ele>
      </trkpt>
      <trkpt lat="44.842205" lon="5.53344">
        <ele>1657.98</ele>
      </trkpt>
      <trkpt lat="44.842155" lon="5.533423">
        <ele>1660.32</ele>
      </trkpt>
      <trkpt lat="44.842121" lon="5.533485">
        <ele>1659.41</ele>
      </trkpt>
      <trkpt lat="44.842116" lon="5.533546">
        <ele>1658.08</ele>
      </trkpt>
      <trkpt lat="44.842102" lon="5.53357">
        <ele>1658.39</ele>
      </trkpt>
      <trkpt lat="44.842092" lon="5.533625">
        <ele>1657.83</ele>
      </trkpt>
      <trkpt lat="44.842087" lon="5.533695">
        <ele>1656.68</ele>
      </trkpt>
      <trkpt lat="44.842059" lon="5.533724">
        <ele>1657.86</ele>
      </trkpt>
      <trkpt lat="44.842045" lon="5.533792">
        <ele>1657.35</ele>
      </trkpt>
      <trkpt lat="44.842013" lon="5.534142">
        <ele>1654.42</ele>
      </trkpt>
      <trkpt lat="44.841969" lon="5.534314">
        <ele>1655.56</ele>
      </trkpt>
      <trkpt lat="44.841928" lon="5.534473">
        <ele>1654.51</ele>
      </trkpt>
      <trkpt lat="44.841755" lon="5.534674">
        <ele>1655.92</ele>
      </trkpt>
      <trkpt lat="44.841719" lon="5.535044">
        <ele>1656.2</ele>
      </trkpt>
      <trkpt lat="44.841609" lon="5.536154">
        <ele>1649.6</ele>
      </trkpt>
      <trkpt lat="44.841595" lon="5.53619">
        <ele>1649.36</ele>
      </trkpt>
      <trkpt lat="44.84157" lon="5.536255">
        <ele>1648.94</ele>
      </trkpt>
      <trkpt lat="44.841533" lon="5.536447">
        <ele>1646.25</ele>
      </trkpt>
      <trkpt lat="44.841515" lon="5.536471">
        <ele>1645.82</ele>
      </trkpt>
      <trkpt lat="44.841498" lon="5.536514">
        <ele>1644.65</ele>
      </trkpt>
      <trkpt lat="44.841446" lon="5.536527">
        <ele>1643.48</ele>
      </trkpt>
      <trkpt lat="44.841388" lon="5.536509">
        <ele>1642.96</ele>
      </trkpt>
      <trkpt lat="44.841272" lon="5.536423">
        <ele>1641.16</ele>
      </trkpt>
      <trkpt lat="44.841225" lon="5.536364">
        <ele>1641.42</ele>
      </trkpt>
      <trkpt lat="44.840873" lon="5.536192">
        <ele>1637.39</ele>
      </trkpt>
      <trkpt lat="44.840684" lon="5.536165">
        <ele>1634.88</ele>
      </trkpt>
      <trkpt lat="44.840603" lon="5.536203">
        <ele>1632.78</ele>
      </trkpt>
      <trkpt lat="44.840449" lon="5.536428">
        <ele>1631.36</ele>
      </trkpt>
      <trkpt lat="44.840207" lon="5.536645">
        <ele>1634.45</ele>
      </trkpt>
      <trkpt lat="44.840009" lon="5.53678">
        <ele>1635.54</ele>
      </trkpt>
      <trkpt lat="44.839732" lon="5.537136">
        <ele>1633.53</ele>
      </trkpt>
      <trkpt lat="44.839548" lon="5.537319">
        <ele>1636.15</ele>
      </trkpt>
      <trkpt lat="44.839364" lon="5.537501">
        <ele>1635.77</ele>
      </trkpt>
      <trkpt lat="44.839343" lon="5.537642">
        <ele>1636.77</ele>
      </trkpt>
      <trkpt lat="44.839313" lon="5.537745">
        <ele>1636.61</ele>
      </trkpt>
      <trkpt lat="44.839287" lon="5.537876">
        <ele>1635.16</ele>
      </trkpt>
      <trkpt lat="44.839291" lon="5.537941">
        <ele>1635</ele>
      </trkpt>
      <trkpt lat="44.839322" lon="5.538025">
        <ele>1635.84</ele>
      </trkpt>
      <trkpt lat="44.839329" lon="5.53819">
        <ele>1634.81</ele>
      </trkpt>
      <trkpt lat="44.839291" lon="5.538483">
        <ele>1630.66</ele>
      </trkpt>
      <trkpt lat="44.839321" lon="5.538609">
        <ele>1630.71</ele>
      </trkpt>
      <trkpt lat="44.83932" lon="5.538898">
        <ele>1627.72</ele>
      </trkpt>
      <trkpt lat="44.839339" lon="5.539016">
        <ele>1627.67</ele>
      </trkpt>
      <trkpt lat="44.839332" lon="5.539305">
        <ele>1629.08</ele>
      </trkpt>
      <trkpt lat="44.839341" lon="5.53955">
        <ele>1630.84</ele>
      </trkpt>
      <trkpt lat="44.83935" lon="5.539597">
        <ele>1631.64</ele>
      </trkpt>
      <trkpt lat="44.839345" lon="5.539687">
        <ele>1632.7</ele>
      </trkpt>
      <trkpt lat="44.839353" lon="5.53977">
        <ele>1633.7</ele>
      </trkpt>
      <trkpt lat="44.839336" lon="5.539898">
        <ele>1634.09</ele>
      </trkpt>
      <trkpt lat="44.83935" lon="5.539929">
        <ele>1634.82</ele>
      </trkpt>
      <trkpt lat="44.839389" lon="5.539969">
        <ele>1636.67</ele>
      </trkpt>
      <trkpt lat="44.839435" lon="5.540164">
        <ele>1639.68</ele>
      </trkpt>
      <trkpt lat="44.839435" lon="5.540223">
        <ele>1639.91</ele>
      </trkpt>
      <trkpt lat="44.839469" lon="5.540297">
        <ele>1640.79</ele>
      </trkpt>
      <trkpt lat="44.839519" lon="5.540313">
        <ele>1642.01</ele>
      </trkpt>
      <trkpt lat="44.83952" lon="5.540405">
        <ele>1642</ele>
      </trkpt>
      <trkpt lat="44.839558" lon="5.540443">
        <ele>1642.99</ele>
      </trkpt>
      <trkpt lat="44.839589" lon="5.54058">
        <ele>1643.37</ele>
      </trkpt>
      <trkpt lat="44.839596" lon="5.540638">
        <ele>1643.24</ele>
      </trkpt>
      <trkpt lat="44.839583" lon="5.540723">
        <ele>1642.56</ele>
      </trkpt>
      <trkpt lat="44.839614" lon="5.540819">
        <ele>1642.47</ele>
      </trkpt>
      <trkpt lat="44.839613" lon="5.540997">
        <ele>1640.82</ele>
      </trkpt>
      <trkpt lat="44.839621" lon="5.541066">
        <ele>1640.53</ele>
      </trkpt>
      <trkpt lat="44.839634" lon="5.541078">
        <ele>1640.88</ele>
      </trkpt>
      <trkpt lat="44.839667" lon="5.541069">
        <ele>1642.37</ele>
      </trkpt>
      <trkpt lat="44.839691" lon="5.541087">
        <ele>1642.92</ele>
      </trkpt>
      <trkpt lat="44.839726" lon="5.541194">
        <ele>1642.53</ele>
      </trkpt>
      <trkpt lat="44.839849" lon="5.541907">
        <ele>1639.64</ele>
      </trkpt>
      <trkpt lat="44.839884" lon="5.541972">
        <ele>1640.01</ele>
      </trkpt>
      <trkpt lat="44.839901" lon="5.541956">
        <ele>1640.82</ele>
      </trkpt>
      <trkpt lat="44.839926" lon="5.541999">
        <ele>1641.16</ele>
      </trkpt>
      <trkpt lat="44.839958" lon="5.542015">
        <ele>1641.78</ele>
      </trkpt>
      <trkpt lat="44.839997" lon="5.542097">
        <ele>1642.36</ele>
      </trkpt>
      <trkpt lat="44.840006" lon="5.542159">
        <ele>1642.3</ele>
      </trkpt>
      <trkpt lat="44.839987" lon="5.542174">
        <ele>1641.61</ele>
      </trkpt>
      <trkpt lat="44.839974" lon="5.542203">
        <ele>1641</ele>
      </trkpt>
      <trkpt lat="44.83997" lon="5.542263">
        <ele>1640.53</ele>
      </trkpt>
      <trkpt lat="44.839973" lon="5.542315">
        <ele>1640.42</ele>
      </trkpt>
      <trkpt lat="44.840001" lon="5.542478">
        <ele>1640.9</ele>
      </trkpt>
      <trkpt lat="44.84" lon="5.542518">
        <ele>1640.65</ele>
      </trkpt>
      <trkpt lat="44.83998" lon="5.542644">
        <ele>1639.15</ele>
      </trkpt>
      <trkpt lat="44.839979" lon="5.542921">
        <ele>1639.12</ele>
      </trkpt>
      <trkpt lat="44.839982" lon="5.543104">
        <ele>1640.18</ele>
      </trkpt>
      <trkpt lat="44.839993" lon="5.543184">
        <ele>1641.45</ele>
      </trkpt>
      <trkpt lat="44.83999" lon="5.543203">
        <ele>1641.51</ele>
      </trkpt>
      <trkpt lat="44.839981" lon="5.543222">
        <ele>1641.37</ele>
      </trkpt>
      <trkpt lat="44.83988" lon="5.543282">
        <ele>1638.63</ele>
      </trkpt>
      <trkpt lat="44.839789" lon="5.543266">
        <ele>1636.02</ele>
      </trkpt>
      <trkpt lat="44.839797" lon="5.543227">
        <ele>1635.54</ele>
      </trkpt>
      <trkpt lat="44.839844" lon="5.543167">
        <ele>1635.93</ele>
      </trkpt>
      <trkpt lat="44.839856" lon="5.543128">
        <ele>1635.74</ele>
      </trkpt>
      <trkpt lat="44.839804" lon="5.543017">
        <ele>1632.11</ele>
      </trkpt>
      <trkpt lat="44.839778" lon="5.54289">
        <ele>1629.52</ele>
      </trkpt>
      <trkpt lat="44.839743" lon="5.542768">
        <ele>1627.06</ele>
      </trkpt>
      <trkpt lat="44.839736" lon="5.542768">
        <ele>1626.7</ele>
      </trkpt>
      <trkpt lat="44.839733" lon="5.542789">
        <ele>1626.57</ele>
      </trkpt>
      <trkpt lat="44.839726" lon="5.542931">
        <ele>1627.59</ele>
      </trkpt>
      <trkpt lat="44.839703" lon="5.542989">
        <ele>1627.62</ele>
      </trkpt>
      <trkpt lat="44.839688" lon="5.542981">
        <ele>1626.82</ele>
      </trkpt>
      <trkpt lat="44.839684" lon="5.542934">
        <ele>1626.19</ele>
      </trkpt>
      <trkpt lat="44.839663" lon="5.542707">
        <ele>1623.12</ele>
      </trkpt>
      <trkpt lat="44.839656" lon="5.542697">
        <ele>1622.75</ele>
      </trkpt>
      <trkpt lat="44.839649" lon="5.542702">
        <ele>1622.42</ele>
      </trkpt>
      <trkpt lat="44.839634" lon="5.542813">
        <ele>1622.48</ele>
      </trkpt>
      <trkpt lat="44.839621" lon="5.54283">
        <ele>1622.21</ele>
      </trkpt>
      <trkpt lat="44.839601" lon="5.542773">
        <ele>1620.65</ele>
      </trkpt>
      <trkpt lat="44.839594" lon="5.542692">
        <ele>1619.66</ele>
      </trkpt>
      <trkpt lat="44.839588" lon="5.542685">
        <ele>1619.29</ele>
      </trkpt>
      <trkpt lat="44.839578" lon="5.542694">
        <ele>1618.9</ele>
      </trkpt>
      <trkpt lat="44.839547" lon="5.542761">
        <ele>1618.22</ele>
      </trkpt>
      <trkpt lat="44.839532" lon="5.542866">
        <ele>1619.41</ele>
      </trkpt>
      <trkpt lat="44.839519" lon="5.542897">
        <ele>1619.53</ele>
      </trkpt>
      <trkpt lat="44.839517" lon="5.542825">
        <ele>1618.05</ele>
      </trkpt>
      <trkpt lat="44.839488" lon="5.542709">
        <ele>1614.95</ele>
      </trkpt>
      <trkpt lat="44.839483" lon="5.542659">
        <ele>1613.96</ele>
      </trkpt>
      <trkpt lat="44.839477" lon="5.542658">
        <ele>1613.67</ele>
      </trkpt>
      <trkpt lat="44.839465" lon="5.542698">
        <ele>1613.73</ele>
      </trkpt>
      <trkpt lat="44.839459" lon="5.542829">
        <ele>1615.86</ele>
      </trkpt>
      <trkpt lat="44.839448" lon="5.542852">
        <ele>1615.96</ele>
      </trkpt>
      <trkpt lat="44.839394" lon="5.542822">
        <ele>1613.59</ele>
      </trkpt>
      <trkpt lat="44.839362" lon="5.542815">
        <ele>1612.46</ele>
      </trkpt>
      <trkpt lat="44.839248" lon="5.542811">
        <ele>1609.8</ele>
      </trkpt>
      <trkpt lat="44.83915" lon="5.542843">
        <ele>1609.41</ele>
      </trkpt>
      <trkpt lat="44.839039" lon="5.54279">
        <ele>1605.95</ele>
      </trkpt>
      <trkpt lat="44.838848" lon="5.542754">
        <ele>1603.58</ele>
      </trkpt>
      <trkpt lat="44.838972" lon="5.542691">
        <ele>1601.33</ele>
      </trkpt>
      <trkpt lat="44.839002" lon="5.542637">
        <ele>1599.42</ele>
      </trkpt>
      <trkpt lat="44.838903" lon="5.542641">
        <ele>1598.79</ele>
      </trkpt>
      <trkpt lat="44.838903" lon="5.542607">
        <ele>1597.34</ele>
      </trkpt>
      <trkpt lat="44.838969" lon="5.542523">
        <ele>1594.56</ele>
      </trkpt>
      <trkpt lat="44.838973" lon="5.542511">
        <ele>1594.16</ele>
      </trkpt>
      <trkpt lat="44.838968" lon="5.542504">
        <ele>1593.8</ele>
      </trkpt>
      <trkpt lat="44.838707" lon="5.542459">
        <ele>1589.82</ele>
      </trkpt>
      <trkpt lat="44.838657" lon="5.542438">
        <ele>1588.86</ele>
      </trkpt>
      <trkpt lat="44.838655" lon="5.542418">
        <ele>1587.86</ele>
      </trkpt>
      <trkpt lat="44.838697" lon="5.54241">
        <ele>1587.51</ele>
      </trkpt>
      <trkpt lat="44.838799" lon="5.542411">
        <ele>1587.72</ele>
      </trkpt>
      <trkpt lat="44.838828" lon="5.542384">
        <ele>1586.68</ele>
      </trkpt>
      <trkpt lat="44.838795" lon="5.542368">
        <ele>1585.91</ele>
      </trkpt>
      <trkpt lat="44.83875" lon="5.542364">
        <ele>1585.59</ele>
      </trkpt>
      <trkpt lat="44.838676" lon="5.542308">
        <ele>1582.59</ele>
      </trkpt>
      <trkpt lat="44.838631" lon="5.542296">
        <ele>1581.75</ele>
      </trkpt>
      <trkpt lat="44.838612" lon="5.542264">
        <ele>1580.03</ele>
      </trkpt>
      <trkpt lat="44.838642" lon="5.542253">
        <ele>1579.84</ele>
      </trkpt>
      <trkpt lat="44.838594" lon="5.542186">
        <ele>1576.74</ele>
      </trkpt>
      <trkpt lat="44.838654" lon="5.542187">
        <ele>1577.52</ele>
      </trkpt>
      <trkpt lat="44.838751" lon="5.542212">
        <ele>1579.51</ele>
      </trkpt>
      <trkpt lat="44.838775" lon="5.542186">
        <ele>1578.93</ele>
      </trkpt>
      <trkpt lat="44.838794" lon="5.542111">
        <ele>1576.89</ele>
      </trkpt>
      <trkpt lat="44.838795" lon="5.542064">
        <ele>1575.93</ele>
      </trkpt>
      <trkpt lat="44.838782" lon="5.542022">
        <ele>1574.9</ele>
      </trkpt>
      <trkpt lat="44.838788" lon="5.541942">
        <ele>1573.69</ele>
      </trkpt>
      <trkpt lat="44.838755" lon="5.54183">
        <ele>1571.15</ele>
      </trkpt>
      <trkpt lat="44.83873" lon="5.541793">
        <ele>1569.63</ele>
      </trkpt>
      <trkpt lat="44.838668" lon="5.541574">
        <ele>1565.9</ele>
      </trkpt>
      <trkpt lat="44.83857" lon="5.541447">
        <ele>1561.07</ele>
      </trkpt>
      <trkpt lat="44.838567" lon="5.541504">
        <ele>1560.68</ele>
      </trkpt>
      <trkpt lat="44.838591" lon="5.541567">
        <ele>1561.54</ele>
      </trkpt>
      <trkpt lat="44.838583" lon="5.541615">
        <ele>1561.41</ele>
      </trkpt>
      <trkpt lat="44.838602" lon="5.541708">
        <ele>1563.31</ele>
      </trkpt>
      <trkpt lat="44.838509" lon="5.54161">
        <ele>1558.5</ele>
      </trkpt>
      <trkpt lat="44.838525" lon="5.541713">
        <ele>1560.89</ele>
      </trkpt>
      <trkpt lat="44.838521" lon="5.54175">
        <ele>1561.39</ele>
      </trkpt>
      <trkpt lat="44.838458" lon="5.54178">
        <ele>1560.73</ele>
      </trkpt>
      <trkpt lat="44.838341" lon="5.541743">
        <ele>1557.67</ele>
      </trkpt>
      <trkpt lat="44.83826" lon="5.541748">
        <ele>1556.51</ele>
      </trkpt>
      <trkpt lat="44.83828" lon="5.541715">
        <ele>1555.69</ele>
      </trkpt>
      <trkpt lat="44.838275" lon="5.541708">
        <ele>1555.35</ele>
      </trkpt>
      <trkpt lat="44.838249" lon="5.541716">
        <ele>1555.2</ele>
      </trkpt>
      <trkpt lat="44.838206" lon="5.541704">
        <ele>1554.25</ele>
      </trkpt>
      <trkpt lat="44.838181" lon="5.541613">
        <ele>1550.85</ele>
      </trkpt>
      <trkpt lat="44.838033" lon="5.541495">
        <ele>1545.73</ele>
      </trkpt>
      <trkpt lat="44.837894" lon="5.541398">
        <ele>1540.92</ele>
      </trkpt>
      <trkpt lat="44.837702" lon="5.541419">
        <ele>1542.48</ele>
      </trkpt>
      <trkpt lat="44.837403" lon="5.541226">
        <ele>1533.34</ele>
      </trkpt>
      <trkpt lat="44.837324" lon="5.541224">
        <ele>1532.88</ele>
      </trkpt>
      <trkpt lat="44.837223" lon="5.541373">
        <ele>1541.53</ele>
      </trkpt>
      <trkpt lat="44.836897" lon="5.541234">
        <ele>1530.96</ele>
      </trkpt>
      <trkpt lat="44.836818" lon="5.541229">
        <ele>1529.12</ele>
      </trkpt>
      <trkpt lat="44.836746" lon="5.54117">
        <ele>1524.23</ele>
      </trkpt>
      <trkpt lat="44.836598" lon="5.540987">
        <ele>1511.36</ele>
      </trkpt>
      <trkpt lat="44.836512" lon="5.540929">
        <ele>1506.53</ele>
      </trkpt>
      <trkpt lat="44.836498" lon="5.540868">
        <ele>1503.75</ele>
      </trkpt>
      <trkpt lat="44.836123" lon="5.540849">
        <ele>1489.17</ele>
      </trkpt>
      <trkpt lat="44.836154" lon="5.540787">
        <ele>1488.91</ele>
      </trkpt>
      <trkpt lat="44.836243" lon="5.540553">
        <ele>1485.56</ele>
      </trkpt>
      <trkpt lat="44.836285" lon="5.540475">
        <ele>1483.81</ele>
      </trkpt>
      <trkpt lat="44.836191" lon="5.540482">
        <ele>1482.05</ele>
      </trkpt>
      <trkpt lat="44.836017" lon="5.540545">
        <ele>1478.68</ele>
      </trkpt>
      <trkpt lat="44.835847" lon="5.540729">
        <ele>1476</ele>
      </trkpt>
      <trkpt lat="44.835843" lon="5.540615">
        <ele>1473.2</ele>
      </trkpt>
      <trkpt lat="44.835777" lon="5.540682">
        <ele>1472.05</ele>
      </trkpt>
      <trkpt lat="44.835629" lon="5.540646">
        <ele>1465.03</ele>
      </trkpt>
      <trkpt lat="44.835574" lon="5.540743">
        <ele>1465.13</ele>
      </trkpt>
      <trkpt lat="44.835577" lon="5.540608">
        <ele>1461.71</ele>
      </trkpt>
      <trkpt lat="44.835533" lon="5.540698">
        <ele>1462.28</ele>
      </trkpt>
      <trkpt lat="44.835501" lon="5.540609">
        <ele>1458.4</ele>
      </trkpt>
      <trkpt lat="44.835378" lon="5.5409">
        <ele>1462.35</ele>
      </trkpt>
      <trkpt lat="44.834931" lon="5.541043">
        <ele>1461.06</ele>
      </trkpt>
      <trkpt lat="44.834723" lon="5.540961">
        <ele>1451.55</ele>
      </trkpt>
      <trkpt lat="44.834467" lon="5.540978">
        <ele>1442.32</ele>
      </trkpt>
      <trkpt lat="44.834196" lon="5.541086">
        <ele>1432.05</ele>
      </trkpt>
      <trkpt lat="44.834101" lon="5.541255">
        <ele>1431.98</ele>
      </trkpt>
      <trkpt lat="44.833791" lon="5.541564">
        <ele>1419.49</ele>
      </trkpt>
      <trkpt lat="44.833608" lon="5.54168">
        <ele>1409.9</ele>
      </trkpt>
      <trkpt lat="44.833517" lon="5.541781">
        <ele>1407.91</ele>
      </trkpt>
      <trkpt lat="44.833432" lon="5.541845">
        <ele>1405.09</ele>
      </trkpt>
      <trkpt lat="44.833238" lon="5.541936">
        <ele>1397.66</ele>
      </trkpt>
      <trkpt lat="44.833071" lon="5.542085">
        <ele>1394.54</ele>
      </trkpt>
      <trkpt lat="44.832919" lon="5.542221">
        <ele>1391.69</ele>
      </trkpt>
      <trkpt lat="44.832777" lon="5.542397">
        <ele>1391.73</ele>
      </trkpt>
      <trkpt lat="44.832744" lon="5.542618">
        <ele>1397.95</ele>
      </trkpt>
      <trkpt lat="44.832641" lon="5.542703">
        <ele>1396.69</ele>
      </trkpt>
      <trkpt lat="44.832535" lon="5.542686">
        <ele>1391.6</ele>
      </trkpt>
      <trkpt lat="44.832285" lon="5.542773">
        <ele>1382.82</ele>
      </trkpt>
      <trkpt lat="44.83207" lon="5.542922">
        <ele>1374.06</ele>
      </trkpt>
      <trkpt lat="44.831876" lon="5.543242">
        <ele>1366.05</ele>
      </trkpt>
      <trkpt lat="44.831809" lon="5.54348">
        <ele>1366.93</ele>
      </trkpt>
      <trkpt lat="44.831785" lon="5.543563">
        <ele>1368.8</ele>
      </trkpt>
      <trkpt lat="44.831753" lon="5.543645">
        <ele>1369.98</ele>
      </trkpt>
      <trkpt lat="44.831636" lon="5.543732">
        <ele>1368.3</ele>
      </trkpt>
      <trkpt lat="44.831471" lon="5.543787">
        <ele>1362.57</ele>
      </trkpt>
      <trkpt lat="44.831261" lon="5.543772">
        <ele>1351.7</ele>
      </trkpt>
      <trkpt lat="44.83112" lon="5.543867">
        <ele>1347.79</ele>
      </trkpt>
      <trkpt lat="44.83107" lon="5.543944">
        <ele>1346.32</ele>
      </trkpt>
      <trkpt lat="44.830967" lon="5.544164">
        <ele>1342.44</ele>
      </trkpt>
      <trkpt lat="44.830824" lon="5.544494">
        <ele>1332.13</ele>
      </trkpt>
      <trkpt lat="44.830782" lon="5.544671">
        <ele>1326.41</ele>
      </trkpt>
      <trkpt lat="44.830754" lon="5.544543">
        <ele>1326.7</ele>
      </trkpt>
      <trkpt lat="44.830777" lon="5.544216">
        <ele>1329.33</ele>
      </trkpt>
      <trkpt lat="44.830806" lon="5.543902">
        <ele>1327.58</ele>
      </trkpt>
      <trkpt lat="44.830908" lon="5.543567">
        <ele>1325.26</ele>
      </trkpt>
      <trkpt lat="44.830991" lon="5.543371">
        <ele>1320.74</ele>
      </trkpt>
      <trkpt lat="44.831085" lon="5.543203">
        <ele>1317.92</ele>
      </trkpt>
      <trkpt lat="44.831212" lon="5.543168">
        <ele>1322.74</ele>
      </trkpt>
      <trkpt lat="44.831283" lon="5.543126">
        <ele>1324.94</ele>
      </trkpt>
      <trkpt lat="44.831289" lon="5.543086">
        <ele>1324.61</ele>
      </trkpt>
      <trkpt lat="44.831297" lon="5.543036">
        <ele>1324.19</ele>
      </trkpt>
      <trkpt lat="44.831289" lon="5.542806">
        <ele>1320.79</ele>
      </trkpt>
      <trkpt lat="44.831201" lon="5.542539">
        <ele>1313.4</ele>
      </trkpt>
      <trkpt lat="44.831212" lon="5.542445">
        <ele>1313.56</ele>
      </trkpt>
      <trkpt lat="44.831195" lon="5.542308">
        <ele>1312.4</ele>
      </trkpt>
      <trkpt lat="44.831129" lon="5.542253">
        <ele>1308.17</ele>
      </trkpt>
      <trkpt lat="44.831066" lon="5.542169">
        <ele>1304.55</ele>
      </trkpt>
      <trkpt lat="44.83087" lon="5.541954">
        <ele>1295.22</ele>
      </trkpt>
      <trkpt lat="44.83088" lon="5.541994">
        <ele>1295.28</ele>
      </trkpt>
      <trkpt lat="44.83087" lon="5.541954">
        <ele>1295.22</ele>
      </trkpt>
      <trkpt lat="44.830703" lon="5.541963">
        <ele>1286.1</ele>
      </trkpt>
      <trkpt lat="44.83044" lon="5.541899">
        <ele>1274.14</ele>
      </trkpt>
      <trkpt lat="44.83038" lon="5.541877">
        <ele>1271.76</ele>
      </trkpt>
      <trkpt lat="44.830506" lon="5.542154">
        <ele>1271.36</ele>
      </trkpt>
      <trkpt lat="44.830258" lon="5.541985">
        <ele>1261.65</ele>
      </trkpt>
      <trkpt lat="44.83001" lon="5.541815">
        <ele>1257.15</ele>
      </trkpt>
      <trkpt lat="44.829768" lon="5.54164">
        <ele>1254.87</ele>
      </trkpt>
      <trkpt lat="44.829909" lon="5.541946">
        <ele>1248.7</ele>
      </trkpt>
      <trkpt lat="44.829677" lon="5.541802">
        <ele>1246.24</ele>
      </trkpt>
      <trkpt lat="44.82948" lon="5.541735">
        <ele>1243.63</ele>
      </trkpt>
      <trkpt lat="44.829752" lon="5.542175">
        <ele>1235.86</ele>
      </trkpt>
      <trkpt lat="44.829463" lon="5.542024">
        <ele>1233.24</ele>
      </trkpt>
      <trkpt lat="44.829001" lon="5.541823">
        <ele>1228.29</ele>
      </trkpt>
      <trkpt lat="44.829094" lon="5.54197">
        <ele>1226.03</ele>
      </trkpt>
      <trkpt lat="44.829233" lon="5.542145">
        <ele>1223.64</ele>
      </trkpt>
      <trkpt lat="44.82931" lon="5.542298">
        <ele>1221.1</ele>
      </trkpt>
      <trkpt lat="44.829383" lon="5.542442">
        <ele>1218.69</ele>
      </trkpt>
      <trkpt lat="44.829481" lon="5.542614">
        <ele>1219.12</ele>
      </trkpt>
      <trkpt lat="44.829057" lon="5.542478">
        <ele>1209.84</ele>
      </trkpt>
      <trkpt lat="44.828711" lon="5.542313">
        <ele>1205.17</ele>
      </trkpt>
      <trkpt lat="44.828339" lon="5.54233">
        <ele>1196.64</ele>
      </trkpt>
      <trkpt lat="44.828223" lon="5.542306">
        <ele>1195.27</ele>
      </trkpt>
      <trkpt lat="44.827927" lon="5.542153">
        <ele>1192.29</ele>
      </trkpt>
      <trkpt lat="44.827846" lon="5.542052">
        <ele>1192.73</ele>
      </trkpt>
      <trkpt lat="44.827698" lon="5.542025">
        <ele>1190.36</ele>
      </trkpt>
      <trkpt lat="44.827516" lon="5.542675">
        <ele>1180.45</ele>
      </trkpt>
      <trkpt lat="44.827464" lon="5.542814">
        <ele>1178.5</ele>
      </trkpt>
      <trkpt lat="44.827145" lon="5.543208">
        <ele>1171.31</ele>
      </trkpt>
      <trkpt lat="44.82669" lon="5.543669">
        <ele>1164.29</ele>
      </trkpt>
      <trkpt lat="44.82625" lon="5.544057">
        <ele>1158.1</ele>
      </trkpt>
      <trkpt lat="44.826204" lon="5.544128">
        <ele>1156.9</ele>
      </trkpt>
      <trkpt lat="44.825959" lon="5.544705">
        <ele>1148.16</ele>
      </trkpt>
      <trkpt lat="44.825895" lon="5.544854">
        <ele>1145.89</ele>
      </trkpt>
      <trkpt lat="44.825643" lon="5.545357">
        <ele>1138.1</ele>
      </trkpt>
      <trkpt lat="44.825476" lon="5.545671">
        <ele>1134.09</ele>
      </trkpt>
      <trkpt lat="44.825369" lon="5.545781">
        <ele>1132.03</ele>
      </trkpt>
      <trkpt lat="44.825264" lon="5.545839">
        <ele>1130.6</ele>
      </trkpt>
      <trkpt lat="44.825172" lon="5.545872">
        <ele>1129.25</ele>
      </trkpt>
      <trkpt lat="44.825104" lon="5.545958">
        <ele>1127.21</ele>
      </trkpt>
      <trkpt lat="44.825003" lon="5.546159">
        <ele>1121</ele>
      </trkpt>
      <trkpt lat="44.824942" lon="5.546202">
        <ele>1118.99</ele>
      </trkpt>
      <trkpt lat="44.824868" lon="5.546202">
        <ele>1117.85</ele>
      </trkpt>
      <trkpt lat="44.824783" lon="5.546157">
        <ele>1118.03</ele>
      </trkpt>
      <trkpt lat="44.824698" lon="5.546041">
        <ele>1119.92</ele>
      </trkpt>
      <trkpt lat="44.824564" lon="5.545856">
        <ele>1122.93</ele>
      </trkpt>
      <trkpt lat="44.824427" lon="5.545719">
        <ele>1123.42</ele>
      </trkpt>
      <trkpt lat="44.824339" lon="5.545666">
        <ele>1121.29</ele>
      </trkpt>
      <trkpt lat="44.824225" lon="5.545597">
        <ele>1118.7</ele>
      </trkpt>
      <trkpt lat="44.824148" lon="5.545509">
        <ele>1117.61</ele>
      </trkpt>
      <trkpt lat="44.824106" lon="5.545408">
        <ele>1117.87</ele>
      </trkpt>
      <trkpt lat="44.824025" lon="5.545097">
        <ele>1118.68</ele>
      </trkpt>
      <trkpt lat="44.823882" lon="5.544607">
        <ele>1116.15</ele>
      </trkpt>
      <trkpt lat="44.823826" lon="5.5443">
        <ele>1116.28</ele>
      </trkpt>
      <trkpt lat="44.823691" lon="5.544043">
        <ele>1111.04</ele>
      </trkpt>
      <trkpt lat="44.823607" lon="5.543828">
        <ele>1108.42</ele>
      </trkpt>
      <trkpt lat="44.823441" lon="5.543236">
        <ele>1104.9</ele>
      </trkpt>
      <trkpt lat="44.82339" lon="5.543026">
        <ele>1104.03</ele>
      </trkpt>
      <trkpt lat="44.823262" lon="5.542611">
        <ele>1102.43</ele>
      </trkpt>
      <trkpt lat="44.823162" lon="5.542458">
        <ele>1100.14</ele>
      </trkpt>
      <trkpt lat="44.822835" lon="5.541834">
        <ele>1098.07</ele>
      </trkpt>
      <trkpt lat="44.822777" lon="5.541723">
        <ele>1097.7</ele>
      </trkpt>
      <trkpt lat="44.822589" lon="5.541447">
        <ele>1095.55</ele>
      </trkpt>
      <trkpt lat="44.822503" lon="5.541286">
        <ele>1095.04</ele>
      </trkpt>
      <trkpt lat="44.822446" lon="5.541283">
        <ele>1093.04</ele>
      </trkpt>
      <trkpt lat="44.822401" lon="5.541331">
        <ele>1090.7</ele>
      </trkpt>
      <trkpt lat="44.822389" lon="5.54143">
        <ele>1088.59</ele>
      </trkpt>
      <trkpt lat="44.822546" lon="5.542152">
        <ele>1080.62</ele>
      </trkpt>
      <trkpt lat="44.822637" lon="5.542664">
        <ele>1076.29</ele>
      </trkpt>
      <trkpt lat="44.822713" lon="5.543348">
        <ele>1073.43</ele>
      </trkpt>
      <trkpt lat="44.822743" lon="5.543719">
        <ele>1072.56</ele>
      </trkpt>
      <trkpt lat="44.822769" lon="5.544027">
        <ele>1071.84</ele>
      </trkpt>
      <trkpt lat="44.822769" lon="5.544169">
        <ele>1071.01</ele>
      </trkpt>
      <trkpt lat="44.822655" lon="5.544803">
        <ele>1064.1</ele>
      </trkpt>
      <trkpt lat="44.822645" lon="5.545037">
        <ele>1062.58</ele>
      </trkpt>
      <trkpt lat="44.822623" lon="5.545146">
        <ele>1061.59</ele>
      </trkpt>
      <trkpt lat="44.822587" lon="5.54568">
        <ele>1057.9</ele>
      </trkpt>
      <trkpt lat="44.822468" lon="5.546358">
        <ele>1054.89</ele>
      </trkpt>
      <trkpt lat="44.822445" lon="5.546626">
        <ele>1054.47</ele>
      </trkpt>
      <trkpt lat="44.822477" lon="5.547317">
        <ele>1053.95</ele>
      </trkpt>
      <trkpt lat="44.822482" lon="5.547426">
        <ele>1054</ele>
      </trkpt>
      <trkpt lat="44.82253" lon="5.54766">
        <ele>1053.78</ele>
      </trkpt>
      <trkpt lat="44.822558" lon="5.547722">
        <ele>1054.24</ele>
      </trkpt>
      <trkpt lat="44.822589" lon="5.547946">
        <ele>1053.75</ele>
      </trkpt>
      <trkpt lat="44.822562" lon="5.548069">
        <ele>1052.6</ele>
      </trkpt>
      <trkpt lat="44.822497" lon="5.548279">
        <ele>1049.36</ele>
      </trkpt>
      <trkpt lat="44.822469" lon="5.548412">
        <ele>1048.1</ele>
      </trkpt>
      <trkpt lat="44.822483" lon="5.548521">
        <ele>1047.33</ele>
      </trkpt>
      <trkpt lat="44.822537" lon="5.548671">
        <ele>1046.46</ele>
      </trkpt>
      <trkpt lat="44.822557" lon="5.548783">
        <ele>1045.48</ele>
      </trkpt>
      <trkpt lat="44.82254" lon="5.548918">
        <ele>1043.64</ele>
      </trkpt>
    </trkseg>
  </trk>
</gpx>
