<?xml version="1.0" encoding="UTF-8"?>
<gpx creator="https://gpx.studio" version="1.1" xmlns="http://www.topografix.com/GPX/1/1" xmlns:xsi="http://www.w3.org/2001/XMLSchema-instance" xsi:schemaLocation="http://www.topografix.com/GPX/1/1 http://www.topografix.com/GPX/1/1/gpx.xsd http://www.garmin.com/xmlschemas/GpxExtensions/v3 http://www.garmin.com/xmlschemas/GpxExtensionsv3.xsd http://www.garmin.com/xmlschemas/TrackPointExtension/v1 http://www.garmin.com/xmlschemas/TrackPointExtensionv1.xsd http://www.garmin.com/xmlschemas/PowerExtension/v1 http://www.garmin.com/xmlschemas/PowerExtensionv1.xsd http://www.topografix.com/GPX/gpx_style/0/2 http://www.topografix.com/GPX/gpx_style/0/2/gpx_style.xsd" xmlns:gpxtpx="http://www.garmin.com/xmlschemas/TrackPointExtension/v1" xmlns:gpxx="http://www.garmin.com/xmlschemas/GpxExtensions/v3" xmlns:gpxpx="http://www.garmin.com/xmlschemas/PowerExtension/v1" xmlns:gpx_style="http://www.topografix.com/GPX/gpx_style/0/2">
  <metadata>
    <name>Boucle des Alpilles</name>
    <desc>Boucle au départ des Baux-de-Provence passant par Eygalières et St-Rémy-de-Provence </desc>
    <author>
      <name>gpx.studio</name>
      <link href="https://gpx.studio"/>
    </author>
  </metadata>
  <trk>
    <name>Boucle des Alpilles</name>
    <trkseg>
      <trkpt lat="43.749596" lon="4.796329">
        <ele>173.05</ele>
      </trkpt>
      <trkpt lat="43.749741" lon="4.796451">
        <ele>171.77</ele>
      </trkpt>
      <trkpt lat="43.749816" lon="4.796574">
        <ele>171.3</ele>
      </trkpt>
      <trkpt lat="43.749909" lon="4.796502">
        <ele>172.28</ele>
      </trkpt>
      <trkpt lat="43.749944" lon="4.796592">
        <ele>172.51</ele>
      </trkpt>
      <trkpt lat="43.749958" lon="4.796705">
        <ele>173.22</ele>
      </trkpt>
      <trkpt lat="43.749954" lon="4.796809">
        <ele>174.09</ele>
      </trkpt>
      <trkpt lat="43.74993" lon="4.796939">
        <ele>175.09</ele>
      </trkpt>
      <trkpt lat="43.749872" lon="4.797077">
        <ele>176.11</ele>
      </trkpt>
      <trkpt lat="43.74994" lon="4.79714">
        <ele>176.93</ele>
      </trkpt>
      <trkpt lat="43.750049" lon="4.797206">
        <ele>177.74</ele>
      </trkpt>
      <trkpt lat="43.750194" lon="4.797236">
        <ele>178.23</ele>
      </trkpt>
      <trkpt lat="43.750268" lon="4.797227">
        <ele>178.32</ele>
      </trkpt>
      <trkpt lat="43.750344" lon="4.797199">
        <ele>178.36</ele>
      </trkpt>
      <trkpt lat="43.750423" lon="4.797143">
        <ele>178.4</ele>
      </trkpt>
      <trkpt lat="43.750462" lon="4.797096">
        <ele>178.42</ele>
      </trkpt>
      <trkpt lat="43.750496" lon="4.797032">
        <ele>178.43</ele>
      </trkpt>
      <trkpt lat="43.750668" lon="4.797254">
        <ele>180.4</ele>
      </trkpt>
      <trkpt lat="43.750856" lon="4.797496">
        <ele>183.97</ele>
      </trkpt>
      <trkpt lat="43.751131" lon="4.797923">
        <ele>191.02</ele>
      </trkpt>
      <trkpt lat="43.751437" lon="4.798316">
        <ele>194.13</ele>
      </trkpt>
      <trkpt lat="43.751565" lon="4.798388">
        <ele>198.52</ele>
      </trkpt>
      <trkpt lat="43.751691" lon="4.798425">
        <ele>202.56</ele>
      </trkpt>
      <trkpt lat="43.751756" lon="4.79842">
        <ele>204.44</ele>
      </trkpt>
      <trkpt lat="43.751956" lon="4.798356">
        <ele>210.51</ele>
      </trkpt>
      <trkpt lat="43.752096" lon="4.798325">
        <ele>215.19</ele>
      </trkpt>
      <trkpt lat="43.752525" lon="4.798349">
        <ele>225.28</ele>
      </trkpt>
      <trkpt lat="43.752611" lon="4.79838">
        <ele>226.19</ele>
      </trkpt>
      <trkpt lat="43.752723" lon="4.798442">
        <ele>226.82</ele>
      </trkpt>
      <trkpt lat="43.752783" lon="4.798503">
        <ele>226.51</ele>
      </trkpt>
      <trkpt lat="43.752828" lon="4.798564">
        <ele>225.89</ele>
      </trkpt>
      <trkpt lat="43.752865" lon="4.798637">
        <ele>224.83</ele>
      </trkpt>
      <trkpt lat="43.752899" lon="4.798909">
        <ele>219.15</ele>
      </trkpt>
      <trkpt lat="43.752942" lon="4.799077">
        <ele>215.75</ele>
      </trkpt>
      <trkpt lat="43.753005" lon="4.799179">
        <ele>215.78</ele>
      </trkpt>
      <trkpt lat="43.753083" lon="4.799245">
        <ele>217.45</ele>
      </trkpt>
      <trkpt lat="43.753425" lon="4.799296">
        <ele>224.39</ele>
      </trkpt>
      <trkpt lat="43.753567" lon="4.799327">
        <ele>227.28</ele>
      </trkpt>
      <trkpt lat="43.75374" lon="4.799438">
        <ele>230.38</ele>
      </trkpt>
      <trkpt lat="43.753861" lon="4.799569">
        <ele>231.69</ele>
      </trkpt>
      <trkpt lat="43.753841" lon="4.799601">
        <ele>231.31</ele>
      </trkpt>
      <trkpt lat="43.753806" lon="4.799605">
        <ele>230.9</ele>
      </trkpt>
      <trkpt lat="43.753658" lon="4.79952">
        <ele>229.18</ele>
      </trkpt>
      <trkpt lat="43.753563" lon="4.799514">
        <ele>227.88</ele>
      </trkpt>
      <trkpt lat="43.753259" lon="4.799571">
        <ele>224.46</ele>
      </trkpt>
      <trkpt lat="43.753104" lon="4.79959">
        <ele>223.08</ele>
      </trkpt>
      <trkpt lat="43.75303" lon="4.799673">
        <ele>224.36</ele>
      </trkpt>
      <trkpt lat="43.752999" lon="4.799729">
        <ele>225.32</ele>
      </trkpt>
      <trkpt lat="43.752977" lon="4.799797">
        <ele>226.53</ele>
      </trkpt>
      <trkpt lat="43.752941" lon="4.799965">
        <ele>229.64</ele>
      </trkpt>
      <trkpt lat="43.752926" lon="4.800323">
        <ele>237.04</ele>
      </trkpt>
      <trkpt lat="43.752895" lon="4.800378">
        <ele>238.51</ele>
      </trkpt>
      <trkpt lat="43.752844" lon="4.800415">
        <ele>239.92</ele>
      </trkpt>
      <trkpt lat="43.752768" lon="4.800417">
        <ele>240.86</ele>
      </trkpt>
      <trkpt lat="43.752706" lon="4.80041">
        <ele>241.43</ele>
      </trkpt>
      <trkpt lat="43.752657" lon="4.800379">
        <ele>241.24</ele>
      </trkpt>
      <trkpt lat="43.752618" lon="4.800305">
        <ele>239.73</ele>
      </trkpt>
      <trkpt lat="43.752577" lon="4.800117">
        <ele>235.04</ele>
      </trkpt>
      <trkpt lat="43.752526" lon="4.799786">
        <ele>226.79</ele>
      </trkpt>
      <trkpt lat="43.752485" lon="4.799402">
        <ele>217.3</ele>
      </trkpt>
      <trkpt lat="43.752465" lon="4.799316">
        <ele>215.04</ele>
      </trkpt>
      <trkpt lat="43.752423" lon="4.799263">
        <ele>213.44</ele>
      </trkpt>
      <trkpt lat="43.752369" lon="4.799235">
        <ele>212.35</ele>
      </trkpt>
      <trkpt lat="43.752306" lon="4.799239">
        <ele>212.02</ele>
      </trkpt>
      <trkpt lat="43.752103" lon="4.799341">
        <ele>214.29</ele>
      </trkpt>
      <trkpt lat="43.751995" lon="4.799355">
        <ele>214.42</ele>
      </trkpt>
      <trkpt lat="43.751851" lon="4.799408">
        <ele>215.7</ele>
      </trkpt>
      <trkpt lat="43.751554" lon="4.79963">
        <ele>222.17</ele>
      </trkpt>
      <trkpt lat="43.751358" lon="4.799728">
        <ele>226.52</ele>
      </trkpt>
      <trkpt lat="43.751276" lon="4.799732">
        <ele>227.67</ele>
      </trkpt>
      <trkpt lat="43.751185" lon="4.799682">
        <ele>227.17</ele>
      </trkpt>
      <trkpt lat="43.751096" lon="4.799634">
        <ele>226.67</ele>
      </trkpt>
      <trkpt lat="43.751049" lon="4.79965">
        <ele>227.76</ele>
      </trkpt>
      <trkpt lat="43.750941" lon="4.799743">
        <ele>232.24</ele>
      </trkpt>
      <trkpt lat="43.750714" lon="4.799962">
        <ele>242.67</ele>
      </trkpt>
      <trkpt lat="43.750569" lon="4.800054">
        <ele>246.43</ele>
      </trkpt>
      <trkpt lat="43.750574" lon="4.8001">
        <ele>247.24</ele>
      </trkpt>
      <trkpt lat="43.750615" lon="4.80013">
        <ele>247.26</ele>
      </trkpt>
      <trkpt lat="43.751241" lon="4.80038">
        <ele>245.64</ele>
      </trkpt>
      <trkpt lat="43.751301" lon="4.800425">
        <ele>246.1</ele>
      </trkpt>
      <trkpt lat="43.751738" lon="4.800962">
        <ele>255.03</ele>
      </trkpt>
      <trkpt lat="43.752088" lon="4.801652">
        <ele>261.49</ele>
      </trkpt>
      <trkpt lat="43.752269" lon="4.802241">
        <ele>263.97</ele>
      </trkpt>
      <trkpt lat="43.752293" lon="4.802557">
        <ele>262.61</ele>
      </trkpt>
      <trkpt lat="43.752275" lon="4.802802">
        <ele>258.11</ele>
      </trkpt>
      <trkpt lat="43.752276" lon="4.803012">
        <ele>254.85</ele>
      </trkpt>
      <trkpt lat="43.752324" lon="4.803065">
        <ele>255.53</ele>
      </trkpt>
      <trkpt lat="43.752421" lon="4.80312">
        <ele>257.53</ele>
      </trkpt>
      <trkpt lat="43.752568" lon="4.803078">
        <ele>262.06</ele>
      </trkpt>
      <trkpt lat="43.752805" lon="4.802868">
        <ele>268.91</ele>
      </trkpt>
      <trkpt lat="43.753068" lon="4.802677">
        <ele>273.55</ele>
      </trkpt>
      <trkpt lat="43.753286" lon="4.802574">
        <ele>274.37</ele>
      </trkpt>
      <trkpt lat="43.753565" lon="4.802493">
        <ele>274.78</ele>
      </trkpt>
      <trkpt lat="43.753674" lon="4.802449">
        <ele>274.54</ele>
      </trkpt>
      <trkpt lat="43.754096" lon="4.802135">
        <ele>268.59</ele>
      </trkpt>
      <trkpt lat="43.754208" lon="4.802101">
        <ele>268.24</ele>
      </trkpt>
      <trkpt lat="43.754283" lon="4.802108">
        <ele>268.71</ele>
      </trkpt>
      <trkpt lat="43.754365" lon="4.802141">
        <ele>269.83</ele>
      </trkpt>
      <trkpt lat="43.754657" lon="4.80229">
        <ele>274.45</ele>
      </trkpt>
      <trkpt lat="43.754768" lon="4.802305">
        <ele>275.21</ele>
      </trkpt>
      <trkpt lat="43.754898" lon="4.802267">
        <ele>274.73</ele>
      </trkpt>
      <trkpt lat="43.755117" lon="4.802094">
        <ele>272.24</ele>
      </trkpt>
      <trkpt lat="43.755163" lon="4.802001">
        <ele>270.85</ele>
      </trkpt>
      <trkpt lat="43.755203" lon="4.801869">
        <ele>268.9</ele>
      </trkpt>
      <trkpt lat="43.755222" lon="4.801659">
        <ele>265.57</ele>
      </trkpt>
      <trkpt lat="43.755221" lon="4.80147">
        <ele>263.31</ele>
      </trkpt>
      <trkpt lat="43.75534" lon="4.801185">
        <ele>262.22</ele>
      </trkpt>
      <trkpt lat="43.755438" lon="4.800894">
        <ele>261.49</ele>
      </trkpt>
      <trkpt lat="43.755485" lon="4.800724">
        <ele>260.98</ele>
      </trkpt>
      <trkpt lat="43.755538" lon="4.80044">
        <ele>259.08</ele>
      </trkpt>
      <trkpt lat="43.75558" lon="4.800073">
        <ele>255.65</ele>
      </trkpt>
      <trkpt lat="43.755633" lon="4.799973">
        <ele>255.17</ele>
      </trkpt>
      <trkpt lat="43.755715" lon="4.799871">
        <ele>257.34</ele>
      </trkpt>
      <trkpt lat="43.755869" lon="4.799714">
        <ele>260.83</ele>
      </trkpt>
      <trkpt lat="43.756155" lon="4.799452">
        <ele>265.66</ele>
      </trkpt>
      <trkpt lat="43.756011" lon="4.80029">
        <ele>263.17</ele>
      </trkpt>
      <trkpt lat="43.755995" lon="4.800583">
        <ele>265.42</ele>
      </trkpt>
      <trkpt lat="43.755964" lon="4.800668">
        <ele>265.89</ele>
      </trkpt>
      <trkpt lat="43.755763" lon="4.800955">
        <ele>266.38</ele>
      </trkpt>
      <trkpt lat="43.755696" lon="4.801106">
        <ele>266.88</ele>
      </trkpt>
      <trkpt lat="43.755678" lon="4.801254">
        <ele>267.62</ele>
      </trkpt>
      <trkpt lat="43.755685" lon="4.801427">
        <ele>268.46</ele>
      </trkpt>
      <trkpt lat="43.75571" lon="4.801557">
        <ele>268.94</ele>
      </trkpt>
      <trkpt lat="43.755766" lon="4.801675">
        <ele>269.19</ele>
      </trkpt>
      <trkpt lat="43.756114" lon="4.802033">
        <ele>267.4</ele>
      </trkpt>
      <trkpt lat="43.756165" lon="4.80211">
        <ele>266.92</ele>
      </trkpt>
      <trkpt lat="43.756179" lon="4.80216">
        <ele>266.84</ele>
      </trkpt>
      <trkpt lat="43.756175" lon="4.802213">
        <ele>267.07</ele>
      </trkpt>
      <trkpt lat="43.756153" lon="4.802273">
        <ele>267.62</ele>
      </trkpt>
      <trkpt lat="43.756124" lon="4.80231">
        <ele>268.28</ele>
      </trkpt>
      <trkpt lat="43.755734" lon="4.80256">
        <ele>276.62</ele>
      </trkpt>
      <trkpt lat="43.755551" lon="4.802717">
        <ele>278.73</ele>
      </trkpt>
      <trkpt lat="43.755369" lon="4.802835">
        <ele>278.69</ele>
      </trkpt>
      <trkpt lat="43.7553" lon="4.802909">
        <ele>278.68</ele>
      </trkpt>
      <trkpt lat="43.755252" lon="4.802986">
        <ele>278.66</ele>
      </trkpt>
      <trkpt lat="43.755172" lon="4.803185">
        <ele>278.61</ele>
      </trkpt>
      <trkpt lat="43.754962" lon="4.803466">
        <ele>274.19</ele>
      </trkpt>
      <trkpt lat="43.754884" lon="4.803628">
        <ele>269.64</ele>
      </trkpt>
      <trkpt lat="43.754834" lon="4.803807">
        <ele>264.49</ele>
      </trkpt>
      <trkpt lat="43.754817" lon="4.80397">
        <ele>259.8</ele>
      </trkpt>
      <trkpt lat="43.75482" lon="4.804042">
        <ele>257.73</ele>
      </trkpt>
      <trkpt lat="43.754857" lon="4.80413">
        <ele>255.36</ele>
      </trkpt>
      <trkpt lat="43.754883" lon="4.804146">
        <ele>255.04</ele>
      </trkpt>
      <trkpt lat="43.754916" lon="4.804149">
        <ele>255.12</ele>
      </trkpt>
      <trkpt lat="43.755354" lon="4.804063">
        <ele>258.84</ele>
      </trkpt>
      <trkpt lat="43.755717" lon="4.804059">
        <ele>257.41</ele>
      </trkpt>
      <trkpt lat="43.755863" lon="4.804091">
        <ele>252.78</ele>
      </trkpt>
      <trkpt lat="43.755908" lon="4.804117">
        <ele>250.95</ele>
      </trkpt>
      <trkpt lat="43.755956" lon="4.804177">
        <ele>249.24</ele>
      </trkpt>
      <trkpt lat="43.756079" lon="4.804377">
        <ele>246.54</ele>
      </trkpt>
      <trkpt lat="43.756233" lon="4.804528">
        <ele>244.18</ele>
      </trkpt>
      <trkpt lat="43.756287" lon="4.8046">
        <ele>243.74</ele>
      </trkpt>
      <trkpt lat="43.756332" lon="4.804718">
        <ele>243.96</ele>
      </trkpt>
      <trkpt lat="43.756297" lon="4.804855">
        <ele>245.38</ele>
      </trkpt>
      <trkpt lat="43.756301" lon="4.805038">
        <ele>246.44</ele>
      </trkpt>
      <trkpt lat="43.756245" lon="4.805245">
        <ele>247.7</ele>
      </trkpt>
      <trkpt lat="43.756168" lon="4.805466">
        <ele>249.07</ele>
      </trkpt>
      <trkpt lat="43.756091" lon="4.805737">
        <ele>250.53</ele>
      </trkpt>
      <trkpt lat="43.75608" lon="4.806002">
        <ele>248.03</ele>
      </trkpt>
      <trkpt lat="43.756065" lon="4.806073">
        <ele>247.06</ele>
      </trkpt>
      <trkpt lat="43.756035" lon="4.80613">
        <ele>246.27</ele>
      </trkpt>
      <trkpt lat="43.755966" lon="4.806171">
        <ele>245.63</ele>
      </trkpt>
      <trkpt lat="43.755629" lon="4.806301">
        <ele>242.81</ele>
      </trkpt>
      <trkpt lat="43.755551" lon="4.806374">
        <ele>240.61</ele>
      </trkpt>
      <trkpt lat="43.755324" lon="4.806719">
        <ele>233.09</ele>
      </trkpt>
      <trkpt lat="43.755278" lon="4.8068">
        <ele>231.38</ele>
      </trkpt>
      <trkpt lat="43.755268" lon="4.806875">
        <ele>229.95</ele>
      </trkpt>
      <trkpt lat="43.755285" lon="4.806922">
        <ele>229.28</ele>
      </trkpt>
      <trkpt lat="43.755445" lon="4.807147">
        <ele>227.72</ele>
      </trkpt>
      <trkpt lat="43.755568" lon="4.807499">
        <ele>225.7</ele>
      </trkpt>
      <trkpt lat="43.755621" lon="4.807568">
        <ele>226.66</ele>
      </trkpt>
      <trkpt lat="43.755658" lon="4.807676">
        <ele>227.52</ele>
      </trkpt>
      <trkpt lat="43.755662" lon="4.807743">
        <ele>227.46</ele>
      </trkpt>
      <trkpt lat="43.755602" lon="4.807998">
        <ele>225.43</ele>
      </trkpt>
      <trkpt lat="43.755601" lon="4.808061">
        <ele>225.29</ele>
      </trkpt>
      <trkpt lat="43.755681" lon="4.808518">
        <ele>229.71</ele>
      </trkpt>
      <trkpt lat="43.755682" lon="4.808623">
        <ele>231.17</ele>
      </trkpt>
      <trkpt lat="43.755631" lon="4.808775">
        <ele>232.46</ele>
      </trkpt>
      <trkpt lat="43.755577" lon="4.808967">
        <ele>236.01</ele>
      </trkpt>
      <trkpt lat="43.755646" lon="4.809226">
        <ele>240.84</ele>
      </trkpt>
      <trkpt lat="43.755835" lon="4.809805">
        <ele>255.21</ele>
      </trkpt>
      <trkpt lat="43.755824" lon="4.810231">
        <ele>263.11</ele>
      </trkpt>
      <trkpt lat="43.755863" lon="4.810588">
        <ele>267.22</ele>
      </trkpt>
      <trkpt lat="43.755959" lon="4.810814">
        <ele>267.38</ele>
      </trkpt>
      <trkpt lat="43.756107" lon="4.8112">
        <ele>264.02</ele>
      </trkpt>
      <trkpt lat="43.756103" lon="4.811468">
        <ele>264.65</ele>
      </trkpt>
      <trkpt lat="43.756126" lon="4.81165">
        <ele>264.9</ele>
      </trkpt>
      <trkpt lat="43.756255" lon="4.812213">
        <ele>268.96</ele>
      </trkpt>
      <trkpt lat="43.756215" lon="4.812245">
        <ele>269.1</ele>
      </trkpt>
      <trkpt lat="43.756155" lon="4.812258">
        <ele>268.95</ele>
      </trkpt>
      <trkpt lat="43.756002" lon="4.81219">
        <ele>268.12</ele>
      </trkpt>
      <trkpt lat="43.755948" lon="4.812166">
        <ele>267.83</ele>
      </trkpt>
      <trkpt lat="43.755818" lon="4.812163">
        <ele>267.53</ele>
      </trkpt>
      <trkpt lat="43.755728" lon="4.812205">
        <ele>267.26</ele>
      </trkpt>
      <trkpt lat="43.755698" lon="4.812281">
        <ele>267.01</ele>
      </trkpt>
      <trkpt lat="43.755689" lon="4.812363">
        <ele>266.78</ele>
      </trkpt>
      <trkpt lat="43.755963" lon="4.812505">
        <ele>269.14</ele>
      </trkpt>
      <trkpt lat="43.756095" lon="4.812542">
        <ele>270.56</ele>
      </trkpt>
      <trkpt lat="43.756168" lon="4.81261">
        <ele>271.73</ele>
      </trkpt>
      <trkpt lat="43.756426" lon="4.812683">
        <ele>274.52</ele>
      </trkpt>
      <trkpt lat="43.756648" lon="4.812688">
        <ele>277.29</ele>
      </trkpt>
      <trkpt lat="43.756753" lon="4.812648">
        <ele>278.21</ele>
      </trkpt>
      <trkpt lat="43.756845" lon="4.812664">
        <ele>279.56</ele>
      </trkpt>
      <trkpt lat="43.756863" lon="4.812606">
        <ele>279.06</ele>
      </trkpt>
      <trkpt lat="43.75684" lon="4.81271">
        <ele>280.06</ele>
      </trkpt>
      <trkpt lat="43.756912" lon="4.812848">
        <ele>282.81</ele>
      </trkpt>
      <trkpt lat="43.757075" lon="4.81308">
        <ele>288.57</ele>
      </trkpt>
      <trkpt lat="43.757187" lon="4.813199">
        <ele>292.34</ele>
      </trkpt>
      <trkpt lat="43.757358" lon="4.813304">
        <ele>295.83</ele>
      </trkpt>
      <trkpt lat="43.757402" lon="4.813411">
        <ele>295.09</ele>
      </trkpt>
      <trkpt lat="43.757402" lon="4.813492">
        <ele>294.61</ele>
      </trkpt>
      <trkpt lat="43.757402" lon="4.81365">
        <ele>293.67</ele>
      </trkpt>
      <trkpt lat="43.757387" lon="4.813789">
        <ele>292.8</ele>
      </trkpt>
      <trkpt lat="43.757397" lon="4.81388">
        <ele>292.28</ele>
      </trkpt>
      <trkpt lat="43.75735" lon="4.813992">
        <ele>291.35</ele>
      </trkpt>
      <trkpt lat="43.757338" lon="4.814077">
        <ele>290.72</ele>
      </trkpt>
      <trkpt lat="43.757358" lon="4.814225">
        <ele>288.79</ele>
      </trkpt>
      <trkpt lat="43.757435" lon="4.814524">
        <ele>283.96</ele>
      </trkpt>
      <trkpt lat="43.75744" lon="4.814594">
        <ele>282.75</ele>
      </trkpt>
      <trkpt lat="43.757422" lon="4.814701">
        <ele>280.6</ele>
      </trkpt>
      <trkpt lat="43.757247" lon="4.814923">
        <ele>273.78</ele>
      </trkpt>
      <trkpt lat="43.757201" lon="4.814981">
        <ele>271.99</ele>
      </trkpt>
      <trkpt lat="43.757135" lon="4.815089">
        <ele>270.39</ele>
      </trkpt>
      <trkpt lat="43.757072" lon="4.815214">
        <ele>268.88</ele>
      </trkpt>
      <trkpt lat="43.757162" lon="4.815324">
        <ele>270.52</ele>
      </trkpt>
      <trkpt lat="43.757221" lon="4.815363">
        <ele>271.63</ele>
      </trkpt>
      <trkpt lat="43.757328" lon="4.815394">
        <ele>273.35</ele>
      </trkpt>
      <trkpt lat="43.757451" lon="4.815451">
        <ele>274.49</ele>
      </trkpt>
      <trkpt lat="43.757511" lon="4.815498">
        <ele>274.94</ele>
      </trkpt>
      <trkpt lat="43.757542" lon="4.81556">
        <ele>275.02</ele>
      </trkpt>
      <trkpt lat="43.757541" lon="4.81574">
        <ele>274.32</ele>
      </trkpt>
      <trkpt lat="43.757553" lon="4.815846">
        <ele>274.71</ele>
      </trkpt>
      <trkpt lat="43.757585" lon="4.81591">
        <ele>275.72</ele>
      </trkpt>
      <trkpt lat="43.757667" lon="4.815991">
        <ele>277.25</ele>
      </trkpt>
      <trkpt lat="43.757697" lon="4.816008">
        <ele>277.61</ele>
      </trkpt>
      <trkpt lat="43.757832" lon="4.816082">
        <ele>279.25</ele>
      </trkpt>
      <trkpt lat="43.757896" lon="4.816153">
        <ele>280.28</ele>
      </trkpt>
      <trkpt lat="43.757921" lon="4.816195">
        <ele>280.8</ele>
      </trkpt>
      <trkpt lat="43.757935" lon="4.816253">
        <ele>281.38</ele>
      </trkpt>
      <trkpt lat="43.75794" lon="4.816362">
        <ele>282.37</ele>
      </trkpt>
      <trkpt lat="43.757935" lon="4.816466">
        <ele>283.27</ele>
      </trkpt>
      <trkpt lat="43.757893" lon="4.816605">
        <ele>284.43</ele>
      </trkpt>
      <trkpt lat="43.757822" lon="4.816702">
        <ele>284.96</ele>
      </trkpt>
      <trkpt lat="43.757678" lon="4.816855">
        <ele>285.67</ele>
      </trkpt>
      <trkpt lat="43.757499" lon="4.817012">
        <ele>286.61</ele>
      </trkpt>
      <trkpt lat="43.757414" lon="4.817109">
        <ele>287.3</ele>
      </trkpt>
      <trkpt lat="43.75718" lon="4.817601">
        <ele>287.27</ele>
      </trkpt>
      <trkpt lat="43.757111" lon="4.817808">
        <ele>283.73</ele>
      </trkpt>
      <trkpt lat="43.757044" lon="4.817976">
        <ele>280.73</ele>
      </trkpt>
      <trkpt lat="43.7568" lon="4.818324">
        <ele>273.86</ele>
      </trkpt>
      <trkpt lat="43.7566" lon="4.818646">
        <ele>271.44</ele>
      </trkpt>
      <trkpt lat="43.756504" lon="4.818813">
        <ele>269.77</ele>
      </trkpt>
      <trkpt lat="43.756495" lon="4.818868">
        <ele>269.47</ele>
      </trkpt>
      <trkpt lat="43.756507" lon="4.818933">
        <ele>269.43</ele>
      </trkpt>
      <trkpt lat="43.756539" lon="4.818973">
        <ele>269.8</ele>
      </trkpt>
      <trkpt lat="43.756594" lon="4.819002">
        <ele>270.56</ele>
      </trkpt>
      <trkpt lat="43.75668" lon="4.819023">
        <ele>271.85</ele>
      </trkpt>
      <trkpt lat="43.756783" lon="4.819065">
        <ele>273.46</ele>
      </trkpt>
      <trkpt lat="43.75687" lon="4.819148">
        <ele>274.98</ele>
      </trkpt>
      <trkpt lat="43.756922" lon="4.81923">
        <ele>276.35</ele>
      </trkpt>
      <trkpt lat="43.757005" lon="4.819445">
        <ele>278.59</ele>
      </trkpt>
      <trkpt lat="43.757047" lon="4.819496">
        <ele>279.21</ele>
      </trkpt>
      <trkpt lat="43.757136" lon="4.819513">
        <ele>280.11</ele>
      </trkpt>
      <trkpt lat="43.75726" lon="4.819502">
        <ele>281.26</ele>
      </trkpt>
      <trkpt lat="43.757361" lon="4.81953">
        <ele>281.9</ele>
      </trkpt>
      <trkpt lat="43.757416" lon="4.819571">
        <ele>282.13</ele>
      </trkpt>
      <trkpt lat="43.757455" lon="4.81962">
        <ele>282.25</ele>
      </trkpt>
      <trkpt lat="43.757488" lon="4.819686">
        <ele>282.28</ele>
      </trkpt>
      <trkpt lat="43.757512" lon="4.819753">
        <ele>282.25</ele>
      </trkpt>
      <trkpt lat="43.757522" lon="4.819904">
        <ele>281.97</ele>
      </trkpt>
      <trkpt lat="43.75751" lon="4.820006">
        <ele>281.08</ele>
      </trkpt>
      <trkpt lat="43.757479" lon="4.820165">
        <ele>278.83</ele>
      </trkpt>
      <trkpt lat="43.75743" lon="4.82033">
        <ele>276.16</ele>
      </trkpt>
      <trkpt lat="43.757209" lon="4.820768">
        <ele>268.84</ele>
      </trkpt>
      <trkpt lat="43.757172" lon="4.820932">
        <ele>266.7</ele>
      </trkpt>
      <trkpt lat="43.757144" lon="4.821122">
        <ele>264.1</ele>
      </trkpt>
      <trkpt lat="43.757106" lon="4.821249">
        <ele>262.24</ele>
      </trkpt>
      <trkpt lat="43.757052" lon="4.821382">
        <ele>260.13</ele>
      </trkpt>
      <trkpt lat="43.756995" lon="4.821478">
        <ele>258.38</ele>
      </trkpt>
      <trkpt lat="43.756779" lon="4.821653">
        <ele>254.31</ele>
      </trkpt>
      <trkpt lat="43.756634" lon="4.821742">
        <ele>253.23</ele>
      </trkpt>
      <trkpt lat="43.756569" lon="4.821798">
        <ele>252.7</ele>
      </trkpt>
      <trkpt lat="43.756498" lon="4.821887">
        <ele>252.03</ele>
      </trkpt>
      <trkpt lat="43.756344" lon="4.822041">
        <ele>251.27</ele>
      </trkpt>
      <trkpt lat="43.756149" lon="4.822158">
        <ele>249.88</ele>
      </trkpt>
      <trkpt lat="43.755939" lon="4.822354">
        <ele>246.29</ele>
      </trkpt>
      <trkpt lat="43.755883" lon="4.822432">
        <ele>244.64</ele>
      </trkpt>
      <trkpt lat="43.755867" lon="4.822531">
        <ele>244.2</ele>
      </trkpt>
      <trkpt lat="43.755866" lon="4.822667">
        <ele>244.86</ele>
      </trkpt>
      <trkpt lat="43.755843" lon="4.822811">
        <ele>245.19</ele>
      </trkpt>
      <trkpt lat="43.7558" lon="4.82294">
        <ele>244.93</ele>
      </trkpt>
      <trkpt lat="43.755747" lon="4.823054">
        <ele>244.26</ele>
      </trkpt>
      <trkpt lat="43.755597" lon="4.823333">
        <ele>241.96</ele>
      </trkpt>
      <trkpt lat="43.755577" lon="4.823412">
        <ele>242.8</ele>
      </trkpt>
      <trkpt lat="43.755591" lon="4.823472">
        <ele>243.97</ele>
      </trkpt>
      <trkpt lat="43.755612" lon="4.823506">
        <ele>244.89</ele>
      </trkpt>
      <trkpt lat="43.755677" lon="4.823559">
        <ele>247.14</ele>
      </trkpt>
      <trkpt lat="43.755784" lon="4.823602">
        <ele>250.15</ele>
      </trkpt>
      <trkpt lat="43.755837" lon="4.823635">
        <ele>251.78</ele>
      </trkpt>
      <trkpt lat="43.755886" lon="4.823693">
        <ele>253.6</ele>
      </trkpt>
      <trkpt lat="43.75595" lon="4.823819">
        <ele>256.53</ele>
      </trkpt>
      <trkpt lat="43.755995" lon="4.823995">
        <ele>259.52</ele>
      </trkpt>
      <trkpt lat="43.755992" lon="4.824209">
        <ele>260.73</ele>
      </trkpt>
      <trkpt lat="43.755926" lon="4.824706">
        <ele>256.85</ele>
      </trkpt>
      <trkpt lat="43.755909" lon="4.824836">
        <ele>255.84</ele>
      </trkpt>
      <trkpt lat="43.755861" lon="4.825006">
        <ele>254.59</ele>
      </trkpt>
      <trkpt lat="43.7558" lon="4.825163">
        <ele>254.69</ele>
      </trkpt>
      <trkpt lat="43.75575" lon="4.825233">
        <ele>254.49</ele>
      </trkpt>
      <trkpt lat="43.755595" lon="4.82541">
        <ele>253.99</ele>
      </trkpt>
      <trkpt lat="43.755401" lon="4.825486">
        <ele>253.81</ele>
      </trkpt>
      <trkpt lat="43.755309" lon="4.825542">
        <ele>254.2</ele>
      </trkpt>
      <trkpt lat="43.755206" lon="4.825634">
        <ele>255.34</ele>
      </trkpt>
      <trkpt lat="43.755035" lon="4.825815">
        <ele>258.58</ele>
      </trkpt>
      <trkpt lat="43.754923" lon="4.825848">
        <ele>259.27</ele>
      </trkpt>
      <trkpt lat="43.754843" lon="4.825858">
        <ele>259.55</ele>
      </trkpt>
      <trkpt lat="43.754796" lon="4.825884">
        <ele>259.95</ele>
      </trkpt>
      <trkpt lat="43.754769" lon="4.825915">
        <ele>260.29</ele>
      </trkpt>
      <trkpt lat="43.754745" lon="4.826007">
        <ele>261.31</ele>
      </trkpt>
      <trkpt lat="43.754747" lon="4.826173">
        <ele>263.23</ele>
      </trkpt>
      <trkpt lat="43.754816" lon="4.826716">
        <ele>267.95</ele>
      </trkpt>
      <trkpt lat="43.754899" lon="4.827045">
        <ele>264.09</ele>
      </trkpt>
      <trkpt lat="43.754915" lon="4.827164">
        <ele>262.73</ele>
      </trkpt>
      <trkpt lat="43.754912" lon="4.827275">
        <ele>261.21</ele>
      </trkpt>
      <trkpt lat="43.754875" lon="4.827433">
        <ele>258.32</ele>
      </trkpt>
      <trkpt lat="43.754753" lon="4.827609">
        <ele>255.77</ele>
      </trkpt>
      <trkpt lat="43.75466" lon="4.827679">
        <ele>254.27</ele>
      </trkpt>
      <trkpt lat="43.754572" lon="4.827716">
        <ele>252.75</ele>
      </trkpt>
      <trkpt lat="43.754493" lon="4.82774">
        <ele>251.34</ele>
      </trkpt>
      <trkpt lat="43.754415" lon="4.827745">
        <ele>249.89</ele>
      </trkpt>
      <trkpt lat="43.754257" lon="4.827733">
        <ele>246.89</ele>
      </trkpt>
      <trkpt lat="43.75413" lon="4.82771">
        <ele>244.48</ele>
      </trkpt>
      <trkpt lat="43.753989" lon="4.82771">
        <ele>241.83</ele>
      </trkpt>
      <trkpt lat="43.753951" lon="4.82771">
        <ele>241.12</ele>
      </trkpt>
      <trkpt lat="43.753818" lon="4.827767">
        <ele>238.36</ele>
      </trkpt>
      <trkpt lat="43.753725" lon="4.827817">
        <ele>236.48</ele>
      </trkpt>
      <trkpt lat="43.753647" lon="4.827913">
        <ele>234.99</ele>
      </trkpt>
      <trkpt lat="43.753599" lon="4.828015">
        <ele>234.17</ele>
      </trkpt>
      <trkpt lat="43.753562" lon="4.82817">
        <ele>233.65</ele>
      </trkpt>
      <trkpt lat="43.753519" lon="4.828296">
        <ele>233.01</ele>
      </trkpt>
      <trkpt lat="43.753469" lon="4.828365">
        <ele>233.6</ele>
      </trkpt>
      <trkpt lat="43.753297" lon="4.828462">
        <ele>233.11</ele>
      </trkpt>
      <trkpt lat="43.753236" lon="4.828513">
        <ele>233.61</ele>
      </trkpt>
      <trkpt lat="43.753229" lon="4.82859">
        <ele>235.82</ele>
      </trkpt>
      <trkpt lat="43.753321" lon="4.828681">
        <ele>239.9</ele>
      </trkpt>
      <trkpt lat="43.753417" lon="4.828709">
        <ele>242.01</ele>
      </trkpt>
      <trkpt lat="43.753628" lon="4.828835">
        <ele>247.82</ele>
      </trkpt>
      <trkpt lat="43.753778" lon="4.82891">
        <ele>251.08</ele>
      </trkpt>
      <trkpt lat="43.753872" lon="4.828976">
        <ele>253.31</ele>
      </trkpt>
      <trkpt lat="43.753922" lon="4.829084">
        <ele>255.76</ele>
      </trkpt>
      <trkpt lat="43.753935" lon="4.829184">
        <ele>256.49</ele>
      </trkpt>
      <trkpt lat="43.753924" lon="4.829285">
        <ele>255.65</ele>
      </trkpt>
      <trkpt lat="43.753856" lon="4.829505">
        <ele>254.01</ele>
      </trkpt>
      <trkpt lat="43.753841" lon="4.829619">
        <ele>253.32</ele>
      </trkpt>
      <trkpt lat="43.753866" lon="4.829717">
        <ele>252.59</ele>
      </trkpt>
      <trkpt lat="43.753909" lon="4.829744">
        <ele>252.18</ele>
      </trkpt>
      <trkpt lat="43.753962" lon="4.829749">
        <ele>251.9</ele>
      </trkpt>
      <trkpt lat="43.754294" lon="4.829603">
        <ele>257.21</ele>
      </trkpt>
      <trkpt lat="43.754354" lon="4.829602">
        <ele>257.95</ele>
      </trkpt>
      <trkpt lat="43.754401" lon="4.829674">
        <ele>257.7</ele>
      </trkpt>
      <trkpt lat="43.754423" lon="4.829728">
        <ele>257.31</ele>
      </trkpt>
      <trkpt lat="43.754313" lon="4.830057">
        <ele>252.1</ele>
      </trkpt>
      <trkpt lat="43.754283" lon="4.830264">
        <ele>248.62</ele>
      </trkpt>
      <trkpt lat="43.75429" lon="4.830418">
        <ele>246.32</ele>
      </trkpt>
      <trkpt lat="43.754316" lon="4.830511">
        <ele>245.2</ele>
      </trkpt>
      <trkpt lat="43.754369" lon="4.830583">
        <ele>244.75</ele>
      </trkpt>
      <trkpt lat="43.754416" lon="4.830621">
        <ele>244.76</ele>
      </trkpt>
      <trkpt lat="43.754438" lon="4.830639">
        <ele>244.77</ele>
      </trkpt>
      <trkpt lat="43.754558" lon="4.830692">
        <ele>245.51</ele>
      </trkpt>
      <trkpt lat="43.754715" lon="4.830819">
        <ele>245.83</ele>
      </trkpt>
      <trkpt lat="43.75506" lon="4.831193">
        <ele>242.75</ele>
      </trkpt>
      <trkpt lat="43.755277" lon="4.831412">
        <ele>241.55</ele>
      </trkpt>
      <trkpt lat="43.755328" lon="4.831507">
        <ele>241.08</ele>
      </trkpt>
      <trkpt lat="43.755332" lon="4.831596">
        <ele>240.52</ele>
      </trkpt>
      <trkpt lat="43.755316" lon="4.831667">
        <ele>240.18</ele>
      </trkpt>
      <trkpt lat="43.755247" lon="4.831869">
        <ele>239.92</ele>
      </trkpt>
      <trkpt lat="43.755203" lon="4.831973">
        <ele>239.64</ele>
      </trkpt>
      <trkpt lat="43.755153" lon="4.83215">
        <ele>239.26</ele>
      </trkpt>
      <trkpt lat="43.755064" lon="4.832616">
        <ele>238.48</ele>
      </trkpt>
      <trkpt lat="43.755178" lon="4.832592">
        <ele>239.78</ele>
      </trkpt>
      <trkpt lat="43.755465" lon="4.832446">
        <ele>243.01</ele>
      </trkpt>
      <trkpt lat="43.755713" lon="4.83235">
        <ele>244.39</ele>
      </trkpt>
      <trkpt lat="43.755928" lon="4.832247">
        <ele>243.43</ele>
      </trkpt>
      <trkpt lat="43.756068" lon="4.832201">
        <ele>242.8</ele>
      </trkpt>
      <trkpt lat="43.756416" lon="4.832196">
        <ele>241.8</ele>
      </trkpt>
      <trkpt lat="43.756514" lon="4.832186">
        <ele>241.12</ele>
      </trkpt>
      <trkpt lat="43.75661" lon="4.832152">
        <ele>240.03</ele>
      </trkpt>
      <trkpt lat="43.75758" lon="4.831685">
        <ele>229.93</ele>
      </trkpt>
      <trkpt lat="43.757944" lon="4.831442">
        <ele>223.17</ele>
      </trkpt>
      <trkpt lat="43.758146" lon="4.831288">
        <ele>219.16</ele>
      </trkpt>
      <trkpt lat="43.758482" lon="4.831002">
        <ele>212.98</ele>
      </trkpt>
      <trkpt lat="43.758912" lon="4.830538">
        <ele>207.11</ele>
      </trkpt>
      <trkpt lat="43.759088" lon="4.83032">
        <ele>203.59</ele>
      </trkpt>
      <trkpt lat="43.759452" lon="4.829778">
        <ele>199.5</ele>
      </trkpt>
      <trkpt lat="43.759608" lon="4.829519">
        <ele>199.87</ele>
      </trkpt>
      <trkpt lat="43.759708" lon="4.829311">
        <ele>200.04</ele>
      </trkpt>
      <trkpt lat="43.759741" lon="4.829241">
        <ele>200.09</ele>
      </trkpt>
      <trkpt lat="43.759787" lon="4.829064">
        <ele>200.35</ele>
      </trkpt>
      <trkpt lat="43.759809" lon="4.828921">
        <ele>200.5</ele>
      </trkpt>
      <trkpt lat="43.7598" lon="4.828619">
        <ele>201.75</ele>
      </trkpt>
      <trkpt lat="43.759758" lon="4.828335">
        <ele>203.44</ele>
      </trkpt>
      <trkpt lat="43.759757" lon="4.8282">
        <ele>203.57</ele>
      </trkpt>
      <trkpt lat="43.759817" lon="4.828004">
        <ele>202.65</ele>
      </trkpt>
      <trkpt lat="43.75992" lon="4.827858">
        <ele>201.2</ele>
      </trkpt>
      <trkpt lat="43.76007" lon="4.827684">
        <ele>199.34</ele>
      </trkpt>
      <trkpt lat="43.760243" lon="4.82753">
        <ele>197.45</ele>
      </trkpt>
      <trkpt lat="43.76044" lon="4.827336">
        <ele>194.67</ele>
      </trkpt>
      <trkpt lat="43.760687" lon="4.827216">
        <ele>190.92</ele>
      </trkpt>
      <trkpt lat="43.760996" lon="4.827152">
        <ele>186.52</ele>
      </trkpt>
      <trkpt lat="43.761196" lon="4.827098">
        <ele>184.02</ele>
      </trkpt>
      <trkpt lat="43.76152" lon="4.826979">
        <ele>181.3</ele>
      </trkpt>
      <trkpt lat="43.762095" lon="4.826824">
        <ele>180.2</ele>
      </trkpt>
      <trkpt lat="43.762244" lon="4.826751">
        <ele>180.23</ele>
      </trkpt>
      <trkpt lat="43.762737" lon="4.826452">
        <ele>177.9</ele>
      </trkpt>
      <trkpt lat="43.762969" lon="4.826341">
        <ele>176.72</ele>
      </trkpt>
      <trkpt lat="43.763342" lon="4.826249">
        <ele>175.65</ele>
      </trkpt>
      <trkpt lat="43.763813" lon="4.826237">
        <ele>174.63</ele>
      </trkpt>
      <trkpt lat="43.764351" lon="4.826249">
        <ele>172.69</ele>
      </trkpt>
      <trkpt lat="43.764546" lon="4.826283">
        <ele>171.53</ele>
      </trkpt>
      <trkpt lat="43.764726" lon="4.826328">
        <ele>170.32</ele>
      </trkpt>
      <trkpt lat="43.764996" lon="4.826432">
        <ele>168.59</ele>
      </trkpt>
      <trkpt lat="43.765191" lon="4.826609">
        <ele>165.94</ele>
      </trkpt>
      <trkpt lat="43.765283" lon="4.826648">
        <ele>165.27</ele>
      </trkpt>
      <trkpt lat="43.765325" lon="4.826646">
        <ele>165.26</ele>
      </trkpt>
      <trkpt lat="43.765475" lon="4.826565">
        <ele>166.28</ele>
      </trkpt>
      <trkpt lat="43.765535" lon="4.826574">
        <ele>166.08</ele>
      </trkpt>
      <trkpt lat="43.765628" lon="4.826615">
        <ele>165.59</ele>
      </trkpt>
      <trkpt lat="43.765724" lon="4.826656">
        <ele>165.08</ele>
      </trkpt>
      <trkpt lat="43.765996" lon="4.826737">
        <ele>164.84</ele>
      </trkpt>
      <trkpt lat="43.766241" lon="4.826783">
        <ele>164.99</ele>
      </trkpt>
      <trkpt lat="43.766334" lon="4.826815">
        <ele>164.81</ele>
      </trkpt>
      <trkpt lat="43.766494" lon="4.826899">
        <ele>163.86</ele>
      </trkpt>
      <trkpt lat="43.766587" lon="4.826928">
        <ele>163.23</ele>
      </trkpt>
      <trkpt lat="43.766793" lon="4.826924">
        <ele>162.89</ele>
      </trkpt>
      <trkpt lat="43.767133" lon="4.826997">
        <ele>161.37</ele>
      </trkpt>
      <trkpt lat="43.767206" lon="4.827025">
        <ele>160.94</ele>
      </trkpt>
      <trkpt lat="43.767301" lon="4.827003">
        <ele>161.04</ele>
      </trkpt>
      <trkpt lat="43.767393" lon="4.826926">
        <ele>161.62</ele>
      </trkpt>
      <trkpt lat="43.767571" lon="4.826808">
        <ele>162.44</ele>
      </trkpt>
      <trkpt lat="43.767703" lon="4.826689">
        <ele>163.43</ele>
      </trkpt>
      <trkpt lat="43.767722" lon="4.82685">
        <ele>161.55</ele>
      </trkpt>
      <trkpt lat="43.767786" lon="4.827009">
        <ele>159.55</ele>
      </trkpt>
      <trkpt lat="43.767895" lon="4.827119">
        <ele>157.95</ele>
      </trkpt>
      <trkpt lat="43.76804" lon="4.827215">
        <ele>156.36</ele>
      </trkpt>
      <trkpt lat="43.768408" lon="4.827415">
        <ele>153.57</ele>
      </trkpt>
      <trkpt lat="43.76866" lon="4.827504">
        <ele>152.57</ele>
      </trkpt>
      <trkpt lat="43.768778" lon="4.827558">
        <ele>151.85</ele>
      </trkpt>
      <trkpt lat="43.768884" lon="4.827634">
        <ele>150.86</ele>
      </trkpt>
      <trkpt lat="43.768943" lon="4.827705">
        <ele>149.92</ele>
      </trkpt>
      <trkpt lat="43.769102" lon="4.827899">
        <ele>147.45</ele>
      </trkpt>
      <trkpt lat="43.769036" lon="4.827909">
        <ele>147.28</ele>
      </trkpt>
      <trkpt lat="43.76901" lon="4.827938">
        <ele>146.88</ele>
      </trkpt>
      <trkpt lat="43.768965" lon="4.827988">
        <ele>146.18</ele>
      </trkpt>
      <trkpt lat="43.768898" lon="4.828039">
        <ele>145.51</ele>
      </trkpt>
      <trkpt lat="43.768827" lon="4.828154">
        <ele>143.99</ele>
      </trkpt>
      <trkpt lat="43.768838" lon="4.828269">
        <ele>142.47</ele>
      </trkpt>
      <trkpt lat="43.768907" lon="4.8286">
        <ele>141.43</ele>
      </trkpt>
      <trkpt lat="43.769047" lon="4.828674">
        <ele>141.15</ele>
      </trkpt>
      <trkpt lat="43.769144" lon="4.828773">
        <ele>140.8</ele>
      </trkpt>
      <trkpt lat="43.769251" lon="4.828944">
        <ele>139.89</ele>
      </trkpt>
      <trkpt lat="43.769261" lon="4.828961">
        <ele>139.81</ele>
      </trkpt>
      <trkpt lat="43.769405" lon="4.829032">
        <ele>139.06</ele>
      </trkpt>
      <trkpt lat="43.769582" lon="4.829092">
        <ele>138.13</ele>
      </trkpt>
      <trkpt lat="43.769783" lon="4.829108">
        <ele>137.33</ele>
      </trkpt>
      <trkpt lat="43.769966" lon="4.829181">
        <ele>137.6</ele>
      </trkpt>
      <trkpt lat="43.770068" lon="4.829191">
        <ele>137.77</ele>
      </trkpt>
      <trkpt lat="43.770183" lon="4.829233">
        <ele>138.17</ele>
      </trkpt>
      <trkpt lat="43.770248" lon="4.829295">
        <ele>138.62</ele>
      </trkpt>
      <trkpt lat="43.770131" lon="4.829342">
        <ele>139.01</ele>
      </trkpt>
      <trkpt lat="43.770148" lon="4.829398">
        <ele>139.44</ele>
      </trkpt>
      <trkpt lat="43.770164" lon="4.829568">
        <ele>140.71</ele>
      </trkpt>
      <trkpt lat="43.770132" lon="4.829602">
        <ele>141.06</ele>
      </trkpt>
      <trkpt lat="43.77015" lon="4.829673">
        <ele>141.56</ele>
      </trkpt>
      <trkpt lat="43.77035" lon="4.829794">
        <ele>141.61</ele>
      </trkpt>
      <trkpt lat="43.770417" lon="4.82972">
        <ele>140.9</ele>
      </trkpt>
      <trkpt lat="43.770491" lon="4.829717">
        <ele>140.61</ele>
      </trkpt>
      <trkpt lat="43.770563" lon="4.829747">
        <ele>140.46</ele>
      </trkpt>
      <trkpt lat="43.770571" lon="4.829767">
        <ele>140.5</ele>
      </trkpt>
      <trkpt lat="43.770595" lon="4.829831">
        <ele>140.66</ele>
      </trkpt>
      <trkpt lat="43.770651" lon="4.829889">
        <ele>140.78</ele>
      </trkpt>
      <trkpt lat="43.770603" lon="4.82995">
        <ele>141.07</ele>
      </trkpt>
      <trkpt lat="43.770498" lon="4.829988">
        <ele>142.31</ele>
      </trkpt>
      <trkpt lat="43.770498" lon="4.830021">
        <ele>143.37</ele>
      </trkpt>
      <trkpt lat="43.770484" lon="4.830142">
        <ele>147.11</ele>
      </trkpt>
      <trkpt lat="43.770528" lon="4.830254">
        <ele>150.79</ele>
      </trkpt>
      <trkpt lat="43.77051" lon="4.830316">
        <ele>152.88</ele>
      </trkpt>
      <trkpt lat="43.770581" lon="4.830377">
        <ele>154.7</ele>
      </trkpt>
      <trkpt lat="43.770597" lon="4.830433">
        <ele>156.53</ele>
      </trkpt>
      <trkpt lat="43.770638" lon="4.83041">
        <ele>155.69</ele>
      </trkpt>
      <trkpt lat="43.770682" lon="4.830422">
        <ele>155.86</ele>
      </trkpt>
      <trkpt lat="43.770758" lon="4.830469">
        <ele>157</ele>
      </trkpt>
      <trkpt lat="43.770832" lon="4.830502">
        <ele>157.6</ele>
      </trkpt>
      <trkpt lat="43.770907" lon="4.830585">
        <ele>159.57</ele>
      </trkpt>
      <trkpt lat="43.770934" lon="4.830599">
        <ele>159.76</ele>
      </trkpt>
      <trkpt lat="43.770966" lon="4.830615">
        <ele>159.98</ele>
      </trkpt>
      <trkpt lat="43.770977" lon="4.830711">
        <ele>162.58</ele>
      </trkpt>
      <trkpt lat="43.770967" lon="4.830771">
        <ele>164.37</ele>
      </trkpt>
      <trkpt lat="43.770922" lon="4.83082">
        <ele>166.08</ele>
      </trkpt>
      <trkpt lat="43.770923" lon="4.83088">
        <ele>167.08</ele>
      </trkpt>
      <trkpt lat="43.77094" lon="4.83091">
        <ele>167.38</ele>
      </trkpt>
      <trkpt lat="43.770985" lon="4.83094">
        <ele>167.26</ele>
      </trkpt>
      <trkpt lat="43.771237" lon="4.831006">
        <ele>164.55</ele>
      </trkpt>
      <trkpt lat="43.771309" lon="4.831006">
        <ele>163.48</ele>
      </trkpt>
      <trkpt lat="43.771406" lon="4.831067">
        <ele>162.47</ele>
      </trkpt>
      <trkpt lat="43.771541" lon="4.831118">
        <ele>160.18</ele>
      </trkpt>
      <trkpt lat="43.771601" lon="4.831167">
        <ele>159.13</ele>
      </trkpt>
      <trkpt lat="43.771621" lon="4.831239">
        <ele>159.06</ele>
      </trkpt>
      <trkpt lat="43.771719" lon="4.831403">
        <ele>157.53</ele>
      </trkpt>
      <trkpt lat="43.771763" lon="4.83156">
        <ele>157.11</ele>
      </trkpt>
      <trkpt lat="43.771813" lon="4.831655">
        <ele>156.09</ele>
      </trkpt>
      <trkpt lat="43.7719" lon="4.831737">
        <ele>153.63</ele>
      </trkpt>
      <trkpt lat="43.771932" lon="4.831789">
        <ele>152.71</ele>
      </trkpt>
      <trkpt lat="43.771984" lon="4.831833">
        <ele>151.39</ele>
      </trkpt>
      <trkpt lat="43.771992" lon="4.831883">
        <ele>151.09</ele>
      </trkpt>
      <trkpt lat="43.772011" lon="4.831908">
        <ele>150.6</ele>
      </trkpt>
      <trkpt lat="43.772106" lon="4.831913">
        <ele>148.51</ele>
      </trkpt>
      <trkpt lat="43.772135" lon="4.831937">
        <ele>147.86</ele>
      </trkpt>
      <trkpt lat="43.772149" lon="4.831971">
        <ele>147.54</ele>
      </trkpt>
      <trkpt lat="43.772127" lon="4.832071">
        <ele>147.92</ele>
      </trkpt>
      <trkpt lat="43.772227" lon="4.832177">
        <ele>145.95</ele>
      </trkpt>
      <trkpt lat="43.772292" lon="4.832048">
        <ele>144.57</ele>
      </trkpt>
      <trkpt lat="43.772333" lon="4.832089">
        <ele>143.96</ele>
      </trkpt>
      <trkpt lat="43.77248" lon="4.831797">
        <ele>141.18</ele>
      </trkpt>
      <trkpt lat="43.772545" lon="4.831696">
        <ele>139.92</ele>
      </trkpt>
      <trkpt lat="43.772601" lon="4.831613">
        <ele>138.78</ele>
      </trkpt>
      <trkpt lat="43.772689" lon="4.831509">
        <ele>136.8</ele>
      </trkpt>
      <trkpt lat="43.772801" lon="4.831394">
        <ele>134.09</ele>
      </trkpt>
      <trkpt lat="43.77292" lon="4.831307">
        <ele>131.13</ele>
      </trkpt>
      <trkpt lat="43.773119" lon="4.8312">
        <ele>126.01</ele>
      </trkpt>
      <trkpt lat="43.773242" lon="4.831158">
        <ele>124.29</ele>
      </trkpt>
      <trkpt lat="43.773388" lon="4.831136">
        <ele>122.69</ele>
      </trkpt>
      <trkpt lat="43.773602" lon="4.831124">
        <ele>120.57</ele>
      </trkpt>
      <trkpt lat="43.774093" lon="4.831139">
        <ele>115.7</ele>
      </trkpt>
      <trkpt lat="43.774608" lon="4.831172">
        <ele>109.92</ele>
      </trkpt>
      <trkpt lat="43.77486" lon="4.831222">
        <ele>107.85</ele>
      </trkpt>
      <trkpt lat="43.775535" lon="4.831397">
        <ele>107.1</ele>
      </trkpt>
      <trkpt lat="43.776041" lon="4.831497">
        <ele>106.66</ele>
      </trkpt>
      <trkpt lat="43.776563" lon="4.831553">
        <ele>106.17</ele>
      </trkpt>
      <trkpt lat="43.776784" lon="4.83156">
        <ele>105.73</ele>
      </trkpt>
      <trkpt lat="43.776796" lon="4.831594">
        <ele>105.92</ele>
      </trkpt>
      <trkpt lat="43.776827" lon="4.831594">
        <ele>105.85</ele>
      </trkpt>
      <trkpt lat="43.776973" lon="4.831605">
        <ele>105.58</ele>
      </trkpt>
      <trkpt lat="43.777143" lon="4.831617">
        <ele>105.26</ele>
      </trkpt>
      <trkpt lat="43.777097" lon="4.831705">
        <ele>105.59</ele>
      </trkpt>
      <trkpt lat="43.776924" lon="4.831893">
        <ele>106.47</ele>
      </trkpt>
      <trkpt lat="43.776847" lon="4.832019">
        <ele>107.03</ele>
      </trkpt>
      <trkpt lat="43.776813" lon="4.832095">
        <ele>107.34</ele>
      </trkpt>
      <trkpt lat="43.77678" lon="4.832219">
        <ele>107.8</ele>
      </trkpt>
      <trkpt lat="43.776757" lon="4.832368">
        <ele>107.72</ele>
      </trkpt>
      <trkpt lat="43.776627" lon="4.833189">
        <ele>107.31</ele>
      </trkpt>
      <trkpt lat="43.776459" lon="4.833178">
        <ele>107.48</ele>
      </trkpt>
      <trkpt lat="43.776411" lon="4.8332">
        <ele>107.73</ele>
      </trkpt>
      <trkpt lat="43.776385" lon="4.833233">
        <ele>107.8</ele>
      </trkpt>
      <trkpt lat="43.776349" lon="4.833361">
        <ele>107.96</ele>
      </trkpt>
      <trkpt lat="43.776254" lon="4.834291">
        <ele>111.67</ele>
      </trkpt>
      <trkpt lat="43.776132" lon="4.834227">
        <ele>112.3</ele>
      </trkpt>
      <trkpt lat="43.776043" lon="4.834156">
        <ele>112.63</ele>
      </trkpt>
      <trkpt lat="43.775937" lon="4.834056">
        <ele>113.16</ele>
      </trkpt>
      <trkpt lat="43.77584" lon="4.833937">
        <ele>113.56</ele>
      </trkpt>
      <trkpt lat="43.775751" lon="4.833855">
        <ele>114</ele>
      </trkpt>
      <trkpt lat="43.775476" lon="4.833629">
        <ele>114.83</ele>
      </trkpt>
      <trkpt lat="43.775414" lon="4.833612">
        <ele>115.04</ele>
      </trkpt>
      <trkpt lat="43.775365" lon="4.833673">
        <ele>115.45</ele>
      </trkpt>
      <trkpt lat="43.775296" lon="4.833801">
        <ele>116.15</ele>
      </trkpt>
      <trkpt lat="43.775216" lon="4.833879">
        <ele>116.71</ele>
      </trkpt>
      <trkpt lat="43.775162" lon="4.833916">
        <ele>117.03</ele>
      </trkpt>
      <trkpt lat="43.774957" lon="4.833984">
        <ele>118.01</ele>
      </trkpt>
      <trkpt lat="43.774762" lon="4.834128">
        <ele>119.15</ele>
      </trkpt>
      <trkpt lat="43.774602" lon="4.834223">
        <ele>120.56</ele>
      </trkpt>
      <trkpt lat="43.774469" lon="4.834266">
        <ele>121.54</ele>
      </trkpt>
      <trkpt lat="43.774371" lon="4.834311">
        <ele>122.5</ele>
      </trkpt>
      <trkpt lat="43.774331" lon="4.834431">
        <ele>124.4</ele>
      </trkpt>
      <trkpt lat="43.774307" lon="4.834456">
        <ele>124.87</ele>
      </trkpt>
      <trkpt lat="43.774284" lon="4.83446">
        <ele>125.02</ele>
      </trkpt>
      <trkpt lat="43.77425" lon="4.834428">
        <ele>124.69</ele>
      </trkpt>
      <trkpt lat="43.774225" lon="4.834235">
        <ele>121.84</ele>
      </trkpt>
      <trkpt lat="43.774201" lon="4.834196">
        <ele>121.3</ele>
      </trkpt>
      <trkpt lat="43.774141" lon="4.834176">
        <ele>121.15</ele>
      </trkpt>
      <trkpt lat="43.774054" lon="4.834172">
        <ele>121.32</ele>
      </trkpt>
      <trkpt lat="43.773913" lon="4.834153">
        <ele>121.83</ele>
      </trkpt>
      <trkpt lat="43.773818" lon="4.834117">
        <ele>122.72</ele>
      </trkpt>
      <trkpt lat="43.773729" lon="4.834028">
        <ele>123.74</ele>
      </trkpt>
      <trkpt lat="43.773597" lon="4.833837">
        <ele>125.34</ele>
      </trkpt>
      <trkpt lat="43.773563" lon="4.83382">
        <ele>125.77</ele>
      </trkpt>
      <trkpt lat="43.773522" lon="4.833819">
        <ele>126.3</ele>
      </trkpt>
      <trkpt lat="43.773457" lon="4.833846">
        <ele>127.14</ele>
      </trkpt>
      <trkpt lat="43.773118" lon="4.834131">
        <ele>131.1</ele>
      </trkpt>
      <trkpt lat="43.772865" lon="4.834423">
        <ele>135.59</ele>
      </trkpt>
      <trkpt lat="43.772805" lon="4.83447">
        <ele>136.57</ele>
      </trkpt>
      <trkpt lat="43.772569" lon="4.834592">
        <ele>140.05</ele>
      </trkpt>
      <trkpt lat="43.772456" lon="4.834674">
        <ele>142.09</ele>
      </trkpt>
      <trkpt lat="43.772375" lon="4.834733">
        <ele>143.54</ele>
      </trkpt>
      <trkpt lat="43.771964" lon="4.83494">
        <ele>146.04</ele>
      </trkpt>
      <trkpt lat="43.771658" lon="4.835178">
        <ele>148.6</ele>
      </trkpt>
      <trkpt lat="43.771156" lon="4.83583">
        <ele>163.65</ele>
      </trkpt>
      <trkpt lat="43.770619" lon="4.836412">
        <ele>177.55</ele>
      </trkpt>
      <trkpt lat="43.770522" lon="4.836596">
        <ele>181.26</ele>
      </trkpt>
      <trkpt lat="43.770444" lon="4.836763">
        <ele>183.52</ele>
      </trkpt>
      <trkpt lat="43.770356" lon="4.836856">
        <ele>185.21</ele>
      </trkpt>
      <trkpt lat="43.770299" lon="4.837162">
        <ele>187.79</ele>
      </trkpt>
      <trkpt lat="43.770224" lon="4.837427">
        <ele>191.34</ele>
      </trkpt>
      <trkpt lat="43.770123" lon="4.8377">
        <ele>191.33</ele>
      </trkpt>
      <trkpt lat="43.770034" lon="4.837856">
        <ele>191.27</ele>
      </trkpt>
      <trkpt lat="43.769979" lon="4.837935">
        <ele>191.36</ele>
      </trkpt>
      <trkpt lat="43.769626" lon="4.83823">
        <ele>194.34</ele>
      </trkpt>
      <trkpt lat="43.76949" lon="4.838326">
        <ele>195.45</ele>
      </trkpt>
      <trkpt lat="43.769421" lon="4.838191">
        <ele>199.99</ele>
      </trkpt>
      <trkpt lat="43.76922" lon="4.838238">
        <ele>203.68</ele>
      </trkpt>
      <trkpt lat="43.769119" lon="4.838077">
        <ele>209.88</ele>
      </trkpt>
      <trkpt lat="43.768782" lon="4.838137">
        <ele>216.09</ele>
      </trkpt>
      <trkpt lat="43.768778" lon="4.838115">
        <ele>216.73</ele>
      </trkpt>
      <trkpt lat="43.768749" lon="4.837942">
        <ele>221.68</ele>
      </trkpt>
      <trkpt lat="43.768648" lon="4.837944">
        <ele>223.72</ele>
      </trkpt>
      <trkpt lat="43.768658" lon="4.837837">
        <ele>226.18</ele>
      </trkpt>
      <trkpt lat="43.76875" lon="4.837757">
        <ele>226.25</ele>
      </trkpt>
      <trkpt lat="43.768666" lon="4.837666">
        <ele>230.24</ele>
      </trkpt>
      <trkpt lat="43.768724" lon="4.837616">
        <ele>230.3</ele>
      </trkpt>
      <trkpt lat="43.768837" lon="4.837577">
        <ele>228.93</ele>
      </trkpt>
      <trkpt lat="43.768856" lon="4.837544">
        <ele>229.38</ele>
      </trkpt>
      <trkpt lat="43.768855" lon="4.83752">
        <ele>230</ele>
      </trkpt>
      <trkpt lat="43.768868" lon="4.837509">
        <ele>230</ele>
      </trkpt>
      <trkpt lat="43.768893" lon="4.837514">
        <ele>229.39</ele>
      </trkpt>
      <trkpt lat="43.768904" lon="4.837495">
        <ele>229.63</ele>
      </trkpt>
      <trkpt lat="43.768866" lon="4.837447">
        <ele>230.42</ele>
      </trkpt>
      <trkpt lat="43.768827" lon="4.837442">
        <ele>231.12</ele>
      </trkpt>
      <trkpt lat="43.768794" lon="4.837458">
        <ele>232.12</ele>
      </trkpt>
      <trkpt lat="43.768773" lon="4.837453">
        <ele>232.44</ele>
      </trkpt>
      <trkpt lat="43.768766" lon="4.837433">
        <ele>232.19</ele>
      </trkpt>
      <trkpt lat="43.768776" lon="4.83736">
        <ele>230.54</ele>
      </trkpt>
      <trkpt lat="43.768768" lon="4.837343">
        <ele>230.36</ele>
      </trkpt>
      <trkpt lat="43.768735" lon="4.837329">
        <ele>230.77</ele>
      </trkpt>
      <trkpt lat="43.768739" lon="4.83725">
        <ele>229.14</ele>
      </trkpt>
      <trkpt lat="43.768688" lon="4.837154">
        <ele>228.33</ele>
      </trkpt>
      <trkpt lat="43.768715" lon="4.837051">
        <ele>225.73</ele>
      </trkpt>
      <trkpt lat="43.768673" lon="4.837077">
        <ele>227.14</ele>
      </trkpt>
      <trkpt lat="43.76865" lon="4.83705">
        <ele>227.11</ele>
      </trkpt>
      <trkpt lat="43.768607" lon="4.837057">
        <ele>228.18</ele>
      </trkpt>
      <trkpt lat="43.768595" lon="4.83705">
        <ele>228.28</ele>
      </trkpt>
      <trkpt lat="43.768602" lon="4.837027">
        <ele>227.7</ele>
      </trkpt>
      <trkpt lat="43.768611" lon="4.836999">
        <ele>226.96</ele>
      </trkpt>
      <trkpt lat="43.768598" lon="4.836987">
        <ele>227.02</ele>
      </trkpt>
      <trkpt lat="43.768619" lon="4.836959">
        <ele>226</ele>
      </trkpt>
      <trkpt lat="43.768531" lon="4.836955">
        <ele>227.85</ele>
      </trkpt>
      <trkpt lat="43.768596" lon="4.836911">
        <ele>225.58</ele>
      </trkpt>
      <trkpt lat="43.768647" lon="4.836907">
        <ele>224.38</ele>
      </trkpt>
      <trkpt lat="43.768648" lon="4.836894">
        <ele>224.11</ele>
      </trkpt>
      <trkpt lat="43.768599" lon="4.836877">
        <ele>224.86</ele>
      </trkpt>
      <trkpt lat="43.768601" lon="4.836868">
        <ele>224.64</ele>
      </trkpt>
      <trkpt lat="43.768658" lon="4.836862">
        <ele>223.25</ele>
      </trkpt>
      <trkpt lat="43.768672" lon="4.83685">
        <ele>222.71</ele>
      </trkpt>
      <trkpt lat="43.768662" lon="4.836832">
        <ele>222.59</ele>
      </trkpt>
      <trkpt lat="43.768633" lon="4.83682">
        <ele>223</ele>
      </trkpt>
      <trkpt lat="43.76865" lon="4.836788">
        <ele>221.99</ele>
      </trkpt>
      <trkpt lat="43.768655" lon="4.836707">
        <ele>220.3</ele>
      </trkpt>
      <trkpt lat="43.768702" lon="4.836673">
        <ele>218.57</ele>
      </trkpt>
      <trkpt lat="43.768742" lon="4.83663">
        <ele>216.7</ele>
      </trkpt>
      <trkpt lat="43.76877" lon="4.836578">
        <ele>214.32</ele>
      </trkpt>
      <trkpt lat="43.768865" lon="4.836551">
        <ele>211.43</ele>
      </trkpt>
      <trkpt lat="43.76888" lon="4.836516">
        <ele>210</ele>
      </trkpt>
      <trkpt lat="43.768864" lon="4.83648">
        <ele>209.21</ele>
      </trkpt>
      <trkpt lat="43.768818" lon="4.836481">
        <ele>210.18</ele>
      </trkpt>
      <trkpt lat="43.768758" lon="4.836507">
        <ele>212.24</ele>
      </trkpt>
      <trkpt lat="43.768736" lon="4.836549">
        <ele>214.1</ele>
      </trkpt>
      <trkpt lat="43.768688" lon="4.836575">
        <ele>216.03</ele>
      </trkpt>
      <trkpt lat="43.768608" lon="4.836548">
        <ele>216.81</ele>
      </trkpt>
      <trkpt lat="43.76847" lon="4.836426">
        <ele>215.14</ele>
      </trkpt>
      <trkpt lat="43.768278" lon="4.836425">
        <ele>218.83</ele>
      </trkpt>
      <trkpt lat="43.768196" lon="4.836358">
        <ele>217.61</ele>
      </trkpt>
      <trkpt lat="43.768186" lon="4.836225">
        <ele>212.16</ele>
      </trkpt>
      <trkpt lat="43.768198" lon="4.836168">
        <ele>209.58</ele>
      </trkpt>
      <trkpt lat="43.768213" lon="4.836097">
        <ele>206.37</ele>
      </trkpt>
      <trkpt lat="43.768254" lon="4.835974">
        <ele>200.71</ele>
      </trkpt>
      <trkpt lat="43.768284" lon="4.835836">
        <ele>194.72</ele>
      </trkpt>
      <trkpt lat="43.768272" lon="4.835784">
        <ele>192.86</ele>
      </trkpt>
      <trkpt lat="43.768261" lon="4.83577">
        <ele>192.51</ele>
      </trkpt>
      <trkpt lat="43.768262" lon="4.835726">
        <ele>190.99</ele>
      </trkpt>
      <trkpt lat="43.768292" lon="4.83568">
        <ele>189.15</ele>
      </trkpt>
      <trkpt lat="43.768293" lon="4.835647">
        <ele>188.04</ele>
      </trkpt>
      <trkpt lat="43.768244" lon="4.83558">
        <ele>186.17</ele>
      </trkpt>
      <trkpt lat="43.768203" lon="4.835559">
        <ele>185.79</ele>
      </trkpt>
      <trkpt lat="43.76817" lon="4.835459">
        <ele>182.61</ele>
      </trkpt>
      <trkpt lat="43.76812" lon="4.835368">
        <ele>179.8</ele>
      </trkpt>
      <trkpt lat="43.768096" lon="4.835372">
        <ele>180.09</ele>
      </trkpt>
      <trkpt lat="43.768041" lon="4.835461">
        <ele>183.47</ele>
      </trkpt>
      <trkpt lat="43.767999" lon="4.83557">
        <ele>187.43</ele>
      </trkpt>
      <trkpt lat="43.767965" lon="4.835623">
        <ele>189.46</ele>
      </trkpt>
      <trkpt lat="43.767902" lon="4.835674">
        <ele>191.54</ele>
      </trkpt>
      <trkpt lat="43.767824" lon="4.835695">
        <ele>192.66</ele>
      </trkpt>
      <trkpt lat="43.767755" lon="4.835697">
        <ele>193.05</ele>
      </trkpt>
      <trkpt lat="43.767685" lon="4.835715">
        <ele>194.02</ele>
      </trkpt>
      <trkpt lat="43.76758" lon="4.835791">
        <ele>197.13</ele>
      </trkpt>
      <trkpt lat="43.767489" lon="4.835875">
        <ele>201.24</ele>
      </trkpt>
      <trkpt lat="43.767438" lon="4.835985">
        <ele>206.57</ele>
      </trkpt>
      <trkpt lat="43.767497" lon="4.836053">
        <ele>209.35</ele>
      </trkpt>
      <trkpt lat="43.76742" lon="4.83619">
        <ele>216.14</ele>
      </trkpt>
      <trkpt lat="43.767432" lon="4.836228">
        <ele>217.85</ele>
      </trkpt>
      <trkpt lat="43.767502" lon="4.836201">
        <ele>216.12</ele>
      </trkpt>
      <trkpt lat="43.767541" lon="4.836197">
        <ele>215.68</ele>
      </trkpt>
      <trkpt lat="43.767557" lon="4.836172">
        <ele>214.46</ele>
      </trkpt>
      <trkpt lat="43.76758" lon="4.836155">
        <ele>213.55</ele>
      </trkpt>
      <trkpt lat="43.767595" lon="4.836086">
        <ele>210.32</ele>
      </trkpt>
      <trkpt lat="43.767634" lon="4.83609">
        <ele>210.24</ele>
      </trkpt>
      <trkpt lat="43.767633" lon="4.836063">
        <ele>209.01</ele>
      </trkpt>
      <trkpt lat="43.767653" lon="4.836044">
        <ele>208.06</ele>
      </trkpt>
      <trkpt lat="43.76766" lon="4.835989">
        <ele>205.51</ele>
      </trkpt>
      <trkpt lat="43.767709" lon="4.836014">
        <ele>206.35</ele>
      </trkpt>
      <trkpt lat="43.767774" lon="4.836067">
        <ele>208.39</ele>
      </trkpt>
      <trkpt lat="43.767825" lon="4.836081">
        <ele>208.69</ele>
      </trkpt>
      <trkpt lat="43.767843" lon="4.83613">
        <ele>210.74</ele>
      </trkpt>
      <trkpt lat="43.767832" lon="4.836218">
        <ele>214.72</ele>
      </trkpt>
      <trkpt lat="43.767848" lon="4.836311">
        <ele>218.77</ele>
      </trkpt>
      <trkpt lat="43.767792" lon="4.83628">
        <ele>217.76</ele>
      </trkpt>
      <trkpt lat="43.767771" lon="4.836204">
        <ele>214.52</ele>
      </trkpt>
      <trkpt lat="43.767745" lon="4.836197">
        <ele>214.39</ele>
      </trkpt>
      <trkpt lat="43.767736" lon="4.836261">
        <ele>217.3</ele>
      </trkpt>
      <trkpt lat="43.76768" lon="4.836279">
        <ele>218.5</ele>
      </trkpt>
      <trkpt lat="43.767674" lon="4.836312">
        <ele>220.01</ele>
      </trkpt>
      <trkpt lat="43.767591" lon="4.836366">
        <ele>223.07</ele>
      </trkpt>
      <trkpt lat="43.767541" lon="4.836457">
        <ele>227.6</ele>
      </trkpt>
      <trkpt lat="43.767538" lon="4.836493">
        <ele>229.27</ele>
      </trkpt>
      <trkpt lat="43.767473" lon="4.836551">
        <ele>232.42</ele>
      </trkpt>
      <trkpt lat="43.767298" lon="4.836619">
        <ele>236.99</ele>
      </trkpt>
      <trkpt lat="43.76719" lon="4.836673">
        <ele>236.66</ele>
      </trkpt>
      <trkpt lat="43.767149" lon="4.836705">
        <ele>236.68</ele>
      </trkpt>
      <trkpt lat="43.767067" lon="4.836768">
        <ele>236.74</ele>
      </trkpt>
      <trkpt lat="43.766939" lon="4.836892">
        <ele>237.5</ele>
      </trkpt>
      <trkpt lat="43.766831" lon="4.837043">
        <ele>239.49</ele>
      </trkpt>
      <trkpt lat="43.766806" lon="4.837074">
        <ele>239.81</ele>
      </trkpt>
      <trkpt lat="43.766781" lon="4.837105">
        <ele>240.12</ele>
      </trkpt>
      <trkpt lat="43.766749" lon="4.837119">
        <ele>239.76</ele>
      </trkpt>
      <trkpt lat="43.766661" lon="4.837117">
        <ele>237.56</ele>
      </trkpt>
      <trkpt lat="43.766554" lon="4.837137">
        <ele>235.56</ele>
      </trkpt>
      <trkpt lat="43.766548" lon="4.837158">
        <ele>236.04</ele>
      </trkpt>
      <trkpt lat="43.766511" lon="4.837169">
        <ele>235.68</ele>
      </trkpt>
      <trkpt lat="43.766388" lon="4.837209">
        <ele>234.83</ele>
      </trkpt>
      <trkpt lat="43.766259" lon="4.837331">
        <ele>237.29</ele>
      </trkpt>
      <trkpt lat="43.766214" lon="4.837334">
        <ele>237.01</ele>
      </trkpt>
      <trkpt lat="43.766019" lon="4.837422">
        <ele>237.88</ele>
      </trkpt>
      <trkpt lat="43.765875" lon="4.837459">
        <ele>237.69</ele>
      </trkpt>
      <trkpt lat="43.765705" lon="4.837482">
        <ele>236.78</ele>
      </trkpt>
      <trkpt lat="43.765561" lon="4.837445">
        <ele>233.99</ele>
      </trkpt>
      <trkpt lat="43.765493" lon="4.837461">
        <ele>233.12</ele>
      </trkpt>
      <trkpt lat="43.765323" lon="4.83748">
        <ele>230.28</ele>
      </trkpt>
      <trkpt lat="43.765221" lon="4.837455">
        <ele>227.79</ele>
      </trkpt>
      <trkpt lat="43.765179" lon="4.83749">
        <ele>227.71</ele>
      </trkpt>
      <trkpt lat="43.76514" lon="4.837486">
        <ele>226.88</ele>
      </trkpt>
      <trkpt lat="43.765089" lon="4.837425">
        <ele>224.65</ele>
      </trkpt>
      <trkpt lat="43.765047" lon="4.837479">
        <ele>224.96</ele>
      </trkpt>
      <trkpt lat="43.764982" lon="4.837515">
        <ele>224.47</ele>
      </trkpt>
      <trkpt lat="43.764828" lon="4.83759">
        <ele>223.14</ele>
      </trkpt>
      <trkpt lat="43.764581" lon="4.837675">
        <ele>227.82</ele>
      </trkpt>
      <trkpt lat="43.764372" lon="4.837811">
        <ele>233.67</ele>
      </trkpt>
      <trkpt lat="43.763961" lon="4.838113">
        <ele>244.2</ele>
      </trkpt>
      <trkpt lat="43.763826" lon="4.838141">
        <ele>246.63</ele>
      </trkpt>
      <trkpt lat="43.763637" lon="4.83813">
        <ele>249.24</ele>
      </trkpt>
      <trkpt lat="43.763185" lon="4.838136">
        <ele>256.04</ele>
      </trkpt>
      <trkpt lat="43.762684" lon="4.838249">
        <ele>263.46</ele>
      </trkpt>
      <trkpt lat="43.762292" lon="4.838488">
        <ele>271.28</ele>
      </trkpt>
      <trkpt lat="43.762243" lon="4.8385">
        <ele>271.87</ele>
      </trkpt>
      <trkpt lat="43.762178" lon="4.838501">
        <ele>272.4</ele>
      </trkpt>
      <trkpt lat="43.76199" lon="4.838563">
        <ele>274.58</ele>
      </trkpt>
      <trkpt lat="43.761842" lon="4.83865">
        <ele>276.25</ele>
      </trkpt>
      <trkpt lat="43.761764" lon="4.838677">
        <ele>276.73</ele>
      </trkpt>
      <trkpt lat="43.761669" lon="4.83871">
        <ele>277.31</ele>
      </trkpt>
      <trkpt lat="43.761578" lon="4.838795">
        <ele>277.83</ele>
      </trkpt>
      <trkpt lat="43.761594" lon="4.838884">
        <ele>278.06</ele>
      </trkpt>
      <trkpt lat="43.761594" lon="4.838922">
        <ele>278.17</ele>
      </trkpt>
      <trkpt lat="43.761578" lon="4.838988">
        <ele>278.32</ele>
      </trkpt>
      <trkpt lat="43.761546" lon="4.839078">
        <ele>278.4</ele>
      </trkpt>
      <trkpt lat="43.761526" lon="4.839111">
        <ele>278.35</ele>
      </trkpt>
      <trkpt lat="43.761454" lon="4.839181">
        <ele>277.87</ele>
      </trkpt>
      <trkpt lat="43.761467" lon="4.839212">
        <ele>277.86</ele>
      </trkpt>
      <trkpt lat="43.761387" lon="4.839295">
        <ele>277.15</ele>
      </trkpt>
      <trkpt lat="43.761307" lon="4.8394">
        <ele>276.18</ele>
      </trkpt>
      <trkpt lat="43.761175" lon="4.83961">
        <ele>273.96</ele>
      </trkpt>
      <trkpt lat="43.761068" lon="4.839898">
        <ele>270.87</ele>
      </trkpt>
      <trkpt lat="43.761031" lon="4.839977">
        <ele>269.88</ele>
      </trkpt>
      <trkpt lat="43.760976" lon="4.840064">
        <ele>270.68</ele>
      </trkpt>
      <trkpt lat="43.760959" lon="4.840144">
        <ele>271.89</ele>
      </trkpt>
      <trkpt lat="43.760939" lon="4.840182">
        <ele>272.27</ele>
      </trkpt>
      <trkpt lat="43.760914" lon="4.84023">
        <ele>272.76</ele>
      </trkpt>
      <trkpt lat="43.760921" lon="4.840283">
        <ele>273.83</ele>
      </trkpt>
      <trkpt lat="43.760918" lon="4.840473">
        <ele>277.21</ele>
      </trkpt>
      <trkpt lat="43.760878" lon="4.840871">
        <ele>283.71</ele>
      </trkpt>
      <trkpt lat="43.760848" lon="4.84103">
        <ele>286.17</ele>
      </trkpt>
      <trkpt lat="43.760804" lon="4.841163">
        <ele>288.01</ele>
      </trkpt>
      <trkpt lat="43.760789" lon="4.841263">
        <ele>289.68</ele>
      </trkpt>
      <trkpt lat="43.760807" lon="4.841425">
        <ele>293.06</ele>
      </trkpt>
      <trkpt lat="43.760801" lon="4.841551">
        <ele>295.38</ele>
      </trkpt>
      <trkpt lat="43.760746" lon="4.841793">
        <ele>297.5</ele>
      </trkpt>
      <trkpt lat="43.760745" lon="4.841889">
        <ele>298.16</ele>
      </trkpt>
      <trkpt lat="43.760713" lon="4.84196">
        <ele>298.19</ele>
      </trkpt>
      <trkpt lat="43.760702" lon="4.842026">
        <ele>298.46</ele>
      </trkpt>
      <trkpt lat="43.760702" lon="4.84209">
        <ele>298.9</ele>
      </trkpt>
      <trkpt lat="43.760725" lon="4.842186">
        <ele>299.91</ele>
      </trkpt>
      <trkpt lat="43.760873" lon="4.842489">
        <ele>304.78</ele>
      </trkpt>
      <trkpt lat="43.760951" lon="4.84253">
        <ele>306.51</ele>
      </trkpt>
      <trkpt lat="43.761135" lon="4.842653">
        <ele>311.19</ele>
      </trkpt>
      <trkpt lat="43.76127" lon="4.84277">
        <ele>315.36</ele>
      </trkpt>
      <trkpt lat="43.761301" lon="4.842808">
        <ele>316.5</ele>
      </trkpt>
      <trkpt lat="43.761361" lon="4.842848">
        <ele>318.44</ele>
      </trkpt>
      <trkpt lat="43.761793" lon="4.842902">
        <ele>316.14</ele>
      </trkpt>
      <trkpt lat="43.761922" lon="4.842949">
        <ele>315.05</ele>
      </trkpt>
      <trkpt lat="43.76226" lon="4.843031">
        <ele>311.9</ele>
      </trkpt>
      <trkpt lat="43.762333" lon="4.843049">
        <ele>311.23</ele>
      </trkpt>
      <trkpt lat="43.762416" lon="4.843095">
        <ele>310.43</ele>
      </trkpt>
      <trkpt lat="43.762491" lon="4.843218">
        <ele>312.14</ele>
      </trkpt>
      <trkpt lat="43.762532" lon="4.843382">
        <ele>313.79</ele>
      </trkpt>
      <trkpt lat="43.762481" lon="4.843331">
        <ele>315.07</ele>
      </trkpt>
      <trkpt lat="43.762397" lon="4.843285">
        <ele>316.61</ele>
      </trkpt>
      <trkpt lat="43.762266" lon="4.843245">
        <ele>318.41</ele>
      </trkpt>
      <trkpt lat="43.762182" lon="4.843237">
        <ele>318.99</ele>
      </trkpt>
      <trkpt lat="43.762107" lon="4.843256">
        <ele>320.23</ele>
      </trkpt>
      <trkpt lat="43.761983" lon="4.843346">
        <ele>322.23</ele>
      </trkpt>
      <trkpt lat="43.761938" lon="4.843379">
        <ele>322.96</ele>
      </trkpt>
      <trkpt lat="43.761711" lon="4.843636">
        <ele>325.2</ele>
      </trkpt>
      <trkpt lat="43.761581" lon="4.843875">
        <ele>326.95</ele>
      </trkpt>
      <trkpt lat="43.761536" lon="4.843902">
        <ele>327.54</ele>
      </trkpt>
      <trkpt lat="43.761251" lon="4.843902">
        <ele>323.97</ele>
      </trkpt>
      <trkpt lat="43.761083" lon="4.843884">
        <ele>320.23</ele>
      </trkpt>
      <trkpt lat="43.760961" lon="4.843891">
        <ele>317.68</ele>
      </trkpt>
      <trkpt lat="43.760897" lon="4.843925">
        <ele>316.74</ele>
      </trkpt>
      <trkpt lat="43.760856" lon="4.843984">
        <ele>316.7</ele>
      </trkpt>
      <trkpt lat="43.760753" lon="4.844204">
        <ele>316.52</ele>
      </trkpt>
      <trkpt lat="43.760659" lon="4.844314">
        <ele>314.35</ele>
      </trkpt>
      <trkpt lat="43.760603" lon="4.844345">
        <ele>313.31</ele>
      </trkpt>
      <trkpt lat="43.760538" lon="4.84435">
        <ele>312.01</ele>
      </trkpt>
      <trkpt lat="43.760283" lon="4.844329">
        <ele>307.05</ele>
      </trkpt>
      <trkpt lat="43.760121" lon="4.844341">
        <ele>303.87</ele>
      </trkpt>
      <trkpt lat="43.760014" lon="4.844407">
        <ele>302.02</ele>
      </trkpt>
      <trkpt lat="43.759892" lon="4.844563">
        <ele>300.64</ele>
      </trkpt>
      <trkpt lat="43.759793" lon="4.844745">
        <ele>300.34</ele>
      </trkpt>
      <trkpt lat="43.759638" lon="4.845116">
        <ele>296.5</ele>
      </trkpt>
      <trkpt lat="43.75958" lon="4.845175">
        <ele>294.45</ele>
      </trkpt>
      <trkpt lat="43.759566" lon="4.845576">
        <ele>290.3</ele>
      </trkpt>
      <trkpt lat="43.759585" lon="4.845709">
        <ele>289.46</ele>
      </trkpt>
      <trkpt lat="43.759623" lon="4.845771">
        <ele>289.67</ele>
      </trkpt>
      <trkpt lat="43.759625" lon="4.846002">
        <ele>287.26</ele>
      </trkpt>
      <trkpt lat="43.759626" lon="4.846074">
        <ele>286.51</ele>
      </trkpt>
      <trkpt lat="43.759639" lon="4.846145">
        <ele>286.02</ele>
      </trkpt>
      <trkpt lat="43.759631" lon="4.846228">
        <ele>284.95</ele>
      </trkpt>
      <trkpt lat="43.759576" lon="4.846367">
        <ele>282.27</ele>
      </trkpt>
      <trkpt lat="43.759587" lon="4.846476">
        <ele>281.31</ele>
      </trkpt>
      <trkpt lat="43.75955" lon="4.846563">
        <ele>279.58</ele>
      </trkpt>
      <trkpt lat="43.759499" lon="4.846625">
        <ele>277.82</ele>
      </trkpt>
      <trkpt lat="43.759481" lon="4.846567">
        <ele>278.05</ele>
      </trkpt>
      <trkpt lat="43.759441" lon="4.846515">
        <ele>277.75</ele>
      </trkpt>
      <trkpt lat="43.759418" lon="4.846688">
        <ele>276.09</ele>
      </trkpt>
      <trkpt lat="43.759381" lon="4.846847">
        <ele>276.07</ele>
      </trkpt>
      <trkpt lat="43.759286" lon="4.847119">
        <ele>275.71</ele>
      </trkpt>
      <trkpt lat="43.7591" lon="4.847557">
        <ele>278.27</ele>
      </trkpt>
      <trkpt lat="43.759042" lon="4.847693">
        <ele>279.07</ele>
      </trkpt>
      <trkpt lat="43.758945" lon="4.847988">
        <ele>284.97</ele>
      </trkpt>
      <trkpt lat="43.758881" lon="4.848242">
        <ele>289.46</ele>
      </trkpt>
      <trkpt lat="43.758853" lon="4.848518">
        <ele>296.02</ele>
      </trkpt>
      <trkpt lat="43.758844" lon="4.848773">
        <ele>302.77</ele>
      </trkpt>
      <trkpt lat="43.758865" lon="4.849186">
        <ele>314.29</ele>
      </trkpt>
      <trkpt lat="43.758905" lon="4.84961">
        <ele>324</ele>
      </trkpt>
      <trkpt lat="43.758977" lon="4.85012">
        <ele>335.54</ele>
      </trkpt>
      <trkpt lat="43.759015" lon="4.850269">
        <ele>337.14</ele>
      </trkpt>
      <trkpt lat="43.759054" lon="4.850386">
        <ele>337.92</ele>
      </trkpt>
      <trkpt lat="43.759538" lon="4.851219">
        <ele>333.67</ele>
      </trkpt>
      <trkpt lat="43.759671" lon="4.851448">
        <ele>332.5</ele>
      </trkpt>
      <trkpt lat="43.75978" lon="4.851742">
        <ele>335.05</ele>
      </trkpt>
      <trkpt lat="43.759855" lon="4.851837">
        <ele>336.33</ele>
      </trkpt>
      <trkpt lat="43.759881" lon="4.851852">
        <ele>336.32</ele>
      </trkpt>
      <trkpt lat="43.759935" lon="4.851858">
        <ele>335.45</ele>
      </trkpt>
      <trkpt lat="43.760039" lon="4.85181">
        <ele>331.92</ele>
      </trkpt>
      <trkpt lat="43.760333" lon="4.851401">
        <ele>316.44</ele>
      </trkpt>
      <trkpt lat="43.760555" lon="4.851">
        <ele>304.14</ele>
      </trkpt>
      <trkpt lat="43.760603" lon="4.850949">
        <ele>302.37</ele>
      </trkpt>
      <trkpt lat="43.760666" lon="4.850942">
        <ele>302.24</ele>
      </trkpt>
      <trkpt lat="43.760699" lon="4.850969">
        <ele>303.15</ele>
      </trkpt>
      <trkpt lat="43.760716" lon="4.851034">
        <ele>304.69</ele>
      </trkpt>
      <trkpt lat="43.760747" lon="4.851369">
        <ele>312.15</ele>
      </trkpt>
      <trkpt lat="43.760741" lon="4.851719">
        <ele>319.53</ele>
      </trkpt>
      <trkpt lat="43.760705" lon="4.852012">
        <ele>325.35</ele>
      </trkpt>
      <trkpt lat="43.760673" lon="4.852164">
        <ele>328.41</ele>
      </trkpt>
      <trkpt lat="43.760623" lon="4.852309">
        <ele>331.5</ele>
      </trkpt>
      <trkpt lat="43.760522" lon="4.852531">
        <ele>339.22</ele>
      </trkpt>
      <trkpt lat="43.760455" lon="4.852625">
        <ele>343.05</ele>
      </trkpt>
      <trkpt lat="43.76036" lon="4.85268">
        <ele>346.71</ele>
      </trkpt>
      <trkpt lat="43.76009" lon="4.852662">
        <ele>353.57</ele>
      </trkpt>
      <trkpt lat="43.760044" lon="4.852669">
        <ele>354.88</ele>
      </trkpt>
      <trkpt lat="43.760004" lon="4.8527">
        <ele>356.45</ele>
      </trkpt>
      <trkpt lat="43.759856" lon="4.852943">
        <ele>363.7</ele>
      </trkpt>
      <trkpt lat="43.759491" lon="4.853634">
        <ele>369</ele>
      </trkpt>
      <trkpt lat="43.759414" lon="4.853718">
        <ele>367.7</ele>
      </trkpt>
      <trkpt lat="43.759366" lon="4.853735">
        <ele>367.04</ele>
      </trkpt>
      <trkpt lat="43.759322" lon="4.853734">
        <ele>366.6</ele>
      </trkpt>
      <trkpt lat="43.759241" lon="4.853707">
        <ele>366.14</ele>
      </trkpt>
      <trkpt lat="43.75916" lon="4.853655">
        <ele>366.26</ele>
      </trkpt>
      <trkpt lat="43.759107" lon="4.853578">
        <ele>367.4</ele>
      </trkpt>
      <trkpt lat="43.758913" lon="4.853294">
        <ele>371.59</ele>
      </trkpt>
      <trkpt lat="43.758887" lon="4.853379">
        <ele>368.62</ele>
      </trkpt>
      <trkpt lat="43.758882" lon="4.853482">
        <ele>365.87</ele>
      </trkpt>
      <trkpt lat="43.758892" lon="4.853603">
        <ele>363.27</ele>
      </trkpt>
      <trkpt lat="43.759133" lon="4.854325">
        <ele>358.26</ele>
      </trkpt>
      <trkpt lat="43.759382" lon="4.854979">
        <ele>368.16</ele>
      </trkpt>
      <trkpt lat="43.759592" lon="4.855806">
        <ele>378.05</ele>
      </trkpt>
      <trkpt lat="43.760228" lon="4.85893">
        <ele>383.51</ele>
      </trkpt>
      <trkpt lat="43.7609" lon="4.862106">
        <ele>381.43</ele>
      </trkpt>
      <trkpt lat="43.760926" lon="4.862206">
        <ele>380.72</ele>
      </trkpt>
      <trkpt lat="43.76096" lon="4.862277">
        <ele>380.34</ele>
      </trkpt>
      <trkpt lat="43.761003" lon="4.862337">
        <ele>380.16</ele>
      </trkpt>
      <trkpt lat="43.76103" lon="4.862418">
        <ele>379.79</ele>
      </trkpt>
      <trkpt lat="43.761044" lon="4.8625">
        <ele>379.33</ele>
      </trkpt>
      <trkpt lat="43.76103" lon="4.862642">
        <ele>378.06</ele>
      </trkpt>
      <trkpt lat="43.760972" lon="4.863004">
        <ele>374.08</ele>
      </trkpt>
      <trkpt lat="43.760834" lon="4.86348">
        <ele>368.48</ele>
      </trkpt>
      <trkpt lat="43.760778" lon="4.863622">
        <ele>367.77</ele>
      </trkpt>
      <trkpt lat="43.76073" lon="4.863741">
        <ele>367.17</ele>
      </trkpt>
      <trkpt lat="43.760715" lon="4.863817">
        <ele>367.16</ele>
      </trkpt>
      <trkpt lat="43.7606" lon="4.864063">
        <ele>365.75</ele>
      </trkpt>
      <trkpt lat="43.760422" lon="4.864414">
        <ele>361.8</ele>
      </trkpt>
      <trkpt lat="43.760394" lon="4.864507">
        <ele>361.53</ele>
      </trkpt>
      <trkpt lat="43.760379" lon="4.864597">
        <ele>361.64</ele>
      </trkpt>
      <trkpt lat="43.760377" lon="4.864932">
        <ele>364</ele>
      </trkpt>
      <trkpt lat="43.760364" lon="4.865089">
        <ele>362.95</ele>
      </trkpt>
      <trkpt lat="43.760323" lon="4.865281">
        <ele>360.02</ele>
      </trkpt>
      <trkpt lat="43.760315" lon="4.865481">
        <ele>358.15</ele>
      </trkpt>
      <trkpt lat="43.760269" lon="4.865613">
        <ele>355.54</ele>
      </trkpt>
      <trkpt lat="43.760157" lon="4.865796">
        <ele>350.34</ele>
      </trkpt>
      <trkpt lat="43.760118" lon="4.86584">
        <ele>349.09</ele>
      </trkpt>
      <trkpt lat="43.760017" lon="4.866089">
        <ele>347.04</ele>
      </trkpt>
      <trkpt lat="43.75992" lon="4.866154">
        <ele>344.04</ele>
      </trkpt>
      <trkpt lat="43.759777" lon="4.866444">
        <ele>340.49</ele>
      </trkpt>
      <trkpt lat="43.759677" lon="4.866721">
        <ele>339.12</ele>
      </trkpt>
      <trkpt lat="43.759665" lon="4.867093">
        <ele>343.67</ele>
      </trkpt>
      <trkpt lat="43.759626" lon="4.867369">
        <ele>345.78</ele>
      </trkpt>
      <trkpt lat="43.759637" lon="4.86774">
        <ele>346.38</ele>
      </trkpt>
      <trkpt lat="43.759633" lon="4.868034">
        <ele>344.78</ele>
      </trkpt>
      <trkpt lat="43.759707" lon="4.868283">
        <ele>346.6</ele>
      </trkpt>
      <trkpt lat="43.759706" lon="4.86835">
        <ele>345.79</ele>
      </trkpt>
      <trkpt lat="43.759727" lon="4.868448">
        <ele>344.97</ele>
      </trkpt>
      <trkpt lat="43.759692" lon="4.868475">
        <ele>343.17</ele>
      </trkpt>
      <trkpt lat="43.759703" lon="4.868562">
        <ele>342.14</ele>
      </trkpt>
      <trkpt lat="43.759761" lon="4.868645">
        <ele>342.83</ele>
      </trkpt>
      <trkpt lat="43.75974" lon="4.868682">
        <ele>341.44</ele>
      </trkpt>
      <trkpt lat="43.75975" lon="4.868756">
        <ele>340.5</ele>
      </trkpt>
      <trkpt lat="43.759769" lon="4.868809">
        <ele>340.25</ele>
      </trkpt>
      <trkpt lat="43.759761" lon="4.868867">
        <ele>338.94</ele>
      </trkpt>
      <trkpt lat="43.759742" lon="4.868911">
        <ele>337.56</ele>
      </trkpt>
      <trkpt lat="43.759739" lon="4.869064">
        <ele>334.83</ele>
      </trkpt>
      <trkpt lat="43.759723" lon="4.869106">
        <ele>333.64</ele>
      </trkpt>
      <trkpt lat="43.75974" lon="4.869153">
        <ele>333.36</ele>
      </trkpt>
      <trkpt lat="43.759731" lon="4.869216">
        <ele>332.36</ele>
      </trkpt>
      <trkpt lat="43.759747" lon="4.869327">
        <ele>331.48</ele>
      </trkpt>
      <trkpt lat="43.759801" lon="4.869437">
        <ele>331.62</ele>
      </trkpt>
      <trkpt lat="43.759831" lon="4.869557">
        <ele>330.69</ele>
      </trkpt>
      <trkpt lat="43.759829" lon="4.869597">
        <ele>330.19</ele>
      </trkpt>
      <trkpt lat="43.759863" lon="4.869657">
        <ele>330.08</ele>
      </trkpt>
      <trkpt lat="43.759871" lon="4.869743">
        <ele>329.26</ele>
      </trkpt>
      <trkpt lat="43.759852" lon="4.869837">
        <ele>327.82</ele>
      </trkpt>
      <trkpt lat="43.759871" lon="4.870014">
        <ele>326.58</ele>
      </trkpt>
      <trkpt lat="43.759842" lon="4.870048">
        <ele>325.99</ele>
      </trkpt>
      <trkpt lat="43.759848" lon="4.870201">
        <ele>326.11</ele>
      </trkpt>
      <trkpt lat="43.759994" lon="4.870335">
        <ele>329.08</ele>
      </trkpt>
      <trkpt lat="43.760008" lon="4.870394">
        <ele>329.38</ele>
      </trkpt>
      <trkpt lat="43.760025" lon="4.870426">
        <ele>329.72</ele>
      </trkpt>
      <trkpt lat="43.760016" lon="4.870513">
        <ele>329.53</ele>
      </trkpt>
      <trkpt lat="43.760057" lon="4.870606">
        <ele>330.38</ele>
      </trkpt>
      <trkpt lat="43.760044" lon="4.870679">
        <ele>330.11</ele>
      </trkpt>
      <trkpt lat="43.760021" lon="4.87071">
        <ele>329.65</ele>
      </trkpt>
      <trkpt lat="43.760027" lon="4.870786">
        <ele>329.77</ele>
      </trkpt>
      <trkpt lat="43.760084" lon="4.870785">
        <ele>330.92</ele>
      </trkpt>
      <trkpt lat="43.760142" lon="4.870865">
        <ele>331.94</ele>
      </trkpt>
      <trkpt lat="43.760179" lon="4.870888">
        <ele>332.65</ele>
      </trkpt>
      <trkpt lat="43.76017" lon="4.870926">
        <ele>332.36</ele>
      </trkpt>
      <trkpt lat="43.760193" lon="4.871029">
        <ele>332.58</ele>
      </trkpt>
      <trkpt lat="43.760287" lon="4.871068">
        <ele>334.69</ele>
      </trkpt>
      <trkpt lat="43.76031" lon="4.871125">
        <ele>335.16</ele>
      </trkpt>
      <trkpt lat="43.760301" lon="4.871364">
        <ele>334.62</ele>
      </trkpt>
      <trkpt lat="43.760284" lon="4.871495">
        <ele>333.95</ele>
      </trkpt>
      <trkpt lat="43.760246" lon="4.871539">
        <ele>332.8</ele>
      </trkpt>
      <trkpt lat="43.760206" lon="4.871756">
        <ele>331.45</ele>
      </trkpt>
      <trkpt lat="43.760226" lon="4.871815">
        <ele>332.12</ele>
      </trkpt>
      <trkpt lat="43.760225" lon="4.871885">
        <ele>332.17</ele>
      </trkpt>
      <trkpt lat="43.760197" lon="4.871936">
        <ele>331.22</ele>
      </trkpt>
      <trkpt lat="43.760215" lon="4.871988">
        <ele>331.89</ele>
      </trkpt>
      <trkpt lat="43.760222" lon="4.872106">
        <ele>332.22</ele>
      </trkpt>
      <trkpt lat="43.760207" lon="4.872162">
        <ele>331.7</ele>
      </trkpt>
      <trkpt lat="43.760223" lon="4.872241">
        <ele>332.38</ele>
      </trkpt>
      <trkpt lat="43.760216" lon="4.872312">
        <ele>332.13</ele>
      </trkpt>
      <trkpt lat="43.760234" lon="4.872357">
        <ele>332.98</ele>
      </trkpt>
      <trkpt lat="43.760224" lon="4.872456">
        <ele>332.61</ele>
      </trkpt>
      <trkpt lat="43.760241" lon="4.872507">
        <ele>333.35</ele>
      </trkpt>
      <trkpt lat="43.760223" lon="4.872663">
        <ele>332.17</ele>
      </trkpt>
      <trkpt lat="43.760237" lon="4.872731">
        <ele>332.65</ele>
      </trkpt>
      <trkpt lat="43.76022" lon="4.872996">
        <ele>331.23</ele>
      </trkpt>
      <trkpt lat="43.760234" lon="4.873103">
        <ele>331.66</ele>
      </trkpt>
      <trkpt lat="43.760208" lon="4.873291">
        <ele>329.93</ele>
      </trkpt>
      <trkpt lat="43.760239" lon="4.87331">
        <ele>331.48</ele>
      </trkpt>
      <trkpt lat="43.760248" lon="4.873339">
        <ele>331.82</ele>
      </trkpt>
      <trkpt lat="43.760239" lon="4.873393">
        <ele>331.19</ele>
      </trkpt>
      <trkpt lat="43.76029" lon="4.873433">
        <ele>333.53</ele>
      </trkpt>
      <trkpt lat="43.760298" lon="4.873491">
        <ele>333.65</ele>
      </trkpt>
      <trkpt lat="43.760285" lon="4.873653">
        <ele>332.35</ele>
      </trkpt>
      <trkpt lat="43.760265" lon="4.87367">
        <ele>331.38</ele>
      </trkpt>
      <trkpt lat="43.760243" lon="4.873643">
        <ele>330.5</ele>
      </trkpt>
      <trkpt lat="43.760212" lon="4.873629">
        <ele>329.16</ele>
      </trkpt>
      <trkpt lat="43.760277" lon="4.874223">
        <ele>328.54</ele>
      </trkpt>
      <trkpt lat="43.760261" lon="4.874259">
        <ele>327.28</ele>
      </trkpt>
      <trkpt lat="43.760232" lon="4.874279">
        <ele>325.87</ele>
      </trkpt>
      <trkpt lat="43.760213" lon="4.87438">
        <ele>323.37</ele>
      </trkpt>
      <trkpt lat="43.76022" lon="4.874426">
        <ele>322.8</ele>
      </trkpt>
      <trkpt lat="43.760146" lon="4.874819">
        <ele>313.61</ele>
      </trkpt>
      <trkpt lat="43.760147" lon="4.874861">
        <ele>312.93</ele>
      </trkpt>
      <trkpt lat="43.760167" lon="4.87493">
        <ele>312.27</ele>
      </trkpt>
      <trkpt lat="43.76016" lon="4.87509">
        <ele>309.88</ele>
      </trkpt>
      <trkpt lat="43.760134" lon="4.875218">
        <ele>307.66</ele>
      </trkpt>
      <trkpt lat="43.760126" lon="4.875321">
        <ele>306.21</ele>
      </trkpt>
      <trkpt lat="43.760045" lon="4.875592">
        <ele>301.06</ele>
      </trkpt>
      <trkpt lat="43.760035" lon="4.87571">
        <ele>299.43</ele>
      </trkpt>
      <trkpt lat="43.759961" lon="4.875911">
        <ele>298.56</ele>
      </trkpt>
      <trkpt lat="43.759935" lon="4.87606">
        <ele>301</ele>
      </trkpt>
      <trkpt lat="43.75987" lon="4.876242">
        <ele>303.55</ele>
      </trkpt>
      <trkpt lat="43.759867" lon="4.876281">
        <ele>304.3</ele>
      </trkpt>
      <trkpt lat="43.759835" lon="4.876322">
        <ele>304.66</ele>
      </trkpt>
      <trkpt lat="43.759848" lon="4.876375">
        <ele>305.97</ele>
      </trkpt>
      <trkpt lat="43.759823" lon="4.876422">
        <ele>306.6</ele>
      </trkpt>
      <trkpt lat="43.759805" lon="4.876455">
        <ele>307.04</ele>
      </trkpt>
      <trkpt lat="43.759801" lon="4.876598">
        <ele>310.06</ele>
      </trkpt>
      <trkpt lat="43.759774" lon="4.876703">
        <ele>311.27</ele>
      </trkpt>
      <trkpt lat="43.759723" lon="4.876715">
        <ele>309.22</ele>
      </trkpt>
      <trkpt lat="43.759708" lon="4.876769">
        <ele>309.57</ele>
      </trkpt>
      <trkpt lat="43.759663" lon="4.876818">
        <ele>308.42</ele>
      </trkpt>
      <trkpt lat="43.759655" lon="4.876877">
        <ele>309.14</ele>
      </trkpt>
      <trkpt lat="43.759612" lon="4.876983">
        <ele>308.94</ele>
      </trkpt>
      <trkpt lat="43.759587" lon="4.877067">
        <ele>309.15</ele>
      </trkpt>
      <trkpt lat="43.759615" lon="4.877277">
        <ele>314.32</ele>
      </trkpt>
      <trkpt lat="43.759592" lon="4.877361">
        <ele>314.56</ele>
      </trkpt>
      <trkpt lat="43.7596" lon="4.877452">
        <ele>316.6</ele>
      </trkpt>
      <trkpt lat="43.759575" lon="4.877526">
        <ele>315.71</ele>
      </trkpt>
      <trkpt lat="43.759587" lon="4.877706">
        <ele>316.55</ele>
      </trkpt>
      <trkpt lat="43.759575" lon="4.877753">
        <ele>315.94</ele>
      </trkpt>
      <trkpt lat="43.759547" lon="4.877788">
        <ele>314.41</ele>
      </trkpt>
      <trkpt lat="43.759558" lon="4.877958">
        <ele>315.23</ele>
      </trkpt>
      <trkpt lat="43.759636" lon="4.878111">
        <ele>319.56</ele>
      </trkpt>
      <trkpt lat="43.759662" lon="4.878277">
        <ele>321.07</ele>
      </trkpt>
      <trkpt lat="43.759706" lon="4.878306">
        <ele>323.37</ele>
      </trkpt>
      <trkpt lat="43.759746" lon="4.878515">
        <ele>325.48</ele>
      </trkpt>
      <trkpt lat="43.759742" lon="4.878642">
        <ele>325.29</ele>
      </trkpt>
      <trkpt lat="43.759697" lon="4.878726">
        <ele>322.93</ele>
      </trkpt>
      <trkpt lat="43.759638" lon="4.878981">
        <ele>319.82</ele>
      </trkpt>
      <trkpt lat="43.759638" lon="4.879026">
        <ele>319.82</ele>
      </trkpt>
      <trkpt lat="43.75958" lon="4.879059">
        <ele>316.74</ele>
      </trkpt>
      <trkpt lat="43.759569" lon="4.87924">
        <ele>316.13</ele>
      </trkpt>
      <trkpt lat="43.75953" lon="4.879313">
        <ele>314.07</ele>
      </trkpt>
      <trkpt lat="43.759464" lon="4.879354">
        <ele>310.66</ele>
      </trkpt>
      <trkpt lat="43.759468" lon="4.879453">
        <ele>310.87</ele>
      </trkpt>
      <trkpt lat="43.759401" lon="4.879618">
        <ele>307.53</ele>
      </trkpt>
      <trkpt lat="43.759421" lon="4.880162">
        <ele>309.84</ele>
      </trkpt>
      <trkpt lat="43.759467" lon="4.880419">
        <ele>313.56</ele>
      </trkpt>
      <trkpt lat="43.759521" lon="4.880531">
        <ele>316.66</ele>
      </trkpt>
      <trkpt lat="43.759523" lon="4.880613">
        <ele>317.19</ele>
      </trkpt>
      <trkpt lat="43.759502" lon="4.88071">
        <ele>316.82</ele>
      </trkpt>
      <trkpt lat="43.759532" lon="4.880795">
        <ele>318.6</ele>
      </trkpt>
      <trkpt lat="43.759515" lon="4.880904">
        <ele>319.32</ele>
      </trkpt>
      <trkpt lat="43.759535" lon="4.881208">
        <ele>324.61</ele>
      </trkpt>
      <trkpt lat="43.759523" lon="4.881297">
        <ele>325.46</ele>
      </trkpt>
      <trkpt lat="43.759595" lon="4.881495">
        <ele>331.2</ele>
      </trkpt>
      <trkpt lat="43.759598" lon="4.881561">
        <ele>332.27</ele>
      </trkpt>
      <trkpt lat="43.759614" lon="4.881591">
        <ele>333.31</ele>
      </trkpt>
      <trkpt lat="43.759622" lon="4.881646">
        <ele>334.42</ele>
      </trkpt>
      <trkpt lat="43.759668" lon="4.881673">
        <ele>336.28</ele>
      </trkpt>
      <trkpt lat="43.759721" lon="4.881869">
        <ele>338.88</ele>
      </trkpt>
      <trkpt lat="43.759723" lon="4.88202">
        <ele>339.38</ele>
      </trkpt>
      <trkpt lat="43.759796" lon="4.882112">
        <ele>342.06</ele>
      </trkpt>
      <trkpt lat="43.759839" lon="4.882238">
        <ele>341.48</ele>
      </trkpt>
      <trkpt lat="43.759861" lon="4.882398">
        <ele>341.53</ele>
      </trkpt>
      <trkpt lat="43.759753" lon="4.882465">
        <ele>341.66</ele>
      </trkpt>
      <trkpt lat="43.759717" lon="4.88244">
        <ele>340.42</ele>
      </trkpt>
      <trkpt lat="43.759685" lon="4.882494">
        <ele>339.31</ele>
      </trkpt>
      <trkpt lat="43.759646" lon="4.882453">
        <ele>338.14</ele>
      </trkpt>
      <trkpt lat="43.759631" lon="4.882474">
        <ele>337.72</ele>
      </trkpt>
      <trkpt lat="43.7596" lon="4.882463">
        <ele>336.68</ele>
      </trkpt>
      <trkpt lat="43.759544" lon="4.882497">
        <ele>334.73</ele>
      </trkpt>
      <trkpt lat="43.75943" lon="4.882432">
        <ele>330.97</ele>
      </trkpt>
      <trkpt lat="43.759322" lon="4.882447">
        <ele>327.55</ele>
      </trkpt>
      <trkpt lat="43.759207" lon="4.882555">
        <ele>323.5</ele>
      </trkpt>
      <trkpt lat="43.759056" lon="4.882607">
        <ele>318.51</ele>
      </trkpt>
      <trkpt lat="43.758941" lon="4.882593">
        <ele>315.3</ele>
      </trkpt>
      <trkpt lat="43.758819" lon="4.882419">
        <ele>313.09</ele>
      </trkpt>
      <trkpt lat="43.758758" lon="4.882291">
        <ele>310.91</ele>
      </trkpt>
      <trkpt lat="43.758635" lon="4.882217">
        <ele>308.08</ele>
      </trkpt>
      <trkpt lat="43.758581" lon="4.882218">
        <ele>307.15</ele>
      </trkpt>
      <trkpt lat="43.758534" lon="4.88226">
        <ele>306.72</ele>
      </trkpt>
      <trkpt lat="43.758504" lon="4.88231">
        <ele>306.69</ele>
      </trkpt>
      <trkpt lat="43.758541" lon="4.882485">
        <ele>308.96</ele>
      </trkpt>
      <trkpt lat="43.758588" lon="4.882558">
        <ele>309.85</ele>
      </trkpt>
      <trkpt lat="43.758697" lon="4.882692">
        <ele>311.54</ele>
      </trkpt>
      <trkpt lat="43.758787" lon="4.882894">
        <ele>312.54</ele>
      </trkpt>
      <trkpt lat="43.758792" lon="4.883054">
        <ele>312.36</ele>
      </trkpt>
      <trkpt lat="43.758785" lon="4.883255">
        <ele>312.03</ele>
      </trkpt>
      <trkpt lat="43.758748" lon="4.883386">
        <ele>311.1</ele>
      </trkpt>
      <trkpt lat="43.758752" lon="4.883539">
        <ele>309.79</ele>
      </trkpt>
      <trkpt lat="43.75876" lon="4.883801">
        <ele>307.55</ele>
      </trkpt>
      <trkpt lat="43.758662" lon="4.884188">
        <ele>303.83</ele>
      </trkpt>
      <trkpt lat="43.758656" lon="4.884426">
        <ele>301.14</ele>
      </trkpt>
      <trkpt lat="43.758666" lon="4.884642">
        <ele>298.74</ele>
      </trkpt>
      <trkpt lat="43.758709" lon="4.884782">
        <ele>297.32</ele>
      </trkpt>
      <trkpt lat="43.758722" lon="4.884973">
        <ele>295.24</ele>
      </trkpt>
      <trkpt lat="43.758755" lon="4.885177">
        <ele>293.85</ele>
      </trkpt>
      <trkpt lat="43.758727" lon="4.885211">
        <ele>293.5</ele>
      </trkpt>
      <trkpt lat="43.758712" lon="4.885506">
        <ele>291.32</ele>
      </trkpt>
      <trkpt lat="43.758776" lon="4.88566">
        <ele>290.45</ele>
      </trkpt>
      <trkpt lat="43.758788" lon="4.885999">
        <ele>288.36</ele>
      </trkpt>
      <trkpt lat="43.758781" lon="4.886234">
        <ele>287.02</ele>
      </trkpt>
      <trkpt lat="43.758734" lon="4.886623">
        <ele>284.52</ele>
      </trkpt>
      <trkpt lat="43.758808" lon="4.88684">
        <ele>284.4</ele>
      </trkpt>
      <trkpt lat="43.75887" lon="4.886983">
        <ele>284.51</ele>
      </trkpt>
      <trkpt lat="43.758813" lon="4.88728">
        <ele>283.3</ele>
      </trkpt>
      <trkpt lat="43.758878" lon="4.887501">
        <ele>283.31</ele>
      </trkpt>
      <trkpt lat="43.758825" lon="4.887546">
        <ele>282.83</ele>
      </trkpt>
      <trkpt lat="43.758953" lon="4.887715">
        <ele>283.93</ele>
      </trkpt>
      <trkpt lat="43.758945" lon="4.887943">
        <ele>283.84</ele>
      </trkpt>
      <trkpt lat="43.75895" lon="4.888212">
        <ele>283.88</ele>
      </trkpt>
      <trkpt lat="43.759009" lon="4.88847">
        <ele>286.33</ele>
      </trkpt>
      <trkpt lat="43.758999" lon="4.888691">
        <ele>286.47</ele>
      </trkpt>
      <trkpt lat="43.759013" lon="4.888813">
        <ele>287.29</ele>
      </trkpt>
      <trkpt lat="43.759005" lon="4.888832">
        <ele>287.01</ele>
      </trkpt>
      <trkpt lat="43.758967" lon="4.888921">
        <ele>285.73</ele>
      </trkpt>
      <trkpt lat="43.759006" lon="4.889108">
        <ele>287.66</ele>
      </trkpt>
      <trkpt lat="43.759131" lon="4.889326">
        <ele>293.26</ele>
      </trkpt>
      <trkpt lat="43.759177" lon="4.889511">
        <ele>295.63</ele>
      </trkpt>
      <trkpt lat="43.759151" lon="4.889745">
        <ele>295.55</ele>
      </trkpt>
      <trkpt lat="43.759185" lon="4.889988">
        <ele>297.49</ele>
      </trkpt>
      <trkpt lat="43.759236" lon="4.890267">
        <ele>296.44</ele>
      </trkpt>
      <trkpt lat="43.759229" lon="4.890518">
        <ele>293.71</ele>
      </trkpt>
      <trkpt lat="43.759232" lon="4.890739">
        <ele>291.6</ele>
      </trkpt>
      <trkpt lat="43.759196" lon="4.890831">
        <ele>289.62</ele>
      </trkpt>
      <trkpt lat="43.759167" lon="4.890847">
        <ele>288.58</ele>
      </trkpt>
      <trkpt lat="43.759104" lon="4.890964">
        <ele>285.4</ele>
      </trkpt>
      <trkpt lat="43.759117" lon="4.891076">
        <ele>284.46</ele>
      </trkpt>
      <trkpt lat="43.759094" lon="4.89118">
        <ele>282.57</ele>
      </trkpt>
      <trkpt lat="43.759109" lon="4.891258">
        <ele>282.07</ele>
      </trkpt>
      <trkpt lat="43.759042" lon="4.891331">
        <ele>279.24</ele>
      </trkpt>
      <trkpt lat="43.759017" lon="4.891467">
        <ele>276.87</ele>
      </trkpt>
      <trkpt lat="43.758952" lon="4.891529">
        <ele>274.48</ele>
      </trkpt>
      <trkpt lat="43.758915" lon="4.891702">
        <ele>273.01</ele>
      </trkpt>
      <trkpt lat="43.758831" lon="4.891825">
        <ele>272.94</ele>
      </trkpt>
      <trkpt lat="43.758802" lon="4.891947">
        <ele>272.48</ele>
      </trkpt>
      <trkpt lat="43.758828" lon="4.892403">
        <ele>269.71</ele>
      </trkpt>
      <trkpt lat="43.758867" lon="4.892715">
        <ele>267.86</ele>
      </trkpt>
      <trkpt lat="43.75893" lon="4.892889">
        <ele>266.39</ele>
      </trkpt>
      <trkpt lat="43.758884" lon="4.892983">
        <ele>266.49</ele>
      </trkpt>
      <trkpt lat="43.758917" lon="4.893075">
        <ele>265.68</ele>
      </trkpt>
      <trkpt lat="43.758933" lon="4.893072">
        <ele>265.5</ele>
      </trkpt>
      <trkpt lat="43.758916" lon="4.893127">
        <ele>265.45</ele>
      </trkpt>
      <trkpt lat="43.758972" lon="4.893251">
        <ele>264.82</ele>
      </trkpt>
      <trkpt lat="43.758973" lon="4.893293">
        <ele>264.65</ele>
      </trkpt>
      <trkpt lat="43.759002" lon="4.893335">
        <ele>265.56</ele>
      </trkpt>
      <trkpt lat="43.758978" lon="4.893414">
        <ele>263.93</ele>
      </trkpt>
      <trkpt lat="43.758996" lon="4.89352">
        <ele>263.83</ele>
      </trkpt>
      <trkpt lat="43.758975" lon="4.893586">
        <ele>262.4</ele>
      </trkpt>
      <trkpt lat="43.759004" lon="4.893608">
        <ele>263.48</ele>
      </trkpt>
      <trkpt lat="43.758986" lon="4.893677">
        <ele>262.15</ele>
      </trkpt>
      <trkpt lat="43.759092" lon="4.894025">
        <ele>264.52</ele>
      </trkpt>
      <trkpt lat="43.759183" lon="4.894208">
        <ele>267.69</ele>
      </trkpt>
      <trkpt lat="43.759199" lon="4.894285">
        <ele>267.74</ele>
      </trkpt>
      <trkpt lat="43.75916" lon="4.894427">
        <ele>264.41</ele>
      </trkpt>
      <trkpt lat="43.759159" lon="4.89452">
        <ele>263.46</ele>
      </trkpt>
      <trkpt lat="43.759143" lon="4.894607">
        <ele>261.82</ele>
      </trkpt>
      <trkpt lat="43.759122" lon="4.894628">
        <ele>260.58</ele>
      </trkpt>
      <trkpt lat="43.7591" lon="4.894651">
        <ele>259.23</ele>
      </trkpt>
      <trkpt lat="43.759084" lon="4.894708">
        <ele>257.87</ele>
      </trkpt>
      <trkpt lat="43.759088" lon="4.894755">
        <ele>257.66</ele>
      </trkpt>
      <trkpt lat="43.759144" lon="4.894827">
        <ele>259.76</ele>
      </trkpt>
      <trkpt lat="43.759193" lon="4.89495">
        <ele>261.05</ele>
      </trkpt>
      <trkpt lat="43.759259" lon="4.89508">
        <ele>263.28</ele>
      </trkpt>
      <trkpt lat="43.759303" lon="4.895275">
        <ele>263.78</ele>
      </trkpt>
      <trkpt lat="43.759324" lon="4.895437">
        <ele>263.35</ele>
      </trkpt>
      <trkpt lat="43.759294" lon="4.895489">
        <ele>261.59</ele>
      </trkpt>
      <trkpt lat="43.7593" lon="4.895553">
        <ele>261.28</ele>
      </trkpt>
      <trkpt lat="43.759386" lon="4.895738">
        <ele>263.14</ele>
      </trkpt>
      <trkpt lat="43.759436" lon="4.896097">
        <ele>260.38</ele>
      </trkpt>
      <trkpt lat="43.759491" lon="4.896172">
        <ele>261.22</ele>
      </trkpt>
      <trkpt lat="43.759534" lon="4.896293">
        <ele>260.88</ele>
      </trkpt>
      <trkpt lat="43.759585" lon="4.896641">
        <ele>257.13</ele>
      </trkpt>
      <trkpt lat="43.759654" lon="4.896769">
        <ele>257.06</ele>
      </trkpt>
      <trkpt lat="43.759757" lon="4.896803">
        <ele>259.26</ele>
      </trkpt>
      <trkpt lat="43.759781" lon="4.896759">
        <ele>260.67</ele>
      </trkpt>
      <trkpt lat="43.759842" lon="4.896739">
        <ele>262.68</ele>
      </trkpt>
      <trkpt lat="43.759919" lon="4.896733">
        <ele>264.82</ele>
      </trkpt>
      <trkpt lat="43.759978" lon="4.896815">
        <ele>264.71</ele>
      </trkpt>
      <trkpt lat="43.760078" lon="4.896879">
        <ele>265.89</ele>
      </trkpt>
      <trkpt lat="43.760305" lon="4.896917">
        <ele>270.52</ele>
      </trkpt>
      <trkpt lat="43.76037" lon="4.89685">
        <ele>273.79</ele>
      </trkpt>
      <trkpt lat="43.760507" lon="4.896873">
        <ele>276.6</ele>
      </trkpt>
      <trkpt lat="43.760645" lon="4.896916">
        <ele>277.5</ele>
      </trkpt>
      <trkpt lat="43.760702" lon="4.897021">
        <ele>272.09</ele>
      </trkpt>
      <trkpt lat="43.760768" lon="4.896946">
        <ele>271.29</ele>
      </trkpt>
      <trkpt lat="43.760928" lon="4.896873">
        <ele>266.09</ele>
      </trkpt>
      <trkpt lat="43.760968" lon="4.896894">
        <ele>263.77</ele>
      </trkpt>
      <trkpt lat="43.761065" lon="4.896788">
        <ele>261.85</ele>
      </trkpt>
      <trkpt lat="43.761082" lon="4.896841">
        <ele>259.92</ele>
      </trkpt>
      <trkpt lat="43.76109" lon="4.896963">
        <ele>256.83</ele>
      </trkpt>
      <trkpt lat="43.761045" lon="4.897103">
        <ele>255.62</ele>
      </trkpt>
      <trkpt lat="43.761095" lon="4.897078">
        <ele>254.07</ele>
      </trkpt>
      <trkpt lat="43.761155" lon="4.897129">
        <ele>250.47</ele>
      </trkpt>
      <trkpt lat="43.761244" lon="4.897061">
        <ele>248.17</ele>
      </trkpt>
      <trkpt lat="43.761293" lon="4.897112">
        <ele>245.13</ele>
      </trkpt>
      <trkpt lat="43.761349" lon="4.897141">
        <ele>242.33</ele>
      </trkpt>
      <trkpt lat="43.761436" lon="4.897105">
        <ele>239.37</ele>
      </trkpt>
      <trkpt lat="43.761481" lon="4.897055">
        <ele>238.16</ele>
      </trkpt>
      <trkpt lat="43.761581" lon="4.897036">
        <ele>233.56</ele>
      </trkpt>
      <trkpt lat="43.761693" lon="4.897074">
        <ele>227.44</ele>
      </trkpt>
      <trkpt lat="43.761828" lon="4.897136">
        <ele>219.81</ele>
      </trkpt>
      <trkpt lat="43.761924" lon="4.897127">
        <ele>215.24</ele>
      </trkpt>
      <trkpt lat="43.761993" lon="4.897225">
        <ele>210.37</ele>
      </trkpt>
      <trkpt lat="43.762024" lon="4.897219">
        <ele>208.95</ele>
      </trkpt>
      <trkpt lat="43.762155" lon="4.897194">
        <ele>202.96</ele>
      </trkpt>
      <trkpt lat="43.762227" lon="4.89724">
        <ele>198.75</ele>
      </trkpt>
      <trkpt lat="43.762308" lon="4.897235">
        <ele>195.09</ele>
      </trkpt>
      <trkpt lat="43.762493" lon="4.89735">
        <ele>187.71</ele>
      </trkpt>
      <trkpt lat="43.762527" lon="4.897361">
        <ele>186.55</ele>
      </trkpt>
      <trkpt lat="43.762658" lon="4.897683">
        <ele>180.4</ele>
      </trkpt>
      <trkpt lat="43.762736" lon="4.897791">
        <ele>177.34</ele>
      </trkpt>
      <trkpt lat="43.762809" lon="4.89778">
        <ele>175.13</ele>
      </trkpt>
      <trkpt lat="43.76295" lon="4.897787">
        <ele>170.67</ele>
      </trkpt>
      <trkpt lat="43.763112" lon="4.897733">
        <ele>166.09</ele>
      </trkpt>
      <trkpt lat="43.763403" lon="4.897517">
        <ele>160.79</ele>
      </trkpt>
      <trkpt lat="43.763574" lon="4.89745">
        <ele>156.77</ele>
      </trkpt>
      <trkpt lat="43.763641" lon="4.897453">
        <ele>155.08</ele>
      </trkpt>
      <trkpt lat="43.763799" lon="4.897482">
        <ele>151.09</ele>
      </trkpt>
      <trkpt lat="43.763834" lon="4.897585">
        <ele>149.73</ele>
      </trkpt>
      <trkpt lat="43.763951" lon="4.897625">
        <ele>146.73</ele>
      </trkpt>
      <trkpt lat="43.763959" lon="4.897694">
        <ele>146.29</ele>
      </trkpt>
      <trkpt lat="43.763988" lon="4.897715">
        <ele>145.78</ele>
      </trkpt>
      <trkpt lat="43.7642" lon="4.897982">
        <ele>142.16</ele>
      </trkpt>
      <trkpt lat="43.764232" lon="4.898157">
        <ele>141.39</ele>
      </trkpt>
      <trkpt lat="43.764233" lon="4.898378">
        <ele>141.42</ele>
      </trkpt>
      <trkpt lat="43.76427" lon="4.898507">
        <ele>141.8</ele>
      </trkpt>
      <trkpt lat="43.764223" lon="4.898554">
        <ele>142.59</ele>
      </trkpt>
      <trkpt lat="43.764177" lon="4.898543">
        <ele>143.02</ele>
      </trkpt>
      <trkpt lat="43.764017" lon="4.89847">
        <ele>144.32</ele>
      </trkpt>
      <trkpt lat="43.763955" lon="4.898482">
        <ele>145.11</ele>
      </trkpt>
      <trkpt lat="43.763918" lon="4.898539">
        <ele>146.14</ele>
      </trkpt>
      <trkpt lat="43.763833" lon="4.899244">
        <ele>151.79</ele>
      </trkpt>
      <trkpt lat="43.763864" lon="4.899324">
        <ele>151.73</ele>
      </trkpt>
      <trkpt lat="43.764019" lon="4.899383">
        <ele>149.41</ele>
      </trkpt>
      <trkpt lat="43.764042" lon="4.899426">
        <ele>149.32</ele>
      </trkpt>
      <trkpt lat="43.764027" lon="4.899642">
        <ele>150.48</ele>
      </trkpt>
      <trkpt lat="43.764007" lon="4.899939">
        <ele>152.08</ele>
      </trkpt>
      <trkpt lat="43.763986" lon="4.900455">
        <ele>155.34</ele>
      </trkpt>
      <trkpt lat="43.763945" lon="4.900739">
        <ele>158</ele>
      </trkpt>
      <trkpt lat="43.76395" lon="4.900857">
        <ele>158.15</ele>
      </trkpt>
      <trkpt lat="43.763929" lon="4.900983">
        <ele>158.26</ele>
      </trkpt>
      <trkpt lat="43.763934" lon="4.901103">
        <ele>157.66</ele>
      </trkpt>
      <trkpt lat="43.764001" lon="4.901257">
        <ele>155.6</ele>
      </trkpt>
      <trkpt lat="43.763996" lon="4.901496">
        <ele>154.89</ele>
      </trkpt>
      <trkpt lat="43.764069" lon="4.901716">
        <ele>152.41</ele>
      </trkpt>
      <trkpt lat="43.764063" lon="4.90185">
        <ele>151.22</ele>
      </trkpt>
      <trkpt lat="43.764026" lon="4.901909">
        <ele>151.21</ele>
      </trkpt>
      <trkpt lat="43.764059" lon="4.902045">
        <ele>149.36</ele>
      </trkpt>
      <trkpt lat="43.764032" lon="4.902129">
        <ele>148.9</ele>
      </trkpt>
      <trkpt lat="43.764045" lon="4.902237">
        <ele>147.65</ele>
      </trkpt>
      <trkpt lat="43.76408" lon="4.902394">
        <ele>145.71</ele>
      </trkpt>
      <trkpt lat="43.764213" lon="4.902552">
        <ele>143.17</ele>
      </trkpt>
      <trkpt lat="43.764344" lon="4.902539">
        <ele>141.99</ele>
      </trkpt>
      <trkpt lat="43.764473" lon="4.902583">
        <ele>140.49</ele>
      </trkpt>
      <trkpt lat="43.764497" lon="4.902772">
        <ele>139.13</ele>
      </trkpt>
      <trkpt lat="43.76448" lon="4.903026">
        <ele>137.76</ele>
      </trkpt>
      <trkpt lat="43.764484" lon="4.903051">
        <ele>137.58</ele>
      </trkpt>
      <trkpt lat="43.764188" lon="4.903266">
        <ele>139.12</ele>
      </trkpt>
      <trkpt lat="43.763948" lon="4.903372">
        <ele>141.18</ele>
      </trkpt>
      <trkpt lat="43.763747" lon="4.90343">
        <ele>145.93</ele>
      </trkpt>
      <trkpt lat="43.763521" lon="4.903549">
        <ele>150.79</ele>
      </trkpt>
      <trkpt lat="43.763365" lon="4.903671">
        <ele>153.64</ele>
      </trkpt>
      <trkpt lat="43.763137" lon="4.903905">
        <ele>156.85</ele>
      </trkpt>
      <trkpt lat="43.763114" lon="4.904046">
        <ele>156.44</ele>
      </trkpt>
      <trkpt lat="43.76313" lon="4.904242">
        <ele>155.27</ele>
      </trkpt>
      <trkpt lat="43.763117" lon="4.904429">
        <ele>156.42</ele>
      </trkpt>
      <trkpt lat="43.763119" lon="4.904979">
        <ele>158.34</ele>
      </trkpt>
      <trkpt lat="43.763076" lon="4.905609">
        <ele>154.89</ele>
      </trkpt>
      <trkpt lat="43.763022" lon="4.905946">
        <ele>154.98</ele>
      </trkpt>
      <trkpt lat="43.762943" lon="4.906088">
        <ele>157.91</ele>
      </trkpt>
      <trkpt lat="43.762924" lon="4.906226">
        <ele>158.29</ele>
      </trkpt>
      <trkpt lat="43.762929" lon="4.90639">
        <ele>157.58</ele>
      </trkpt>
      <trkpt lat="43.762897" lon="4.906596">
        <ele>158.37</ele>
      </trkpt>
      <trkpt lat="43.762845" lon="4.9068">
        <ele>158.8</ele>
      </trkpt>
      <trkpt lat="43.762798" lon="4.907141">
        <ele>156.55</ele>
      </trkpt>
      <trkpt lat="43.762743" lon="4.907644">
        <ele>152.55</ele>
      </trkpt>
      <trkpt lat="43.762703" lon="4.907909">
        <ele>151.1</ele>
      </trkpt>
      <trkpt lat="43.762705" lon="4.908061">
        <ele>149.58</ele>
      </trkpt>
      <trkpt lat="43.762688" lon="4.908201">
        <ele>148.5</ele>
      </trkpt>
      <trkpt lat="43.762647" lon="4.908356">
        <ele>148.08</ele>
      </trkpt>
      <trkpt lat="43.762586" lon="4.908452">
        <ele>149.42</ele>
      </trkpt>
      <trkpt lat="43.762132" lon="4.909449">
        <ele>165.21</ele>
      </trkpt>
      <trkpt lat="43.762079" lon="4.909605">
        <ele>167.76</ele>
      </trkpt>
      <trkpt lat="43.761988" lon="4.909924">
        <ele>172.25</ele>
      </trkpt>
      <trkpt lat="43.761957" lon="4.910066">
        <ele>172.02</ele>
      </trkpt>
      <trkpt lat="43.761944" lon="4.910122">
        <ele>171.93</ele>
      </trkpt>
      <trkpt lat="43.761831" lon="4.910403">
        <ele>171.42</ele>
      </trkpt>
      <trkpt lat="43.761795" lon="4.910518">
        <ele>170.88</ele>
      </trkpt>
      <trkpt lat="43.761797" lon="4.910597">
        <ele>169.68</ele>
      </trkpt>
      <trkpt lat="43.761743" lon="4.910932">
        <ele>166.28</ele>
      </trkpt>
      <trkpt lat="43.761701" lon="4.911098">
        <ele>164.71</ele>
      </trkpt>
      <trkpt lat="43.761623" lon="4.911234">
        <ele>164.53</ele>
      </trkpt>
      <trkpt lat="43.761354" lon="4.911592">
        <ele>169.07</ele>
      </trkpt>
      <trkpt lat="43.761302" lon="4.911739">
        <ele>170.02</ele>
      </trkpt>
      <trkpt lat="43.761182" lon="4.911912">
        <ele>174.45</ele>
      </trkpt>
      <trkpt lat="43.760758" lon="4.912411">
        <ele>183.88</ele>
      </trkpt>
      <trkpt lat="43.760675" lon="4.912535">
        <ele>183.72</ele>
      </trkpt>
      <trkpt lat="43.760489" lon="4.912865">
        <ele>181.86</ele>
      </trkpt>
      <trkpt lat="43.760374" lon="4.913024">
        <ele>180.94</ele>
      </trkpt>
      <trkpt lat="43.760119" lon="4.913237">
        <ele>181.3</ele>
      </trkpt>
      <trkpt lat="43.760031" lon="4.913356">
        <ele>179.55</ele>
      </trkpt>
      <trkpt lat="43.759751" lon="4.91381">
        <ele>175.25</ele>
      </trkpt>
      <trkpt lat="43.759636" lon="4.914011">
        <ele>172.17</ele>
      </trkpt>
      <trkpt lat="43.759605" lon="4.914133">
        <ele>169.84</ele>
      </trkpt>
      <trkpt lat="43.759614" lon="4.914227">
        <ele>168.47</ele>
      </trkpt>
      <trkpt lat="43.759649" lon="4.914295">
        <ele>167.12</ele>
      </trkpt>
      <trkpt lat="43.759686" lon="4.914454">
        <ele>164.77</ele>
      </trkpt>
      <trkpt lat="43.7597" lon="4.914632">
        <ele>162.64</ele>
      </trkpt>
      <trkpt lat="43.759678" lon="4.914774">
        <ele>161.57</ele>
      </trkpt>
      <trkpt lat="43.759629" lon="4.914922">
        <ele>161.02</ele>
      </trkpt>
      <trkpt lat="43.75957" lon="4.914985">
        <ele>161.57</ele>
      </trkpt>
      <trkpt lat="43.759507" lon="4.915034">
        <ele>162.69</ele>
      </trkpt>
      <trkpt lat="43.759475" lon="4.915111">
        <ele>163.13</ele>
      </trkpt>
      <trkpt lat="43.759482" lon="4.915265">
        <ele>162.51</ele>
      </trkpt>
      <trkpt lat="43.759507" lon="4.915406">
        <ele>161.51</ele>
      </trkpt>
      <trkpt lat="43.759546" lon="4.915529">
        <ele>160.21</ele>
      </trkpt>
      <trkpt lat="43.759561" lon="4.915638">
        <ele>159.49</ele>
      </trkpt>
      <trkpt lat="43.759539" lon="4.915749">
        <ele>159.65</ele>
      </trkpt>
      <trkpt lat="43.759503" lon="4.915818">
        <ele>160.33</ele>
      </trkpt>
      <trkpt lat="43.759486" lon="4.915942">
        <ele>160.72</ele>
      </trkpt>
      <trkpt lat="43.759509" lon="4.916132">
        <ele>160.06</ele>
      </trkpt>
      <trkpt lat="43.759553" lon="4.916362">
        <ele>158.77</ele>
      </trkpt>
      <trkpt lat="43.759522" lon="4.916622">
        <ele>159.5</ele>
      </trkpt>
      <trkpt lat="43.759512" lon="4.916792">
        <ele>158.56</ele>
      </trkpt>
      <trkpt lat="43.759506" lon="4.916897">
        <ele>157.98</ele>
      </trkpt>
      <trkpt lat="43.759397" lon="4.91768">
        <ele>155.82</ele>
      </trkpt>
      <trkpt lat="43.759378" lon="4.918231">
        <ele>153.45</ele>
      </trkpt>
      <trkpt lat="43.759311" lon="4.918496">
        <ele>153.56</ele>
      </trkpt>
      <trkpt lat="43.759094" lon="4.918924">
        <ele>156.23</ele>
      </trkpt>
      <trkpt lat="43.759044" lon="4.919149">
        <ele>155.91</ele>
      </trkpt>
      <trkpt lat="43.758943" lon="4.919831">
        <ele>153.4</ele>
      </trkpt>
      <trkpt lat="43.758863" lon="4.920106">
        <ele>156.03</ele>
      </trkpt>
      <trkpt lat="43.758739" lon="4.920435">
        <ele>160.33</ele>
      </trkpt>
      <trkpt lat="43.758657" lon="4.92061">
        <ele>163.43</ele>
      </trkpt>
      <trkpt lat="43.758541" lon="4.920815">
        <ele>168.21</ele>
      </trkpt>
      <trkpt lat="43.758454" lon="4.921026">
        <ele>170.56</ele>
      </trkpt>
      <trkpt lat="43.758369" lon="4.921533">
        <ele>167.79</ele>
      </trkpt>
      <trkpt lat="43.758284" lon="4.92179">
        <ele>167.33</ele>
      </trkpt>
      <trkpt lat="43.758229" lon="4.922054">
        <ele>163.72</ele>
      </trkpt>
      <trkpt lat="43.758236" lon="4.922281">
        <ele>157.9</ele>
      </trkpt>
      <trkpt lat="43.758085" lon="4.922525">
        <ele>157.02</ele>
      </trkpt>
      <trkpt lat="43.757892" lon="4.922734">
        <ele>156.49</ele>
      </trkpt>
      <trkpt lat="43.757844" lon="4.922872">
        <ele>154.22</ele>
      </trkpt>
      <trkpt lat="43.757779" lon="4.922952">
        <ele>153.87</ele>
      </trkpt>
      <trkpt lat="43.757721" lon="4.923091">
        <ele>151.87</ele>
      </trkpt>
      <trkpt lat="43.757705" lon="4.923218">
        <ele>149.15</ele>
      </trkpt>
      <trkpt lat="43.75764" lon="4.923498">
        <ele>144.52</ele>
      </trkpt>
      <trkpt lat="43.75764" lon="4.923552">
        <ele>143.39</ele>
      </trkpt>
      <trkpt lat="43.757547" lon="4.923778">
        <ele>140.63</ele>
      </trkpt>
      <trkpt lat="43.757468" lon="4.923899">
        <ele>139.6</ele>
      </trkpt>
      <trkpt lat="43.757377" lon="4.923966">
        <ele>139.85</ele>
      </trkpt>
      <trkpt lat="43.757245" lon="4.92409">
        <ele>139.02</ele>
      </trkpt>
      <trkpt lat="43.757117" lon="4.924226">
        <ele>137.69</ele>
      </trkpt>
      <trkpt lat="43.757063" lon="4.924333">
        <ele>136.4</ele>
      </trkpt>
      <trkpt lat="43.756973" lon="4.9244">
        <ele>136.05</ele>
      </trkpt>
      <trkpt lat="43.756954" lon="4.924691">
        <ele>130.97</ele>
      </trkpt>
      <trkpt lat="43.75696" lon="4.924749">
        <ele>129.89</ele>
      </trkpt>
      <trkpt lat="43.756938" lon="4.924998">
        <ele>125.71</ele>
      </trkpt>
      <trkpt lat="43.757016" lon="4.925144">
        <ele>125.52</ele>
      </trkpt>
      <trkpt lat="43.757053" lon="4.925285">
        <ele>125.51</ele>
      </trkpt>
      <trkpt lat="43.757013" lon="4.925437">
        <ele>125.88</ele>
      </trkpt>
      <trkpt lat="43.756929" lon="4.925646">
        <ele>126.54</ele>
      </trkpt>
      <trkpt lat="43.756905" lon="4.925736">
        <ele>127.14</ele>
      </trkpt>
      <trkpt lat="43.756858" lon="4.925908">
        <ele>128.3</ele>
      </trkpt>
      <trkpt lat="43.756878" lon="4.926032">
        <ele>129.9</ele>
      </trkpt>
      <trkpt lat="43.756913" lon="4.926119">
        <ele>130.81</ele>
      </trkpt>
      <trkpt lat="43.756977" lon="4.926201">
        <ele>131.38</ele>
      </trkpt>
      <trkpt lat="43.757022" lon="4.926244">
        <ele>131.52</ele>
      </trkpt>
      <trkpt lat="43.757046" lon="4.926376">
        <ele>132.89</ele>
      </trkpt>
      <trkpt lat="43.757058" lon="4.926542">
        <ele>134.76</ele>
      </trkpt>
      <trkpt lat="43.757054" lon="4.926671">
        <ele>136.3</ele>
      </trkpt>
      <trkpt lat="43.757023" lon="4.926775">
        <ele>137.63</ele>
      </trkpt>
      <trkpt lat="43.75698" lon="4.926918">
        <ele>139.45</ele>
      </trkpt>
      <trkpt lat="43.756907" lon="4.927057">
        <ele>141.7</ele>
      </trkpt>
      <trkpt lat="43.756748" lon="4.927154">
        <ele>144.78</ele>
      </trkpt>
      <trkpt lat="43.756707" lon="4.927253">
        <ele>146.26</ele>
      </trkpt>
      <trkpt lat="43.756684" lon="4.927363">
        <ele>147.6</ele>
      </trkpt>
      <trkpt lat="43.756583" lon="4.927557">
        <ele>150.23</ele>
      </trkpt>
      <trkpt lat="43.756543" lon="4.92781">
        <ele>150.72</ele>
      </trkpt>
      <trkpt lat="43.756565" lon="4.928265">
        <ele>150.49</ele>
      </trkpt>
      <trkpt lat="43.75654" lon="4.928341">
        <ele>150.67</ele>
      </trkpt>
      <trkpt lat="43.7565" lon="4.928468">
        <ele>150.96</ele>
      </trkpt>
      <trkpt lat="43.756468" lon="4.928714">
        <ele>151.42</ele>
      </trkpt>
      <trkpt lat="43.756174" lon="4.929001">
        <ele>159.73</ele>
      </trkpt>
      <trkpt lat="43.756061" lon="4.929415">
        <ele>162.87</ele>
      </trkpt>
      <trkpt lat="43.755986" lon="4.929859">
        <ele>165.01</ele>
      </trkpt>
      <trkpt lat="43.755984" lon="4.930477">
        <ele>163.29</ele>
      </trkpt>
      <trkpt lat="43.755915" lon="4.930663">
        <ele>163.78</ele>
      </trkpt>
      <trkpt lat="43.755883" lon="4.930835">
        <ele>163.61</ele>
      </trkpt>
      <trkpt lat="43.755845" lon="4.930847">
        <ele>164.17</ele>
      </trkpt>
      <trkpt lat="43.755807" lon="4.930952">
        <ele>164.17</ele>
      </trkpt>
      <trkpt lat="43.755842" lon="4.931185">
        <ele>162.19</ele>
      </trkpt>
      <trkpt lat="43.755811" lon="4.931239">
        <ele>162.39</ele>
      </trkpt>
      <trkpt lat="43.755721" lon="4.931322">
        <ele>163.4</ele>
      </trkpt>
      <trkpt lat="43.755659" lon="4.931402">
        <ele>163.96</ele>
      </trkpt>
      <trkpt lat="43.75563" lon="4.9315">
        <ele>163.86</ele>
      </trkpt>
      <trkpt lat="43.755528" lon="4.931988">
        <ele>163.18</ele>
      </trkpt>
      <trkpt lat="43.75549" lon="4.932171">
        <ele>162.93</ele>
      </trkpt>
      <trkpt lat="43.75539" lon="4.932426">
        <ele>163.63</ele>
      </trkpt>
      <trkpt lat="43.755379" lon="4.932487">
        <ele>163.32</ele>
      </trkpt>
      <trkpt lat="43.755452" lon="4.932625">
        <ele>159.1</ele>
      </trkpt>
      <trkpt lat="43.755523" lon="4.932683">
        <ele>155.94</ele>
      </trkpt>
      <trkpt lat="43.755671" lon="4.932698">
        <ele>151.64</ele>
      </trkpt>
      <trkpt lat="43.755716" lon="4.932744">
        <ele>150.46</ele>
      </trkpt>
      <trkpt lat="43.755693" lon="4.932847">
        <ele>149.47</ele>
      </trkpt>
      <trkpt lat="43.755717" lon="4.932875">
        <ele>148.83</ele>
      </trkpt>
      <trkpt lat="43.755857" lon="4.932919">
        <ele>146.72</ele>
      </trkpt>
      <trkpt lat="43.756021" lon="4.933092">
        <ele>143.28</ele>
      </trkpt>
      <trkpt lat="43.75617" lon="4.933097">
        <ele>141.82</ele>
      </trkpt>
      <trkpt lat="43.756389" lon="4.933203">
        <ele>139.16</ele>
      </trkpt>
      <trkpt lat="43.75652" lon="4.933216">
        <ele>138.22</ele>
      </trkpt>
      <trkpt lat="43.756661" lon="4.933283">
        <ele>137.22</ele>
      </trkpt>
      <trkpt lat="43.756743" lon="4.933363">
        <ele>136.41</ele>
      </trkpt>
      <trkpt lat="43.756775" lon="4.933378">
        <ele>136.18</ele>
      </trkpt>
      <trkpt lat="43.756818" lon="4.933376">
        <ele>135.98</ele>
      </trkpt>
      <trkpt lat="43.756992" lon="4.933286">
        <ele>135.62</ele>
      </trkpt>
      <trkpt lat="43.756765" lon="4.933519">
        <ele>135.44</ele>
      </trkpt>
      <trkpt lat="43.756661" lon="4.933693">
        <ele>134.92</ele>
      </trkpt>
      <trkpt lat="43.756663" lon="4.933875">
        <ele>133.87</ele>
      </trkpt>
      <trkpt lat="43.756677" lon="4.934112">
        <ele>132.46</ele>
      </trkpt>
      <trkpt lat="43.756635" lon="4.934269">
        <ele>132.28</ele>
      </trkpt>
      <trkpt lat="43.756543" lon="4.934401">
        <ele>132.61</ele>
      </trkpt>
      <trkpt lat="43.75652" lon="4.934519">
        <ele>132.69</ele>
      </trkpt>
      <trkpt lat="43.756455" lon="4.934635">
        <ele>133.05</ele>
      </trkpt>
      <trkpt lat="43.756265" lon="4.934862">
        <ele>135.01</ele>
      </trkpt>
      <trkpt lat="43.756215" lon="4.934953">
        <ele>135.51</ele>
      </trkpt>
      <trkpt lat="43.75611" lon="4.935147">
        <ele>136.57</ele>
      </trkpt>
      <trkpt lat="43.755992" lon="4.935487">
        <ele>138.01</ele>
      </trkpt>
      <trkpt lat="43.75586" lon="4.93574">
        <ele>139.26</ele>
      </trkpt>
      <trkpt lat="43.75558" lon="4.936106">
        <ele>142.98</ele>
      </trkpt>
      <trkpt lat="43.755477" lon="4.936241">
        <ele>145.45</ele>
      </trkpt>
      <trkpt lat="43.755443" lon="4.936368">
        <ele>146.42</ele>
      </trkpt>
      <trkpt lat="43.755417" lon="4.936529">
        <ele>147.25</ele>
      </trkpt>
      <trkpt lat="43.755362" lon="4.936681">
        <ele>148.29</ele>
      </trkpt>
      <trkpt lat="43.755188" lon="4.937007">
        <ele>149</ele>
      </trkpt>
      <trkpt lat="43.754936" lon="4.937448">
        <ele>149.42</ele>
      </trkpt>
      <trkpt lat="43.754744" lon="4.937762">
        <ele>150.45</ele>
      </trkpt>
      <trkpt lat="43.754581" lon="4.937966">
        <ele>153.07</ele>
      </trkpt>
      <trkpt lat="43.754624" lon="4.938065">
        <ele>151</ele>
      </trkpt>
      <trkpt lat="43.754615" lon="4.938211">
        <ele>149.75</ele>
      </trkpt>
      <trkpt lat="43.754567" lon="4.938379">
        <ele>149.28</ele>
      </trkpt>
      <trkpt lat="43.754568" lon="4.938532">
        <ele>148.37</ele>
      </trkpt>
      <trkpt lat="43.754581" lon="4.938581">
        <ele>147.84</ele>
      </trkpt>
      <trkpt lat="43.754618" lon="4.938719">
        <ele>146.36</ele>
      </trkpt>
      <trkpt lat="43.754652" lon="4.938934">
        <ele>144.56</ele>
      </trkpt>
      <trkpt lat="43.754652" lon="4.939141">
        <ele>143.45</ele>
      </trkpt>
      <trkpt lat="43.754624" lon="4.939515">
        <ele>142.79</ele>
      </trkpt>
      <trkpt lat="43.75455" lon="4.939897">
        <ele>142.38</ele>
      </trkpt>
      <trkpt lat="43.754539" lon="4.940223">
        <ele>142.16</ele>
      </trkpt>
      <trkpt lat="43.754484" lon="4.940485">
        <ele>142.53</ele>
      </trkpt>
      <trkpt lat="43.754601" lon="4.940414">
        <ele>141.76</ele>
      </trkpt>
      <trkpt lat="43.754887" lon="4.940309">
        <ele>140.04</ele>
      </trkpt>
      <trkpt lat="43.754978" lon="4.940215">
        <ele>139.6</ele>
      </trkpt>
      <trkpt lat="43.755529" lon="4.940011">
        <ele>137.37</ele>
      </trkpt>
      <trkpt lat="43.756516" lon="4.939421">
        <ele>132.3</ele>
      </trkpt>
      <trkpt lat="43.756586" lon="4.93931">
        <ele>131.77</ele>
      </trkpt>
      <trkpt lat="43.756621" lon="4.939155">
        <ele>131</ele>
      </trkpt>
      <trkpt lat="43.756675" lon="4.939014">
        <ele>130.95</ele>
      </trkpt>
      <trkpt lat="43.756794" lon="4.938807">
        <ele>130.58</ele>
      </trkpt>
      <trkpt lat="43.757802" lon="4.938005">
        <ele>125.84</ele>
      </trkpt>
      <trkpt lat="43.757949" lon="4.937851">
        <ele>124.99</ele>
      </trkpt>
      <trkpt lat="43.757953" lon="4.938123">
        <ele>125.69</ele>
      </trkpt>
      <trkpt lat="43.75797" lon="4.938331">
        <ele>126.24</ele>
      </trkpt>
      <trkpt lat="43.758142" lon="4.938531">
        <ele>127.52</ele>
      </trkpt>
      <trkpt lat="43.758259" lon="4.93899">
        <ele>130.61</ele>
      </trkpt>
      <trkpt lat="43.758291" lon="4.939479">
        <ele>131.69</ele>
      </trkpt>
      <trkpt lat="43.758147" lon="4.940049">
        <ele>132.78</ele>
      </trkpt>
      <trkpt lat="43.75799" lon="4.940421">
        <ele>132.89</ele>
      </trkpt>
      <trkpt lat="43.758011" lon="4.940619">
        <ele>132.56</ele>
      </trkpt>
      <trkpt lat="43.757906" lon="4.94093">
        <ele>132.08</ele>
      </trkpt>
      <trkpt lat="43.757836" lon="4.94123">
        <ele>131.08</ele>
      </trkpt>
      <trkpt lat="43.757755" lon="4.941397">
        <ele>130.75</ele>
      </trkpt>
      <trkpt lat="43.757735" lon="4.941413">
        <ele>130.78</ele>
      </trkpt>
      <trkpt lat="43.757697" lon="4.941445">
        <ele>130.82</ele>
      </trkpt>
      <trkpt lat="43.757654" lon="4.941579">
        <ele>130.53</ele>
      </trkpt>
      <trkpt lat="43.757642" lon="4.941713">
        <ele>130.22</ele>
      </trkpt>
      <trkpt lat="43.757635" lon="4.941949">
        <ele>129.8</ele>
      </trkpt>
      <trkpt lat="43.757596" lon="4.942089">
        <ele>129.7</ele>
      </trkpt>
      <trkpt lat="43.757491" lon="4.942368">
        <ele>129.55</ele>
      </trkpt>
      <trkpt lat="43.757371" lon="4.942657">
        <ele>129.5</ele>
      </trkpt>
      <trkpt lat="43.757309" lon="4.943006">
        <ele>129.31</ele>
      </trkpt>
      <trkpt lat="43.757236" lon="4.943242">
        <ele>129.37</ele>
      </trkpt>
      <trkpt lat="43.757174" lon="4.943526">
        <ele>128.6</ele>
      </trkpt>
      <trkpt lat="43.757076" lon="4.943826">
        <ele>127.63</ele>
      </trkpt>
      <trkpt lat="43.756912" lon="4.944276">
        <ele>126.54</ele>
      </trkpt>
      <trkpt lat="43.756865" lon="4.944449">
        <ele>126.35</ele>
      </trkpt>
      <trkpt lat="43.756837" lon="4.944593">
        <ele>126.14</ele>
      </trkpt>
      <trkpt lat="43.756821" lon="4.945045">
        <ele>125.19</ele>
      </trkpt>
      <trkpt lat="43.756847" lon="4.945412">
        <ele>124.6</ele>
      </trkpt>
      <trkpt lat="43.757178" lon="4.945749">
        <ele>123.3</ele>
      </trkpt>
      <trkpt lat="43.757523" lon="4.946155">
        <ele>121.21</ele>
      </trkpt>
      <trkpt lat="43.757666" lon="4.946391">
        <ele>120.15</ele>
      </trkpt>
      <trkpt lat="43.757778" lon="4.946624">
        <ele>119.31</ele>
      </trkpt>
      <trkpt lat="43.757873" lon="4.946831">
        <ele>119.18</ele>
      </trkpt>
      <trkpt lat="43.758056" lon="4.947309">
        <ele>119.07</ele>
      </trkpt>
      <trkpt lat="43.758153" lon="4.947571">
        <ele>118.9</ele>
      </trkpt>
      <trkpt lat="43.75832" lon="4.947895">
        <ele>118.3</ele>
      </trkpt>
      <trkpt lat="43.758406" lon="4.948046">
        <ele>117.99</ele>
      </trkpt>
      <trkpt lat="43.75872" lon="4.948484">
        <ele>117.11</ele>
      </trkpt>
      <trkpt lat="43.758784" lon="4.948565">
        <ele>116.98</ele>
      </trkpt>
      <trkpt lat="43.759879" lon="4.949771">
        <ele>114.53</ele>
      </trkpt>
      <trkpt lat="43.759915" lon="4.949837">
        <ele>114.52</ele>
      </trkpt>
      <trkpt lat="43.760038" lon="4.949921">
        <ele>114.33</ele>
      </trkpt>
      <trkpt lat="43.760297" lon="4.950097">
        <ele>113.92</ele>
      </trkpt>
      <trkpt lat="43.760392" lon="4.950145">
        <ele>113.75</ele>
      </trkpt>
      <trkpt lat="43.760459" lon="4.950152">
        <ele>113.6</ele>
      </trkpt>
      <trkpt lat="43.760644" lon="4.950074">
        <ele>113.09</ele>
      </trkpt>
      <trkpt lat="43.760714" lon="4.950063">
        <ele>113.07</ele>
      </trkpt>
      <trkpt lat="43.760829" lon="4.949999">
        <ele>113.01</ele>
      </trkpt>
      <trkpt lat="43.761184" lon="4.949687">
        <ele>112.15</ele>
      </trkpt>
      <trkpt lat="43.761446" lon="4.949494">
        <ele>111.23</ele>
      </trkpt>
      <trkpt lat="43.761989" lon="4.949131">
        <ele>112.46</ele>
      </trkpt>
      <trkpt lat="43.762066" lon="4.949097">
        <ele>112.73</ele>
      </trkpt>
      <trkpt lat="43.762048" lon="4.94897">
        <ele>112.28</ele>
      </trkpt>
      <trkpt lat="43.762037" lon="4.948807">
        <ele>111.76</ele>
      </trkpt>
      <trkpt lat="43.762018" lon="4.948292">
        <ele>110.34</ele>
      </trkpt>
      <trkpt lat="43.762031" lon="4.948154">
        <ele>110.37</ele>
      </trkpt>
      <trkpt lat="43.762353" lon="4.94726">
        <ele>110.59</ele>
      </trkpt>
      <trkpt lat="43.762507" lon="4.947038">
        <ele>110.42</ele>
      </trkpt>
      <trkpt lat="43.762682" lon="4.946848">
        <ele>110.39</ele>
      </trkpt>
      <trkpt lat="43.763013" lon="4.946604">
        <ele>110.37</ele>
      </trkpt>
      <trkpt lat="43.76295" lon="4.946263">
        <ele>108.03</ele>
      </trkpt>
      <trkpt lat="43.762753" lon="4.944909">
        <ele>103.77</ele>
      </trkpt>
      <trkpt lat="43.762729" lon="4.944739">
        <ele>103.51</ele>
      </trkpt>
      <trkpt lat="43.762665" lon="4.943933">
        <ele>102.41</ele>
      </trkpt>
      <trkpt lat="43.762623" lon="4.943599">
        <ele>102.2</ele>
      </trkpt>
      <trkpt lat="43.762533" lon="4.942981">
        <ele>102.35</ele>
      </trkpt>
      <trkpt lat="43.762448" lon="4.941987">
        <ele>102.66</ele>
      </trkpt>
      <trkpt lat="43.762401" lon="4.941069">
        <ele>101.78</ele>
      </trkpt>
      <trkpt lat="43.762398" lon="4.94077">
        <ele>101.5</ele>
      </trkpt>
      <trkpt lat="43.762365" lon="4.939842">
        <ele>101.82</ele>
      </trkpt>
      <trkpt lat="43.762344" lon="4.939645">
        <ele>102.15</ele>
      </trkpt>
      <trkpt lat="43.762298" lon="4.939434">
        <ele>102.64</ele>
      </trkpt>
      <trkpt lat="43.762226" lon="4.939174">
        <ele>103.54</ele>
      </trkpt>
      <trkpt lat="43.76215" lon="4.938853">
        <ele>104.51</ele>
      </trkpt>
      <trkpt lat="43.762084" lon="4.938414">
        <ele>105.43</ele>
      </trkpt>
      <trkpt lat="43.762033" lon="4.937514">
        <ele>106.84</ele>
      </trkpt>
      <trkpt lat="43.762011" lon="4.937001">
        <ele>108.02</ele>
      </trkpt>
      <trkpt lat="43.761989" lon="4.936789">
        <ele>108.65</ele>
      </trkpt>
      <trkpt lat="43.76195" lon="4.93657">
        <ele>109.31</ele>
      </trkpt>
      <trkpt lat="43.761846" lon="4.936103">
        <ele>108.86</ele>
      </trkpt>
      <trkpt lat="43.761602" lon="4.935019">
        <ele>107.81</ele>
      </trkpt>
      <trkpt lat="43.761527" lon="4.93472">
        <ele>107.84</ele>
      </trkpt>
      <trkpt lat="43.761468" lon="4.934541">
        <ele>107.98</ele>
      </trkpt>
      <trkpt lat="43.76139" lon="4.934419">
        <ele>108.23</ele>
      </trkpt>
      <trkpt lat="43.76133" lon="4.934387">
        <ele>108.43</ele>
      </trkpt>
      <trkpt lat="43.761258" lon="4.934382">
        <ele>108.66</ele>
      </trkpt>
      <trkpt lat="43.761095" lon="4.934469">
        <ele>109.15</ele>
      </trkpt>
      <trkpt lat="43.761022" lon="4.934464">
        <ele>109.38</ele>
      </trkpt>
      <trkpt lat="43.760894" lon="4.934348">
        <ele>109.88</ele>
      </trkpt>
      <trkpt lat="43.760773" lon="4.934238">
        <ele>110.39</ele>
      </trkpt>
      <trkpt lat="43.760438" lon="4.934004">
        <ele>112.49</ele>
      </trkpt>
      <trkpt lat="43.759984" lon="4.933591">
        <ele>117.07</ele>
      </trkpt>
      <trkpt lat="43.759388" lon="4.932996">
        <ele>125.81</ele>
      </trkpt>
      <trkpt lat="43.759042" lon="4.932776">
        <ele>127.81</ele>
      </trkpt>
      <trkpt lat="43.758899" lon="4.932665">
        <ele>128.64</ele>
      </trkpt>
      <trkpt lat="43.758744" lon="4.932564">
        <ele>129.69</ele>
      </trkpt>
      <trkpt lat="43.758637" lon="4.932474">
        <ele>130.45</ele>
      </trkpt>
      <trkpt lat="43.758588" lon="4.932406">
        <ele>130.8</ele>
      </trkpt>
      <trkpt lat="43.758545" lon="4.932318">
        <ele>131.22</ele>
      </trkpt>
      <trkpt lat="43.758501" lon="4.932189">
        <ele>131.79</ele>
      </trkpt>
      <trkpt lat="43.758427" lon="4.931922">
        <ele>132.93</ele>
      </trkpt>
      <trkpt lat="43.75836" lon="4.931648">
        <ele>134.01</ele>
      </trkpt>
      <trkpt lat="43.758308" lon="4.931379">
        <ele>134.37</ele>
      </trkpt>
      <trkpt lat="43.758207" lon="4.930977">
        <ele>135.31</ele>
      </trkpt>
      <trkpt lat="43.758133" lon="4.930763">
        <ele>136.11</ele>
      </trkpt>
      <trkpt lat="43.758087" lon="4.930516">
        <ele>137.04</ele>
      </trkpt>
      <trkpt lat="43.758071" lon="4.930236">
        <ele>137.85</ele>
      </trkpt>
      <trkpt lat="43.758076" lon="4.930129">
        <ele>138.07</ele>
      </trkpt>
      <trkpt lat="43.757972" lon="4.929111">
        <ele>141.16</ele>
      </trkpt>
      <trkpt lat="43.757927" lon="4.928825">
        <ele>141.83</ele>
      </trkpt>
      <trkpt lat="43.757917" lon="4.928635">
        <ele>142.13</ele>
      </trkpt>
      <trkpt lat="43.757946" lon="4.927869">
        <ele>138.77</ele>
      </trkpt>
      <trkpt lat="43.757962" lon="4.927432">
        <ele>136.85</ele>
      </trkpt>
      <trkpt lat="43.757988" lon="4.927154">
        <ele>133.03</ele>
      </trkpt>
      <trkpt lat="43.758022" lon="4.926958">
        <ele>130.14</ele>
      </trkpt>
      <trkpt lat="43.758059" lon="4.926805">
        <ele>127.73</ele>
      </trkpt>
      <trkpt lat="43.758125" lon="4.92663">
        <ele>124.81</ele>
      </trkpt>
      <trkpt lat="43.758156" lon="4.926568">
        <ele>124.25</ele>
      </trkpt>
      <trkpt lat="43.758175" lon="4.926483">
        <ele>123.53</ele>
      </trkpt>
      <trkpt lat="43.758165" lon="4.926399">
        <ele>122.85</ele>
      </trkpt>
      <trkpt lat="43.758126" lon="4.926361">
        <ele>122.54</ele>
      </trkpt>
      <trkpt lat="43.758075" lon="4.926339">
        <ele>122.81</ele>
      </trkpt>
      <trkpt lat="43.757921" lon="4.926294">
        <ele>123.84</ele>
      </trkpt>
      <trkpt lat="43.757785" lon="4.926193">
        <ele>124.17</ele>
      </trkpt>
      <trkpt lat="43.757713" lon="4.926073">
        <ele>123.74</ele>
      </trkpt>
      <trkpt lat="43.757595" lon="4.925946">
        <ele>123.61</ele>
      </trkpt>
      <trkpt lat="43.757258" lon="4.925464">
        <ele>124.74</ele>
      </trkpt>
      <trkpt lat="43.757181" lon="4.925375">
        <ele>125</ele>
      </trkpt>
      <trkpt lat="43.757111" lon="4.925338">
        <ele>125.29</ele>
      </trkpt>
      <trkpt lat="43.757053" lon="4.925285">
        <ele>125.51</ele>
      </trkpt>
      <trkpt lat="43.757016" lon="4.925144">
        <ele>125.52</ele>
      </trkpt>
      <trkpt lat="43.756938" lon="4.924998">
        <ele>125.71</ele>
      </trkpt>
      <trkpt lat="43.75696" lon="4.924749">
        <ele>129.89</ele>
      </trkpt>
      <trkpt lat="43.756954" lon="4.924691">
        <ele>130.97</ele>
      </trkpt>
      <trkpt lat="43.756973" lon="4.9244">
        <ele>136.05</ele>
      </trkpt>
      <trkpt lat="43.757063" lon="4.924333">
        <ele>136.4</ele>
      </trkpt>
      <trkpt lat="43.757117" lon="4.924226">
        <ele>137.69</ele>
      </trkpt>
      <trkpt lat="43.757245" lon="4.92409">
        <ele>139.02</ele>
      </trkpt>
      <trkpt lat="43.757377" lon="4.923966">
        <ele>139.85</ele>
      </trkpt>
      <trkpt lat="43.757468" lon="4.923899">
        <ele>139.6</ele>
      </trkpt>
      <trkpt lat="43.757547" lon="4.923778">
        <ele>140.63</ele>
      </trkpt>
      <trkpt lat="43.75764" lon="4.923552">
        <ele>143.39</ele>
      </trkpt>
      <trkpt lat="43.75764" lon="4.923498">
        <ele>144.52</ele>
      </trkpt>
      <trkpt lat="43.757705" lon="4.923218">
        <ele>149.15</ele>
      </trkpt>
      <trkpt lat="43.757721" lon="4.923091">
        <ele>151.87</ele>
      </trkpt>
      <trkpt lat="43.757779" lon="4.922952">
        <ele>153.87</ele>
      </trkpt>
      <trkpt lat="43.757844" lon="4.922872">
        <ele>154.22</ele>
      </trkpt>
      <trkpt lat="43.757892" lon="4.922734">
        <ele>156.49</ele>
      </trkpt>
      <trkpt lat="43.757924" lon="4.922699">
        <ele>156.57</ele>
      </trkpt>
      <trkpt lat="43.758085" lon="4.922525">
        <ele>157.02</ele>
      </trkpt>
      <trkpt lat="43.758236" lon="4.922281">
        <ele>157.9</ele>
      </trkpt>
      <trkpt lat="43.758372" lon="4.922088">
        <ele>156.42</ele>
      </trkpt>
      <trkpt lat="43.758934" lon="4.921118">
        <ele>143.29</ele>
      </trkpt>
      <trkpt lat="43.759094" lon="4.920842">
        <ele>139.55</ele>
      </trkpt>
      <trkpt lat="43.759287" lon="4.920584">
        <ele>138.5</ele>
      </trkpt>
      <trkpt lat="43.759587" lon="4.920263">
        <ele>134.97</ele>
      </trkpt>
      <trkpt lat="43.75973" lon="4.920092">
        <ele>132.9</ele>
      </trkpt>
      <trkpt lat="43.76004" lon="4.919615">
        <ele>132.78</ele>
      </trkpt>
      <trkpt lat="43.760304" lon="4.919233">
        <ele>132.96</ele>
      </trkpt>
      <trkpt lat="43.760399" lon="4.919108">
        <ele>132.79</ele>
      </trkpt>
      <trkpt lat="43.760682" lon="4.918668">
        <ele>131.71</ele>
      </trkpt>
      <trkpt lat="43.760814" lon="4.918479">
        <ele>131.19</ele>
      </trkpt>
      <trkpt lat="43.761044" lon="4.918111">
        <ele>130.87</ele>
      </trkpt>
      <trkpt lat="43.761402" lon="4.917511">
        <ele>131.23</ele>
      </trkpt>
      <trkpt lat="43.761488" lon="4.917352">
        <ele>131.08</ele>
      </trkpt>
      <trkpt lat="43.761597" lon="4.917216">
        <ele>130.45</ele>
      </trkpt>
      <trkpt lat="43.761684" lon="4.917063">
        <ele>130</ele>
      </trkpt>
      <trkpt lat="43.761806" lon="4.91691">
        <ele>129.2</ele>
      </trkpt>
      <trkpt lat="43.762049" lon="4.916716">
        <ele>127.25</ele>
      </trkpt>
      <trkpt lat="43.762239" lon="4.916502">
        <ele>126.07</ele>
      </trkpt>
      <trkpt lat="43.762376" lon="4.916413">
        <ele>125.71</ele>
      </trkpt>
      <trkpt lat="43.762396" lon="4.916274">
        <ele>126.13</ele>
      </trkpt>
      <trkpt lat="43.762455" lon="4.916156">
        <ele>126.36</ele>
      </trkpt>
      <trkpt lat="43.762589" lon="4.916008">
        <ele>126.42</ele>
      </trkpt>
      <trkpt lat="43.762649" lon="4.915877">
        <ele>126.57</ele>
      </trkpt>
      <trkpt lat="43.762709" lon="4.915594">
        <ele>127.05</ele>
      </trkpt>
      <trkpt lat="43.76274" lon="4.915368">
        <ele>127.48</ele>
      </trkpt>
      <trkpt lat="43.76269" lon="4.915058">
        <ele>128.4</ele>
      </trkpt>
      <trkpt lat="43.762658" lon="4.914861">
        <ele>128.99</ele>
      </trkpt>
      <trkpt lat="43.762658" lon="4.914553">
        <ele>129.73</ele>
      </trkpt>
      <trkpt lat="43.762607" lon="4.91414">
        <ele>130.91</ele>
      </trkpt>
      <trkpt lat="43.762664" lon="4.913654">
        <ele>131.93</ele>
      </trkpt>
      <trkpt lat="43.762722" lon="4.91335">
        <ele>132.36</ele>
      </trkpt>
      <trkpt lat="43.7629" lon="4.91271">
        <ele>132.83</ele>
      </trkpt>
      <trkpt lat="43.763109" lon="4.912013">
        <ele>133.27</ele>
      </trkpt>
      <trkpt lat="43.763231" lon="4.911513">
        <ele>133.44</ele>
      </trkpt>
      <trkpt lat="43.763255" lon="4.911323">
        <ele>133.53</ele>
      </trkpt>
      <trkpt lat="43.763261" lon="4.911118">
        <ele>133.78</ele>
      </trkpt>
      <trkpt lat="43.763248" lon="4.910531">
        <ele>135.85</ele>
      </trkpt>
      <trkpt lat="43.763268" lon="4.910251">
        <ele>137.21</ele>
      </trkpt>
      <trkpt lat="43.763303" lon="4.910006">
        <ele>138.18</ele>
      </trkpt>
      <trkpt lat="43.763367" lon="4.909739">
        <ele>138.75</ele>
      </trkpt>
      <trkpt lat="43.763459" lon="4.909412">
        <ele>139.43</ele>
      </trkpt>
      <trkpt lat="43.763532" lon="4.909219">
        <ele>139.77</ele>
      </trkpt>
      <trkpt lat="43.76366" lon="4.908958">
        <ele>139.15</ele>
      </trkpt>
      <trkpt lat="43.763788" lon="4.908627">
        <ele>138.48</ele>
      </trkpt>
      <trkpt lat="43.763896" lon="4.908393">
        <ele>138.17</ele>
      </trkpt>
      <trkpt lat="43.764164" lon="4.907627">
        <ele>135.87</ele>
      </trkpt>
      <trkpt lat="43.764229" lon="4.907404">
        <ele>135.56</ele>
      </trkpt>
      <trkpt lat="43.764313" lon="4.907062">
        <ele>135.69</ele>
      </trkpt>
      <trkpt lat="43.764359" lon="4.906823">
        <ele>135.82</ele>
      </trkpt>
      <trkpt lat="43.764463" lon="4.906481">
        <ele>135.46</ele>
      </trkpt>
      <trkpt lat="43.76456" lon="4.90623">
        <ele>134.83</ele>
      </trkpt>
      <trkpt lat="43.764786" lon="4.905249">
        <ele>131.72</ele>
      </trkpt>
      <trkpt lat="43.764808" lon="4.905079">
        <ele>131.08</ele>
      </trkpt>
      <trkpt lat="43.764803" lon="4.904939">
        <ele>130.85</ele>
      </trkpt>
      <trkpt lat="43.764762" lon="4.904676">
        <ele>131</ele>
      </trkpt>
      <trkpt lat="43.764946" lon="4.903684">
        <ele>130.31</ele>
      </trkpt>
      <trkpt lat="43.765124" lon="4.902849">
        <ele>132.2</ele>
      </trkpt>
      <trkpt lat="43.765201" lon="4.902593">
        <ele>132.59</ele>
      </trkpt>
      <trkpt lat="43.765363" lon="4.902147">
        <ele>131.98</ele>
      </trkpt>
      <trkpt lat="43.765476" lon="4.901774">
        <ele>131.45</ele>
      </trkpt>
      <trkpt lat="43.765632" lon="4.901186">
        <ele>130.54</ele>
      </trkpt>
      <trkpt lat="43.765829" lon="4.900524">
        <ele>130.83</ele>
      </trkpt>
      <trkpt lat="43.76607" lon="4.899758">
        <ele>129.6</ele>
      </trkpt>
      <trkpt lat="43.766188" lon="4.899302">
        <ele>127.1</ele>
      </trkpt>
      <trkpt lat="43.76604" lon="4.89927">
        <ele>128.4</ele>
      </trkpt>
      <trkpt lat="43.765732" lon="4.899176">
        <ele>131.06</ele>
      </trkpt>
      <trkpt lat="43.764693" lon="4.89875">
        <ele>138.69</ele>
      </trkpt>
      <trkpt lat="43.76432" lon="4.898579">
        <ele>141.69</ele>
      </trkpt>
      <trkpt lat="43.76427" lon="4.898507">
        <ele>141.8</ele>
      </trkpt>
      <trkpt lat="43.764233" lon="4.898378">
        <ele>141.42</ele>
      </trkpt>
      <trkpt lat="43.764232" lon="4.898157">
        <ele>141.39</ele>
      </trkpt>
      <trkpt lat="43.7642" lon="4.897982">
        <ele>142.16</ele>
      </trkpt>
      <trkpt lat="43.763988" lon="4.897715">
        <ele>145.78</ele>
      </trkpt>
      <trkpt lat="43.764007" lon="4.897448">
        <ele>146.32</ele>
      </trkpt>
      <trkpt lat="43.764035" lon="4.8973">
        <ele>146.06</ele>
      </trkpt>
      <trkpt lat="43.764221" lon="4.896641">
        <ele>143.96</ele>
      </trkpt>
      <trkpt lat="43.764264" lon="4.896461">
        <ele>143.63</ele>
      </trkpt>
      <trkpt lat="43.7643" lon="4.896248">
        <ele>143.36</ele>
      </trkpt>
      <trkpt lat="43.764275" lon="4.896059">
        <ele>144.15</ele>
      </trkpt>
      <trkpt lat="43.764239" lon="4.89593">
        <ele>145.13</ele>
      </trkpt>
      <trkpt lat="43.764197" lon="4.89578">
        <ele>146.27</ele>
      </trkpt>
      <trkpt lat="43.764149" lon="4.895458">
        <ele>148.02</ele>
      </trkpt>
      <trkpt lat="43.764105" lon="4.895299">
        <ele>149.31</ele>
      </trkpt>
      <trkpt lat="43.764114" lon="4.89513">
        <ele>149.52</ele>
      </trkpt>
      <trkpt lat="43.764148" lon="4.894902">
        <ele>148.25</ele>
      </trkpt>
      <trkpt lat="43.764274" lon="4.894528">
        <ele>141.84</ele>
      </trkpt>
      <trkpt lat="43.76434" lon="4.894148">
        <ele>136.99</ele>
      </trkpt>
      <trkpt lat="43.764236" lon="4.893756">
        <ele>136.32</ele>
      </trkpt>
      <trkpt lat="43.764224" lon="4.893563">
        <ele>135.45</ele>
      </trkpt>
      <trkpt lat="43.764293" lon="4.89321">
        <ele>134.57</ele>
      </trkpt>
      <trkpt lat="43.764324" lon="4.89295">
        <ele>137.01</ele>
      </trkpt>
      <trkpt lat="43.764335" lon="4.892695">
        <ele>139.55</ele>
      </trkpt>
      <trkpt lat="43.764376" lon="4.892273">
        <ele>143.29</ele>
      </trkpt>
      <trkpt lat="43.764479" lon="4.891848">
        <ele>145.7</ele>
      </trkpt>
      <trkpt lat="43.764532" lon="4.891153">
        <ele>149.64</ele>
      </trkpt>
      <trkpt lat="43.764506" lon="4.890891">
        <ele>151.77</ele>
      </trkpt>
      <trkpt lat="43.764462" lon="4.89056">
        <ele>153.54</ele>
      </trkpt>
      <trkpt lat="43.764462" lon="4.889938">
        <ele>154.31</ele>
      </trkpt>
      <trkpt lat="43.764482" lon="4.889798">
        <ele>153.74</ele>
      </trkpt>
      <trkpt lat="43.764508" lon="4.889727">
        <ele>153.19</ele>
      </trkpt>
      <trkpt lat="43.764633" lon="4.889631">
        <ele>150.85</ele>
      </trkpt>
      <trkpt lat="43.764826" lon="4.88956">
        <ele>147.68</ele>
      </trkpt>
      <trkpt lat="43.765016" lon="4.889558">
        <ele>145.74</ele>
      </trkpt>
      <trkpt lat="43.765283" lon="4.889608">
        <ele>142.91</ele>
      </trkpt>
      <trkpt lat="43.765713" lon="4.88966">
        <ele>138.4</ele>
      </trkpt>
      <trkpt lat="43.765879" lon="4.889662">
        <ele>136.92</ele>
      </trkpt>
      <trkpt lat="43.767164" lon="4.889737">
        <ele>127.02</ele>
      </trkpt>
      <trkpt lat="43.767486" lon="4.88979">
        <ele>125.59</ele>
      </trkpt>
      <trkpt lat="43.768168" lon="4.889859">
        <ele>124.29</ele>
      </trkpt>
      <trkpt lat="43.76827" lon="4.889856">
        <ele>124.28</ele>
      </trkpt>
      <trkpt lat="43.768348" lon="4.889796">
        <ele>124.39</ele>
      </trkpt>
      <trkpt lat="43.768398" lon="4.889722">
        <ele>124.52</ele>
      </trkpt>
      <trkpt lat="43.768424" lon="4.889506">
        <ele>124.94</ele>
      </trkpt>
      <trkpt lat="43.768507" lon="4.888569">
        <ele>126.62</ele>
      </trkpt>
      <trkpt lat="43.768556" lon="4.888182">
        <ele>126.89</ele>
      </trkpt>
      <trkpt lat="43.768588" lon="4.888069">
        <ele>126.73</ele>
      </trkpt>
      <trkpt lat="43.768623" lon="4.888026">
        <ele>126.61</ele>
      </trkpt>
      <trkpt lat="43.768685" lon="4.887993">
        <ele>126.41</ele>
      </trkpt>
      <trkpt lat="43.768744" lon="4.887995">
        <ele>126.24</ele>
      </trkpt>
      <trkpt lat="43.768821" lon="4.888057">
        <ele>126.08</ele>
      </trkpt>
      <trkpt lat="43.768942" lon="4.88789">
        <ele>125.55</ele>
      </trkpt>
      <trkpt lat="43.769048" lon="4.887763">
        <ele>125.17</ele>
      </trkpt>
      <trkpt lat="43.769109" lon="4.887708">
        <ele>125</ele>
      </trkpt>
      <trkpt lat="43.769199" lon="4.887659">
        <ele>124.81</ele>
      </trkpt>
      <trkpt lat="43.769261" lon="4.887472">
        <ele>124.64</ele>
      </trkpt>
      <trkpt lat="43.769396" lon="4.887114">
        <ele>124.48</ele>
      </trkpt>
      <trkpt lat="43.769511" lon="4.886895">
        <ele>124.34</ele>
      </trkpt>
      <trkpt lat="43.769617" lon="4.886722">
        <ele>124.21</ele>
      </trkpt>
      <trkpt lat="43.769688" lon="4.886652">
        <ele>124.13</ele>
      </trkpt>
      <trkpt lat="43.769795" lon="4.886513">
        <ele>123.51</ele>
      </trkpt>
      <trkpt lat="43.769899" lon="4.886413">
        <ele>122.34</ele>
      </trkpt>
      <trkpt lat="43.76999" lon="4.886308">
        <ele>121.18</ele>
      </trkpt>
      <trkpt lat="43.770113" lon="4.886203">
        <ele>119.71</ele>
      </trkpt>
      <trkpt lat="43.770236" lon="4.886185">
        <ele>118.57</ele>
      </trkpt>
      <trkpt lat="43.770293" lon="4.886193">
        <ele>118.12</ele>
      </trkpt>
      <trkpt lat="43.770297" lon="4.886022">
        <ele>117.23</ele>
      </trkpt>
      <trkpt lat="43.770358" lon="4.885877">
        <ele>115.92</ele>
      </trkpt>
      <trkpt lat="43.770669" lon="4.884936">
        <ele>112.64</ele>
      </trkpt>
      <trkpt lat="43.770714" lon="4.8848">
        <ele>112.16</ele>
      </trkpt>
      <trkpt lat="43.77096" lon="4.884273">
        <ele>111.89</ele>
      </trkpt>
      <trkpt lat="43.771083" lon="4.883828">
        <ele>110.71</ele>
      </trkpt>
      <trkpt lat="43.771199" lon="4.88351">
        <ele>109.57</ele>
      </trkpt>
      <trkpt lat="43.771379" lon="4.883149">
        <ele>108</ele>
      </trkpt>
      <trkpt lat="43.771552" lon="4.882746">
        <ele>106.49</ele>
      </trkpt>
      <trkpt lat="43.771816" lon="4.882232">
        <ele>105.32</ele>
      </trkpt>
      <trkpt lat="43.771953" lon="4.882154">
        <ele>104.95</ele>
      </trkpt>
      <trkpt lat="43.772184" lon="4.881971">
        <ele>104.07</ele>
      </trkpt>
      <trkpt lat="43.772543" lon="4.881838">
        <ele>103.16</ele>
      </trkpt>
      <trkpt lat="43.772613" lon="4.881754">
        <ele>102.88</ele>
      </trkpt>
      <trkpt lat="43.77286" lon="4.88152">
        <ele>102.32</ele>
      </trkpt>
      <trkpt lat="43.773154" lon="4.881267">
        <ele>101.94</ele>
      </trkpt>
      <trkpt lat="43.773235" lon="4.881105">
        <ele>101.71</ele>
      </trkpt>
      <trkpt lat="43.773315" lon="4.880851">
        <ele>101.35</ele>
      </trkpt>
      <trkpt lat="43.773522" lon="4.880362">
        <ele>102.94</ele>
      </trkpt>
      <trkpt lat="43.773596" lon="4.880049">
        <ele>104.72</ele>
      </trkpt>
      <trkpt lat="43.773651" lon="4.879916">
        <ele>105.64</ele>
      </trkpt>
      <trkpt lat="43.773798" lon="4.879763">
        <ele>107.17</ele>
      </trkpt>
      <trkpt lat="43.773987" lon="4.879547">
        <ele>109.41</ele>
      </trkpt>
      <trkpt lat="43.774059" lon="4.879447">
        <ele>109.56</ele>
      </trkpt>
      <trkpt lat="43.774082" lon="4.879351">
        <ele>110.1</ele>
      </trkpt>
      <trkpt lat="43.774129" lon="4.879217">
        <ele>110.66</ele>
      </trkpt>
      <trkpt lat="43.774343" lon="4.879036">
        <ele>109.43</ele>
      </trkpt>
      <trkpt lat="43.774553" lon="4.878955">
        <ele>107.45</ele>
      </trkpt>
      <trkpt lat="43.774644" lon="4.878904">
        <ele>106.61</ele>
      </trkpt>
      <trkpt lat="43.774726" lon="4.878845">
        <ele>105.91</ele>
      </trkpt>
      <trkpt lat="43.774826" lon="4.878747">
        <ele>105.09</ele>
      </trkpt>
      <trkpt lat="43.774958" lon="4.878514">
        <ele>104.48</ele>
      </trkpt>
      <trkpt lat="43.77507" lon="4.878215">
        <ele>104.01</ele>
      </trkpt>
      <trkpt lat="43.775239" lon="4.877565">
        <ele>101.74</ele>
      </trkpt>
      <trkpt lat="43.775294" lon="4.877154">
        <ele>99.77</ele>
      </trkpt>
      <trkpt lat="43.7753" lon="4.877028">
        <ele>99.23</ele>
      </trkpt>
      <trkpt lat="43.775294" lon="4.87665">
        <ele>97.83</ele>
      </trkpt>
      <trkpt lat="43.77528" lon="4.876454">
        <ele>97.7</ele>
      </trkpt>
      <trkpt lat="43.77528" lon="4.876303">
        <ele>97.52</ele>
      </trkpt>
      <trkpt lat="43.775246" lon="4.875881">
        <ele>97.3</ele>
      </trkpt>
      <trkpt lat="43.775321" lon="4.87543">
        <ele>98.75</ele>
      </trkpt>
      <trkpt lat="43.775358" lon="4.875281">
        <ele>99.24</ele>
      </trkpt>
      <trkpt lat="43.775434" lon="4.875085">
        <ele>99.54</ele>
      </trkpt>
      <trkpt lat="43.775554" lon="4.874724">
        <ele>100.37</ele>
      </trkpt>
      <trkpt lat="43.775669" lon="4.874426">
        <ele>101.07</ele>
      </trkpt>
      <trkpt lat="43.776039" lon="4.873598">
        <ele>102.04</ele>
      </trkpt>
      <trkpt lat="43.776099" lon="4.873493">
        <ele>101.87</ele>
      </trkpt>
      <trkpt lat="43.776159" lon="4.873335">
        <ele>101.84</ele>
      </trkpt>
      <trkpt lat="43.776246" lon="4.873181">
        <ele>101</ele>
      </trkpt>
      <trkpt lat="43.776365" lon="4.872787">
        <ele>99.79</ele>
      </trkpt>
      <trkpt lat="43.776392" lon="4.872599">
        <ele>99.53</ele>
      </trkpt>
      <trkpt lat="43.776406" lon="4.872299">
        <ele>99.38</ele>
      </trkpt>
      <trkpt lat="43.776392" lon="4.871615">
        <ele>99.27</ele>
      </trkpt>
      <trkpt lat="43.776429" lon="4.871336">
        <ele>98.44</ele>
      </trkpt>
      <trkpt lat="43.776475" lon="4.871186">
        <ele>97.85</ele>
      </trkpt>
      <trkpt lat="43.776549" lon="4.87072">
        <ele>96.69</ele>
      </trkpt>
      <trkpt lat="43.776577" lon="4.870389">
        <ele>96.59</ele>
      </trkpt>
      <trkpt lat="43.776566" lon="4.870266">
        <ele>96.63</ele>
      </trkpt>
      <trkpt lat="43.776359" lon="4.870017">
        <ele>97.62</ele>
      </trkpt>
      <trkpt lat="43.776109" lon="4.869888">
        <ele>99.12</ele>
      </trkpt>
      <trkpt lat="43.775868" lon="4.869789">
        <ele>100.57</ele>
      </trkpt>
      <trkpt lat="43.775573" lon="4.869757">
        <ele>102.27</ele>
      </trkpt>
      <trkpt lat="43.774394" lon="4.869876">
        <ele>108.41</ele>
      </trkpt>
      <trkpt lat="43.774067" lon="4.869829">
        <ele>110.37</ele>
      </trkpt>
      <trkpt lat="43.773237" lon="4.869581">
        <ele>115.77</ele>
      </trkpt>
      <trkpt lat="43.772365" lon="4.869403">
        <ele>118.81</ele>
      </trkpt>
      <trkpt lat="43.771976" lon="4.86928">
        <ele>120.47</ele>
      </trkpt>
      <trkpt lat="43.772103" lon="4.868599">
        <ele>119.57</ele>
      </trkpt>
      <trkpt lat="43.772273" lon="4.86804">
        <ele>117.51</ele>
      </trkpt>
      <trkpt lat="43.772284" lon="4.867812">
        <ele>116.88</ele>
      </trkpt>
      <trkpt lat="43.772215" lon="4.867508">
        <ele>116.65</ele>
      </trkpt>
      <trkpt lat="43.772328" lon="4.867152">
        <ele>116.26</ele>
      </trkpt>
      <trkpt lat="43.773155" lon="4.866099">
        <ele>114.18</ele>
      </trkpt>
      <trkpt lat="43.773184" lon="4.865999">
        <ele>114.25</ele>
      </trkpt>
      <trkpt lat="43.773196" lon="4.86586">
        <ele>114.49</ele>
      </trkpt>
      <trkpt lat="43.773158" lon="4.865482">
        <ele>114.39</ele>
      </trkpt>
      <trkpt lat="43.773169" lon="4.865168">
        <ele>113.88</ele>
      </trkpt>
      <trkpt lat="43.773465" lon="4.865149">
        <ele>111.23</ele>
      </trkpt>
      <trkpt lat="43.774085" lon="4.864881">
        <ele>105.54</ele>
      </trkpt>
      <trkpt lat="43.774927" lon="4.86461">
        <ele>102.31</ele>
      </trkpt>
      <trkpt lat="43.775085" lon="4.864542">
        <ele>101.96</ele>
      </trkpt>
      <trkpt lat="43.775166" lon="4.864409">
        <ele>101.73</ele>
      </trkpt>
      <trkpt lat="43.775698" lon="4.863397">
        <ele>103.06</ele>
      </trkpt>
      <trkpt lat="43.775859" lon="4.863091">
        <ele>103.46</ele>
      </trkpt>
      <trkpt lat="43.775937" lon="4.862796">
        <ele>105.54</ele>
      </trkpt>
      <trkpt lat="43.776034" lon="4.862366">
        <ele>108.16</ele>
      </trkpt>
      <trkpt lat="43.776255" lon="4.861643">
        <ele>111.26</ele>
      </trkpt>
      <trkpt lat="43.776459" lon="4.860915">
        <ele>114.72</ele>
      </trkpt>
      <trkpt lat="43.776569" lon="4.860675">
        <ele>113.66</ele>
      </trkpt>
      <trkpt lat="43.776644" lon="4.860629">
        <ele>112.35</ele>
      </trkpt>
      <trkpt lat="43.776728" lon="4.860615">
        <ele>110.61</ele>
      </trkpt>
      <trkpt lat="43.776818" lon="4.860639">
        <ele>108.47</ele>
      </trkpt>
      <trkpt lat="43.776787" lon="4.860507">
        <ele>110.04</ele>
      </trkpt>
      <trkpt lat="43.776769" lon="4.860379">
        <ele>111.3</ele>
      </trkpt>
      <trkpt lat="43.776752" lon="4.860018">
        <ele>114.14</ele>
      </trkpt>
      <trkpt lat="43.77676" lon="4.859785">
        <ele>115.14</ele>
      </trkpt>
      <trkpt lat="43.776722" lon="4.859663">
        <ele>116.63</ele>
      </trkpt>
      <trkpt lat="43.776622" lon="4.859505">
        <ele>119.89</ele>
      </trkpt>
      <trkpt lat="43.776635" lon="4.859021">
        <ele>121.09</ele>
      </trkpt>
      <trkpt lat="43.776709" lon="4.858967">
        <ele>118.98</ele>
      </trkpt>
      <trkpt lat="43.776797" lon="4.858759">
        <ele>116.17</ele>
      </trkpt>
      <trkpt lat="43.776866" lon="4.858496">
        <ele>113.77</ele>
      </trkpt>
      <trkpt lat="43.776903" lon="4.858259">
        <ele>112.26</ele>
      </trkpt>
      <trkpt lat="43.776877" lon="4.85786">
        <ele>111.43</ele>
      </trkpt>
      <trkpt lat="43.776871" lon="4.857501">
        <ele>110.23</ele>
      </trkpt>
      <trkpt lat="43.776944" lon="4.857216">
        <ele>111.46</ele>
      </trkpt>
      <trkpt lat="43.777015" lon="4.856736">
        <ele>115.11</ele>
      </trkpt>
      <trkpt lat="43.776996" lon="4.856607">
        <ele>116.55</ele>
      </trkpt>
      <trkpt lat="43.776852" lon="4.856143">
        <ele>121.71</ele>
      </trkpt>
      <trkpt lat="43.776837" lon="4.85598">
        <ele>123.02</ele>
      </trkpt>
      <trkpt lat="43.777208" lon="4.854692">
        <ele>125.28</ele>
      </trkpt>
      <trkpt lat="43.777304" lon="4.85429">
        <ele>125.18</ele>
      </trkpt>
      <trkpt lat="43.777374" lon="4.853994">
        <ele>125.11</ele>
      </trkpt>
      <trkpt lat="43.777395" lon="4.853786">
        <ele>124.91</ele>
      </trkpt>
      <trkpt lat="43.777384" lon="4.85341">
        <ele>125.82</ele>
      </trkpt>
      <trkpt lat="43.777337" lon="4.852791">
        <ele>127.76</ele>
      </trkpt>
      <trkpt lat="43.777328" lon="4.852541">
        <ele>128.26</ele>
      </trkpt>
      <trkpt lat="43.7774" lon="4.852257">
        <ele>128.13</ele>
      </trkpt>
      <trkpt lat="43.77747" lon="4.852109">
        <ele>127.77</ele>
      </trkpt>
      <trkpt lat="43.777518" lon="4.851802">
        <ele>129</ele>
      </trkpt>
      <trkpt lat="43.777571" lon="4.851632">
        <ele>129.4</ele>
      </trkpt>
      <trkpt lat="43.778132" lon="4.851366">
        <ele>124.31</ele>
      </trkpt>
      <trkpt lat="43.778341" lon="4.851385">
        <ele>123.59</ele>
      </trkpt>
      <trkpt lat="43.778583" lon="4.851483">
        <ele>122.38</ele>
      </trkpt>
      <trkpt lat="43.778741" lon="4.85153">
        <ele>121.81</ele>
      </trkpt>
      <trkpt lat="43.778976" lon="4.851501">
        <ele>121.43</ele>
      </trkpt>
      <trkpt lat="43.779107" lon="4.851385">
        <ele>120.86</ele>
      </trkpt>
      <trkpt lat="43.779258" lon="4.851269">
        <ele>119.82</ele>
      </trkpt>
      <trkpt lat="43.779267" lon="4.851094">
        <ele>119.84</ele>
      </trkpt>
      <trkpt lat="43.779282" lon="4.851002">
        <ele>119.71</ele>
      </trkpt>
      <trkpt lat="43.779327" lon="4.850971">
        <ele>119.21</ele>
      </trkpt>
      <trkpt lat="43.779232" lon="4.850805">
        <ele>120.43</ele>
      </trkpt>
      <trkpt lat="43.779022" lon="4.850364">
        <ele>119.33</ele>
      </trkpt>
      <trkpt lat="43.778959" lon="4.850261">
        <ele>119.45</ele>
      </trkpt>
      <trkpt lat="43.778793" lon="4.849868">
        <ele>117.87</ele>
      </trkpt>
      <trkpt lat="43.778728" lon="4.849742">
        <ele>116.99</ele>
      </trkpt>
      <trkpt lat="43.778666" lon="4.849563">
        <ele>115.27</ele>
      </trkpt>
      <trkpt lat="43.778548" lon="4.849317">
        <ele>113</ele>
      </trkpt>
      <trkpt lat="43.778311" lon="4.848907">
        <ele>110.81</ele>
      </trkpt>
      <trkpt lat="43.778159" lon="4.848675">
        <ele>109.93</ele>
      </trkpt>
      <trkpt lat="43.778098" lon="4.848491">
        <ele>109.01</ele>
      </trkpt>
      <trkpt lat="43.778039" lon="4.84827">
        <ele>108.55</ele>
      </trkpt>
      <trkpt lat="43.777874" lon="4.847833">
        <ele>111.34</ele>
      </trkpt>
      <trkpt lat="43.777813" lon="4.847569">
        <ele>112.2</ele>
      </trkpt>
      <trkpt lat="43.777751" lon="4.847227">
        <ele>112.59</ele>
      </trkpt>
      <trkpt lat="43.777585" lon="4.846903">
        <ele>113.85</ele>
      </trkpt>
      <trkpt lat="43.77751" lon="4.846709">
        <ele>114.13</ele>
      </trkpt>
      <trkpt lat="43.777383" lon="4.846418">
        <ele>114.34</ele>
      </trkpt>
      <trkpt lat="43.777297" lon="4.846192">
        <ele>114.38</ele>
      </trkpt>
      <trkpt lat="43.777452" lon="4.846134">
        <ele>112.57</ele>
      </trkpt>
      <trkpt lat="43.777746" lon="4.845989">
        <ele>108.92</ele>
      </trkpt>
      <trkpt lat="43.778099" lon="4.845866">
        <ele>104.6</ele>
      </trkpt>
      <trkpt lat="43.778386" lon="4.845803">
        <ele>103.69</ele>
      </trkpt>
      <trkpt lat="43.778847" lon="4.845588">
        <ele>102.65</ele>
      </trkpt>
      <trkpt lat="43.779604" lon="4.845303">
        <ele>98.97</ele>
      </trkpt>
      <trkpt lat="43.780012" lon="4.845039">
        <ele>94.73</ele>
      </trkpt>
      <trkpt lat="43.780722" lon="4.844519">
        <ele>92.31</ele>
      </trkpt>
      <trkpt lat="43.781263" lon="4.844008">
        <ele>92.39</ele>
      </trkpt>
      <trkpt lat="43.781534" lon="4.843753">
        <ele>92.44</ele>
      </trkpt>
      <trkpt lat="43.781891" lon="4.843469">
        <ele>91.21</ele>
      </trkpt>
      <trkpt lat="43.782062" lon="4.843407">
        <ele>91.49</ele>
      </trkpt>
      <trkpt lat="43.782072" lon="4.842748">
        <ele>88.91</ele>
      </trkpt>
      <trkpt lat="43.782108" lon="4.842319">
        <ele>87.25</ele>
      </trkpt>
      <trkpt lat="43.782289" lon="4.841422">
        <ele>82.68</ele>
      </trkpt>
      <trkpt lat="43.782352" lon="4.840826">
        <ele>79.11</ele>
      </trkpt>
      <trkpt lat="43.782409" lon="4.839955">
        <ele>78.75</ele>
      </trkpt>
      <trkpt lat="43.782438" lon="4.839662">
        <ele>79.04</ele>
      </trkpt>
      <trkpt lat="43.782493" lon="4.839243">
        <ele>79.41</ele>
      </trkpt>
      <trkpt lat="43.782536" lon="4.838985">
        <ele>79.61</ele>
      </trkpt>
      <trkpt lat="43.782622" lon="4.838769">
        <ele>79.67</ele>
      </trkpt>
      <trkpt lat="43.782705" lon="4.838455">
        <ele>79.84</ele>
      </trkpt>
      <trkpt lat="43.782722" lon="4.838142">
        <ele>80.17</ele>
      </trkpt>
      <trkpt lat="43.782739" lon="4.83754">
        <ele>80.8</ele>
      </trkpt>
      <trkpt lat="43.782829" lon="4.836455">
        <ele>81.73</ele>
      </trkpt>
      <trkpt lat="43.782839" lon="4.836244">
        <ele>82.02</ele>
      </trkpt>
      <trkpt lat="43.782836" lon="4.835822">
        <ele>82.68</ele>
      </trkpt>
      <trkpt lat="43.782808" lon="4.835175">
        <ele>83.99</ele>
      </trkpt>
      <trkpt lat="43.782802" lon="4.834491">
        <ele>83.82</ele>
      </trkpt>
      <trkpt lat="43.782776" lon="4.834119">
        <ele>83.44</ele>
      </trkpt>
      <trkpt lat="43.782732" lon="4.833686">
        <ele>83.74</ele>
      </trkpt>
      <trkpt lat="43.7827" lon="4.833485">
        <ele>83.93</ele>
      </trkpt>
      <trkpt lat="43.782677" lon="4.833328">
        <ele>84.07</ele>
      </trkpt>
      <trkpt lat="43.782667" lon="4.833187">
        <ele>84.05</ele>
      </trkpt>
      <trkpt lat="43.782646" lon="4.83241">
        <ele>83.64</ele>
      </trkpt>
      <trkpt lat="43.782645" lon="4.831833">
        <ele>82.66</ele>
      </trkpt>
      <trkpt lat="43.782611" lon="4.831432">
        <ele>81.94</ele>
      </trkpt>
      <trkpt lat="43.782495" lon="4.830495">
        <ele>80.24</ele>
      </trkpt>
      <trkpt lat="43.782377" lon="4.829605">
        <ele>80.22</ele>
      </trkpt>
      <trkpt lat="43.782258" lon="4.828513">
        <ele>81.09</ele>
      </trkpt>
      <trkpt lat="43.782209" lon="4.827967">
        <ele>80.81</ele>
      </trkpt>
      <trkpt lat="43.782115" lon="4.827384">
        <ele>80.33</ele>
      </trkpt>
      <trkpt lat="43.782017" lon="4.82698">
        <ele>80.08</ele>
      </trkpt>
      <trkpt lat="43.781882" lon="4.826185">
        <ele>79.72</ele>
      </trkpt>
      <trkpt lat="43.7818" lon="4.825491">
        <ele>79.56</ele>
      </trkpt>
      <trkpt lat="43.78179" lon="4.824721">
        <ele>78.32</ele>
      </trkpt>
      <trkpt lat="43.781835" lon="4.824432">
        <ele>77.17</ele>
      </trkpt>
      <trkpt lat="43.781991" lon="4.824006">
        <ele>75.42</ele>
      </trkpt>
      <trkpt lat="43.782064" lon="4.823214">
        <ele>73.45</ele>
      </trkpt>
      <trkpt lat="43.782111" lon="4.823107">
        <ele>73.21</ele>
      </trkpt>
      <trkpt lat="43.78226" lon="4.822962">
        <ele>72.68</ele>
      </trkpt>
      <trkpt lat="43.782271" lon="4.822937">
        <ele>72.62</ele>
      </trkpt>
      <trkpt lat="43.78227" lon="4.822888">
        <ele>72.57</ele>
      </trkpt>
      <trkpt lat="43.782192" lon="4.822637">
        <ele>72.45</ele>
      </trkpt>
      <trkpt lat="43.782184" lon="4.822226">
        <ele>71.72</ele>
      </trkpt>
      <trkpt lat="43.78221" lon="4.821642">
        <ele>70.33</ele>
      </trkpt>
      <trkpt lat="43.782115" lon="4.821617">
        <ele>70.63</ele>
      </trkpt>
      <trkpt lat="43.781878" lon="4.82149">
        <ele>71.24</ele>
      </trkpt>
      <trkpt lat="43.781232" lon="4.821006">
        <ele>72.81</ele>
      </trkpt>
      <trkpt lat="43.781139" lon="4.820941">
        <ele>73.21</ele>
      </trkpt>
      <trkpt lat="43.781028" lon="4.820874">
        <ele>73.74</ele>
      </trkpt>
      <trkpt lat="43.780564" lon="4.820539">
        <ele>75.92</ele>
      </trkpt>
      <trkpt lat="43.780493" lon="4.820468">
        <ele>76.09</ele>
      </trkpt>
      <trkpt lat="43.780329" lon="4.82024">
        <ele>76.41</ele>
      </trkpt>
      <trkpt lat="43.780093" lon="4.81979">
        <ele>76.99</ele>
      </trkpt>
      <trkpt lat="43.779967" lon="4.819594">
        <ele>77.65</ele>
      </trkpt>
      <trkpt lat="43.779758" lon="4.819226">
        <ele>79.13</ele>
      </trkpt>
      <trkpt lat="43.779707" lon="4.819104">
        <ele>79.61</ele>
      </trkpt>
      <trkpt lat="43.779554" lon="4.818639">
        <ele>81.48</ele>
      </trkpt>
      <trkpt lat="43.779341" lon="4.817916">
        <ele>84.12</ele>
      </trkpt>
      <trkpt lat="43.779121" lon="4.817262">
        <ele>87.15</ele>
      </trkpt>
      <trkpt lat="43.779024" lon="4.816883">
        <ele>89.42</ele>
      </trkpt>
      <trkpt lat="43.779029" lon="4.81622">
        <ele>89.57</ele>
      </trkpt>
      <trkpt lat="43.779013" lon="4.815335">
        <ele>87.08</ele>
      </trkpt>
      <trkpt lat="43.778955" lon="4.814358">
        <ele>85.3</ele>
      </trkpt>
      <trkpt lat="43.778806" lon="4.813885">
        <ele>84.59</ele>
      </trkpt>
      <trkpt lat="43.778707" lon="4.813435">
        <ele>83.61</ele>
      </trkpt>
      <trkpt lat="43.778658" lon="4.813059">
        <ele>84.74</ele>
      </trkpt>
      <trkpt lat="43.778524" lon="4.812306">
        <ele>88.43</ele>
      </trkpt>
      <trkpt lat="43.778351" lon="4.811711">
        <ele>88.33</ele>
      </trkpt>
      <trkpt lat="43.778138" lon="4.811075">
        <ele>88.97</ele>
      </trkpt>
      <trkpt lat="43.777946" lon="4.810671">
        <ele>91.99</ele>
      </trkpt>
      <trkpt lat="43.777771" lon="4.810275">
        <ele>95.71</ele>
      </trkpt>
      <trkpt lat="43.777328" lon="4.809464">
        <ele>100.53</ele>
      </trkpt>
      <trkpt lat="43.777237" lon="4.80931">
        <ele>100.22</ele>
      </trkpt>
      <trkpt lat="43.777083" lon="4.809078">
        <ele>98.9</ele>
      </trkpt>
      <trkpt lat="43.776939" lon="4.808949">
        <ele>97.86</ele>
      </trkpt>
      <trkpt lat="43.776804" lon="4.808781">
        <ele>96.36</ele>
      </trkpt>
      <trkpt lat="43.776703" lon="4.808473">
        <ele>93.28</ele>
      </trkpt>
      <trkpt lat="43.776551" lon="4.808323">
        <ele>92.02</ele>
      </trkpt>
      <trkpt lat="43.776405" lon="4.808144">
        <ele>92.54</ele>
      </trkpt>
      <trkpt lat="43.776183" lon="4.808005">
        <ele>94.83</ele>
      </trkpt>
      <trkpt lat="43.775911" lon="4.807772">
        <ele>98.33</ele>
      </trkpt>
      <trkpt lat="43.775704" lon="4.807506">
        <ele>101.85</ele>
      </trkpt>
      <trkpt lat="43.775423" lon="4.807058">
        <ele>107.85</ele>
      </trkpt>
      <trkpt lat="43.775231" lon="4.806858">
        <ele>112.22</ele>
      </trkpt>
      <trkpt lat="43.774935" lon="4.806655">
        <ele>118.74</ele>
      </trkpt>
      <trkpt lat="43.774896" lon="4.806602">
        <ele>119.17</ele>
      </trkpt>
      <trkpt lat="43.774862" lon="4.806535">
        <ele>119.07</ele>
      </trkpt>
      <trkpt lat="43.774816" lon="4.806412">
        <ele>118.38</ele>
      </trkpt>
      <trkpt lat="43.774779" lon="4.806229">
        <ele>116.36</ele>
      </trkpt>
      <trkpt lat="43.774756" lon="4.806026">
        <ele>113.69</ele>
      </trkpt>
      <trkpt lat="43.774757" lon="4.805642">
        <ele>111.71</ele>
      </trkpt>
      <trkpt lat="43.774739" lon="4.805491">
        <ele>113.09</ele>
      </trkpt>
      <trkpt lat="43.774643" lon="4.805061">
        <ele>117.05</ele>
      </trkpt>
      <trkpt lat="43.774627" lon="4.805023">
        <ele>117.41</ele>
      </trkpt>
      <trkpt lat="43.774534" lon="4.805016">
        <ele>117.94</ele>
      </trkpt>
      <trkpt lat="43.774133" lon="4.805068">
        <ele>119.82</ele>
      </trkpt>
      <trkpt lat="43.773967" lon="4.805054">
        <ele>120.77</ele>
      </trkpt>
      <trkpt lat="43.773881" lon="4.80502">
        <ele>121.27</ele>
      </trkpt>
      <trkpt lat="43.773718" lon="4.804924">
        <ele>122.26</ele>
      </trkpt>
      <trkpt lat="43.773615" lon="4.804882">
        <ele>122.83</ele>
      </trkpt>
      <trkpt lat="43.773538" lon="4.804827">
        <ele>123.29</ele>
      </trkpt>
      <trkpt lat="43.773449" lon="4.804746">
        <ele>123.83</ele>
      </trkpt>
      <trkpt lat="43.773299" lon="4.804664">
        <ele>124.62</ele>
      </trkpt>
      <trkpt lat="43.773261" lon="4.804628">
        <ele>124.84</ele>
      </trkpt>
      <trkpt lat="43.773223" lon="4.804571">
        <ele>125.08</ele>
      </trkpt>
      <trkpt lat="43.773202" lon="4.804511">
        <ele>125.24</ele>
      </trkpt>
      <trkpt lat="43.77319" lon="4.804419">
        <ele>125.41</ele>
      </trkpt>
      <trkpt lat="43.773161" lon="4.804337">
        <ele>125.63</ele>
      </trkpt>
      <trkpt lat="43.773091" lon="4.804261">
        <ele>126.04</ele>
      </trkpt>
      <trkpt lat="43.773002" lon="4.804217">
        <ele>126.52</ele>
      </trkpt>
      <trkpt lat="43.77294" lon="4.804206">
        <ele>126.84</ele>
      </trkpt>
      <trkpt lat="43.772882" lon="4.804209">
        <ele>127.12</ele>
      </trkpt>
      <trkpt lat="43.772813" lon="4.804232">
        <ele>127.44</ele>
      </trkpt>
      <trkpt lat="43.772752" lon="4.804075">
        <ele>127.78</ele>
      </trkpt>
      <trkpt lat="43.77273" lon="4.803996">
        <ele>127.84</ele>
      </trkpt>
      <trkpt lat="43.77273" lon="4.803912">
        <ele>127.8</ele>
      </trkpt>
      <trkpt lat="43.772795" lon="4.803714">
        <ele>127.5</ele>
      </trkpt>
      <trkpt lat="43.772833" lon="4.803175">
        <ele>127.8</ele>
      </trkpt>
      <trkpt lat="43.772874" lon="4.803025">
        <ele>128.32</ele>
      </trkpt>
      <trkpt lat="43.77294" lon="4.802961">
        <ele>128.58</ele>
      </trkpt>
      <trkpt lat="43.772984" lon="4.802867">
        <ele>128.98</ele>
      </trkpt>
      <trkpt lat="43.772997" lon="4.802678">
        <ele>129.79</ele>
      </trkpt>
      <trkpt lat="43.772986" lon="4.802663">
        <ele>129.84</ele>
      </trkpt>
      <trkpt lat="43.772773" lon="4.802592">
        <ele>129.74</ele>
      </trkpt>
      <trkpt lat="43.772666" lon="4.802543">
        <ele>129.68</ele>
      </trkpt>
      <trkpt lat="43.772475" lon="4.802402">
        <ele>129.27</ele>
      </trkpt>
      <trkpt lat="43.772387" lon="4.802388">
        <ele>129.07</ele>
      </trkpt>
      <trkpt lat="43.772296" lon="4.802427">
        <ele>128.95</ele>
      </trkpt>
      <trkpt lat="43.772188" lon="4.802427">
        <ele>129.73</ele>
      </trkpt>
      <trkpt lat="43.772077" lon="4.8024">
        <ele>130.51</ele>
      </trkpt>
      <trkpt lat="43.771961" lon="4.802408">
        <ele>131.36</ele>
      </trkpt>
      <trkpt lat="43.771845" lon="4.802444">
        <ele>132.23</ele>
      </trkpt>
      <trkpt lat="43.771714" lon="4.802529">
        <ele>133.11</ele>
      </trkpt>
      <trkpt lat="43.771692" lon="4.802511">
        <ele>133.29</ele>
      </trkpt>
      <trkpt lat="43.77164" lon="4.802431">
        <ele>133.71</ele>
      </trkpt>
      <trkpt lat="43.771597" lon="4.802387">
        <ele>134.01</ele>
      </trkpt>
      <trkpt lat="43.771145" lon="4.802275">
        <ele>138.81</ele>
      </trkpt>
      <trkpt lat="43.770737" lon="4.802093">
        <ele>143.7</ele>
      </trkpt>
      <trkpt lat="43.770681" lon="4.802048">
        <ele>144.37</ele>
      </trkpt>
      <trkpt lat="43.770609" lon="4.801965">
        <ele>145.26</ele>
      </trkpt>
      <trkpt lat="43.770586" lon="4.801903">
        <ele>145.55</ele>
      </trkpt>
      <trkpt lat="43.770575" lon="4.801827">
        <ele>145.67</ele>
      </trkpt>
      <trkpt lat="43.770606" lon="4.801637">
        <ele>145.27</ele>
      </trkpt>
      <trkpt lat="43.770628" lon="4.801565">
        <ele>144.35</ele>
      </trkpt>
      <trkpt lat="43.770724" lon="4.801051">
        <ele>138.66</ele>
      </trkpt>
      <trkpt lat="43.770783" lon="4.800829">
        <ele>136.32</ele>
      </trkpt>
      <trkpt lat="43.770968" lon="4.800304">
        <ele>134.36</ele>
      </trkpt>
      <trkpt lat="43.770997" lon="4.80013">
        <ele>133.99</ele>
      </trkpt>
      <trkpt lat="43.77101" lon="4.79982">
        <ele>134.53</ele>
      </trkpt>
      <trkpt lat="43.771033" lon="4.799748">
        <ele>134.76</ele>
      </trkpt>
      <trkpt lat="43.77109" lon="4.799681">
        <ele>134.72</ele>
      </trkpt>
      <trkpt lat="43.771201" lon="4.799577">
        <ele>134.41</ele>
      </trkpt>
      <trkpt lat="43.771274" lon="4.799431">
        <ele>134.49</ele>
      </trkpt>
      <trkpt lat="43.771328" lon="4.798989">
        <ele>134.28</ele>
      </trkpt>
      <trkpt lat="43.771349" lon="4.798894">
        <ele>133.4</ele>
      </trkpt>
      <trkpt lat="43.771533" lon="4.798487">
        <ele>128.8</ele>
      </trkpt>
      <trkpt lat="43.771595" lon="4.798235">
        <ele>126.5</ele>
      </trkpt>
      <trkpt lat="43.771668" lon="4.797996">
        <ele>123.96</ele>
      </trkpt>
      <trkpt lat="43.771672" lon="4.797957">
        <ele>123.61</ele>
      </trkpt>
      <trkpt lat="43.771687" lon="4.797834">
        <ele>122.47</ele>
      </trkpt>
      <trkpt lat="43.77167" lon="4.797542">
        <ele>120.13</ele>
      </trkpt>
      <trkpt lat="43.771693" lon="4.797382">
        <ele>119.09</ele>
      </trkpt>
      <trkpt lat="43.771829" lon="4.797122">
        <ele>117.04</ele>
      </trkpt>
      <trkpt lat="43.771957" lon="4.796923">
        <ele>114.85</ele>
      </trkpt>
      <trkpt lat="43.772043" lon="4.796557">
        <ele>112.07</ele>
      </trkpt>
      <trkpt lat="43.7722" lon="4.796142">
        <ele>108.88</ele>
      </trkpt>
      <trkpt lat="43.772215" lon="4.796049">
        <ele>108.46</ele>
      </trkpt>
      <trkpt lat="43.772135" lon="4.795583">
        <ele>106.52</ele>
      </trkpt>
      <trkpt lat="43.772144" lon="4.795509">
        <ele>105.77</ele>
      </trkpt>
      <trkpt lat="43.77222" lon="4.795266">
        <ele>103.02</ele>
      </trkpt>
      <trkpt lat="43.772247" lon="4.795075">
        <ele>101.18</ele>
      </trkpt>
      <trkpt lat="43.77225" lon="4.794979">
        <ele>100.33</ele>
      </trkpt>
      <trkpt lat="43.772239" lon="4.794901">
        <ele>100.19</ele>
      </trkpt>
      <trkpt lat="43.772216" lon="4.794823">
        <ele>100.2</ele>
      </trkpt>
      <trkpt lat="43.772183" lon="4.794774">
        <ele>100.28</ele>
      </trkpt>
      <trkpt lat="43.772103" lon="4.794714">
        <ele>100.55</ele>
      </trkpt>
      <trkpt lat="43.772077" lon="4.794671">
        <ele>100.6</ele>
      </trkpt>
      <trkpt lat="43.772069" lon="4.794587">
        <ele>100.51</ele>
      </trkpt>
      <trkpt lat="43.772071" lon="4.794535">
        <ele>100.42</ele>
      </trkpt>
      <trkpt lat="43.772155" lon="4.794401">
        <ele>99.88</ele>
      </trkpt>
      <trkpt lat="43.772211" lon="4.79429">
        <ele>99.51</ele>
      </trkpt>
      <trkpt lat="43.772297" lon="4.794028">
        <ele>100.62</ele>
      </trkpt>
      <trkpt lat="43.772038" lon="4.794064">
        <ele>101.02</ele>
      </trkpt>
      <trkpt lat="43.771706" lon="4.794088">
        <ele>101.84</ele>
      </trkpt>
      <trkpt lat="43.77139" lon="4.794071">
        <ele>103.2</ele>
      </trkpt>
      <trkpt lat="43.770683" lon="4.793926">
        <ele>107.1</ele>
      </trkpt>
      <trkpt lat="43.770066" lon="4.793768">
        <ele>112.63</ele>
      </trkpt>
      <trkpt lat="43.76992" lon="4.793239">
        <ele>118.45</ele>
      </trkpt>
      <trkpt lat="43.76991" lon="4.79315">
        <ele>119.34</ele>
      </trkpt>
      <trkpt lat="43.769912" lon="4.793077">
        <ele>120.06</ele>
      </trkpt>
      <trkpt lat="43.769718" lon="4.792905">
        <ele>122.46</ele>
      </trkpt>
      <trkpt lat="43.769522" lon="4.792699">
        <ele>127.21</ele>
      </trkpt>
      <trkpt lat="43.769359" lon="4.792544">
        <ele>131.09</ele>
      </trkpt>
      <trkpt lat="43.769194" lon="4.792367">
        <ele>134.52</ele>
      </trkpt>
      <trkpt lat="43.769126" lon="4.792264">
        <ele>135.58</ele>
      </trkpt>
      <trkpt lat="43.76907" lon="4.792146">
        <ele>136.33</ele>
      </trkpt>
      <trkpt lat="43.769028" lon="4.791934">
        <ele>136.73</ele>
      </trkpt>
      <trkpt lat="43.768947" lon="4.791446">
        <ele>136.63</ele>
      </trkpt>
      <trkpt lat="43.768948" lon="4.791407">
        <ele>136.48</ele>
      </trkpt>
      <trkpt lat="43.768961" lon="4.79137">
        <ele>136.07</ele>
      </trkpt>
      <trkpt lat="43.768924" lon="4.791305">
        <ele>136.66</ele>
      </trkpt>
      <trkpt lat="43.768845" lon="4.791022">
        <ele>137.81</ele>
      </trkpt>
      <trkpt lat="43.768735" lon="4.790467">
        <ele>138.42</ele>
      </trkpt>
      <trkpt lat="43.768705" lon="4.790175">
        <ele>137.13</ele>
      </trkpt>
      <trkpt lat="43.768703" lon="4.789551">
        <ele>137.73</ele>
      </trkpt>
      <trkpt lat="43.768675" lon="4.789412">
        <ele>138.45</ele>
      </trkpt>
      <trkpt lat="43.768633" lon="4.789299">
        <ele>138.88</ele>
      </trkpt>
      <trkpt lat="43.76851" lon="4.789094">
        <ele>139.5</ele>
      </trkpt>
      <trkpt lat="43.768366" lon="4.78898">
        <ele>140.64</ele>
      </trkpt>
      <trkpt lat="43.768161" lon="4.788946">
        <ele>139.88</ele>
      </trkpt>
      <trkpt lat="43.768061" lon="4.788902">
        <ele>140.49</ele>
      </trkpt>
      <trkpt lat="43.767713" lon="4.788647">
        <ele>144.23</ele>
      </trkpt>
      <trkpt lat="43.767529" lon="4.788527">
        <ele>145.45</ele>
      </trkpt>
      <trkpt lat="43.767112" lon="4.788359">
        <ele>146.57</ele>
      </trkpt>
      <trkpt lat="43.76673" lon="4.788039">
        <ele>148.35</ele>
      </trkpt>
      <trkpt lat="43.766384" lon="4.787781">
        <ele>149.08</ele>
      </trkpt>
      <trkpt lat="43.76625" lon="4.787668">
        <ele>152.19</ele>
      </trkpt>
      <trkpt lat="43.76614" lon="4.787541">
        <ele>154.34</ele>
      </trkpt>
      <trkpt lat="43.766051" lon="4.787376">
        <ele>155.69</ele>
      </trkpt>
      <trkpt lat="43.765819" lon="4.786906">
        <ele>155.36</ele>
      </trkpt>
      <trkpt lat="43.765701" lon="4.78669">
        <ele>153.07</ele>
      </trkpt>
      <trkpt lat="43.765504" lon="4.786407">
        <ele>155.86</ele>
      </trkpt>
      <trkpt lat="43.765244" lon="4.786058">
        <ele>160.49</ele>
      </trkpt>
      <trkpt lat="43.765084" lon="4.785877">
        <ele>161.14</ele>
      </trkpt>
      <trkpt lat="43.764525" lon="4.785399">
        <ele>167.64</ele>
      </trkpt>
      <trkpt lat="43.764186" lon="4.785131">
        <ele>169.58</ele>
      </trkpt>
      <trkpt lat="43.763989" lon="4.785026">
        <ele>169.18</ele>
      </trkpt>
      <trkpt lat="43.763894" lon="4.784938">
        <ele>169.88</ele>
      </trkpt>
      <trkpt lat="43.763825" lon="4.784811">
        <ele>171.68</ele>
      </trkpt>
      <trkpt lat="43.763754" lon="4.7846">
        <ele>174.16</ele>
      </trkpt>
      <trkpt lat="43.763669" lon="4.784291">
        <ele>177.41</ele>
      </trkpt>
      <trkpt lat="43.763605" lon="4.784113">
        <ele>179.37</ele>
      </trkpt>
      <trkpt lat="43.763568" lon="4.784052">
        <ele>180.4</ele>
      </trkpt>
      <trkpt lat="43.763519" lon="4.784006">
        <ele>181.27</ele>
      </trkpt>
      <trkpt lat="43.763436" lon="4.783959">
        <ele>182.3</ele>
      </trkpt>
      <trkpt lat="43.763312" lon="4.783931">
        <ele>183.26</ele>
      </trkpt>
      <trkpt lat="43.763107" lon="4.783951">
        <ele>184.45</ele>
      </trkpt>
      <trkpt lat="43.762932" lon="4.783985">
        <ele>188.58</ele>
      </trkpt>
      <trkpt lat="43.762878" lon="4.784014">
        <ele>189.62</ele>
      </trkpt>
      <trkpt lat="43.762588" lon="4.784375">
        <ele>192.78</ele>
      </trkpt>
      <trkpt lat="43.762474" lon="4.784459">
        <ele>194.33</ele>
      </trkpt>
      <trkpt lat="43.762448" lon="4.784463">
        <ele>194.86</ele>
      </trkpt>
      <trkpt lat="43.762427" lon="4.78445">
        <ele>195.49</ele>
      </trkpt>
      <trkpt lat="43.762412" lon="4.784423">
        <ele>196.16</ele>
      </trkpt>
      <trkpt lat="43.762411" lon="4.784373">
        <ele>196.83</ele>
      </trkpt>
      <trkpt lat="43.762509" lon="4.784221">
        <ele>196.47</ele>
      </trkpt>
      <trkpt lat="43.762598" lon="4.784025">
        <ele>196.63</ele>
      </trkpt>
      <trkpt lat="43.762625" lon="4.783911">
        <ele>197.34</ele>
      </trkpt>
      <trkpt lat="43.762626" lon="4.783819">
        <ele>198.43</ele>
      </trkpt>
      <trkpt lat="43.762608" lon="4.783711">
        <ele>200.25</ele>
      </trkpt>
      <trkpt lat="43.762553" lon="4.78359">
        <ele>203.21</ele>
      </trkpt>
      <trkpt lat="43.762438" lon="4.783453">
        <ele>208.01</ele>
      </trkpt>
      <trkpt lat="43.762423" lon="4.783404">
        <ele>209.07</ele>
      </trkpt>
      <trkpt lat="43.76242" lon="4.783354">
        <ele>209.79</ele>
      </trkpt>
      <trkpt lat="43.762433" lon="4.783305">
        <ele>210.06</ele>
      </trkpt>
      <trkpt lat="43.762529" lon="4.783191">
        <ele>208.55</ele>
      </trkpt>
      <trkpt lat="43.762593" lon="4.783093">
        <ele>207.81</ele>
      </trkpt>
      <trkpt lat="43.762631" lon="4.782965">
        <ele>208.14</ele>
      </trkpt>
      <trkpt lat="43.762631" lon="4.782828">
        <ele>209.54</ele>
      </trkpt>
      <trkpt lat="43.762597" lon="4.782643">
        <ele>212.28</ele>
      </trkpt>
      <trkpt lat="43.76255" lon="4.782511">
        <ele>214.7</ele>
      </trkpt>
      <trkpt lat="43.762472" lon="4.782379">
        <ele>218.4</ele>
      </trkpt>
      <trkpt lat="43.762269" lon="4.782169">
        <ele>226.23</ele>
      </trkpt>
      <trkpt lat="43.762247" lon="4.782121">
        <ele>227.48</ele>
      </trkpt>
      <trkpt lat="43.762251" lon="4.782021">
        <ele>228.89</ele>
      </trkpt>
      <trkpt lat="43.762266" lon="4.781987">
        <ele>229.07</ele>
      </trkpt>
      <trkpt lat="43.762396" lon="4.781901">
        <ele>227.94</ele>
      </trkpt>
      <trkpt lat="43.762448" lon="4.781848">
        <ele>227.91</ele>
      </trkpt>
      <trkpt lat="43.762495" lon="4.781742">
        <ele>228.92</ele>
      </trkpt>
      <trkpt lat="43.762609" lon="4.781358">
        <ele>232.16</ele>
      </trkpt>
      <trkpt lat="43.762869" lon="4.780951">
        <ele>232.95</ele>
      </trkpt>
      <trkpt lat="43.762919" lon="4.780874">
        <ele>233.1</ele>
      </trkpt>
      <trkpt lat="43.763011" lon="4.78076">
        <ele>232.07</ele>
      </trkpt>
      <trkpt lat="43.763131" lon="4.780673">
        <ele>229.04</ele>
      </trkpt>
      <trkpt lat="43.763226" lon="4.780642">
        <ele>228.02</ele>
      </trkpt>
      <trkpt lat="43.763309" lon="4.780662">
        <ele>227.8</ele>
      </trkpt>
      <trkpt lat="43.76337" lon="4.780742">
        <ele>228.33</ele>
      </trkpt>
      <trkpt lat="43.763441" lon="4.780874">
        <ele>227.44</ele>
      </trkpt>
      <trkpt lat="43.763522" lon="4.780964">
        <ele>225.68</ele>
      </trkpt>
      <trkpt lat="43.763602" lon="4.781019">
        <ele>224.35</ele>
      </trkpt>
      <trkpt lat="43.763662" lon="4.781027">
        <ele>223.75</ele>
      </trkpt>
      <trkpt lat="43.763706" lon="4.780997">
        <ele>223.74</ele>
      </trkpt>
      <trkpt lat="43.763711" lon="4.780948">
        <ele>224.29</ele>
      </trkpt>
      <trkpt lat="43.763699" lon="4.780822">
        <ele>225.9</ele>
      </trkpt>
      <trkpt lat="43.763639" lon="4.780514">
        <ele>224.79</ele>
      </trkpt>
      <trkpt lat="43.763571" lon="4.780331">
        <ele>223.57</ele>
      </trkpt>
      <trkpt lat="43.763227" lon="4.77992">
        <ele>217.64</ele>
      </trkpt>
      <trkpt lat="43.762999" lon="4.779863">
        <ele>216.66</ele>
      </trkpt>
      <trkpt lat="43.762954" lon="4.77996">
        <ele>219.37</ele>
      </trkpt>
      <trkpt lat="43.762627" lon="4.780201">
        <ele>226.77</ele>
      </trkpt>
      <trkpt lat="43.762378" lon="4.780499">
        <ele>235.54</ele>
      </trkpt>
      <trkpt lat="43.762245" lon="4.780587">
        <ele>238.86</ele>
      </trkpt>
      <trkpt lat="43.762069" lon="4.780644">
        <ele>241.35</ele>
      </trkpt>
      <trkpt lat="43.761985" lon="4.780648">
        <ele>242.03</ele>
      </trkpt>
      <trkpt lat="43.761902" lon="4.78063">
        <ele>242.31</ele>
      </trkpt>
      <trkpt lat="43.76157" lon="4.780524">
        <ele>243.16</ele>
      </trkpt>
      <trkpt lat="43.761356" lon="4.780525">
        <ele>242.11</ele>
      </trkpt>
      <trkpt lat="43.761292" lon="4.780549">
        <ele>241.2</ele>
      </trkpt>
      <trkpt lat="43.761257" lon="4.780604">
        <ele>241.16</ele>
      </trkpt>
      <trkpt lat="43.761233" lon="4.780687">
        <ele>241.59</ele>
      </trkpt>
      <trkpt lat="43.7612" lon="4.780909">
        <ele>242.24</ele>
      </trkpt>
      <trkpt lat="43.761176" lon="4.781191">
        <ele>242.15</ele>
      </trkpt>
      <trkpt lat="43.761055" lon="4.781914">
        <ele>240.21</ele>
      </trkpt>
      <trkpt lat="43.761026" lon="4.782041">
        <ele>239.71</ele>
      </trkpt>
      <trkpt lat="43.760988" lon="4.78212">
        <ele>239.11</ele>
      </trkpt>
      <trkpt lat="43.760915" lon="4.782218">
        <ele>238.09</ele>
      </trkpt>
      <trkpt lat="43.760665" lon="4.782428">
        <ele>235.3</ele>
      </trkpt>
      <trkpt lat="43.760523" lon="4.782562">
        <ele>233.7</ele>
      </trkpt>
      <trkpt lat="43.760394" lon="4.782717">
        <ele>232.73</ele>
      </trkpt>
      <trkpt lat="43.760353" lon="4.782802">
        <ele>232.84</ele>
      </trkpt>
      <trkpt lat="43.760277" lon="4.783034">
        <ele>234</ele>
      </trkpt>
      <trkpt lat="43.760173" lon="4.783292">
        <ele>236.06</ele>
      </trkpt>
      <trkpt lat="43.76007" lon="4.783523">
        <ele>238.54</ele>
      </trkpt>
      <trkpt lat="43.759984" lon="4.783662">
        <ele>240.6</ele>
      </trkpt>
      <trkpt lat="43.759657" lon="4.784104">
        <ele>248.26</ele>
      </trkpt>
      <trkpt lat="43.759542" lon="4.784314">
        <ele>249.71</ele>
      </trkpt>
      <trkpt lat="43.75933" lon="4.784921">
        <ele>256.65</ele>
      </trkpt>
      <trkpt lat="43.759293" lon="4.78505">
        <ele>257.05</ele>
      </trkpt>
      <trkpt lat="43.759259" lon="4.785225">
        <ele>256.58</ele>
      </trkpt>
      <trkpt lat="43.759252" lon="4.785336">
        <ele>256.21</ele>
      </trkpt>
      <trkpt lat="43.759255" lon="4.785489">
        <ele>255.61</ele>
      </trkpt>
      <trkpt lat="43.759281" lon="4.785651">
        <ele>254.73</ele>
      </trkpt>
      <trkpt lat="43.759373" lon="4.785795">
        <ele>253.05</ele>
      </trkpt>
      <trkpt lat="43.759467" lon="4.785978">
        <ele>250.84</ele>
      </trkpt>
      <trkpt lat="43.759541" lon="4.786204">
        <ele>248.82</ele>
      </trkpt>
      <trkpt lat="43.759714" lon="4.786633">
        <ele>245.47</ele>
      </trkpt>
      <trkpt lat="43.759728" lon="4.787034">
        <ele>243.27</ele>
      </trkpt>
      <trkpt lat="43.75975" lon="4.787306">
        <ele>241.81</ele>
      </trkpt>
      <trkpt lat="43.759751" lon="4.787557">
        <ele>240.31</ele>
      </trkpt>
      <trkpt lat="43.759768" lon="4.787761">
        <ele>238.83</ele>
      </trkpt>
      <trkpt lat="43.759757" lon="4.787861">
        <ele>238.06</ele>
      </trkpt>
      <trkpt lat="43.75974" lon="4.787912">
        <ele>237.64</ele>
      </trkpt>
      <trkpt lat="43.759712" lon="4.78796">
        <ele>237.2</ele>
      </trkpt>
      <trkpt lat="43.759652" lon="4.788035">
        <ele>236.43</ele>
      </trkpt>
      <trkpt lat="43.759603" lon="4.788077">
        <ele>235.92</ele>
      </trkpt>
      <trkpt lat="43.759477" lon="4.788145">
        <ele>234.86</ele>
      </trkpt>
      <trkpt lat="43.758842" lon="4.788387">
        <ele>230.78</ele>
      </trkpt>
      <trkpt lat="43.758384" lon="4.788632">
        <ele>229.99</ele>
      </trkpt>
      <trkpt lat="43.758308" lon="4.788663">
        <ele>229.87</ele>
      </trkpt>
      <trkpt lat="43.758257" lon="4.788682">
        <ele>229.78</ele>
      </trkpt>
      <trkpt lat="43.758175" lon="4.788687">
        <ele>229.51</ele>
      </trkpt>
      <trkpt lat="43.758" lon="4.788669">
        <ele>228.34</ele>
      </trkpt>
      <trkpt lat="43.757882" lon="4.78869">
        <ele>227.7</ele>
      </trkpt>
      <trkpt lat="43.757736" lon="4.788746">
        <ele>227.19</ele>
      </trkpt>
      <trkpt lat="43.757606" lon="4.788826">
        <ele>227.15</ele>
      </trkpt>
      <trkpt lat="43.757321" lon="4.789035">
        <ele>227.96</ele>
      </trkpt>
      <trkpt lat="43.756975" lon="4.789221">
        <ele>228.95</ele>
      </trkpt>
      <trkpt lat="43.756865" lon="4.789305">
        <ele>229.88</ele>
      </trkpt>
      <trkpt lat="43.756777" lon="4.789388">
        <ele>231.09</ele>
      </trkpt>
      <trkpt lat="43.75667" lon="4.789557">
        <ele>234.01</ele>
      </trkpt>
      <trkpt lat="43.756372" lon="4.790107">
        <ele>245.29</ele>
      </trkpt>
      <trkpt lat="43.75621" lon="4.790389">
        <ele>249.4</ele>
      </trkpt>
      <trkpt lat="43.756065" lon="4.790568">
        <ele>252.25</ele>
      </trkpt>
      <trkpt lat="43.755975" lon="4.790719">
        <ele>254.15</ele>
      </trkpt>
      <trkpt lat="43.755711" lon="4.791209">
        <ele>250.54</ele>
      </trkpt>
      <trkpt lat="43.75564" lon="4.791289">
        <ele>249.67</ele>
      </trkpt>
      <trkpt lat="43.755615" lon="4.791305">
        <ele>249.48</ele>
      </trkpt>
      <trkpt lat="43.755553" lon="4.791313">
        <ele>249.31</ele>
      </trkpt>
      <trkpt lat="43.755491" lon="4.791277">
        <ele>249.8</ele>
      </trkpt>
      <trkpt lat="43.755392" lon="4.79118">
        <ele>251.07</ele>
      </trkpt>
      <trkpt lat="43.755147" lon="4.79091">
        <ele>253.37</ele>
      </trkpt>
      <trkpt lat="43.755087" lon="4.790865">
        <ele>253.47</ele>
      </trkpt>
      <trkpt lat="43.755056" lon="4.790861">
        <ele>253.31</ele>
      </trkpt>
      <trkpt lat="43.755026" lon="4.79087">
        <ele>253.03</ele>
      </trkpt>
      <trkpt lat="43.754994" lon="4.790905">
        <ele>252.53</ele>
      </trkpt>
      <trkpt lat="43.754851" lon="4.791132">
        <ele>250.17</ele>
      </trkpt>
      <trkpt lat="43.754742" lon="4.791286">
        <ele>248.05</ele>
      </trkpt>
      <trkpt lat="43.754547" lon="4.791475">
        <ele>243.73</ele>
      </trkpt>
      <trkpt lat="43.754351" lon="4.791554">
        <ele>240.52</ele>
      </trkpt>
      <trkpt lat="43.754319" lon="4.791561">
        <ele>240.03</ele>
      </trkpt>
      <trkpt lat="43.754249" lon="4.791555">
        <ele>238.91</ele>
      </trkpt>
      <trkpt lat="43.753905" lon="4.791473">
        <ele>232.52</ele>
      </trkpt>
      <trkpt lat="43.753814" lon="4.791464">
        <ele>230.52</ele>
      </trkpt>
      <trkpt lat="43.753202" lon="4.79146">
        <ele>217.55</ele>
      </trkpt>
      <trkpt lat="43.752988" lon="4.791503">
        <ele>217.87</ele>
      </trkpt>
      <trkpt lat="43.752962" lon="4.791434">
        <ele>217.39</ele>
      </trkpt>
      <trkpt lat="43.752922" lon="4.791397">
        <ele>217.41</ele>
      </trkpt>
      <trkpt lat="43.752849" lon="4.791377">
        <ele>218</ele>
      </trkpt>
      <trkpt lat="43.752803" lon="4.791391">
        <ele>218.65</ele>
      </trkpt>
      <trkpt lat="43.752666" lon="4.791513">
        <ele>221.3</ele>
      </trkpt>
      <trkpt lat="43.752703" lon="4.791579">
        <ele>221.55</ele>
      </trkpt>
      <trkpt lat="43.75273" lon="4.791656">
        <ele>221.92</ele>
      </trkpt>
      <trkpt lat="43.752736" lon="4.791711">
        <ele>222.16</ele>
      </trkpt>
      <trkpt lat="43.752732" lon="4.791766">
        <ele>222.48</ele>
      </trkpt>
      <trkpt lat="43.752703" lon="4.791859">
        <ele>223.12</ele>
      </trkpt>
      <trkpt lat="43.752605" lon="4.792111">
        <ele>224.44</ele>
      </trkpt>
      <trkpt lat="43.752548" lon="4.792204">
        <ele>224.7</ele>
      </trkpt>
      <trkpt lat="43.752458" lon="4.792312">
        <ele>224.72</ele>
      </trkpt>
      <trkpt lat="43.752391" lon="4.792418">
        <ele>224.51</ele>
      </trkpt>
      <trkpt lat="43.752323" lon="4.792573">
        <ele>224.04</ele>
      </trkpt>
      <trkpt lat="43.752291" lon="4.792672">
        <ele>223.77</ele>
      </trkpt>
      <trkpt lat="43.752169" lon="4.79306">
        <ele>222.72</ele>
      </trkpt>
      <trkpt lat="43.752156" lon="4.793165">
        <ele>222.59</ele>
      </trkpt>
      <trkpt lat="43.752167" lon="4.793268">
        <ele>222.57</ele>
      </trkpt>
      <trkpt lat="43.752238" lon="4.793362">
        <ele>222.74</ele>
      </trkpt>
      <trkpt lat="43.752434" lon="4.79356">
        <ele>224.9</ele>
      </trkpt>
      <trkpt lat="43.752473" lon="4.793623">
        <ele>225.58</ele>
      </trkpt>
      <trkpt lat="43.752493" lon="4.793688">
        <ele>226.05</ele>
      </trkpt>
      <trkpt lat="43.75249" lon="4.793756">
        <ele>226.21</ele>
      </trkpt>
      <trkpt lat="43.752389" lon="4.793965">
        <ele>224.86</ele>
      </trkpt>
      <trkpt lat="43.752361" lon="4.794053">
        <ele>224.41</ele>
      </trkpt>
      <trkpt lat="43.752362" lon="4.794166">
        <ele>224.46</ele>
      </trkpt>
      <trkpt lat="43.752383" lon="4.794259">
        <ele>224.83</ele>
      </trkpt>
      <trkpt lat="43.752448" lon="4.794373">
        <ele>226.38</ele>
      </trkpt>
      <trkpt lat="43.752505" lon="4.794559">
        <ele>228.01</ele>
      </trkpt>
      <trkpt lat="43.752648" lon="4.794907">
        <ele>233.18</ele>
      </trkpt>
      <trkpt lat="43.752673" lon="4.795009">
        <ele>234.39</ele>
      </trkpt>
      <trkpt lat="43.752732" lon="4.795028">
        <ele>236.49</ele>
      </trkpt>
      <trkpt lat="43.752755" lon="4.795165">
        <ele>237.7</ele>
      </trkpt>
      <trkpt lat="43.752752" lon="4.795246">
        <ele>237.87</ele>
      </trkpt>
      <trkpt lat="43.752781" lon="4.795341">
        <ele>239.18</ele>
      </trkpt>
      <trkpt lat="43.752778" lon="4.795454">
        <ele>239.41</ele>
      </trkpt>
      <trkpt lat="43.752774" lon="4.79557">
        <ele>239.65</ele>
      </trkpt>
      <trkpt lat="43.752739" lon="4.79584">
        <ele>239.5</ele>
      </trkpt>
      <trkpt lat="43.752701" lon="4.795971">
        <ele>239.35</ele>
      </trkpt>
      <trkpt lat="43.752534" lon="4.796224">
        <ele>235.57</ele>
      </trkpt>
      <trkpt lat="43.752365" lon="4.796401">
        <ele>230.81</ele>
      </trkpt>
      <trkpt lat="43.752295" lon="4.796504">
        <ele>229.03</ele>
      </trkpt>
      <trkpt lat="43.752224" lon="4.796547">
        <ele>226.63</ele>
      </trkpt>
      <trkpt lat="43.752146" lon="4.796617">
        <ele>224.1</ele>
      </trkpt>
      <trkpt lat="43.752051" lon="4.796832">
        <ele>220.73</ele>
      </trkpt>
      <trkpt lat="43.752059" lon="4.796976">
        <ele>221.27</ele>
      </trkpt>
      <trkpt lat="43.752106" lon="4.797055">
        <ele>223.32</ele>
      </trkpt>
      <trkpt lat="43.752127" lon="4.797069">
        <ele>224.21</ele>
      </trkpt>
      <trkpt lat="43.752172" lon="4.797099">
        <ele>226.14</ele>
      </trkpt>
      <trkpt lat="43.75226" lon="4.797138">
        <ele>229.88</ele>
      </trkpt>
      <trkpt lat="43.752354" lon="4.797126">
        <ele>233.19</ele>
      </trkpt>
      <trkpt lat="43.752415" lon="4.797083">
        <ele>235.17</ele>
      </trkpt>
      <trkpt lat="43.752493" lon="4.796969">
        <ele>237.74</ele>
      </trkpt>
      <trkpt lat="43.75258" lon="4.796869">
        <ele>240.85</ele>
      </trkpt>
      <trkpt lat="43.752631" lon="4.796829">
        <ele>242.71</ele>
      </trkpt>
      <trkpt lat="43.75277" lon="4.796782">
        <ele>247.89</ele>
      </trkpt>
      <trkpt lat="43.753038" lon="4.796821">
        <ele>257.48</ele>
      </trkpt>
      <trkpt lat="43.753339" lon="4.796906">
        <ele>260.28</ele>
      </trkpt>
      <trkpt lat="43.753379" lon="4.796962">
        <ele>259.99</ele>
      </trkpt>
      <trkpt lat="43.753398" lon="4.797013">
        <ele>259.71</ele>
      </trkpt>
      <trkpt lat="43.753406" lon="4.797069">
        <ele>259.39</ele>
      </trkpt>
      <trkpt lat="43.75338" lon="4.79723">
        <ele>258.36</ele>
      </trkpt>
      <trkpt lat="43.753372" lon="4.797378">
        <ele>257.43</ele>
      </trkpt>
      <trkpt lat="43.753396" lon="4.797496">
        <ele>256.31</ele>
      </trkpt>
      <trkpt lat="43.753418" lon="4.797535">
        <ele>255.54</ele>
      </trkpt>
      <trkpt lat="43.753437" lon="4.797569">
        <ele>254.87</ele>
      </trkpt>
      <trkpt lat="43.75358" lon="4.797708">
        <ele>252.44</ele>
      </trkpt>
      <trkpt lat="43.753591" lon="4.79776">
        <ele>251.37</ele>
      </trkpt>
      <trkpt lat="43.75359" lon="4.797796">
        <ele>250.6</ele>
      </trkpt>
      <trkpt lat="43.753572" lon="4.797876">
        <ele>248.79</ele>
      </trkpt>
      <trkpt lat="43.753516" lon="4.79794">
        <ele>247.14</ele>
      </trkpt>
      <trkpt lat="43.753295" lon="4.798071">
        <ele>243.12</ele>
      </trkpt>
      <trkpt lat="43.753251" lon="4.798128">
        <ele>241.6</ele>
      </trkpt>
      <trkpt lat="43.753226" lon="4.798184">
        <ele>240.21</ele>
      </trkpt>
      <trkpt lat="43.753248" lon="4.798679">
        <ele>229.18</ele>
      </trkpt>
      <trkpt lat="43.753266" lon="4.798856">
        <ele>225.51</ele>
      </trkpt>
      <trkpt lat="43.753283" lon="4.798914">
        <ele>224.57</ele>
      </trkpt>
      <trkpt lat="43.753328" lon="4.798987">
        <ele>223.9</ele>
      </trkpt>
      <trkpt lat="43.753461" lon="4.799094">
        <ele>224.76</ele>
      </trkpt>
      <trkpt lat="43.753629" lon="4.799199">
        <ele>228.2</ele>
      </trkpt>
      <trkpt lat="43.753849" lon="4.799462">
        <ele>231.98</ele>
      </trkpt>
      <trkpt lat="43.753863" lon="4.799515">
        <ele>231.96</ele>
      </trkpt>
      <trkpt lat="43.753861" lon="4.799569">
        <ele>231.69</ele>
      </trkpt>
      <trkpt lat="43.75374" lon="4.799438">
        <ele>230.38</ele>
      </trkpt>
      <trkpt lat="43.753567" lon="4.799327">
        <ele>227.28</ele>
      </trkpt>
      <trkpt lat="43.753425" lon="4.799296">
        <ele>224.39</ele>
      </trkpt>
      <trkpt lat="43.753083" lon="4.799245">
        <ele>217.45</ele>
      </trkpt>
      <trkpt lat="43.753005" lon="4.799179">
        <ele>215.78</ele>
      </trkpt>
      <trkpt lat="43.752942" lon="4.799077">
        <ele>215.75</ele>
      </trkpt>
      <trkpt lat="43.752899" lon="4.798909">
        <ele>219.15</ele>
      </trkpt>
      <trkpt lat="43.752865" lon="4.798637">
        <ele>224.83</ele>
      </trkpt>
      <trkpt lat="43.752828" lon="4.798564">
        <ele>225.89</ele>
      </trkpt>
      <trkpt lat="43.752783" lon="4.798503">
        <ele>226.51</ele>
      </trkpt>
      <trkpt lat="43.752723" lon="4.798442">
        <ele>226.82</ele>
      </trkpt>
      <trkpt lat="43.752634" lon="4.798388">
        <ele>226.43</ele>
      </trkpt>
      <trkpt lat="43.752525" lon="4.798349">
        <ele>225.28</ele>
      </trkpt>
      <trkpt lat="43.752096" lon="4.798325">
        <ele>215.19</ele>
      </trkpt>
      <trkpt lat="43.751956" lon="4.798356">
        <ele>210.51</ele>
      </trkpt>
      <trkpt lat="43.751756" lon="4.79842">
        <ele>204.44</ele>
      </trkpt>
      <trkpt lat="43.751691" lon="4.798425">
        <ele>202.56</ele>
      </trkpt>
      <trkpt lat="43.751565" lon="4.798388">
        <ele>198.52</ele>
      </trkpt>
      <trkpt lat="43.751437" lon="4.798316">
        <ele>194.13</ele>
      </trkpt>
      <trkpt lat="43.751131" lon="4.797923">
        <ele>191.02</ele>
      </trkpt>
      <trkpt lat="43.750856" lon="4.797496">
        <ele>183.97</ele>
      </trkpt>
      <trkpt lat="43.750496" lon="4.797032">
        <ele>178.43</ele>
      </trkpt>
      <trkpt lat="43.750462" lon="4.797096">
        <ele>178.42</ele>
      </trkpt>
      <trkpt lat="43.750423" lon="4.797143">
        <ele>178.4</ele>
      </trkpt>
      <trkpt lat="43.750344" lon="4.797199">
        <ele>178.36</ele>
      </trkpt>
      <trkpt lat="43.750268" lon="4.797227">
        <ele>178.32</ele>
      </trkpt>
      <trkpt lat="43.750194" lon="4.797236">
        <ele>178.23</ele>
      </trkpt>
      <trkpt lat="43.750049" lon="4.797206">
        <ele>177.74</ele>
      </trkpt>
      <trkpt lat="43.74994" lon="4.79714">
        <ele>176.93</ele>
      </trkpt>
      <trkpt lat="43.749872" lon="4.797077">
        <ele>176.11</ele>
      </trkpt>
      <trkpt lat="43.74993" lon="4.796939">
        <ele>175.09</ele>
      </trkpt>
      <trkpt lat="43.749954" lon="4.796809">
        <ele>174.09</ele>
      </trkpt>
      <trkpt lat="43.749958" lon="4.796705">
        <ele>173.22</ele>
      </trkpt>
      <trkpt lat="43.749944" lon="4.796592">
        <ele>172.51</ele>
      </trkpt>
      <trkpt lat="43.749909" lon="4.796502">
        <ele>172.28</ele>
      </trkpt>
      <trkpt lat="43.749816" lon="4.796574">
        <ele>171.3</ele>
      </trkpt>
      <trkpt lat="43.749741" lon="4.796451">
        <ele>171.77</ele>
      </trkpt>
      <trkpt lat="43.749596" lon="4.796329">
        <ele>173.05</ele>
      </trkpt>
    </trkseg>
  </trk>
</gpx>
