<?xml version="1.0" encoding="UTF-8"?>
<gpx creator="https://gpx.studio" version="1.1" xmlns="http://www.topografix.com/GPX/1/1" xmlns:xsi="http://www.w3.org/2001/XMLSchema-instance" xsi:schemaLocation="http://www.topografix.com/GPX/1/1 http://www.topografix.com/GPX/1/1/gpx.xsd http://www.garmin.com/xmlschemas/GpxExtensions/v3 http://www.garmin.com/xmlschemas/GpxExtensionsv3.xsd http://www.garmin.com/xmlschemas/TrackPointExtension/v1 http://www.garmin.com/xmlschemas/TrackPointExtensionv1.xsd http://www.garmin.com/xmlschemas/PowerExtension/v1 http://www.garmin.com/xmlschemas/PowerExtensionv1.xsd http://www.topografix.com/GPX/gpx_style/0/2 http://www.topografix.com/GPX/gpx_style/0/2/gpx_style.xsd" xmlns:gpxtpx="http://www.garmin.com/xmlschemas/TrackPointExtension/v1" xmlns:gpxx="http://www.garmin.com/xmlschemas/GpxExtensions/v3" xmlns:gpxpx="http://www.garmin.com/xmlschemas/PowerExtension/v1" xmlns:gpx_style="http://www.topografix.com/GPX/gpx_style/0/2">
  <metadata>
    <name>Gorges de l&apos;Allier - Complet</name>
    <author>
      <name>gpx.studio</name>
      <link href="https://gpx.studio"/>
    </author>
  </metadata>
  <trk>
    <name>Gorges de l&apos;Allier - Complet</name>
    <trkseg>
      <trkpt lat="44.84376" lon="3.829858">
        <ele>1092.47</ele>
      </trkpt>
      <trkpt lat="44.843779" lon="3.829384">
        <ele>1092</ele>
      </trkpt>
      <trkpt lat="44.84367" lon="3.829356">
        <ele>1092</ele>
      </trkpt>
      <trkpt lat="44.843539" lon="3.829266">
        <ele>1092.48</ele>
      </trkpt>
      <trkpt lat="44.843242" lon="3.829217">
        <ele>1091.96</ele>
      </trkpt>
      <trkpt lat="44.843032" lon="3.829203">
        <ele>1091</ele>
      </trkpt>
      <trkpt lat="44.842848" lon="3.829176">
        <ele>1090.97</ele>
      </trkpt>
      <trkpt lat="44.84265" lon="3.829214">
        <ele>1089.64</ele>
      </trkpt>
      <trkpt lat="44.842585" lon="3.829208">
        <ele>1088.99</ele>
      </trkpt>
      <trkpt lat="44.842226" lon="3.829065">
        <ele>1087.56</ele>
      </trkpt>
      <trkpt lat="44.841894" lon="3.828957">
        <ele>1086.04</ele>
      </trkpt>
      <trkpt lat="44.842083" lon="3.828791">
        <ele>1088.88</ele>
      </trkpt>
      <trkpt lat="44.841999" lon="3.828728">
        <ele>1088.22</ele>
      </trkpt>
      <trkpt lat="44.841959" lon="3.828572">
        <ele>1088.04</ele>
      </trkpt>
      <trkpt lat="44.841971" lon="3.828493">
        <ele>1087.77</ele>
      </trkpt>
      <trkpt lat="44.842044" lon="3.828031">
        <ele>1086.22</ele>
      </trkpt>
      <trkpt lat="44.842029" lon="3.827183">
        <ele>1082.76</ele>
      </trkpt>
      <trkpt lat="44.841998" lon="3.826951">
        <ele>1082.01</ele>
      </trkpt>
      <trkpt lat="44.841953" lon="3.826705">
        <ele>1082.03</ele>
      </trkpt>
      <trkpt lat="44.841806" lon="3.826088">
        <ele>1081.24</ele>
      </trkpt>
      <trkpt lat="44.841811" lon="3.825664">
        <ele>1080.73</ele>
      </trkpt>
      <trkpt lat="44.841803" lon="3.825509">
        <ele>1080.4</ele>
      </trkpt>
      <trkpt lat="44.841775" lon="3.825299">
        <ele>1080.17</ele>
      </trkpt>
      <trkpt lat="44.841707" lon="3.824945">
        <ele>1079.22</ele>
      </trkpt>
      <trkpt lat="44.841664" lon="3.824571">
        <ele>1079.26</ele>
      </trkpt>
      <trkpt lat="44.841639" lon="3.824444">
        <ele>1079.54</ele>
      </trkpt>
      <trkpt lat="44.841593" lon="3.824274">
        <ele>1079.36</ele>
      </trkpt>
      <trkpt lat="44.841406" lon="3.823764">
        <ele>1079.06</ele>
      </trkpt>
      <trkpt lat="44.841159" lon="3.823262">
        <ele>1078.58</ele>
      </trkpt>
      <trkpt lat="44.841028" lon="3.822974">
        <ele>1078.1</ele>
      </trkpt>
      <trkpt lat="44.840993" lon="3.822919">
        <ele>1078.14</ele>
      </trkpt>
      <trkpt lat="44.840739" lon="3.822616">
        <ele>1077.72</ele>
      </trkpt>
      <trkpt lat="44.840716" lon="3.822573">
        <ele>1077.69</ele>
      </trkpt>
      <trkpt lat="44.840624" lon="3.822301">
        <ele>1077.47</ele>
      </trkpt>
      <trkpt lat="44.840487" lon="3.821766">
        <ele>1077.64</ele>
      </trkpt>
      <trkpt lat="44.840466" lon="3.821722">
        <ele>1077.63</ele>
      </trkpt>
      <trkpt lat="44.840391" lon="3.821647">
        <ele>1077.59</ele>
      </trkpt>
      <trkpt lat="44.840291" lon="3.82159">
        <ele>1077</ele>
      </trkpt>
      <trkpt lat="44.840249" lon="3.821527">
        <ele>1076.31</ele>
      </trkpt>
      <trkpt lat="44.839678" lon="3.820525">
        <ele>1075.99</ele>
      </trkpt>
      <trkpt lat="44.839676" lon="3.820497">
        <ele>1075.98</ele>
      </trkpt>
      <trkpt lat="44.839685" lon="3.820447">
        <ele>1076.04</ele>
      </trkpt>
      <trkpt lat="44.839862" lon="3.820226">
        <ele>1077.5</ele>
      </trkpt>
      <trkpt lat="44.839886" lon="3.820169">
        <ele>1077.93</ele>
      </trkpt>
      <trkpt lat="44.839903" lon="3.820091">
        <ele>1078.49</ele>
      </trkpt>
      <trkpt lat="44.839906" lon="3.820007">
        <ele>1078.69</ele>
      </trkpt>
      <trkpt lat="44.839888" lon="3.819548">
        <ele>1079.39</ele>
      </trkpt>
      <trkpt lat="44.839823" lon="3.81932">
        <ele>1079.63</ele>
      </trkpt>
      <trkpt lat="44.839675" lon="3.819002">
        <ele>1080.2</ele>
      </trkpt>
      <trkpt lat="44.83966" lon="3.818841">
        <ele>1081.5</ele>
      </trkpt>
      <trkpt lat="44.839037" lon="3.817801">
        <ele>1080.33</ele>
      </trkpt>
      <trkpt lat="44.838839" lon="3.8171">
        <ele>1081.85</ele>
      </trkpt>
      <trkpt lat="44.838756" lon="3.816804">
        <ele>1081.81</ele>
      </trkpt>
      <trkpt lat="44.838465" lon="3.815856">
        <ele>1082.96</ele>
      </trkpt>
      <trkpt lat="44.838291" lon="3.815467">
        <ele>1083.85</ele>
      </trkpt>
      <trkpt lat="44.837559" lon="3.814243">
        <ele>1086.92</ele>
      </trkpt>
      <trkpt lat="44.837238" lon="3.813639">
        <ele>1087.65</ele>
      </trkpt>
      <trkpt lat="44.836937" lon="3.813008">
        <ele>1088</ele>
      </trkpt>
      <trkpt lat="44.836839" lon="3.812907">
        <ele>1086.8</ele>
      </trkpt>
      <trkpt lat="44.836713" lon="3.812643">
        <ele>1085.13</ele>
      </trkpt>
      <trkpt lat="44.836703" lon="3.812087">
        <ele>1088.79</ele>
      </trkpt>
      <trkpt lat="44.836671" lon="3.811847">
        <ele>1089.46</ele>
      </trkpt>
      <trkpt lat="44.836642" lon="3.811622">
        <ele>1090.09</ele>
      </trkpt>
      <trkpt lat="44.836673" lon="3.810303">
        <ele>1093.16</ele>
      </trkpt>
      <trkpt lat="44.836688" lon="3.810176">
        <ele>1093.68</ele>
      </trkpt>
      <trkpt lat="44.836714" lon="3.810084">
        <ele>1094.35</ele>
      </trkpt>
      <trkpt lat="44.83689" lon="3.809675">
        <ele>1098.76</ele>
      </trkpt>
      <trkpt lat="44.836966" lon="3.80902">
        <ele>1099.49</ele>
      </trkpt>
      <trkpt lat="44.837048" lon="3.808743">
        <ele>1100.82</ele>
      </trkpt>
      <trkpt lat="44.83718" lon="3.808366">
        <ele>1102.5</ele>
      </trkpt>
      <trkpt lat="44.837513" lon="3.808052">
        <ele>1104.68</ele>
      </trkpt>
      <trkpt lat="44.837788" lon="3.807678">
        <ele>1106.82</ele>
      </trkpt>
      <trkpt lat="44.837948" lon="3.80745">
        <ele>1107.54</ele>
      </trkpt>
      <trkpt lat="44.838288" lon="3.806967">
        <ele>1109.63</ele>
      </trkpt>
      <trkpt lat="44.838672" lon="3.806617">
        <ele>1111.77</ele>
      </trkpt>
      <trkpt lat="44.838666" lon="3.806568">
        <ele>1111.82</ele>
      </trkpt>
      <trkpt lat="44.838709" lon="3.806341">
        <ele>1112</ele>
      </trkpt>
      <trkpt lat="44.838815" lon="3.805973">
        <ele>1111</ele>
      </trkpt>
      <trkpt lat="44.83886" lon="3.805851">
        <ele>1110.39</ele>
      </trkpt>
      <trkpt lat="44.838993" lon="3.805572">
        <ele>1109.28</ele>
      </trkpt>
      <trkpt lat="44.839229" lon="3.805006">
        <ele>1107.47</ele>
      </trkpt>
      <trkpt lat="44.839351" lon="3.804799">
        <ele>1106.57</ele>
      </trkpt>
      <trkpt lat="44.839527" lon="3.804604">
        <ele>1106</ele>
      </trkpt>
      <trkpt lat="44.839679" lon="3.804407">
        <ele>1104.99</ele>
      </trkpt>
      <trkpt lat="44.839803" lon="3.804281">
        <ele>1105.52</ele>
      </trkpt>
      <trkpt lat="44.839863" lon="3.804242">
        <ele>1105.54</ele>
      </trkpt>
      <trkpt lat="44.839991" lon="3.804181">
        <ele>1105.36</ele>
      </trkpt>
      <trkpt lat="44.840214" lon="3.804087">
        <ele>1105.04</ele>
      </trkpt>
      <trkpt lat="44.840393" lon="3.804024">
        <ele>1105.49</ele>
      </trkpt>
      <trkpt lat="44.840651" lon="3.803992">
        <ele>1104.6</ele>
      </trkpt>
      <trkpt lat="44.840706" lon="3.803965">
        <ele>1104.42</ele>
      </trkpt>
      <trkpt lat="44.84076" lon="3.803922">
        <ele>1104.17</ele>
      </trkpt>
      <trkpt lat="44.84106" lon="3.803625">
        <ele>1105.17</ele>
      </trkpt>
      <trkpt lat="44.841389" lon="3.803343">
        <ele>1107.2</ele>
      </trkpt>
      <trkpt lat="44.841457" lon="3.803265">
        <ele>1108.21</ele>
      </trkpt>
      <trkpt lat="44.841474" lon="3.803236">
        <ele>1108.52</ele>
      </trkpt>
      <trkpt lat="44.841492" lon="3.803047">
        <ele>1109.63</ele>
      </trkpt>
      <trkpt lat="44.841621" lon="3.802426">
        <ele>1111.81</ele>
      </trkpt>
      <trkpt lat="44.841654" lon="3.802131">
        <ele>1112.42</ele>
      </trkpt>
      <trkpt lat="44.841661" lon="3.801843">
        <ele>1113.23</ele>
      </trkpt>
      <trkpt lat="44.841714" lon="3.801587">
        <ele>1114.34</ele>
      </trkpt>
      <trkpt lat="44.841757" lon="3.80146">
        <ele>1115</ele>
      </trkpt>
      <trkpt lat="44.841801" lon="3.801375">
        <ele>1115.25</ele>
      </trkpt>
      <trkpt lat="44.842026" lon="3.80104">
        <ele>1117.13</ele>
      </trkpt>
      <trkpt lat="44.842066" lon="3.800947">
        <ele>1117.56</ele>
      </trkpt>
      <trkpt lat="44.842095" lon="3.800838">
        <ele>1117.79</ele>
      </trkpt>
      <trkpt lat="44.842113" lon="3.800722">
        <ele>1118.35</ele>
      </trkpt>
      <trkpt lat="44.842114" lon="3.799976">
        <ele>1118.95</ele>
      </trkpt>
      <trkpt lat="44.842125" lon="3.799795">
        <ele>1119.04</ele>
      </trkpt>
      <trkpt lat="44.842255" lon="3.799196">
        <ele>1119.11</ele>
      </trkpt>
      <trkpt lat="44.842174" lon="3.799123">
        <ele>1118.44</ele>
      </trkpt>
      <trkpt lat="44.842174" lon="3.798832">
        <ele>1118.45</ele>
      </trkpt>
      <trkpt lat="44.842131" lon="3.798317">
        <ele>1117.58</ele>
      </trkpt>
      <trkpt lat="44.842123" lon="3.798108">
        <ele>1116.37</ele>
      </trkpt>
      <trkpt lat="44.842145" lon="3.797726">
        <ele>1114.35</ele>
      </trkpt>
      <trkpt lat="44.842138" lon="3.797576">
        <ele>1113.32</ele>
      </trkpt>
      <trkpt lat="44.84212" lon="3.797424">
        <ele>1112.39</ele>
      </trkpt>
      <trkpt lat="44.842052" lon="3.79711">
        <ele>1110.57</ele>
      </trkpt>
      <trkpt lat="44.842032" lon="3.796947">
        <ele>1109.73</ele>
      </trkpt>
      <trkpt lat="44.842024" lon="3.796675">
        <ele>1108.25</ele>
      </trkpt>
      <trkpt lat="44.841801" lon="3.795703">
        <ele>1102.38</ele>
      </trkpt>
      <trkpt lat="44.841769" lon="3.795418">
        <ele>1100.73</ele>
      </trkpt>
      <trkpt lat="44.841707" lon="3.795096">
        <ele>1098.86</ele>
      </trkpt>
      <trkpt lat="44.84167" lon="3.794818">
        <ele>1096.72</ele>
      </trkpt>
      <trkpt lat="44.841607" lon="3.794345">
        <ele>1093.08</ele>
      </trkpt>
      <trkpt lat="44.841598" lon="3.794217">
        <ele>1091.95</ele>
      </trkpt>
      <trkpt lat="44.841609" lon="3.793684">
        <ele>1089.93</ele>
      </trkpt>
      <trkpt lat="44.841622" lon="3.793614">
        <ele>1089.93</ele>
      </trkpt>
      <trkpt lat="44.841649" lon="3.793541">
        <ele>1089.81</ele>
      </trkpt>
      <trkpt lat="44.841781" lon="3.793303">
        <ele>1089</ele>
      </trkpt>
      <trkpt lat="44.841813" lon="3.793229">
        <ele>1089</ele>
      </trkpt>
      <trkpt lat="44.841842" lon="3.793149">
        <ele>1089</ele>
      </trkpt>
      <trkpt lat="44.841847" lon="3.793088">
        <ele>1089</ele>
      </trkpt>
      <trkpt lat="44.841835" lon="3.792951">
        <ele>1089</ele>
      </trkpt>
      <trkpt lat="44.84181" lon="3.792855">
        <ele>1089</ele>
      </trkpt>
      <trkpt lat="44.841771" lon="3.792733">
        <ele>1089</ele>
      </trkpt>
      <trkpt lat="44.841664" lon="3.792487">
        <ele>1089</ele>
      </trkpt>
      <trkpt lat="44.841635" lon="3.792388">
        <ele>1089</ele>
      </trkpt>
      <trkpt lat="44.841616" lon="3.792284">
        <ele>1088.87</ele>
      </trkpt>
      <trkpt lat="44.841609" lon="3.792182">
        <ele>1088.81</ele>
      </trkpt>
      <trkpt lat="44.84162" lon="3.791949">
        <ele>1088.9</ele>
      </trkpt>
      <trkpt lat="44.841603" lon="3.791695">
        <ele>1089.46</ele>
      </trkpt>
      <trkpt lat="44.841605" lon="3.7915">
        <ele>1090.55</ele>
      </trkpt>
      <trkpt lat="44.841618" lon="3.7912">
        <ele>1090.76</ele>
      </trkpt>
      <trkpt lat="44.841693" lon="3.790253">
        <ele>1091.5</ele>
      </trkpt>
      <trkpt lat="44.841679" lon="3.788893">
        <ele>1089.3</ele>
      </trkpt>
      <trkpt lat="44.841691" lon="3.788724">
        <ele>1088.9</ele>
      </trkpt>
      <trkpt lat="44.84171" lon="3.788606">
        <ele>1088.68</ele>
      </trkpt>
      <trkpt lat="44.841757" lon="3.788397">
        <ele>1088.91</ele>
      </trkpt>
      <trkpt lat="44.841869" lon="3.788035">
        <ele>1087.99</ele>
      </trkpt>
      <trkpt lat="44.841659" lon="3.787738">
        <ele>1086.28</ele>
      </trkpt>
      <trkpt lat="44.841688" lon="3.787605">
        <ele>1086.14</ele>
      </trkpt>
      <trkpt lat="44.841702" lon="3.787376">
        <ele>1085.54</ele>
      </trkpt>
      <trkpt lat="44.841716" lon="3.786384">
        <ele>1079.34</ele>
      </trkpt>
      <trkpt lat="44.841778" lon="3.78601">
        <ele>1077.03</ele>
      </trkpt>
      <trkpt lat="44.841902" lon="3.785262">
        <ele>1068.13</ele>
      </trkpt>
      <trkpt lat="44.841958" lon="3.785017">
        <ele>1064.8</ele>
      </trkpt>
      <trkpt lat="44.842184" lon="3.784247">
        <ele>1055.56</ele>
      </trkpt>
      <trkpt lat="44.842201" lon="3.784094">
        <ele>1053.55</ele>
      </trkpt>
      <trkpt lat="44.842156" lon="3.783948">
        <ele>1053.9</ele>
      </trkpt>
      <trkpt lat="44.84218" lon="3.783848">
        <ele>1052.22</ele>
      </trkpt>
      <trkpt lat="44.842255" lon="3.78392">
        <ele>1050.88</ele>
      </trkpt>
      <trkpt lat="44.842297" lon="3.783993">
        <ele>1050.58</ele>
      </trkpt>
      <trkpt lat="44.842416" lon="3.784276">
        <ele>1048.66</ele>
      </trkpt>
      <trkpt lat="44.842505" lon="3.784466">
        <ele>1048.81</ele>
      </trkpt>
      <trkpt lat="44.842542" lon="3.784527">
        <ele>1048.92</ele>
      </trkpt>
      <trkpt lat="44.842589" lon="3.784569">
        <ele>1048.18</ele>
      </trkpt>
      <trkpt lat="44.842643" lon="3.784594">
        <ele>1046.94</ele>
      </trkpt>
      <trkpt lat="44.842724" lon="3.784608">
        <ele>1045.03</ele>
      </trkpt>
      <trkpt lat="44.842801" lon="3.7846">
        <ele>1046.2</ele>
      </trkpt>
      <trkpt lat="44.842913" lon="3.784544">
        <ele>1047.74</ele>
      </trkpt>
      <trkpt lat="44.842968" lon="3.78449">
        <ele>1048.57</ele>
      </trkpt>
      <trkpt lat="44.843037" lon="3.784374">
        <ele>1050.28</ele>
      </trkpt>
      <trkpt lat="44.843061" lon="3.7843">
        <ele>1051.09</ele>
      </trkpt>
      <trkpt lat="44.843112" lon="3.784059">
        <ele>1052.88</ele>
      </trkpt>
      <trkpt lat="44.843179" lon="3.783614">
        <ele>1054.89</ele>
      </trkpt>
      <trkpt lat="44.84322" lon="3.783338">
        <ele>1056.14</ele>
      </trkpt>
      <trkpt lat="44.843225" lon="3.783139">
        <ele>1056.39</ele>
      </trkpt>
      <trkpt lat="44.843214" lon="3.783037">
        <ele>1056.12</ele>
      </trkpt>
      <trkpt lat="44.843178" lon="3.782872">
        <ele>1056.73</ele>
      </trkpt>
      <trkpt lat="44.843102" lon="3.78269">
        <ele>1057.36</ele>
      </trkpt>
      <trkpt lat="44.842684" lon="3.781926">
        <ele>1060.63</ele>
      </trkpt>
      <trkpt lat="44.84265" lon="3.781838">
        <ele>1060.91</ele>
      </trkpt>
      <trkpt lat="44.842627" lon="3.781757">
        <ele>1061.14</ele>
      </trkpt>
      <trkpt lat="44.842613" lon="3.781593">
        <ele>1061.79</ele>
      </trkpt>
      <trkpt lat="44.842623" lon="3.781542">
        <ele>1062.21</ele>
      </trkpt>
      <trkpt lat="44.842644" lon="3.781485">
        <ele>1062.23</ele>
      </trkpt>
      <trkpt lat="44.842836" lon="3.781572">
        <ele>1064.65</ele>
      </trkpt>
      <trkpt lat="44.843502" lon="3.78251">
        <ele>1073.22</ele>
      </trkpt>
      <trkpt lat="44.843674" lon="3.782594">
        <ele>1074.91</ele>
      </trkpt>
      <trkpt lat="44.843863" lon="3.782644">
        <ele>1076.21</ele>
      </trkpt>
      <trkpt lat="44.844564" lon="3.78267">
        <ele>1078.65</ele>
      </trkpt>
      <trkpt lat="44.844784" lon="3.782696">
        <ele>1080.16</ele>
      </trkpt>
      <trkpt lat="44.844916" lon="3.782491">
        <ele>1081.47</ele>
      </trkpt>
      <trkpt lat="44.845104" lon="3.782391">
        <ele>1082.94</ele>
      </trkpt>
      <trkpt lat="44.845264" lon="3.782244">
        <ele>1085.46</ele>
      </trkpt>
      <trkpt lat="44.845419" lon="3.782065">
        <ele>1087.1</ele>
      </trkpt>
      <trkpt lat="44.84567" lon="3.781986">
        <ele>1090.48</ele>
      </trkpt>
      <trkpt lat="44.846254" lon="3.781761">
        <ele>1099.6</ele>
      </trkpt>
      <trkpt lat="44.846549" lon="3.781629">
        <ele>1105.08</ele>
      </trkpt>
      <trkpt lat="44.847185" lon="3.781494">
        <ele>1113.68</ele>
      </trkpt>
      <trkpt lat="44.847295" lon="3.78147">
        <ele>1115.17</ele>
      </trkpt>
      <trkpt lat="44.847361" lon="3.781495">
        <ele>1115.41</ele>
      </trkpt>
      <trkpt lat="44.847411" lon="3.781465">
        <ele>1116.17</ele>
      </trkpt>
      <trkpt lat="44.847586" lon="3.781533">
        <ele>1116.82</ele>
      </trkpt>
      <trkpt lat="44.847879" lon="3.781607">
        <ele>1117.7</ele>
      </trkpt>
      <trkpt lat="44.848135" lon="3.781711">
        <ele>1117.29</ele>
      </trkpt>
      <trkpt lat="44.848389" lon="3.781779">
        <ele>1117.57</ele>
      </trkpt>
      <trkpt lat="44.848513" lon="3.781736">
        <ele>1117.82</ele>
      </trkpt>
      <trkpt lat="44.848559" lon="3.781521">
        <ele>1121.07</ele>
      </trkpt>
      <trkpt lat="44.848836" lon="3.781216">
        <ele>1122</ele>
      </trkpt>
      <trkpt lat="44.849722" lon="3.780841">
        <ele>1124.05</ele>
      </trkpt>
      <trkpt lat="44.850323" lon="3.780561">
        <ele>1125.65</ele>
      </trkpt>
      <trkpt lat="44.850694" lon="3.780314">
        <ele>1126.15</ele>
      </trkpt>
      <trkpt lat="44.850864" lon="3.780123">
        <ele>1127.26</ele>
      </trkpt>
      <trkpt lat="44.851034" lon="3.779931">
        <ele>1126.28</ele>
      </trkpt>
      <trkpt lat="44.851448" lon="3.779366">
        <ele>1123.7</ele>
      </trkpt>
      <trkpt lat="44.851752" lon="3.779176">
        <ele>1119.6</ele>
      </trkpt>
      <trkpt lat="44.851904" lon="3.7791">
        <ele>1118.82</ele>
      </trkpt>
      <trkpt lat="44.852046" lon="3.779098">
        <ele>1118.29</ele>
      </trkpt>
      <trkpt lat="44.852673" lon="3.778624">
        <ele>1114.71</ele>
      </trkpt>
      <trkpt lat="44.853128" lon="3.778147">
        <ele>1113.45</ele>
      </trkpt>
      <trkpt lat="44.853255" lon="3.777992">
        <ele>1112.73</ele>
      </trkpt>
      <trkpt lat="44.853355" lon="3.777752">
        <ele>1111.17</ele>
      </trkpt>
      <trkpt lat="44.853519" lon="3.777497">
        <ele>1106.39</ele>
      </trkpt>
      <trkpt lat="44.853781" lon="3.77734">
        <ele>1103.87</ele>
      </trkpt>
      <trkpt lat="44.853849" lon="3.777223">
        <ele>1101.72</ele>
      </trkpt>
      <trkpt lat="44.853953" lon="3.777204">
        <ele>1101.03</ele>
      </trkpt>
      <trkpt lat="44.853861" lon="3.777002">
        <ele>1100.28</ele>
      </trkpt>
      <trkpt lat="44.853827" lon="3.776852">
        <ele>1100.22</ele>
      </trkpt>
      <trkpt lat="44.853745" lon="3.776727">
        <ele>1100.24</ele>
      </trkpt>
      <trkpt lat="44.853702" lon="3.77653">
        <ele>1101.2</ele>
      </trkpt>
      <trkpt lat="44.853506" lon="3.776175">
        <ele>1100.18</ele>
      </trkpt>
      <trkpt lat="44.8534" lon="3.775846">
        <ele>1097.5</ele>
      </trkpt>
      <trkpt lat="44.853407" lon="3.775441">
        <ele>1096.09</ele>
      </trkpt>
      <trkpt lat="44.853443" lon="3.774435">
        <ele>1090.15</ele>
      </trkpt>
      <trkpt lat="44.853489" lon="3.773916">
        <ele>1086.18</ele>
      </trkpt>
      <trkpt lat="44.853537" lon="3.773533">
        <ele>1084.47</ele>
      </trkpt>
      <trkpt lat="44.853666" lon="3.773203">
        <ele>1084.75</ele>
      </trkpt>
      <trkpt lat="44.853765" lon="3.772795">
        <ele>1083.29</ele>
      </trkpt>
      <trkpt lat="44.85378" lon="3.772509">
        <ele>1081.84</ele>
      </trkpt>
      <trkpt lat="44.853854" lon="3.77209">
        <ele>1078.95</ele>
      </trkpt>
      <trkpt lat="44.853895" lon="3.771363">
        <ele>1073.49</ele>
      </trkpt>
      <trkpt lat="44.853953" lon="3.770593">
        <ele>1067.89</ele>
      </trkpt>
      <trkpt lat="44.854093" lon="3.769781">
        <ele>1064.89</ele>
      </trkpt>
      <trkpt lat="44.854075" lon="3.769326">
        <ele>1061.17</ele>
      </trkpt>
      <trkpt lat="44.854085" lon="3.76905">
        <ele>1059.28</ele>
      </trkpt>
      <trkpt lat="44.854151" lon="3.768456">
        <ele>1055.61</ele>
      </trkpt>
      <trkpt lat="44.854235" lon="3.768001">
        <ele>1054.14</ele>
      </trkpt>
      <trkpt lat="44.854235" lon="3.767529">
        <ele>1052.77</ele>
      </trkpt>
      <trkpt lat="44.854194" lon="3.767324">
        <ele>1051.06</ele>
      </trkpt>
      <trkpt lat="44.854131" lon="3.766873">
        <ele>1049.72</ele>
      </trkpt>
      <trkpt lat="44.854047" lon="3.766522">
        <ele>1048.23</ele>
      </trkpt>
      <trkpt lat="44.854065" lon="3.765939">
        <ele>1048.1</ele>
      </trkpt>
      <trkpt lat="44.854103" lon="3.76542">
        <ele>1047.38</ele>
      </trkpt>
      <trkpt lat="44.854152" lon="3.765067">
        <ele>1048.51</ele>
      </trkpt>
      <trkpt lat="44.854161" lon="3.765001">
        <ele>1048.72</ele>
      </trkpt>
      <trkpt lat="44.854194" lon="3.76446">
        <ele>1048.83</ele>
      </trkpt>
      <trkpt lat="44.85423" lon="3.764188">
        <ele>1046.74</ele>
      </trkpt>
      <trkpt lat="44.854319" lon="3.763962">
        <ele>1048.27</ele>
      </trkpt>
      <trkpt lat="44.854334" lon="3.76373">
        <ele>1050.23</ele>
      </trkpt>
      <trkpt lat="44.854283" lon="3.76339">
        <ele>1051.82</ele>
      </trkpt>
      <trkpt lat="44.854146" lon="3.763003">
        <ele>1051.18</ele>
      </trkpt>
      <trkpt lat="44.853981" lon="3.762326">
        <ele>1052.22</ele>
      </trkpt>
      <trkpt lat="44.85392" lon="3.762043">
        <ele>1052.61</ele>
      </trkpt>
      <trkpt lat="44.853961" lon="3.761947">
        <ele>1054.09</ele>
      </trkpt>
      <trkpt lat="44.853674" lon="3.761614">
        <ele>1050.86</ele>
      </trkpt>
      <trkpt lat="44.852851" lon="3.760883">
        <ele>1041.95</ele>
      </trkpt>
      <trkpt lat="44.852293" lon="3.760407">
        <ele>1035.67</ele>
      </trkpt>
      <trkpt lat="44.851945" lon="3.759999">
        <ele>1031.57</ele>
      </trkpt>
      <trkpt lat="44.851727" lon="3.759544">
        <ele>1028.75</ele>
      </trkpt>
      <trkpt lat="44.851476" lon="3.759172">
        <ele>1025.71</ele>
      </trkpt>
      <trkpt lat="44.850861" lon="3.758592">
        <ele>1018.3</ele>
      </trkpt>
      <trkpt lat="44.849846" lon="3.757682">
        <ele>1008.69</ele>
      </trkpt>
      <trkpt lat="44.849573" lon="3.757322">
        <ele>1006.03</ele>
      </trkpt>
      <trkpt lat="44.849477" lon="3.757509">
        <ele>1005.43</ele>
      </trkpt>
      <trkpt lat="44.849428" lon="3.757778">
        <ele>1004.88</ele>
      </trkpt>
      <trkpt lat="44.849412" lon="3.758035">
        <ele>1004.01</ele>
      </trkpt>
      <trkpt lat="44.849448" lon="3.759198">
        <ele>996.33</ele>
      </trkpt>
      <trkpt lat="44.84947" lon="3.759654">
        <ele>994.3</ele>
      </trkpt>
      <trkpt lat="44.849504" lon="3.759951">
        <ele>993.16</ele>
      </trkpt>
      <trkpt lat="44.849498" lon="3.760122">
        <ele>991.23</ele>
      </trkpt>
      <trkpt lat="44.849466" lon="3.760224">
        <ele>989.55</ele>
      </trkpt>
      <trkpt lat="44.849411" lon="3.76031">
        <ele>987.68</ele>
      </trkpt>
      <trkpt lat="44.849249" lon="3.760414">
        <ele>985.89</ele>
      </trkpt>
      <trkpt lat="44.849176" lon="3.760428">
        <ele>987.03</ele>
      </trkpt>
      <trkpt lat="44.849071" lon="3.760423">
        <ele>987.8</ele>
      </trkpt>
      <trkpt lat="44.848985" lon="3.760391">
        <ele>988</ele>
      </trkpt>
      <trkpt lat="44.848828" lon="3.760404">
        <ele>989.76</ele>
      </trkpt>
      <trkpt lat="44.848529" lon="3.760278">
        <ele>994.98</ele>
      </trkpt>
      <trkpt lat="44.848376" lon="3.760153">
        <ele>997.27</ele>
      </trkpt>
      <trkpt lat="44.848186" lon="3.759945">
        <ele>1000.51</ele>
      </trkpt>
      <trkpt lat="44.848115" lon="3.759673">
        <ele>1002.45</ele>
      </trkpt>
      <trkpt lat="44.847988" lon="3.759551">
        <ele>1006.54</ele>
      </trkpt>
      <trkpt lat="44.847676" lon="3.759431">
        <ele>1008.6</ele>
      </trkpt>
      <trkpt lat="44.847409" lon="3.759312">
        <ele>1010.24</ele>
      </trkpt>
      <trkpt lat="44.847275" lon="3.759283">
        <ele>1010.28</ele>
      </trkpt>
      <trkpt lat="44.847168" lon="3.759172">
        <ele>1008.98</ele>
      </trkpt>
      <trkpt lat="44.847023" lon="3.759107">
        <ele>1008.23</ele>
      </trkpt>
      <trkpt lat="44.846808" lon="3.759132">
        <ele>1008.1</ele>
      </trkpt>
      <trkpt lat="44.846681" lon="3.759072">
        <ele>1006.7</ele>
      </trkpt>
      <trkpt lat="44.846576" lon="3.758856">
        <ele>1002.92</ele>
      </trkpt>
      <trkpt lat="44.846643" lon="3.758775">
        <ele>1002.83</ele>
      </trkpt>
      <trkpt lat="44.846725" lon="3.758638">
        <ele>1002.56</ele>
      </trkpt>
      <trkpt lat="44.846841" lon="3.75834">
        <ele>1000.4</ele>
      </trkpt>
      <trkpt lat="44.846685" lon="3.758409">
        <ele>1000.75</ele>
      </trkpt>
      <trkpt lat="44.846601" lon="3.758403">
        <ele>1000.13</ele>
      </trkpt>
      <trkpt lat="44.846523" lon="3.758172">
        <ele>999.19</ele>
      </trkpt>
      <trkpt lat="44.846467" lon="3.758041">
        <ele>998.44</ele>
      </trkpt>
      <trkpt lat="44.846507" lon="3.757784">
        <ele>997.89</ele>
      </trkpt>
      <trkpt lat="44.846266" lon="3.758045">
        <ele>995.44</ele>
      </trkpt>
      <trkpt lat="44.846239" lon="3.757971">
        <ele>994.57</ele>
      </trkpt>
      <trkpt lat="44.846246" lon="3.757882">
        <ele>994.16</ele>
      </trkpt>
      <trkpt lat="44.8463" lon="3.757666">
        <ele>994.06</ele>
      </trkpt>
      <trkpt lat="44.846367" lon="3.757568">
        <ele>995.19</ele>
      </trkpt>
      <trkpt lat="44.846407" lon="3.757493">
        <ele>995.27</ele>
      </trkpt>
      <trkpt lat="44.846465" lon="3.757317">
        <ele>994.21</ele>
      </trkpt>
      <trkpt lat="44.846471" lon="3.757148">
        <ele>994.27</ele>
      </trkpt>
      <trkpt lat="44.84645" lon="3.75705">
        <ele>993.83</ele>
      </trkpt>
      <trkpt lat="44.846415" lon="3.757023">
        <ele>993.06</ele>
      </trkpt>
      <trkpt lat="44.846382" lon="3.756966">
        <ele>992.06</ele>
      </trkpt>
      <trkpt lat="44.846361" lon="3.756902">
        <ele>991.14</ele>
      </trkpt>
      <trkpt lat="44.846355" lon="3.75682">
        <ele>990.08</ele>
      </trkpt>
      <trkpt lat="44.846353" lon="3.756711">
        <ele>988.78</ele>
      </trkpt>
      <trkpt lat="44.846365" lon="3.756602">
        <ele>987.73</ele>
      </trkpt>
      <trkpt lat="44.846389" lon="3.756491">
        <ele>986.83</ele>
      </trkpt>
      <trkpt lat="44.846413" lon="3.756418">
        <ele>986.33</ele>
      </trkpt>
      <trkpt lat="44.846538" lon="3.756123">
        <ele>983.75</ele>
      </trkpt>
      <trkpt lat="44.846639" lon="3.755954">
        <ele>983.33</ele>
      </trkpt>
      <trkpt lat="44.846693" lon="3.755779">
        <ele>979.82</ele>
      </trkpt>
      <trkpt lat="44.846649" lon="3.755729">
        <ele>978.06</ele>
      </trkpt>
      <trkpt lat="44.846652" lon="3.755621">
        <ele>976.21</ele>
      </trkpt>
      <trkpt lat="44.84672" lon="3.755482">
        <ele>974.34</ele>
      </trkpt>
      <trkpt lat="44.846858" lon="3.755299">
        <ele>972.6</ele>
      </trkpt>
      <trkpt lat="44.847015" lon="3.755149">
        <ele>971.15</ele>
      </trkpt>
      <trkpt lat="44.847116" lon="3.755031">
        <ele>968.54</ele>
      </trkpt>
      <trkpt lat="44.847165" lon="3.75502">
        <ele>968.63</ele>
      </trkpt>
      <trkpt lat="44.847233" lon="3.754959">
        <ele>967.42</ele>
      </trkpt>
      <trkpt lat="44.847311" lon="3.754932">
        <ele>966.52</ele>
      </trkpt>
      <trkpt lat="44.847407" lon="3.754936">
        <ele>966.08</ele>
      </trkpt>
      <trkpt lat="44.84749" lon="3.754962">
        <ele>965.45</ele>
      </trkpt>
      <trkpt lat="44.847519" lon="3.754962">
        <ele>964.98</ele>
      </trkpt>
      <trkpt lat="44.847551" lon="3.754903">
        <ele>963.75</ele>
      </trkpt>
      <trkpt lat="44.847627" lon="3.754906">
        <ele>962.08</ele>
      </trkpt>
      <trkpt lat="44.847711" lon="3.754996">
        <ele>961.58</ele>
      </trkpt>
      <trkpt lat="44.847769" lon="3.755147">
        <ele>961.02</ele>
      </trkpt>
      <trkpt lat="44.847797" lon="3.755317">
        <ele>960.4</ele>
      </trkpt>
      <trkpt lat="44.847837" lon="3.755366">
        <ele>960.02</ele>
      </trkpt>
      <trkpt lat="44.84788" lon="3.755368">
        <ele>960.08</ele>
      </trkpt>
      <trkpt lat="44.847993" lon="3.755258">
        <ele>959.78</ele>
      </trkpt>
      <trkpt lat="44.848083" lon="3.755116">
        <ele>960.2</ele>
      </trkpt>
      <trkpt lat="44.848148" lon="3.754924">
        <ele>961.72</ele>
      </trkpt>
      <trkpt lat="44.848152" lon="3.75463">
        <ele>963.06</ele>
      </trkpt>
      <trkpt lat="44.848095" lon="3.754259">
        <ele>964.37</ele>
      </trkpt>
      <trkpt lat="44.848083" lon="3.754182">
        <ele>964.65</ele>
      </trkpt>
      <trkpt lat="44.848007" lon="3.753985">
        <ele>965.67</ele>
      </trkpt>
      <trkpt lat="44.847858" lon="3.753721">
        <ele>966.93</ele>
      </trkpt>
      <trkpt lat="44.847632" lon="3.753416">
        <ele>967.67</ele>
      </trkpt>
      <trkpt lat="44.847795" lon="3.7535">
        <ele>968.5</ele>
      </trkpt>
      <trkpt lat="44.848038" lon="3.753696">
        <ele>970.3</ele>
      </trkpt>
      <trkpt lat="44.848286" lon="3.753439">
        <ele>970.22</ele>
      </trkpt>
      <trkpt lat="44.84907" lon="3.752995">
        <ele>971.07</ele>
      </trkpt>
      <trkpt lat="44.849189" lon="3.752931">
        <ele>971.1</ele>
      </trkpt>
      <trkpt lat="44.849541" lon="3.752839">
        <ele>972.9</ele>
      </trkpt>
      <trkpt lat="44.849939" lon="3.752603">
        <ele>975.74</ele>
      </trkpt>
      <trkpt lat="44.850008" lon="3.752614">
        <ele>976.5</ele>
      </trkpt>
      <trkpt lat="44.850091" lon="3.752413">
        <ele>975.76</ele>
      </trkpt>
      <trkpt lat="44.85018" lon="3.752306">
        <ele>975.24</ele>
      </trkpt>
      <trkpt lat="44.850378" lon="3.752152">
        <ele>974.95</ele>
      </trkpt>
      <trkpt lat="44.850203" lon="3.751722">
        <ele>968.93</ele>
      </trkpt>
      <trkpt lat="44.850127" lon="3.751493">
        <ele>965.35</ele>
      </trkpt>
      <trkpt lat="44.850033" lon="3.75135">
        <ele>962.86</ele>
      </trkpt>
      <trkpt lat="44.849992" lon="3.751217">
        <ele>960.71</ele>
      </trkpt>
      <trkpt lat="44.849782" lon="3.750931">
        <ele>955.91</ele>
      </trkpt>
      <trkpt lat="44.849675" lon="3.750799">
        <ele>954.26</ele>
      </trkpt>
      <trkpt lat="44.849561" lon="3.750723">
        <ele>952.63</ele>
      </trkpt>
      <trkpt lat="44.849371" lon="3.750536">
        <ele>949.58</ele>
      </trkpt>
      <trkpt lat="44.849246" lon="3.750469">
        <ele>949.35</ele>
      </trkpt>
      <trkpt lat="44.849185" lon="3.750308">
        <ele>948.01</ele>
      </trkpt>
      <trkpt lat="44.848799" lon="3.749327">
        <ele>947.98</ele>
      </trkpt>
      <trkpt lat="44.848436" lon="3.748389">
        <ele>946.36</ele>
      </trkpt>
      <trkpt lat="44.848068" lon="3.747576">
        <ele>944.57</ele>
      </trkpt>
      <trkpt lat="44.84787" lon="3.747096">
        <ele>943.79</ele>
      </trkpt>
      <trkpt lat="44.847774" lon="3.746968">
        <ele>943.04</ele>
      </trkpt>
      <trkpt lat="44.847667" lon="3.746935">
        <ele>942.41</ele>
      </trkpt>
      <trkpt lat="44.847578" lon="3.746946">
        <ele>941.98</ele>
      </trkpt>
      <trkpt lat="44.847506" lon="3.746906">
        <ele>941.73</ele>
      </trkpt>
      <trkpt lat="44.847238" lon="3.746194">
        <ele>937.54</ele>
      </trkpt>
      <trkpt lat="44.847164" lon="3.746073">
        <ele>936.89</ele>
      </trkpt>
      <trkpt lat="44.847023" lon="3.74591">
        <ele>935.09</ele>
      </trkpt>
      <trkpt lat="44.846776" lon="3.745485">
        <ele>932.9</ele>
      </trkpt>
      <trkpt lat="44.846594" lon="3.745303">
        <ele>932.36</ele>
      </trkpt>
      <trkpt lat="44.84635" lon="3.744952">
        <ele>931.63</ele>
      </trkpt>
      <trkpt lat="44.846281" lon="3.744801">
        <ele>931.39</ele>
      </trkpt>
      <trkpt lat="44.846187" lon="3.744683">
        <ele>930.76</ele>
      </trkpt>
      <trkpt lat="44.84604" lon="3.744447">
        <ele>929.47</ele>
      </trkpt>
      <trkpt lat="44.845928" lon="3.744393">
        <ele>926.86</ele>
      </trkpt>
      <trkpt lat="44.845809" lon="3.744429">
        <ele>923.83</ele>
      </trkpt>
      <trkpt lat="44.84573" lon="3.744508">
        <ele>921.94</ele>
      </trkpt>
      <trkpt lat="44.845675" lon="3.744651">
        <ele>922.63</ele>
      </trkpt>
      <trkpt lat="44.845497" lon="3.744744">
        <ele>920.14</ele>
      </trkpt>
      <trkpt lat="44.845276" lon="3.744698">
        <ele>916.6</ele>
      </trkpt>
      <trkpt lat="44.845157" lon="3.744805">
        <ele>916.76</ele>
      </trkpt>
      <trkpt lat="44.845055" lon="3.744848">
        <ele>913.63</ele>
      </trkpt>
      <trkpt lat="44.844954" lon="3.744791">
        <ele>908.03</ele>
      </trkpt>
      <trkpt lat="44.844687" lon="3.744783">
        <ele>905.41</ele>
      </trkpt>
      <trkpt lat="44.844499" lon="3.744705">
        <ele>903.1</ele>
      </trkpt>
      <trkpt lat="44.844382" lon="3.744601">
        <ele>899.38</ele>
      </trkpt>
      <trkpt lat="44.844296" lon="3.74454">
        <ele>897.47</ele>
      </trkpt>
      <trkpt lat="44.844192" lon="3.744493">
        <ele>895.91</ele>
      </trkpt>
      <trkpt lat="44.844093" lon="3.744386">
        <ele>892.96</ele>
      </trkpt>
      <trkpt lat="44.843981" lon="3.744309">
        <ele>890.75</ele>
      </trkpt>
      <trkpt lat="44.843819" lon="3.744196">
        <ele>887.54</ele>
      </trkpt>
      <trkpt lat="44.843529" lon="3.743978">
        <ele>885.06</ele>
      </trkpt>
      <trkpt lat="44.843423" lon="3.743946">
        <ele>884.05</ele>
      </trkpt>
      <trkpt lat="44.843304" lon="3.743856">
        <ele>880.82</ele>
      </trkpt>
      <trkpt lat="44.843139" lon="3.743706">
        <ele>877.12</ele>
      </trkpt>
      <trkpt lat="44.842961" lon="3.743588">
        <ele>876.65</ele>
      </trkpt>
      <trkpt lat="44.842862" lon="3.743591">
        <ele>876.47</ele>
      </trkpt>
      <trkpt lat="44.842796" lon="3.743555">
        <ele>874.26</ele>
      </trkpt>
      <trkpt lat="44.842664" lon="3.74353">
        <ele>871.23</ele>
      </trkpt>
      <trkpt lat="44.842489" lon="3.743512">
        <ele>868.6</ele>
      </trkpt>
      <trkpt lat="44.842326" lon="3.743455">
        <ele>864.69</ele>
      </trkpt>
      <trkpt lat="44.84213" lon="3.74334">
        <ele>860.67</ele>
      </trkpt>
      <trkpt lat="44.841971" lon="3.743125">
        <ele>852.64</ele>
      </trkpt>
      <trkpt lat="44.841914" lon="3.743136">
        <ele>852.61</ele>
      </trkpt>
      <trkpt lat="44.84187" lon="3.743087">
        <ele>850.19</ele>
      </trkpt>
      <trkpt lat="44.841981" lon="3.742899">
        <ele>843.61</ele>
      </trkpt>
      <trkpt lat="44.842048" lon="3.742869">
        <ele>842.46</ele>
      </trkpt>
      <trkpt lat="44.842114" lon="3.742781">
        <ele>839.16</ele>
      </trkpt>
      <trkpt lat="44.842206" lon="3.742703">
        <ele>835.9</ele>
      </trkpt>
      <trkpt lat="44.84225" lon="3.742603">
        <ele>831.68</ele>
      </trkpt>
      <trkpt lat="44.842185" lon="3.742493">
        <ele>829.04</ele>
      </trkpt>
      <trkpt lat="44.842036" lon="3.742299">
        <ele>824.12</ele>
      </trkpt>
      <trkpt lat="44.84187" lon="3.742127">
        <ele>821.51</ele>
      </trkpt>
      <trkpt lat="44.841821" lon="3.742041">
        <ele>819.69</ele>
      </trkpt>
      <trkpt lat="44.841758" lon="3.741734">
        <ele>811.98</ele>
      </trkpt>
      <trkpt lat="44.841613" lon="3.741535">
        <ele>808.57</ele>
      </trkpt>
      <trkpt lat="44.841586" lon="3.741438">
        <ele>806.13</ele>
      </trkpt>
      <trkpt lat="44.84149" lon="3.741262">
        <ele>802.98</ele>
      </trkpt>
      <trkpt lat="44.841451" lon="3.741192">
        <ele>801.72</ele>
      </trkpt>
      <trkpt lat="44.841363" lon="3.741072">
        <ele>800.22</ele>
      </trkpt>
      <trkpt lat="44.841282" lon="3.741019">
        <ele>799.99</ele>
      </trkpt>
      <trkpt lat="44.841246" lon="3.740939">
        <ele>798.42</ele>
      </trkpt>
      <trkpt lat="44.841002" lon="3.740629">
        <ele>795</ele>
      </trkpt>
      <trkpt lat="44.840913" lon="3.740609">
        <ele>793.27</ele>
      </trkpt>
      <trkpt lat="44.840774" lon="3.739932">
        <ele>787.96</ele>
      </trkpt>
      <trkpt lat="44.840773" lon="3.739851">
        <ele>787.15</ele>
      </trkpt>
      <trkpt lat="44.840789" lon="3.739804">
        <ele>786.59</ele>
      </trkpt>
      <trkpt lat="44.840861" lon="3.739751">
        <ele>784.81</ele>
      </trkpt>
      <trkpt lat="44.840911" lon="3.73975">
        <ele>783.66</ele>
      </trkpt>
      <trkpt lat="44.84096" lon="3.739792">
        <ele>782</ele>
      </trkpt>
      <trkpt lat="44.8411" lon="3.740062">
        <ele>781.09</ele>
      </trkpt>
      <trkpt lat="44.841153" lon="3.740145">
        <ele>780.73</ele>
      </trkpt>
      <trkpt lat="44.841144" lon="3.740022">
        <ele>778.64</ele>
      </trkpt>
      <trkpt lat="44.841088" lon="3.739888">
        <ele>778.26</ele>
      </trkpt>
      <trkpt lat="44.841005" lon="3.739625">
        <ele>775.49</ele>
      </trkpt>
      <trkpt lat="44.840926" lon="3.739444">
        <ele>773.58</ele>
      </trkpt>
      <trkpt lat="44.840801" lon="3.739284">
        <ele>772.15</ele>
      </trkpt>
      <trkpt lat="44.840661" lon="3.739145">
        <ele>771.13</ele>
      </trkpt>
      <trkpt lat="44.840654" lon="3.739085">
        <ele>769.88</ele>
      </trkpt>
      <trkpt lat="44.84069" lon="3.739038">
        <ele>767.79</ele>
      </trkpt>
      <trkpt lat="44.840765" lon="3.739061">
        <ele>766.65</ele>
      </trkpt>
      <trkpt lat="44.840904" lon="3.73915">
        <ele>765.27</ele>
      </trkpt>
      <trkpt lat="44.840922" lon="3.739148">
        <ele>764.86</ele>
      </trkpt>
      <trkpt lat="44.840933" lon="3.739129">
        <ele>764.17</ele>
      </trkpt>
      <trkpt lat="44.840937" lon="3.739092">
        <ele>763.16</ele>
      </trkpt>
      <trkpt lat="44.840805" lon="3.738843">
        <ele>760.12</ele>
      </trkpt>
      <trkpt lat="44.840687" lon="3.738684">
        <ele>757.88</ele>
      </trkpt>
      <trkpt lat="44.840664" lon="3.738627">
        <ele>756.69</ele>
      </trkpt>
      <trkpt lat="44.840655" lon="3.738578">
        <ele>755.73</ele>
      </trkpt>
      <trkpt lat="44.840669" lon="3.738551">
        <ele>755.41</ele>
      </trkpt>
      <trkpt lat="44.840811" lon="3.738393">
        <ele>752.42</ele>
      </trkpt>
      <trkpt lat="44.840845" lon="3.738336">
        <ele>751.08</ele>
      </trkpt>
      <trkpt lat="44.840916" lon="3.738136">
        <ele>748.16</ele>
      </trkpt>
      <trkpt lat="44.840932" lon="3.738009">
        <ele>746.66</ele>
      </trkpt>
      <trkpt lat="44.840875" lon="3.738008">
        <ele>746.94</ele>
      </trkpt>
      <trkpt lat="44.840803" lon="3.738075">
        <ele>747.66</ele>
      </trkpt>
      <trkpt lat="44.840314" lon="3.738586">
        <ele>746.41</ele>
      </trkpt>
      <trkpt lat="44.840201" lon="3.738764">
        <ele>741.64</ele>
      </trkpt>
      <trkpt lat="44.840117" lon="3.738969">
        <ele>740.92</ele>
      </trkpt>
      <trkpt lat="44.840002" lon="3.739384">
        <ele>736.73</ele>
      </trkpt>
      <trkpt lat="44.839926" lon="3.739344">
        <ele>736.96</ele>
      </trkpt>
      <trkpt lat="44.838857" lon="3.738698">
        <ele>741.37</ele>
      </trkpt>
      <trkpt lat="44.838458" lon="3.738471">
        <ele>742.99</ele>
      </trkpt>
      <trkpt lat="44.838164" lon="3.738292">
        <ele>743.04</ele>
      </trkpt>
      <trkpt lat="44.8379" lon="3.738135">
        <ele>746.15</ele>
      </trkpt>
      <trkpt lat="44.837724" lon="3.738039">
        <ele>744.78</ele>
      </trkpt>
      <trkpt lat="44.837626" lon="3.73794">
        <ele>745.8</ele>
      </trkpt>
      <trkpt lat="44.837423" lon="3.737699">
        <ele>744.96</ele>
      </trkpt>
      <trkpt lat="44.837324" lon="3.73762">
        <ele>745.02</ele>
      </trkpt>
      <trkpt lat="44.83726" lon="3.737585">
        <ele>745.66</ele>
      </trkpt>
      <trkpt lat="44.837157" lon="3.737522">
        <ele>746.26</ele>
      </trkpt>
      <trkpt lat="44.837028" lon="3.73747">
        <ele>745.35</ele>
      </trkpt>
      <trkpt lat="44.836884" lon="3.737424">
        <ele>746.93</ele>
      </trkpt>
      <trkpt lat="44.836288" lon="3.737387">
        <ele>747.61</ele>
      </trkpt>
      <trkpt lat="44.83599" lon="3.737369">
        <ele>750.45</ele>
      </trkpt>
      <trkpt lat="44.835244" lon="3.7373">
        <ele>750.61</ele>
      </trkpt>
      <trkpt lat="44.835271" lon="3.736374">
        <ele>751.69</ele>
      </trkpt>
      <trkpt lat="44.835273" lon="3.736173">
        <ele>753.02</ele>
      </trkpt>
      <trkpt lat="44.835287" lon="3.736131">
        <ele>753.3</ele>
      </trkpt>
      <trkpt lat="44.835316" lon="3.736103">
        <ele>753.51</ele>
      </trkpt>
      <trkpt lat="44.835465" lon="3.736135">
        <ele>753.75</ele>
      </trkpt>
      <trkpt lat="44.835777" lon="3.736347">
        <ele>754.92</ele>
      </trkpt>
      <trkpt lat="44.83587" lon="3.736381">
        <ele>755.44</ele>
      </trkpt>
      <trkpt lat="44.835982" lon="3.736368">
        <ele>756.09</ele>
      </trkpt>
      <trkpt lat="44.836214" lon="3.736279">
        <ele>757.49</ele>
      </trkpt>
      <trkpt lat="44.836387" lon="3.736176">
        <ele>758.61</ele>
      </trkpt>
      <trkpt lat="44.836515" lon="3.7361">
        <ele>759.43</ele>
      </trkpt>
      <trkpt lat="44.83665" lon="3.735942">
        <ele>760.53</ele>
      </trkpt>
      <trkpt lat="44.836858" lon="3.73539">
        <ele>763.59</ele>
      </trkpt>
      <trkpt lat="44.837134" lon="3.734872">
        <ele>767.18</ele>
      </trkpt>
      <trkpt lat="44.837587" lon="3.73424">
        <ele>771.96</ele>
      </trkpt>
      <trkpt lat="44.837755" lon="3.733991">
        <ele>773.59</ele>
      </trkpt>
      <trkpt lat="44.837786" lon="3.733867">
        <ele>774.31</ele>
      </trkpt>
      <trkpt lat="44.837788" lon="3.733723">
        <ele>775.14</ele>
      </trkpt>
      <trkpt lat="44.837737" lon="3.733602">
        <ele>775.95</ele>
      </trkpt>
      <trkpt lat="44.837681" lon="3.733541">
        <ele>776.5</ele>
      </trkpt>
      <trkpt lat="44.837673" lon="3.733487">
        <ele>777.75</ele>
      </trkpt>
      <trkpt lat="44.837673" lon="3.733015">
        <ele>785.4</ele>
      </trkpt>
      <trkpt lat="44.837738" lon="3.732717">
        <ele>785.18</ele>
      </trkpt>
      <trkpt lat="44.83779" lon="3.73258">
        <ele>785.53</ele>
      </trkpt>
      <trkpt lat="44.837888" lon="3.732495">
        <ele>784.77</ele>
      </trkpt>
      <trkpt lat="44.838003" lon="3.732497">
        <ele>785.45</ele>
      </trkpt>
      <trkpt lat="44.838269" lon="3.732607">
        <ele>785.38</ele>
      </trkpt>
      <trkpt lat="44.838788" lon="3.732868">
        <ele>791.57</ele>
      </trkpt>
      <trkpt lat="44.838965" lon="3.732873">
        <ele>793.39</ele>
      </trkpt>
      <trkpt lat="44.839205" lon="3.732818">
        <ele>798.26</ele>
      </trkpt>
      <trkpt lat="44.839382" lon="3.732764">
        <ele>799.5</ele>
      </trkpt>
      <trkpt lat="44.839464" lon="3.732748">
        <ele>799.87</ele>
      </trkpt>
      <trkpt lat="44.839527" lon="3.732796">
        <ele>800.24</ele>
      </trkpt>
      <trkpt lat="44.839605" lon="3.732884">
        <ele>801.02</ele>
      </trkpt>
      <trkpt lat="44.8398" lon="3.73323">
        <ele>803.49</ele>
      </trkpt>
      <trkpt lat="44.839858" lon="3.733262">
        <ele>804.79</ele>
      </trkpt>
      <trkpt lat="44.840092" lon="3.733326">
        <ele>807.48</ele>
      </trkpt>
      <trkpt lat="44.840146" lon="3.733365">
        <ele>807.59</ele>
      </trkpt>
      <trkpt lat="44.840195" lon="3.733434">
        <ele>807.43</ele>
      </trkpt>
      <trkpt lat="44.840256" lon="3.733494">
        <ele>808.83</ele>
      </trkpt>
      <trkpt lat="44.840345" lon="3.73352">
        <ele>813.43</ele>
      </trkpt>
      <trkpt lat="44.84044" lon="3.733505">
        <ele>813.57</ele>
      </trkpt>
      <trkpt lat="44.840778" lon="3.733345">
        <ele>818.7</ele>
      </trkpt>
      <trkpt lat="44.840841" lon="3.733322">
        <ele>820.9</ele>
      </trkpt>
      <trkpt lat="44.840907" lon="3.733347">
        <ele>821.23</ele>
      </trkpt>
      <trkpt lat="44.840972" lon="3.733381">
        <ele>823.36</ele>
      </trkpt>
      <trkpt lat="44.841109" lon="3.73352">
        <ele>825.15</ele>
      </trkpt>
      <trkpt lat="44.84118" lon="3.73355">
        <ele>824.85</ele>
      </trkpt>
      <trkpt lat="44.84125" lon="3.733543">
        <ele>825.11</ele>
      </trkpt>
      <trkpt lat="44.841397" lon="3.733499">
        <ele>828.29</ele>
      </trkpt>
      <trkpt lat="44.84148" lon="3.733505">
        <ele>831.4</ele>
      </trkpt>
      <trkpt lat="44.841526" lon="3.733543">
        <ele>832.15</ele>
      </trkpt>
      <trkpt lat="44.841575" lon="3.733612">
        <ele>833.51</ele>
      </trkpt>
      <trkpt lat="44.841675" lon="3.733867">
        <ele>835.05</ele>
      </trkpt>
      <trkpt lat="44.841856" lon="3.734187">
        <ele>836.22</ele>
      </trkpt>
      <trkpt lat="44.841903" lon="3.734229">
        <ele>836.54</ele>
      </trkpt>
      <trkpt lat="44.842011" lon="3.734283">
        <ele>836.69</ele>
      </trkpt>
      <trkpt lat="44.842185" lon="3.734337">
        <ele>837.72</ele>
      </trkpt>
      <trkpt lat="44.842174" lon="3.734269">
        <ele>837.89</ele>
      </trkpt>
      <trkpt lat="44.842096" lon="3.734083">
        <ele>840.81</ele>
      </trkpt>
      <trkpt lat="44.842085" lon="3.733796">
        <ele>843.67</ele>
      </trkpt>
      <trkpt lat="44.842058" lon="3.733689">
        <ele>845.27</ele>
      </trkpt>
      <trkpt lat="44.841961" lon="3.733584">
        <ele>847.55</ele>
      </trkpt>
      <trkpt lat="44.841896" lon="3.733461">
        <ele>848.99</ele>
      </trkpt>
      <trkpt lat="44.841775" lon="3.733096">
        <ele>852.18</ele>
      </trkpt>
      <trkpt lat="44.841708" lon="3.73301">
        <ele>853.14</ele>
      </trkpt>
      <trkpt lat="44.841463" lon="3.732809">
        <ele>857.13</ele>
      </trkpt>
      <trkpt lat="44.841259" lon="3.732715">
        <ele>859.9</ele>
      </trkpt>
      <trkpt lat="44.840999" lon="3.732562">
        <ele>863.35</ele>
      </trkpt>
      <trkpt lat="44.840824" lon="3.732519">
        <ele>863.76</ele>
      </trkpt>
      <trkpt lat="44.840744" lon="3.732474">
        <ele>865.21</ele>
      </trkpt>
      <trkpt lat="44.840457" lon="3.732208">
        <ele>867.73</ele>
      </trkpt>
      <trkpt lat="44.840411" lon="3.73209">
        <ele>869.81</ele>
      </trkpt>
      <trkpt lat="44.840365" lon="3.731881">
        <ele>873.28</ele>
      </trkpt>
      <trkpt lat="44.840306" lon="3.731417">
        <ele>878.39</ele>
      </trkpt>
      <trkpt lat="44.840306" lon="3.731104">
        <ele>879.42</ele>
      </trkpt>
      <trkpt lat="44.84044" lon="3.730757">
        <ele>881.68</ele>
      </trkpt>
      <trkpt lat="44.840553" lon="3.730583">
        <ele>884.22</ele>
      </trkpt>
      <trkpt lat="44.840616" lon="3.73033">
        <ele>885</ele>
      </trkpt>
      <trkpt lat="44.840602" lon="3.730225">
        <ele>884.93</ele>
      </trkpt>
      <trkpt lat="44.840507" lon="3.730171">
        <ele>883.65</ele>
      </trkpt>
      <trkpt lat="44.840232" lon="3.73025">
        <ele>880.11</ele>
      </trkpt>
      <trkpt lat="44.83974" lon="3.730508">
        <ele>883.51</ele>
      </trkpt>
      <trkpt lat="44.839587" lon="3.730529">
        <ele>882.85</ele>
      </trkpt>
      <trkpt lat="44.839446" lon="3.730373">
        <ele>884.06</ele>
      </trkpt>
      <trkpt lat="44.839272" lon="3.73018">
        <ele>885.55</ele>
      </trkpt>
      <trkpt lat="44.838945" lon="3.729522">
        <ele>894.02</ele>
      </trkpt>
      <trkpt lat="44.838781" lon="3.729193">
        <ele>894.81</ele>
      </trkpt>
      <trkpt lat="44.838492" lon="3.729">
        <ele>893.35</ele>
      </trkpt>
      <trkpt lat="44.838034" lon="3.728917">
        <ele>890.23</ele>
      </trkpt>
      <trkpt lat="44.837516" lon="3.728835">
        <ele>892.32</ele>
      </trkpt>
      <trkpt lat="44.837227" lon="3.728795">
        <ele>891.48</ele>
      </trkpt>
      <trkpt lat="44.836974" lon="3.728458">
        <ele>893.8</ele>
      </trkpt>
      <trkpt lat="44.8367" lon="3.728217">
        <ele>899.84</ele>
      </trkpt>
      <trkpt lat="44.836529" lon="3.728185">
        <ele>903.69</ele>
      </trkpt>
      <trkpt lat="44.836198" lon="3.728249">
        <ele>909.35</ele>
      </trkpt>
      <trkpt lat="44.836034" lon="3.72819">
        <ele>911.04</ele>
      </trkpt>
      <trkpt lat="44.835612" lon="3.727536">
        <ele>918.28</ele>
      </trkpt>
      <trkpt lat="44.835148" lon="3.726747">
        <ele>923.6</ele>
      </trkpt>
      <trkpt lat="44.835548" lon="3.726206">
        <ele>924.04</ele>
      </trkpt>
      <trkpt lat="44.835749" lon="3.725936">
        <ele>926.3</ele>
      </trkpt>
      <trkpt lat="44.835749" lon="3.725653">
        <ele>929.01</ele>
      </trkpt>
      <trkpt lat="44.835682" lon="3.72508">
        <ele>938.24</ele>
      </trkpt>
      <trkpt lat="44.835675" lon="3.724638">
        <ele>946.18</ele>
      </trkpt>
      <trkpt lat="44.835767" lon="3.723738">
        <ele>961.97</ele>
      </trkpt>
      <trkpt lat="44.83574" lon="3.723583">
        <ele>964.46</ele>
      </trkpt>
      <trkpt lat="44.835927" lon="3.722354">
        <ele>981.14</ele>
      </trkpt>
      <trkpt lat="44.835941" lon="3.722066">
        <ele>984.48</ele>
      </trkpt>
      <trkpt lat="44.835941" lon="3.721786">
        <ele>988.53</ele>
      </trkpt>
      <trkpt lat="44.835853" lon="3.721324">
        <ele>993.34</ele>
      </trkpt>
      <trkpt lat="44.83585" lon="3.721075">
        <ele>995.98</ele>
      </trkpt>
      <trkpt lat="44.835875" lon="3.720927">
        <ele>997.81</ele>
      </trkpt>
      <trkpt lat="44.835924" lon="3.720752">
        <ele>999.78</ele>
      </trkpt>
      <trkpt lat="44.835916" lon="3.72062">
        <ele>1000.44</ele>
      </trkpt>
      <trkpt lat="44.835839" lon="3.720235">
        <ele>1001.39</ele>
      </trkpt>
      <trkpt lat="44.835809" lon="3.719967">
        <ele>1001.5</ele>
      </trkpt>
      <trkpt lat="44.835822" lon="3.719601">
        <ele>1000.65</ele>
      </trkpt>
      <trkpt lat="44.835917" lon="3.719205">
        <ele>998.98</ele>
      </trkpt>
      <trkpt lat="44.836084" lon="3.718915">
        <ele>999.43</ele>
      </trkpt>
      <trkpt lat="44.836266" lon="3.718325">
        <ele>999.02</ele>
      </trkpt>
      <trkpt lat="44.836673" lon="3.717638">
        <ele>1000.54</ele>
      </trkpt>
      <trkpt lat="44.836826" lon="3.717268">
        <ele>1002.39</ele>
      </trkpt>
      <trkpt lat="44.837107" lon="3.716834">
        <ele>1003.48</ele>
      </trkpt>
      <trkpt lat="44.837288" lon="3.716649">
        <ele>1005</ele>
      </trkpt>
      <trkpt lat="44.837355" lon="3.71653">
        <ele>1004.94</ele>
      </trkpt>
      <trkpt lat="44.837429" lon="3.716472">
        <ele>1004.89</ele>
      </trkpt>
      <trkpt lat="44.837374" lon="3.716659">
        <ele>1005.98</ele>
      </trkpt>
      <trkpt lat="44.837378" lon="3.716742">
        <ele>1006.5</ele>
      </trkpt>
      <trkpt lat="44.837515" lon="3.717019">
        <ele>1008.73</ele>
      </trkpt>
      <trkpt lat="44.837594" lon="3.717295">
        <ele>1010.16</ele>
      </trkpt>
      <trkpt lat="44.837633" lon="3.717588">
        <ele>1011.8</ele>
      </trkpt>
      <trkpt lat="44.837613" lon="3.717842">
        <ele>1012.79</ele>
      </trkpt>
      <trkpt lat="44.837476" lon="3.718502">
        <ele>1013.42</ele>
      </trkpt>
      <trkpt lat="44.837446" lon="3.718931">
        <ele>1013.7</ele>
      </trkpt>
      <trkpt lat="44.837491" lon="3.719296">
        <ele>1014.04</ele>
      </trkpt>
      <trkpt lat="44.837598" lon="3.719532">
        <ele>1012.99</ele>
      </trkpt>
      <trkpt lat="44.837777" lon="3.719752">
        <ele>1009.98</ele>
      </trkpt>
      <trkpt lat="44.838534" lon="3.720439">
        <ele>999.89</ele>
      </trkpt>
      <trkpt lat="44.838781" lon="3.720809">
        <ele>997.73</ele>
      </trkpt>
      <trkpt lat="44.839143" lon="3.721171">
        <ele>994.49</ele>
      </trkpt>
      <trkpt lat="44.839239" lon="3.721325">
        <ele>993.48</ele>
      </trkpt>
      <trkpt lat="44.839279" lon="3.721186">
        <ele>995.42</ele>
      </trkpt>
      <trkpt lat="44.839319" lon="3.720661">
        <ele>1000.82</ele>
      </trkpt>
      <trkpt lat="44.839416" lon="3.720122">
        <ele>1005.29</ele>
      </trkpt>
      <trkpt lat="44.839555" lon="3.719543">
        <ele>1009.48</ele>
      </trkpt>
      <trkpt lat="44.839656" lon="3.719312">
        <ele>1010.87</ele>
      </trkpt>
      <trkpt lat="44.839781" lon="3.719084">
        <ele>1012.5</ele>
      </trkpt>
      <trkpt lat="44.839941" lon="3.718731">
        <ele>1014.13</ele>
      </trkpt>
      <trkpt lat="44.840101" lon="3.718379">
        <ele>1017.56</ele>
      </trkpt>
      <trkpt lat="44.840202" lon="3.718124">
        <ele>1020.06</ele>
      </trkpt>
      <trkpt lat="44.840346" lon="3.71785">
        <ele>1021.19</ele>
      </trkpt>
      <trkpt lat="44.840548" lon="3.717212">
        <ele>1026.71</ele>
      </trkpt>
      <trkpt lat="44.840581" lon="3.717141">
        <ele>1026.75</ele>
      </trkpt>
      <trkpt lat="44.840702" lon="3.716887">
        <ele>1026.57</ele>
      </trkpt>
      <trkpt lat="44.840842" lon="3.71671">
        <ele>1026.82</ele>
      </trkpt>
      <trkpt lat="44.840974" lon="3.716583">
        <ele>1028.01</ele>
      </trkpt>
      <trkpt lat="44.841204" lon="3.716391">
        <ele>1029.98</ele>
      </trkpt>
      <trkpt lat="44.841358" lon="3.71623">
        <ele>1030.43</ele>
      </trkpt>
      <trkpt lat="44.841548" lon="3.716061">
        <ele>1030.69</ele>
      </trkpt>
      <trkpt lat="44.841666" lon="3.71586">
        <ele>1031.1</ele>
      </trkpt>
      <trkpt lat="44.841795" lon="3.71553">
        <ele>1032.07</ele>
      </trkpt>
      <trkpt lat="44.841966" lon="3.715267">
        <ele>1030.59</ele>
      </trkpt>
      <trkpt lat="44.842037" lon="3.715031">
        <ele>1029.26</ele>
      </trkpt>
      <trkpt lat="44.842103" lon="3.714758">
        <ele>1028.38</ele>
      </trkpt>
      <trkpt lat="44.842182" lon="3.714567">
        <ele>1027.16</ele>
      </trkpt>
      <trkpt lat="44.842356" lon="3.714328">
        <ele>1026.79</ele>
      </trkpt>
      <trkpt lat="44.842589" lon="3.714157">
        <ele>1025.04</ele>
      </trkpt>
      <trkpt lat="44.84267" lon="3.714039">
        <ele>1024.7</ele>
      </trkpt>
      <trkpt lat="44.842725" lon="3.713902">
        <ele>1024.8</ele>
      </trkpt>
      <trkpt lat="44.842737" lon="3.713513">
        <ele>1023.56</ele>
      </trkpt>
      <trkpt lat="44.842828" lon="3.71299">
        <ele>1023.29</ele>
      </trkpt>
      <trkpt lat="44.842986" lon="3.712666">
        <ele>1022.2</ele>
      </trkpt>
      <trkpt lat="44.842995" lon="3.7126">
        <ele>1021.44</ele>
      </trkpt>
      <trkpt lat="44.842954" lon="3.712519">
        <ele>1020.5</ele>
      </trkpt>
      <trkpt lat="44.842822" lon="3.71247">
        <ele>1019.82</ele>
      </trkpt>
      <trkpt lat="44.843129" lon="3.712346">
        <ele>1018.69</ele>
      </trkpt>
      <trkpt lat="44.843515" lon="3.71217">
        <ele>1016.01</ele>
      </trkpt>
      <trkpt lat="44.843609" lon="3.712128">
        <ele>1014.63</ele>
      </trkpt>
      <trkpt lat="44.844396" lon="3.711945">
        <ele>1000.51</ele>
      </trkpt>
      <trkpt lat="44.844824" lon="3.711482">
        <ele>991.03</ele>
      </trkpt>
      <trkpt lat="44.844975" lon="3.711319">
        <ele>990.31</ele>
      </trkpt>
      <trkpt lat="44.845039" lon="3.71125">
        <ele>990.01</ele>
      </trkpt>
      <trkpt lat="44.84556" lon="3.710871">
        <ele>987.09</ele>
      </trkpt>
      <trkpt lat="44.846091" lon="3.710363">
        <ele>981.44</ele>
      </trkpt>
      <trkpt lat="44.84636" lon="3.710262">
        <ele>980.23</ele>
      </trkpt>
      <trkpt lat="44.846629" lon="3.710161">
        <ele>976.13</ele>
      </trkpt>
      <trkpt lat="44.847208" lon="3.710301">
        <ele>966.16</ele>
      </trkpt>
      <trkpt lat="44.847497" lon="3.710372">
        <ele>963.5</ele>
      </trkpt>
      <trkpt lat="44.848101" lon="3.710237">
        <ele>956.89</ele>
      </trkpt>
      <trkpt lat="44.848407" lon="3.710216">
        <ele>952.49</ele>
      </trkpt>
      <trkpt lat="44.848506" lon="3.710164">
        <ele>950.01</ele>
      </trkpt>
      <trkpt lat="44.848629" lon="3.710022">
        <ele>949.08</ele>
      </trkpt>
      <trkpt lat="44.84875" lon="3.709974">
        <ele>949.54</ele>
      </trkpt>
      <trkpt lat="44.849009" lon="3.709988">
        <ele>951.8</ele>
      </trkpt>
      <trkpt lat="44.849295" lon="3.709882">
        <ele>952.96</ele>
      </trkpt>
      <trkpt lat="44.849581" lon="3.709777">
        <ele>956.26</ele>
      </trkpt>
      <trkpt lat="44.849867" lon="3.709671">
        <ele>953.62</ele>
      </trkpt>
      <trkpt lat="44.850061" lon="3.709648">
        <ele>953.83</ele>
      </trkpt>
      <trkpt lat="44.851196" lon="3.710073">
        <ele>961.61</ele>
      </trkpt>
      <trkpt lat="44.851441" lon="3.710059">
        <ele>960.89</ele>
      </trkpt>
      <trkpt lat="44.851674" lon="3.709883">
        <ele>960.33</ele>
      </trkpt>
      <trkpt lat="44.851907" lon="3.709707">
        <ele>962.39</ele>
      </trkpt>
      <trkpt lat="44.852172" lon="3.709678">
        <ele>964.28</ele>
      </trkpt>
      <trkpt lat="44.852479" lon="3.709951">
        <ele>968.24</ele>
      </trkpt>
      <trkpt lat="44.852571" lon="3.709988">
        <ele>967.95</ele>
      </trkpt>
      <trkpt lat="44.853004" lon="3.709944">
        <ele>970.86</ele>
      </trkpt>
      <trkpt lat="44.8532" lon="3.710003">
        <ele>971.74</ele>
      </trkpt>
      <trkpt lat="44.853473" lon="3.709949">
        <ele>973.02</ele>
      </trkpt>
      <trkpt lat="44.854049" lon="3.709441">
        <ele>972.61</ele>
      </trkpt>
      <trkpt lat="44.85428" lon="3.709037">
        <ele>972.42</ele>
      </trkpt>
      <trkpt lat="44.854551" lon="3.708328">
        <ele>969.57</ele>
      </trkpt>
      <trkpt lat="44.854659" lon="3.707841">
        <ele>965.07</ele>
      </trkpt>
      <trkpt lat="44.854802" lon="3.707123">
        <ele>960</ele>
      </trkpt>
      <trkpt lat="44.854917" lon="3.706684">
        <ele>957.67</ele>
      </trkpt>
      <trkpt lat="44.854934" lon="3.706618">
        <ele>957.32</ele>
      </trkpt>
      <trkpt lat="44.85495" lon="3.706436">
        <ele>956.04</ele>
      </trkpt>
      <trkpt lat="44.854837" lon="3.705822">
        <ele>953</ele>
      </trkpt>
      <trkpt lat="44.85483" lon="3.705587">
        <ele>953.55</ele>
      </trkpt>
      <trkpt lat="44.854859" lon="3.705376">
        <ele>955.19</ele>
      </trkpt>
      <trkpt lat="44.854909" lon="3.705201">
        <ele>955.92</ele>
      </trkpt>
      <trkpt lat="44.854985" lon="3.705049">
        <ele>956.84</ele>
      </trkpt>
      <trkpt lat="44.855088" lon="3.704945">
        <ele>957.64</ele>
      </trkpt>
      <trkpt lat="44.855179" lon="3.70489">
        <ele>958.73</ele>
      </trkpt>
      <trkpt lat="44.855269" lon="3.704909">
        <ele>959.74</ele>
      </trkpt>
      <trkpt lat="44.855321" lon="3.704968">
        <ele>960.77</ele>
      </trkpt>
      <trkpt lat="44.855436" lon="3.705169">
        <ele>961.17</ele>
      </trkpt>
      <trkpt lat="44.855477" lon="3.705185">
        <ele>961.32</ele>
      </trkpt>
      <trkpt lat="44.85554" lon="3.70517">
        <ele>962.01</ele>
      </trkpt>
      <trkpt lat="44.855616" lon="3.70512">
        <ele>963.21</ele>
      </trkpt>
      <trkpt lat="44.855669" lon="3.705059">
        <ele>964.43</ele>
      </trkpt>
      <trkpt lat="44.855648" lon="3.704883">
        <ele>966.84</ele>
      </trkpt>
      <trkpt lat="44.855664" lon="3.704817">
        <ele>968.18</ele>
      </trkpt>
      <trkpt lat="44.855754" lon="3.704655">
        <ele>970.58</ele>
      </trkpt>
      <trkpt lat="44.855926" lon="3.704453">
        <ele>971.03</ele>
      </trkpt>
      <trkpt lat="44.856011" lon="3.704318">
        <ele>971.85</ele>
      </trkpt>
      <trkpt lat="44.85607" lon="3.7042">
        <ele>972.25</ele>
      </trkpt>
      <trkpt lat="44.856259" lon="3.704119">
        <ele>973.09</ele>
      </trkpt>
      <trkpt lat="44.856308" lon="3.704117">
        <ele>973.42</ele>
      </trkpt>
      <trkpt lat="44.856426" lon="3.704162">
        <ele>973.47</ele>
      </trkpt>
      <trkpt lat="44.856548" lon="3.704148">
        <ele>973.38</ele>
      </trkpt>
      <trkpt lat="44.856832" lon="3.704067">
        <ele>974.81</ele>
      </trkpt>
      <trkpt lat="44.856941" lon="3.70408">
        <ele>976.04</ele>
      </trkpt>
      <trkpt lat="44.857029" lon="3.70411">
        <ele>976.92</ele>
      </trkpt>
      <trkpt lat="44.857058" lon="3.70413">
        <ele>977.06</ele>
      </trkpt>
      <trkpt lat="44.857123" lon="3.704322">
        <ele>975.79</ele>
      </trkpt>
      <trkpt lat="44.857167" lon="3.704384">
        <ele>975.43</ele>
      </trkpt>
      <trkpt lat="44.857273" lon="3.70445">
        <ele>975.8</ele>
      </trkpt>
      <trkpt lat="44.857468" lon="3.704504">
        <ele>975.41</ele>
      </trkpt>
      <trkpt lat="44.857594" lon="3.704508">
        <ele>976.22</ele>
      </trkpt>
      <trkpt lat="44.857709" lon="3.704493">
        <ele>975.89</ele>
      </trkpt>
      <trkpt lat="44.8581" lon="3.70436">
        <ele>978.04</ele>
      </trkpt>
      <trkpt lat="44.858206" lon="3.704343">
        <ele>978.17</ele>
      </trkpt>
      <trkpt lat="44.858293" lon="3.704309">
        <ele>978.3</ele>
      </trkpt>
      <trkpt lat="44.85846" lon="3.704151">
        <ele>979.6</ele>
      </trkpt>
      <trkpt lat="44.858555" lon="3.704086">
        <ele>980.54</ele>
      </trkpt>
      <trkpt lat="44.858628" lon="3.704081">
        <ele>981.18</ele>
      </trkpt>
      <trkpt lat="44.858698" lon="3.704116">
        <ele>981.34</ele>
      </trkpt>
      <trkpt lat="44.858767" lon="3.704194">
        <ele>982.76</ele>
      </trkpt>
      <trkpt lat="44.858832" lon="3.704348">
        <ele>983.78</ele>
      </trkpt>
      <trkpt lat="44.858885" lon="3.704557">
        <ele>983.31</ele>
      </trkpt>
      <trkpt lat="44.858964" lon="3.704671">
        <ele>984.03</ele>
      </trkpt>
      <trkpt lat="44.859058" lon="3.704736">
        <ele>984.83</ele>
      </trkpt>
      <trkpt lat="44.859176" lon="3.704765">
        <ele>986.42</ele>
      </trkpt>
      <trkpt lat="44.859328" lon="3.704823">
        <ele>987.12</ele>
      </trkpt>
      <trkpt lat="44.8594" lon="3.704827">
        <ele>987.67</ele>
      </trkpt>
      <trkpt lat="44.85961" lon="3.704942">
        <ele>989.6</ele>
      </trkpt>
      <trkpt lat="44.859645" lon="3.704998">
        <ele>989.42</ele>
      </trkpt>
      <trkpt lat="44.859727" lon="3.705082">
        <ele>990.26</ele>
      </trkpt>
      <trkpt lat="44.859843" lon="3.705135">
        <ele>990.88</ele>
      </trkpt>
      <trkpt lat="44.859913" lon="3.704993">
        <ele>993.92</ele>
      </trkpt>
      <trkpt lat="44.859939" lon="3.704923">
        <ele>994</ele>
      </trkpt>
      <trkpt lat="44.859968" lon="3.704987">
        <ele>994</ele>
      </trkpt>
      <trkpt lat="44.860003" lon="3.705033">
        <ele>993.32</ele>
      </trkpt>
      <trkpt lat="44.86007" lon="3.705067">
        <ele>992.53</ele>
      </trkpt>
      <trkpt lat="44.860167" lon="3.705068">
        <ele>991.71</ele>
      </trkpt>
      <trkpt lat="44.860261" lon="3.705012">
        <ele>992</ele>
      </trkpt>
      <trkpt lat="44.860311" lon="3.704967">
        <ele>991.63</ele>
      </trkpt>
      <trkpt lat="44.860561" lon="3.704694">
        <ele>988.27</ele>
      </trkpt>
      <trkpt lat="44.860864" lon="3.704493">
        <ele>986.14</ele>
      </trkpt>
      <trkpt lat="44.861361" lon="3.704235">
        <ele>983.24</ele>
      </trkpt>
      <trkpt lat="44.861479" lon="3.704172">
        <ele>982.63</ele>
      </trkpt>
      <trkpt lat="44.861576" lon="3.704139">
        <ele>982.94</ele>
      </trkpt>
      <trkpt lat="44.861637" lon="3.704054">
        <ele>983.99</ele>
      </trkpt>
      <trkpt lat="44.861704" lon="3.70401">
        <ele>985.05</ele>
      </trkpt>
      <trkpt lat="44.861797" lon="3.704002">
        <ele>986.2</ele>
      </trkpt>
      <trkpt lat="44.862091" lon="3.704101">
        <ele>987.55</ele>
      </trkpt>
      <trkpt lat="44.862305" lon="3.704131">
        <ele>988.08</ele>
      </trkpt>
      <trkpt lat="44.86265" lon="3.704115">
        <ele>988.65</ele>
      </trkpt>
      <trkpt lat="44.863169" lon="3.704048">
        <ele>991.18</ele>
      </trkpt>
      <trkpt lat="44.863719" lon="3.703832">
        <ele>990.88</ele>
      </trkpt>
      <trkpt lat="44.864096" lon="3.703736">
        <ele>988.25</ele>
      </trkpt>
      <trkpt lat="44.864391" lon="3.703701">
        <ele>984.25</ele>
      </trkpt>
      <trkpt lat="44.864467" lon="3.703681">
        <ele>982.91</ele>
      </trkpt>
      <trkpt lat="44.864534" lon="3.703664">
        <ele>981.72</ele>
      </trkpt>
      <trkpt lat="44.864731" lon="3.703541">
        <ele>980.02</ele>
      </trkpt>
      <trkpt lat="44.864882" lon="3.703407">
        <ele>978.63</ele>
      </trkpt>
      <trkpt lat="44.865088" lon="3.703207">
        <ele>976.1</ele>
      </trkpt>
      <trkpt lat="44.865344" lon="3.703034">
        <ele>974.27</ele>
      </trkpt>
      <trkpt lat="44.865596" lon="3.702915">
        <ele>972.37</ele>
      </trkpt>
      <trkpt lat="44.866396" lon="3.702548">
        <ele>970.57</ele>
      </trkpt>
      <trkpt lat="44.866549" lon="3.702457">
        <ele>970.63</ele>
      </trkpt>
      <trkpt lat="44.866884" lon="3.702151">
        <ele>969.91</ele>
      </trkpt>
      <trkpt lat="44.867348" lon="3.70162">
        <ele>966.77</ele>
      </trkpt>
      <trkpt lat="44.867506" lon="3.701392">
        <ele>965.56</ele>
      </trkpt>
      <trkpt lat="44.867627" lon="3.701185">
        <ele>964.45</ele>
      </trkpt>
      <trkpt lat="44.867755" lon="3.701108">
        <ele>961.91</ele>
      </trkpt>
      <trkpt lat="44.8678" lon="3.701056">
        <ele>960.87</ele>
      </trkpt>
      <trkpt lat="44.867824" lon="3.700999">
        <ele>960.06</ele>
      </trkpt>
      <trkpt lat="44.867827" lon="3.700942">
        <ele>959.58</ele>
      </trkpt>
      <trkpt lat="44.867726" lon="3.700669">
        <ele>955.56</ele>
      </trkpt>
      <trkpt lat="44.867643" lon="3.700525">
        <ele>954.41</ele>
      </trkpt>
      <trkpt lat="44.86757" lon="3.700475">
        <ele>954.45</ele>
      </trkpt>
      <trkpt lat="44.867485" lon="3.700493">
        <ele>956.27</ele>
      </trkpt>
      <trkpt lat="44.867148" lon="3.700512">
        <ele>961.28</ele>
      </trkpt>
      <trkpt lat="44.867055" lon="3.700486">
        <ele>962.45</ele>
      </trkpt>
      <trkpt lat="44.866971" lon="3.700426">
        <ele>963.55</ele>
      </trkpt>
      <trkpt lat="44.866788" lon="3.700187">
        <ele>967.06</ele>
      </trkpt>
      <trkpt lat="44.866743" lon="3.700128">
        <ele>967.92</ele>
      </trkpt>
      <trkpt lat="44.866527" lon="3.699785">
        <ele>973.39</ele>
      </trkpt>
      <trkpt lat="44.866257" lon="3.699672">
        <ele>980.34</ele>
      </trkpt>
      <trkpt lat="44.865839" lon="3.699351">
        <ele>984.56</ele>
      </trkpt>
      <trkpt lat="44.865622" lon="3.699093">
        <ele>985.02</ele>
      </trkpt>
      <trkpt lat="44.865462" lon="3.698967">
        <ele>988.06</ele>
      </trkpt>
      <trkpt lat="44.865319" lon="3.698896">
        <ele>989.91</ele>
      </trkpt>
      <trkpt lat="44.865187" lon="3.698809">
        <ele>990.63</ele>
      </trkpt>
      <trkpt lat="44.864784" lon="3.698426">
        <ele>990.89</ele>
      </trkpt>
      <trkpt lat="44.864619" lon="3.698257">
        <ele>992.07</ele>
      </trkpt>
      <trkpt lat="44.864451" lon="3.698049">
        <ele>993.81</ele>
      </trkpt>
      <trkpt lat="44.864347" lon="3.697953">
        <ele>994.55</ele>
      </trkpt>
      <trkpt lat="44.864254" lon="3.697929">
        <ele>995.84</ele>
      </trkpt>
      <trkpt lat="44.864174" lon="3.697945">
        <ele>997.15</ele>
      </trkpt>
      <trkpt lat="44.864105" lon="3.698004">
        <ele>998.05</ele>
      </trkpt>
      <trkpt lat="44.864046" lon="3.698096">
        <ele>998.87</ele>
      </trkpt>
      <trkpt lat="44.863866" lon="3.698294">
        <ele>1000.35</ele>
      </trkpt>
      <trkpt lat="44.8638" lon="3.698381">
        <ele>999.82</ele>
      </trkpt>
      <trkpt lat="44.863735" lon="3.698406">
        <ele>999.56</ele>
      </trkpt>
      <trkpt lat="44.863634" lon="3.698408">
        <ele>999.02</ele>
      </trkpt>
      <trkpt lat="44.863568" lon="3.698373">
        <ele>998.51</ele>
      </trkpt>
      <trkpt lat="44.863494" lon="3.69826">
        <ele>997.85</ele>
      </trkpt>
      <trkpt lat="44.86337" lon="3.698017">
        <ele>996.44</ele>
      </trkpt>
      <trkpt lat="44.86328" lon="3.697805">
        <ele>994.86</ele>
      </trkpt>
      <trkpt lat="44.863265" lon="3.697701">
        <ele>994.18</ele>
      </trkpt>
      <trkpt lat="44.863294" lon="3.697615">
        <ele>993.44</ele>
      </trkpt>
      <trkpt lat="44.863422" lon="3.69746">
        <ele>991.88</ele>
      </trkpt>
      <trkpt lat="44.863495" lon="3.69732">
        <ele>991.14</ele>
      </trkpt>
      <trkpt lat="44.863552" lon="3.697142">
        <ele>990.45</ele>
      </trkpt>
      <trkpt lat="44.863571" lon="3.696972">
        <ele>990.74</ele>
      </trkpt>
      <trkpt lat="44.863514" lon="3.696368">
        <ele>992.09</ele>
      </trkpt>
      <trkpt lat="44.863465" lon="3.69617">
        <ele>992.61</ele>
      </trkpt>
      <trkpt lat="44.863381" lon="3.695947">
        <ele>992.89</ele>
      </trkpt>
      <trkpt lat="44.863242" lon="3.695637">
        <ele>992.93</ele>
      </trkpt>
      <trkpt lat="44.863144" lon="3.695382">
        <ele>992.06</ele>
      </trkpt>
      <trkpt lat="44.863128" lon="3.69529">
        <ele>991.58</ele>
      </trkpt>
      <trkpt lat="44.863137" lon="3.695212">
        <ele>991.13</ele>
      </trkpt>
      <trkpt lat="44.863169" lon="3.695128">
        <ele>990.5</ele>
      </trkpt>
      <trkpt lat="44.863254" lon="3.695034">
        <ele>990.39</ele>
      </trkpt>
      <trkpt lat="44.863264" lon="3.694948">
        <ele>989.18</ele>
      </trkpt>
      <trkpt lat="44.863253" lon="3.69487">
        <ele>987.74</ele>
      </trkpt>
      <trkpt lat="44.863191" lon="3.694784">
        <ele>986.02</ele>
      </trkpt>
      <trkpt lat="44.863095" lon="3.694578">
        <ele>981.44</ele>
      </trkpt>
      <trkpt lat="44.863051" lon="3.694486">
        <ele>979.38</ele>
      </trkpt>
      <trkpt lat="44.863009" lon="3.694315">
        <ele>976.06</ele>
      </trkpt>
      <trkpt lat="44.862946" lon="3.694252">
        <ele>974.73</ele>
      </trkpt>
      <trkpt lat="44.862858" lon="3.694201">
        <ele>974.44</ele>
      </trkpt>
      <trkpt lat="44.862763" lon="3.694067">
        <ele>972.43</ele>
      </trkpt>
      <trkpt lat="44.862608" lon="3.693849">
        <ele>972.7</ele>
      </trkpt>
      <trkpt lat="44.8625" lon="3.693602">
        <ele>967.82</ele>
      </trkpt>
      <trkpt lat="44.862469" lon="3.693352">
        <ele>963.17</ele>
      </trkpt>
      <trkpt lat="44.862485" lon="3.692981">
        <ele>959.14</ele>
      </trkpt>
      <trkpt lat="44.86253" lon="3.692461">
        <ele>955.74</ele>
      </trkpt>
      <trkpt lat="44.862536" lon="3.691977">
        <ele>956.64</ele>
      </trkpt>
      <trkpt lat="44.862518" lon="3.6915">
        <ele>963.76</ele>
      </trkpt>
      <trkpt lat="44.862442" lon="3.69099">
        <ele>971.1</ele>
      </trkpt>
      <trkpt lat="44.862376" lon="3.690817">
        <ele>974.86</ele>
      </trkpt>
      <trkpt lat="44.862366" lon="3.690619">
        <ele>976.98</ele>
      </trkpt>
      <trkpt lat="44.862417" lon="3.690463">
        <ele>977.36</ele>
      </trkpt>
      <trkpt lat="44.862509" lon="3.690136">
        <ele>980.31</ele>
      </trkpt>
      <trkpt lat="44.862692" lon="3.689737">
        <ele>983.87</ele>
      </trkpt>
      <trkpt lat="44.863127" lon="3.689208">
        <ele>988.9</ele>
      </trkpt>
      <trkpt lat="44.863445" lon="3.688949">
        <ele>989.74</ele>
      </trkpt>
      <trkpt lat="44.863595" lon="3.688815">
        <ele>989.77</ele>
      </trkpt>
      <trkpt lat="44.863666" lon="3.688672">
        <ele>990.78</ele>
      </trkpt>
      <trkpt lat="44.863729" lon="3.688466">
        <ele>992.36</ele>
      </trkpt>
      <trkpt lat="44.863804" lon="3.688389">
        <ele>990.84</ele>
      </trkpt>
      <trkpt lat="44.863875" lon="3.688308">
        <ele>989.37</ele>
      </trkpt>
      <trkpt lat="44.863955" lon="3.688128">
        <ele>989.82</ele>
      </trkpt>
      <trkpt lat="44.864017" lon="3.687767">
        <ele>994.54</ele>
      </trkpt>
      <trkpt lat="44.864087" lon="3.687443">
        <ele>997.3</ele>
      </trkpt>
      <trkpt lat="44.864077" lon="3.687172">
        <ele>1001.6</ele>
      </trkpt>
      <trkpt lat="44.864168" lon="3.686912">
        <ele>1006</ele>
      </trkpt>
      <trkpt lat="44.864257" lon="3.686769">
        <ele>1009.26</ele>
      </trkpt>
      <trkpt lat="44.864386" lon="3.686723">
        <ele>1010.23</ele>
      </trkpt>
      <trkpt lat="44.864546" lon="3.686704">
        <ele>1011.61</ele>
      </trkpt>
      <trkpt lat="44.864694" lon="3.686723">
        <ele>1012.6</ele>
      </trkpt>
      <trkpt lat="44.864877" lon="3.686804">
        <ele>1012.57</ele>
      </trkpt>
      <trkpt lat="44.865009" lon="3.686899">
        <ele>1012.12</ele>
      </trkpt>
      <trkpt lat="44.865125" lon="3.68694">
        <ele>1012.52</ele>
      </trkpt>
      <trkpt lat="44.865238" lon="3.686951">
        <ele>1012.55</ele>
      </trkpt>
      <trkpt lat="44.865351" lon="3.686886">
        <ele>1012.88</ele>
      </trkpt>
      <trkpt lat="44.865726" lon="3.686671">
        <ele>1013.97</ele>
      </trkpt>
      <trkpt lat="44.866064" lon="3.686396">
        <ele>1015.23</ele>
      </trkpt>
      <trkpt lat="44.8662" lon="3.686276">
        <ele>1014.85</ele>
      </trkpt>
      <trkpt lat="44.866248" lon="3.686175">
        <ele>1015.13</ele>
      </trkpt>
      <trkpt lat="44.866275" lon="3.686039">
        <ele>1016.1</ele>
      </trkpt>
      <trkpt lat="44.866266" lon="3.685641">
        <ele>1017.97</ele>
      </trkpt>
      <trkpt lat="44.866241" lon="3.685377">
        <ele>1017.51</ele>
      </trkpt>
      <trkpt lat="44.866248" lon="3.685131">
        <ele>1017.18</ele>
      </trkpt>
      <trkpt lat="44.866377" lon="3.683974">
        <ele>1015.06</ele>
      </trkpt>
      <trkpt lat="44.866573" lon="3.682994">
        <ele>1011.9</ele>
      </trkpt>
      <trkpt lat="44.866595" lon="3.682742">
        <ele>1011.53</ele>
      </trkpt>
      <trkpt lat="44.866607" lon="3.682474">
        <ele>1011.35</ele>
      </trkpt>
      <trkpt lat="44.866574" lon="3.682012">
        <ele>1011.61</ele>
      </trkpt>
      <trkpt lat="44.866531" lon="3.681837">
        <ele>1012.56</ele>
      </trkpt>
      <trkpt lat="44.866534" lon="3.681741">
        <ele>1013.19</ele>
      </trkpt>
      <trkpt lat="44.866592" lon="3.681458">
        <ele>1014.84</ele>
      </trkpt>
      <trkpt lat="44.866596" lon="3.681364">
        <ele>1015.38</ele>
      </trkpt>
      <trkpt lat="44.866625" lon="3.681334">
        <ele>1015.56</ele>
      </trkpt>
      <trkpt lat="44.866759" lon="3.681124">
        <ele>1015.78</ele>
      </trkpt>
      <trkpt lat="44.866862" lon="3.680922">
        <ele>1016.95</ele>
      </trkpt>
      <trkpt lat="44.866944" lon="3.680545">
        <ele>1017.55</ele>
      </trkpt>
      <trkpt lat="44.866963" lon="3.680334">
        <ele>1018.53</ele>
      </trkpt>
      <trkpt lat="44.867029" lon="3.680346">
        <ele>1018.3</ele>
      </trkpt>
      <trkpt lat="44.867145" lon="3.680299">
        <ele>1018.58</ele>
      </trkpt>
      <trkpt lat="44.867263" lon="3.680219">
        <ele>1019.01</ele>
      </trkpt>
      <trkpt lat="44.867411" lon="3.680087">
        <ele>1020.23</ele>
      </trkpt>
      <trkpt lat="44.867532" lon="3.680508">
        <ele>1019.42</ele>
      </trkpt>
      <trkpt lat="44.867613" lon="3.680879">
        <ele>1018.36</ele>
      </trkpt>
      <trkpt lat="44.867641" lon="3.680959">
        <ele>1018.36</ele>
      </trkpt>
      <trkpt lat="44.867755" lon="3.681202">
        <ele>1018.05</ele>
      </trkpt>
      <trkpt lat="44.868038" lon="3.681728">
        <ele>1019.09</ele>
      </trkpt>
      <trkpt lat="44.868264" lon="3.68205">
        <ele>1019.29</ele>
      </trkpt>
      <trkpt lat="44.868475" lon="3.682254">
        <ele>1019.94</ele>
      </trkpt>
      <trkpt lat="44.868561" lon="3.682453">
        <ele>1017.89</ele>
      </trkpt>
      <trkpt lat="44.868682" lon="3.682648">
        <ele>1015.38</ele>
      </trkpt>
      <trkpt lat="44.868924" lon="3.682992">
        <ele>1010.6</ele>
      </trkpt>
      <trkpt lat="44.869011" lon="3.683064">
        <ele>1009.23</ele>
      </trkpt>
      <trkpt lat="44.869129" lon="3.683053">
        <ele>1007.47</ele>
      </trkpt>
      <trkpt lat="44.869348" lon="3.682828">
        <ele>1006.3</ele>
      </trkpt>
      <trkpt lat="44.86949" lon="3.682745">
        <ele>1006.35</ele>
      </trkpt>
      <trkpt lat="44.869614" lon="3.682737">
        <ele>1005.13</ele>
      </trkpt>
      <trkpt lat="44.869755" lon="3.682804">
        <ele>1002.73</ele>
      </trkpt>
      <trkpt lat="44.869848" lon="3.68286">
        <ele>1002.13</ele>
      </trkpt>
      <trkpt lat="44.870002" lon="3.683011">
        <ele>999.97</ele>
      </trkpt>
      <trkpt lat="44.870217" lon="3.683249">
        <ele>996.69</ele>
      </trkpt>
      <trkpt lat="44.87035" lon="3.683338">
        <ele>995.38</ele>
      </trkpt>
      <trkpt lat="44.870551" lon="3.68337">
        <ele>993.79</ele>
      </trkpt>
      <trkpt lat="44.870817" lon="3.683472">
        <ele>989.18</ele>
      </trkpt>
      <trkpt lat="44.870926" lon="3.683483">
        <ele>988.36</ele>
      </trkpt>
      <trkpt lat="44.871224" lon="3.683469">
        <ele>985.91</ele>
      </trkpt>
      <trkpt lat="44.871368" lon="3.683499">
        <ele>983.81</ele>
      </trkpt>
      <trkpt lat="44.871517" lon="3.683606">
        <ele>980.53</ele>
      </trkpt>
      <trkpt lat="44.87169" lon="3.683625">
        <ele>979.53</ele>
      </trkpt>
      <trkpt lat="44.871918" lon="3.68359">
        <ele>977.15</ele>
      </trkpt>
      <trkpt lat="44.87203" lon="3.683539">
        <ele>976.18</ele>
      </trkpt>
      <trkpt lat="44.872173" lon="3.68337">
        <ele>975.33</ele>
      </trkpt>
      <trkpt lat="44.872304" lon="3.683171">
        <ele>974.63</ele>
      </trkpt>
      <trkpt lat="44.872458" lon="3.682737">
        <ele>977.17</ele>
      </trkpt>
      <trkpt lat="44.872579" lon="3.682425">
        <ele>976.64</ele>
      </trkpt>
      <trkpt lat="44.872696" lon="3.682113">
        <ele>978.66</ele>
      </trkpt>
      <trkpt lat="44.872799" lon="3.681891">
        <ele>977.23</ele>
      </trkpt>
      <trkpt lat="44.87292" lon="3.681543">
        <ele>977.67</ele>
      </trkpt>
      <trkpt lat="44.873172" lon="3.681353">
        <ele>971.54</ele>
      </trkpt>
      <trkpt lat="44.873277" lon="3.681423">
        <ele>967.32</ele>
      </trkpt>
      <trkpt lat="44.873513" lon="3.68145">
        <ele>969.17</ele>
      </trkpt>
      <trkpt lat="44.873574" lon="3.681489">
        <ele>968.91</ele>
      </trkpt>
      <trkpt lat="44.873654" lon="3.681612">
        <ele>967.88</ele>
      </trkpt>
      <trkpt lat="44.873701" lon="3.681639">
        <ele>968.7</ele>
      </trkpt>
      <trkpt lat="44.873741" lon="3.681639">
        <ele>968.37</ele>
      </trkpt>
      <trkpt lat="44.873823" lon="3.681599">
        <ele>969.08</ele>
      </trkpt>
      <trkpt lat="44.873911" lon="3.681573">
        <ele>968.8</ele>
      </trkpt>
      <trkpt lat="44.873915" lon="3.681603">
        <ele>967.45</ele>
      </trkpt>
      <trkpt lat="44.873963" lon="3.681589">
        <ele>967.37</ele>
      </trkpt>
      <trkpt lat="44.87421" lon="3.6816">
        <ele>966.3</ele>
      </trkpt>
      <trkpt lat="44.874457" lon="3.68161">
        <ele>967.77</ele>
      </trkpt>
      <trkpt lat="44.874735" lon="3.681584">
        <ele>967.65</ele>
      </trkpt>
      <trkpt lat="44.875012" lon="3.681557">
        <ele>961.77</ele>
      </trkpt>
      <trkpt lat="44.87559" lon="3.681525">
        <ele>950.45</ele>
      </trkpt>
      <trkpt lat="44.875978" lon="3.681235">
        <ele>943.76</ele>
      </trkpt>
      <trkpt lat="44.876176" lon="3.680387">
        <ele>955.67</ele>
      </trkpt>
      <trkpt lat="44.87635" lon="3.67984">
        <ele>963.6</ele>
      </trkpt>
      <trkpt lat="44.876606" lon="3.679703">
        <ele>972.88</ele>
      </trkpt>
      <trkpt lat="44.876875" lon="3.679765">
        <ele>977.28</ele>
      </trkpt>
      <trkpt lat="44.877248" lon="3.679733">
        <ele>983.35</ele>
      </trkpt>
      <trkpt lat="44.877464" lon="3.679524">
        <ele>987.28</ele>
      </trkpt>
      <trkpt lat="44.877206" lon="3.679403">
        <ele>991.36</ele>
      </trkpt>
      <trkpt lat="44.877057" lon="3.679207">
        <ele>993.82</ele>
      </trkpt>
      <trkpt lat="44.876797" lon="3.678561">
        <ele>999.39</ele>
      </trkpt>
      <trkpt lat="44.876607" lon="3.678048">
        <ele>1004.46</ele>
      </trkpt>
      <trkpt lat="44.876244" lon="3.677603">
        <ele>1013.61</ele>
      </trkpt>
      <trkpt lat="44.876121" lon="3.677465">
        <ele>1015.47</ele>
      </trkpt>
      <trkpt lat="44.87578" lon="3.677083">
        <ele>1020.61</ele>
      </trkpt>
      <trkpt lat="44.874859" lon="3.676493">
        <ele>1029.02</ele>
      </trkpt>
      <trkpt lat="44.874617" lon="3.676275">
        <ele>1031.95</ele>
      </trkpt>
      <trkpt lat="44.874579" lon="3.676047">
        <ele>1034.14</ele>
      </trkpt>
      <trkpt lat="44.874614" lon="3.675888">
        <ele>1035.52</ele>
      </trkpt>
      <trkpt lat="44.874731" lon="3.675554">
        <ele>1039.94</ele>
      </trkpt>
      <trkpt lat="44.874737" lon="3.675364">
        <ele>1042.22</ele>
      </trkpt>
      <trkpt lat="44.874695" lon="3.67513">
        <ele>1044.27</ele>
      </trkpt>
      <trkpt lat="44.87441" lon="3.674414">
        <ele>1052.14</ele>
      </trkpt>
      <trkpt lat="44.874153" lon="3.674025">
        <ele>1057</ele>
      </trkpt>
      <trkpt lat="44.873874" lon="3.67347">
        <ele>1058.56</ele>
      </trkpt>
      <trkpt lat="44.873703" lon="3.673296">
        <ele>1059.95</ele>
      </trkpt>
      <trkpt lat="44.873467" lon="3.673293">
        <ele>1062.79</ele>
      </trkpt>
      <trkpt lat="44.873336" lon="3.673258">
        <ele>1063.97</ele>
      </trkpt>
      <trkpt lat="44.872915" lon="3.672965">
        <ele>1067.42</ele>
      </trkpt>
      <trkpt lat="44.872417" lon="3.672537">
        <ele>1069.65</ele>
      </trkpt>
      <trkpt lat="44.872461" lon="3.672438">
        <ele>1069.14</ele>
      </trkpt>
      <trkpt lat="44.872539" lon="3.672344">
        <ele>1069</ele>
      </trkpt>
      <trkpt lat="44.872746" lon="3.672196">
        <ele>1068.81</ele>
      </trkpt>
      <trkpt lat="44.873093" lon="3.672185">
        <ele>1066.97</ele>
      </trkpt>
      <trkpt lat="44.873908" lon="3.672188">
        <ele>1061.75</ele>
      </trkpt>
      <trkpt lat="44.874123" lon="3.672086">
        <ele>1060.17</ele>
      </trkpt>
      <trkpt lat="44.874301" lon="3.672072">
        <ele>1059.25</ele>
      </trkpt>
      <trkpt lat="44.874752" lon="3.672384">
        <ele>1056.59</ele>
      </trkpt>
      <trkpt lat="44.8754" lon="3.672719">
        <ele>1052.59</ele>
      </trkpt>
      <trkpt lat="44.875592" lon="3.672738">
        <ele>1052.16</ele>
      </trkpt>
      <trkpt lat="44.876318" lon="3.672896">
        <ele>1049.79</ele>
      </trkpt>
      <trkpt lat="44.876683" lon="3.672901">
        <ele>1049.95</ele>
      </trkpt>
      <trkpt lat="44.876847" lon="3.672869">
        <ele>1050.36</ele>
      </trkpt>
      <trkpt lat="44.876997" lon="3.67284">
        <ele>1050.73</ele>
      </trkpt>
      <trkpt lat="44.877248" lon="3.672684">
        <ele>1051.43</ele>
      </trkpt>
      <trkpt lat="44.877658" lon="3.672491">
        <ele>1051.43</ele>
      </trkpt>
      <trkpt lat="44.878044" lon="3.6723">
        <ele>1048.74</ele>
      </trkpt>
      <trkpt lat="44.8785" lon="3.671866">
        <ele>1044.05</ele>
      </trkpt>
      <trkpt lat="44.878874" lon="3.671568">
        <ele>1042.56</ele>
      </trkpt>
      <trkpt lat="44.879298" lon="3.671405">
        <ele>1040.63</ele>
      </trkpt>
      <trkpt lat="44.879808" lon="3.671273">
        <ele>1039.93</ele>
      </trkpt>
      <trkpt lat="44.879948" lon="3.671191">
        <ele>1040.08</ele>
      </trkpt>
      <trkpt lat="44.8801" lon="3.671327">
        <ele>1037.62</ele>
      </trkpt>
      <trkpt lat="44.880317" lon="3.671303">
        <ele>1039.53</ele>
      </trkpt>
      <trkpt lat="44.881338" lon="3.671201">
        <ele>1035.63</ele>
      </trkpt>
      <trkpt lat="44.881811" lon="3.671217">
        <ele>1033.82</ele>
      </trkpt>
      <trkpt lat="44.882054" lon="3.671187">
        <ele>1032.55</ele>
      </trkpt>
      <trkpt lat="44.882373" lon="3.671048">
        <ele>1030.07</ele>
      </trkpt>
      <trkpt lat="44.882539" lon="3.670908">
        <ele>1028.65</ele>
      </trkpt>
      <trkpt lat="44.882755" lon="3.670536">
        <ele>1025.79</ele>
      </trkpt>
      <trkpt lat="44.882831" lon="3.670509">
        <ele>1025.53</ele>
      </trkpt>
      <trkpt lat="44.882983" lon="3.670514">
        <ele>1027.74</ele>
      </trkpt>
      <trkpt lat="44.883183" lon="3.67049">
        <ele>1030.04</ele>
      </trkpt>
      <trkpt lat="44.883168" lon="3.670652">
        <ele>1028.27</ele>
      </trkpt>
      <trkpt lat="44.883397" lon="3.671187">
        <ele>1023.22</ele>
      </trkpt>
      <trkpt lat="44.883582" lon="3.671537">
        <ele>1020.04</ele>
      </trkpt>
      <trkpt lat="44.883687" lon="3.672102">
        <ele>1013.27</ele>
      </trkpt>
      <trkpt lat="44.883729" lon="3.672618">
        <ele>1008.99</ele>
      </trkpt>
      <trkpt lat="44.883763" lon="3.673301">
        <ele>1002.43</ele>
      </trkpt>
      <trkpt lat="44.88423" lon="3.673601">
        <ele>995.97</ele>
      </trkpt>
      <trkpt lat="44.884487" lon="3.673845">
        <ele>992.62</ele>
      </trkpt>
      <trkpt lat="44.884588" lon="3.674068">
        <ele>989.68</ele>
      </trkpt>
      <trkpt lat="44.884606" lon="3.674612">
        <ele>985.14</ele>
      </trkpt>
      <trkpt lat="44.88469" lon="3.674873">
        <ele>984.81</ele>
      </trkpt>
      <trkpt lat="44.884855" lon="3.675044">
        <ele>984.94</ele>
      </trkpt>
      <trkpt lat="44.8851" lon="3.675117">
        <ele>983.82</ele>
      </trkpt>
      <trkpt lat="44.885404" lon="3.675067">
        <ele>983.87</ele>
      </trkpt>
      <trkpt lat="44.886013" lon="3.674967">
        <ele>974.41</ele>
      </trkpt>
      <trkpt lat="44.886322" lon="3.674974">
        <ele>973.02</ele>
      </trkpt>
      <trkpt lat="44.886517" lon="3.675058">
        <ele>972.45</ele>
      </trkpt>
      <trkpt lat="44.886786" lon="3.67508">
        <ele>971.69</ele>
      </trkpt>
      <trkpt lat="44.887048" lon="3.675099">
        <ele>968.23</ele>
      </trkpt>
      <trkpt lat="44.88731" lon="3.675117">
        <ele>966.94</ele>
      </trkpt>
      <trkpt lat="44.887466" lon="3.675183">
        <ele>966.18</ele>
      </trkpt>
      <trkpt lat="44.887627" lon="3.675455">
        <ele>958.59</ele>
      </trkpt>
      <trkpt lat="44.887789" lon="3.675727">
        <ele>955.41</ele>
      </trkpt>
      <trkpt lat="44.887883" lon="3.676282">
        <ele>948.53</ele>
      </trkpt>
      <trkpt lat="44.888165" lon="3.676522">
        <ele>944.45</ele>
      </trkpt>
      <trkpt lat="44.888491" lon="3.6767">
        <ele>935.75</ele>
      </trkpt>
      <trkpt lat="44.888692" lon="3.676923">
        <ele>928.34</ele>
      </trkpt>
      <trkpt lat="44.888818" lon="3.677175">
        <ele>923.11</ele>
      </trkpt>
      <trkpt lat="44.888861" lon="3.677147">
        <ele>922.91</ele>
      </trkpt>
      <trkpt lat="44.888806" lon="3.676552">
        <ele>929.85</ele>
      </trkpt>
      <trkpt lat="44.888759" lon="3.676246">
        <ele>933.16</ele>
      </trkpt>
      <trkpt lat="44.888673" lon="3.67584">
        <ele>938.24</ele>
      </trkpt>
      <trkpt lat="44.888588" lon="3.675433">
        <ele>945.68</ele>
      </trkpt>
      <trkpt lat="44.888592" lon="3.675152">
        <ele>949.98</ele>
      </trkpt>
      <trkpt lat="44.88866" lon="3.674846">
        <ele>955.56</ele>
      </trkpt>
      <trkpt lat="44.88888" lon="3.6745">
        <ele>960.74</ele>
      </trkpt>
      <trkpt lat="44.88916" lon="3.674138">
        <ele>963.99</ele>
      </trkpt>
      <trkpt lat="44.889439" lon="3.673797">
        <ele>967.9</ele>
      </trkpt>
      <trkpt lat="44.889625" lon="3.673553">
        <ele>971.31</ele>
      </trkpt>
      <trkpt lat="44.889697" lon="3.673259">
        <ele>976.79</ele>
      </trkpt>
      <trkpt lat="44.889768" lon="3.672966">
        <ele>978.34</ele>
      </trkpt>
      <trkpt lat="44.889819" lon="3.672589">
        <ele>981.34</ele>
      </trkpt>
      <trkpt lat="44.889823" lon="3.672563">
        <ele>981.55</ele>
      </trkpt>
      <trkpt lat="44.88973" lon="3.672062">
        <ele>988.45</ele>
      </trkpt>
      <trkpt lat="44.889547" lon="3.671515">
        <ele>995.01</ele>
      </trkpt>
      <trkpt lat="44.889357" lon="3.671032">
        <ele>999.85</ele>
      </trkpt>
      <trkpt lat="44.889266" lon="3.670798">
        <ele>1000.19</ele>
      </trkpt>
      <trkpt lat="44.889106" lon="3.670578">
        <ele>999.85</ele>
      </trkpt>
      <trkpt lat="44.888791" lon="3.670182">
        <ele>999.8</ele>
      </trkpt>
      <trkpt lat="44.888574" lon="3.670013">
        <ele>1000.81</ele>
      </trkpt>
      <trkpt lat="44.888552" lon="3.669927">
        <ele>1001.59</ele>
      </trkpt>
      <trkpt lat="44.888578" lon="3.669634">
        <ele>1004.35</ele>
      </trkpt>
      <trkpt lat="44.888588" lon="3.669345">
        <ele>1007.39</ele>
      </trkpt>
      <trkpt lat="44.8885" lon="3.668926">
        <ele>1011.32</ele>
      </trkpt>
      <trkpt lat="44.888422" lon="3.668596">
        <ele>1014.47</ele>
      </trkpt>
      <trkpt lat="44.888154" lon="3.668073">
        <ele>1018.76</ele>
      </trkpt>
      <trkpt lat="44.888061" lon="3.667671">
        <ele>1021.43</ele>
      </trkpt>
      <trkpt lat="44.887955" lon="3.66707">
        <ele>1025.05</ele>
      </trkpt>
      <trkpt lat="44.887945" lon="3.666716">
        <ele>1026.19</ele>
      </trkpt>
      <trkpt lat="44.887968" lon="3.666343">
        <ele>1024.91</ele>
      </trkpt>
      <trkpt lat="44.888023" lon="3.666145">
        <ele>1024.45</ele>
      </trkpt>
      <trkpt lat="44.888128" lon="3.666035">
        <ele>1024.82</ele>
      </trkpt>
      <trkpt lat="44.888474" lon="3.665914">
        <ele>1024.4</ele>
      </trkpt>
      <trkpt lat="44.888628" lon="3.665783">
        <ele>1024.92</ele>
      </trkpt>
      <trkpt lat="44.889131" lon="3.665394">
        <ele>1024.99</ele>
      </trkpt>
      <trkpt lat="44.889481" lon="3.665112">
        <ele>1029.12</ele>
      </trkpt>
      <trkpt lat="44.88977" lon="3.664825">
        <ele>1032.69</ele>
      </trkpt>
      <trkpt lat="44.889889" lon="3.664621">
        <ele>1034.6</ele>
      </trkpt>
      <trkpt lat="44.890013" lon="3.664273">
        <ele>1035.01</ele>
      </trkpt>
      <trkpt lat="44.89011" lon="3.663916">
        <ele>1033.88</ele>
      </trkpt>
      <trkpt lat="44.890319" lon="3.663277">
        <ele>1030.31</ele>
      </trkpt>
      <trkpt lat="44.89038" lon="3.662993">
        <ele>1028.21</ele>
      </trkpt>
      <trkpt lat="44.890471" lon="3.662808">
        <ele>1027.27</ele>
      </trkpt>
      <trkpt lat="44.890575" lon="3.662642">
        <ele>1027.96</ele>
      </trkpt>
      <trkpt lat="44.890688" lon="3.662429">
        <ele>1030.67</ele>
      </trkpt>
      <trkpt lat="44.890773" lon="3.662457">
        <ele>1030.62</ele>
      </trkpt>
      <trkpt lat="44.890819" lon="3.662601">
        <ele>1029.2</ele>
      </trkpt>
      <trkpt lat="44.890917" lon="3.662728">
        <ele>1028.7</ele>
      </trkpt>
      <trkpt lat="44.891144" lon="3.662972">
        <ele>1026.21</ele>
      </trkpt>
      <trkpt lat="44.89155" lon="3.663387">
        <ele>1026.46</ele>
      </trkpt>
      <trkpt lat="44.891706" lon="3.663524">
        <ele>1027.52</ele>
      </trkpt>
      <trkpt lat="44.891902" lon="3.663739">
        <ele>1027.66</ele>
      </trkpt>
      <trkpt lat="44.892014" lon="3.663827">
        <ele>1027.87</ele>
      </trkpt>
      <trkpt lat="44.892356" lon="3.663908">
        <ele>1028.38</ele>
      </trkpt>
      <trkpt lat="44.892477" lon="3.663994">
        <ele>1027.11</ele>
      </trkpt>
      <trkpt lat="44.892599" lon="3.664197">
        <ele>1025.12</ele>
      </trkpt>
      <trkpt lat="44.892656" lon="3.664648">
        <ele>1025.01</ele>
      </trkpt>
      <trkpt lat="44.892736" lon="3.664895">
        <ele>1025.12</ele>
      </trkpt>
      <trkpt lat="44.892922" lon="3.66519">
        <ele>1025.66</ele>
      </trkpt>
      <trkpt lat="44.893276" lon="3.665544">
        <ele>1027.39</ele>
      </trkpt>
      <trkpt lat="44.893602" lon="3.665732">
        <ele>1027.55</ele>
      </trkpt>
      <trkpt lat="44.893781" lon="3.665748">
        <ele>1026.56</ele>
      </trkpt>
      <trkpt lat="44.894305" lon="3.665582">
        <ele>1024.24</ele>
      </trkpt>
      <trkpt lat="44.894784" lon="3.665447">
        <ele>1021.6</ele>
      </trkpt>
      <trkpt lat="44.895267" lon="3.665356">
        <ele>1019.38</ele>
      </trkpt>
      <trkpt lat="44.89566" lon="3.66526">
        <ele>1017.63</ele>
      </trkpt>
      <trkpt lat="44.895833" lon="3.665238">
        <ele>1016.48</ele>
      </trkpt>
      <trkpt lat="44.896107" lon="3.665308">
        <ele>1014</ele>
      </trkpt>
      <trkpt lat="44.896342" lon="3.665396">
        <ele>1011.53</ele>
      </trkpt>
      <trkpt lat="44.896739" lon="3.665493">
        <ele>1006.12</ele>
      </trkpt>
      <trkpt lat="44.896861" lon="3.665437">
        <ele>1003.77</ele>
      </trkpt>
      <trkpt lat="44.896969" lon="3.665227">
        <ele>1000.15</ele>
      </trkpt>
      <trkpt lat="44.897022" lon="3.665236">
        <ele>998.4</ele>
      </trkpt>
      <trkpt lat="44.897076" lon="3.665364">
        <ele>996.75</ele>
      </trkpt>
      <trkpt lat="44.897108" lon="3.665523">
        <ele>995.39</ele>
      </trkpt>
      <trkpt lat="44.897173" lon="3.665568">
        <ele>992.21</ele>
      </trkpt>
      <trkpt lat="44.897213" lon="3.66551">
        <ele>990.23</ele>
      </trkpt>
      <trkpt lat="44.897315" lon="3.665134">
        <ele>984.98</ele>
      </trkpt>
      <trkpt lat="44.89752" lon="3.664383">
        <ele>971.13</ele>
      </trkpt>
      <trkpt lat="44.897555" lon="3.664343">
        <ele>970.03</ele>
      </trkpt>
      <trkpt lat="44.897595" lon="3.664354">
        <ele>968.68</ele>
      </trkpt>
      <trkpt lat="44.897629" lon="3.664415">
        <ele>966.82</ele>
      </trkpt>
      <trkpt lat="44.897735" lon="3.66478">
        <ele>960.66</ele>
      </trkpt>
      <trkpt lat="44.897961" lon="3.6653">
        <ele>947.67</ele>
      </trkpt>
      <trkpt lat="44.898026" lon="3.665561">
        <ele>945.19</ele>
      </trkpt>
      <trkpt lat="44.898087" lon="3.665673">
        <ele>942.58</ele>
      </trkpt>
      <trkpt lat="44.898242" lon="3.66585">
        <ele>935.77</ele>
      </trkpt>
      <trkpt lat="44.89829" lon="3.665944">
        <ele>933.37</ele>
      </trkpt>
      <trkpt lat="44.898381" lon="3.666282">
        <ele>931.03</ele>
      </trkpt>
      <trkpt lat="44.898451" lon="3.666435">
        <ele>928.15</ele>
      </trkpt>
      <trkpt lat="44.898508" lon="3.666527">
        <ele>925.73</ele>
      </trkpt>
      <trkpt lat="44.898521" lon="3.666609">
        <ele>925.02</ele>
      </trkpt>
      <trkpt lat="44.89848" lon="3.666681">
        <ele>924.52</ele>
      </trkpt>
      <trkpt lat="44.898381" lon="3.666783">
        <ele>923.38</ele>
      </trkpt>
      <trkpt lat="44.898343" lon="3.66685">
        <ele>921.73</ele>
      </trkpt>
      <trkpt lat="44.898389" lon="3.666869">
        <ele>920</ele>
      </trkpt>
      <trkpt lat="44.898812" lon="3.666858">
        <ele>910.35</ele>
      </trkpt>
      <trkpt lat="44.898964" lon="3.666823">
        <ele>906.99</ele>
      </trkpt>
      <trkpt lat="44.89904" lon="3.666842">
        <ele>903.63</ele>
      </trkpt>
      <trkpt lat="44.89905" lon="3.666874">
        <ele>902.75</ele>
      </trkpt>
      <trkpt lat="44.898934" lon="3.667116">
        <ele>899.16</ele>
      </trkpt>
      <trkpt lat="44.898981" lon="3.667159">
        <ele>896.89</ele>
      </trkpt>
      <trkpt lat="44.899232" lon="3.667076">
        <ele>893.98</ele>
      </trkpt>
      <trkpt lat="44.899363" lon="3.667132">
        <ele>889.53</ele>
      </trkpt>
      <trkpt lat="44.899445" lon="3.667244">
        <ele>885.07</ele>
      </trkpt>
      <trkpt lat="44.899473" lon="3.667373">
        <ele>881.75</ele>
      </trkpt>
      <trkpt lat="44.899572" lon="3.667389">
        <ele>879.59</ele>
      </trkpt>
      <trkpt lat="44.899662" lon="3.667363">
        <ele>877.57</ele>
      </trkpt>
      <trkpt lat="44.899717" lon="3.667438">
        <ele>875.96</ele>
      </trkpt>
      <trkpt lat="44.899709" lon="3.667572">
        <ele>875.02</ele>
      </trkpt>
      <trkpt lat="44.899755" lon="3.667722">
        <ele>871.98</ele>
      </trkpt>
      <trkpt lat="44.899872" lon="3.667861">
        <ele>867.07</ele>
      </trkpt>
      <trkpt lat="44.899893" lon="3.667953">
        <ele>865.13</ele>
      </trkpt>
      <trkpt lat="44.899986" lon="3.668071">
        <ele>861.72</ele>
      </trkpt>
      <trkpt lat="44.900138" lon="3.668551">
        <ele>854.57</ele>
      </trkpt>
      <trkpt lat="44.900258" lon="3.668897">
        <ele>850.36</ele>
      </trkpt>
      <trkpt lat="44.900391" lon="3.669168">
        <ele>845.19</ele>
      </trkpt>
      <trkpt lat="44.900456" lon="3.669398">
        <ele>839.4</ele>
      </trkpt>
      <trkpt lat="44.900463" lon="3.669543">
        <ele>836.09</ele>
      </trkpt>
      <trkpt lat="44.900433" lon="3.669736">
        <ele>831.37</ele>
      </trkpt>
      <trkpt lat="44.900431" lon="3.669835">
        <ele>829.98</ele>
      </trkpt>
      <trkpt lat="44.900488" lon="3.669868">
        <ele>829.65</ele>
      </trkpt>
      <trkpt lat="44.900646" lon="3.669771">
        <ele>829.39</ele>
      </trkpt>
      <trkpt lat="44.90082" lon="3.669736">
        <ele>824.66</ele>
      </trkpt>
      <trkpt lat="44.900972" lon="3.669693">
        <ele>820.34</ele>
      </trkpt>
      <trkpt lat="44.901024" lon="3.669522">
        <ele>824.22</ele>
      </trkpt>
      <trkpt lat="44.901252" lon="3.669304">
        <ele>820.94</ele>
      </trkpt>
      <trkpt lat="44.901332" lon="3.669111">
        <ele>819.3</ele>
      </trkpt>
      <trkpt lat="44.90137" lon="3.668928">
        <ele>817.45</ele>
      </trkpt>
      <trkpt lat="44.901358" lon="3.668738">
        <ele>815.69</ele>
      </trkpt>
      <trkpt lat="44.901273" lon="3.668545">
        <ele>814.66</ele>
      </trkpt>
      <trkpt lat="44.901273" lon="3.668417">
        <ele>810.79</ele>
      </trkpt>
      <trkpt lat="44.901333" lon="3.668132">
        <ele>800.56</ele>
      </trkpt>
      <trkpt lat="44.901392" lon="3.667926">
        <ele>793.46</ele>
      </trkpt>
      <trkpt lat="44.901442" lon="3.667749">
        <ele>791.62</ele>
      </trkpt>
      <trkpt lat="44.901489" lon="3.6677">
        <ele>792.44</ele>
      </trkpt>
      <trkpt lat="44.901579" lon="3.667888">
        <ele>789.92</ele>
      </trkpt>
      <trkpt lat="44.901713" lon="3.668046">
        <ele>787.51</ele>
      </trkpt>
      <trkpt lat="44.90194" lon="3.668237">
        <ele>784.94</ele>
      </trkpt>
      <trkpt lat="44.902175" lon="3.668586">
        <ele>780.23</ele>
      </trkpt>
      <trkpt lat="44.902308" lon="3.66869">
        <ele>779.97</ele>
      </trkpt>
      <trkpt lat="44.902438" lon="3.668852">
        <ele>775.69</ele>
      </trkpt>
      <trkpt lat="44.902629" lon="3.669143">
        <ele>776.34</ele>
      </trkpt>
      <trkpt lat="44.902736" lon="3.669353">
        <ele>770.86</ele>
      </trkpt>
      <trkpt lat="44.90285" lon="3.669401">
        <ele>766.79</ele>
      </trkpt>
      <trkpt lat="44.902983" lon="3.66931">
        <ele>763.96</ele>
      </trkpt>
      <trkpt lat="44.903083" lon="3.669184">
        <ele>760.58</ele>
      </trkpt>
      <trkpt lat="44.903199" lon="3.668958">
        <ele>758.22</ele>
      </trkpt>
      <trkpt lat="44.903285" lon="3.668747">
        <ele>754.7</ele>
      </trkpt>
      <trkpt lat="44.903292" lon="3.668674">
        <ele>753.72</ele>
      </trkpt>
      <trkpt lat="44.90325" lon="3.668599">
        <ele>755.4</ele>
      </trkpt>
      <trkpt lat="44.903239" lon="3.668384">
        <ele>752.56</ele>
      </trkpt>
      <trkpt lat="44.903302" lon="3.668079">
        <ele>750.78</ele>
      </trkpt>
      <trkpt lat="44.903411" lon="3.667565">
        <ele>751.21</ele>
      </trkpt>
      <trkpt lat="44.903518" lon="3.667285">
        <ele>748.02</ele>
      </trkpt>
      <trkpt lat="44.903635" lon="3.667248">
        <ele>746.15</ele>
      </trkpt>
      <trkpt lat="44.903494" lon="3.66769">
        <ele>743.89</ele>
      </trkpt>
      <trkpt lat="44.903509" lon="3.668088">
        <ele>734.18</ele>
      </trkpt>
      <trkpt lat="44.903632" lon="3.668705">
        <ele>724.12</ele>
      </trkpt>
      <trkpt lat="44.903662" lon="3.669165">
        <ele>723.58</ele>
      </trkpt>
      <trkpt lat="44.903687" lon="3.669594">
        <ele>719.28</ele>
      </trkpt>
      <trkpt lat="44.903642" lon="3.669994">
        <ele>716.32</ele>
      </trkpt>
      <trkpt lat="44.903571" lon="3.670277">
        <ele>712.82</ele>
      </trkpt>
      <trkpt lat="44.903403" lon="3.670749">
        <ele>710.24</ele>
      </trkpt>
      <trkpt lat="44.903099" lon="3.670966">
        <ele>707.09</ele>
      </trkpt>
      <trkpt lat="44.902899" lon="3.671059">
        <ele>705.94</ele>
      </trkpt>
      <trkpt lat="44.902866" lon="3.671162">
        <ele>703.23</ele>
      </trkpt>
      <trkpt lat="44.902897" lon="3.671236">
        <ele>702.21</ele>
      </trkpt>
      <trkpt lat="44.902967" lon="3.671274">
        <ele>700.54</ele>
      </trkpt>
      <trkpt lat="44.903123" lon="3.671257">
        <ele>697.36</ele>
      </trkpt>
      <trkpt lat="44.903549" lon="3.671338">
        <ele>690.36</ele>
      </trkpt>
      <trkpt lat="44.903669" lon="3.67143">
        <ele>690.53</ele>
      </trkpt>
      <trkpt lat="44.903821" lon="3.671669">
        <ele>688.4</ele>
      </trkpt>
      <trkpt lat="44.903991" lon="3.671955">
        <ele>683.12</ele>
      </trkpt>
      <trkpt lat="44.904093" lon="3.672263">
        <ele>679.73</ele>
      </trkpt>
      <trkpt lat="44.904155" lon="3.672349">
        <ele>677.98</ele>
      </trkpt>
      <trkpt lat="44.904347" lon="3.67237">
        <ele>678.29</ele>
      </trkpt>
      <trkpt lat="44.904549" lon="3.672591">
        <ele>678.39</ele>
      </trkpt>
      <trkpt lat="44.904775" lon="3.672651">
        <ele>677.02</ele>
      </trkpt>
      <trkpt lat="44.90487" lon="3.672566">
        <ele>677.17</ele>
      </trkpt>
      <trkpt lat="44.904978" lon="3.672485">
        <ele>677.31</ele>
      </trkpt>
      <trkpt lat="44.905141" lon="3.672021">
        <ele>681.09</ele>
      </trkpt>
      <trkpt lat="44.905215" lon="3.671987">
        <ele>681.14</ele>
      </trkpt>
      <trkpt lat="44.905355" lon="3.672091">
        <ele>678.32</ele>
      </trkpt>
      <trkpt lat="44.905524" lon="3.672113">
        <ele>675.83</ele>
      </trkpt>
      <trkpt lat="44.905606" lon="3.672054">
        <ele>675.25</ele>
      </trkpt>
      <trkpt lat="44.905783" lon="3.671941">
        <ele>676.4</ele>
      </trkpt>
      <trkpt lat="44.906015" lon="3.671895">
        <ele>677.19</ele>
      </trkpt>
      <trkpt lat="44.906277" lon="3.671971">
        <ele>675.36</ele>
      </trkpt>
      <trkpt lat="44.906497" lon="3.671952">
        <ele>675.01</ele>
      </trkpt>
      <trkpt lat="44.90693" lon="3.671689">
        <ele>672.64</ele>
      </trkpt>
      <trkpt lat="44.907303" lon="3.671383">
        <ele>674.25</ele>
      </trkpt>
      <trkpt lat="44.907491" lon="3.671262">
        <ele>674.99</ele>
      </trkpt>
      <trkpt lat="44.907586" lon="3.671064">
        <ele>676.95</ele>
      </trkpt>
      <trkpt lat="44.9077" lon="3.670943">
        <ele>677.88</ele>
      </trkpt>
      <trkpt lat="44.907905" lon="3.670852">
        <ele>678.65</ele>
      </trkpt>
      <trkpt lat="44.908306" lon="3.670849">
        <ele>679.6</ele>
      </trkpt>
      <trkpt lat="44.908701" lon="3.670764">
        <ele>683.07</ele>
      </trkpt>
      <trkpt lat="44.908913" lon="3.670798">
        <ele>683.45</ele>
      </trkpt>
      <trkpt lat="44.909088" lon="3.670986">
        <ele>681.89</ele>
      </trkpt>
      <trkpt lat="44.909233" lon="3.670989">
        <ele>681.79</ele>
      </trkpt>
      <trkpt lat="44.909462" lon="3.670831">
        <ele>681.37</ele>
      </trkpt>
      <trkpt lat="44.909592" lon="3.670739">
        <ele>681.31</ele>
      </trkpt>
      <trkpt lat="44.909977" lon="3.670705">
        <ele>681.16</ele>
      </trkpt>
      <trkpt lat="44.910262" lon="3.67042">
        <ele>681</ele>
      </trkpt>
      <trkpt lat="44.91079" lon="3.670289">
        <ele>680.79</ele>
      </trkpt>
      <trkpt lat="44.911339" lon="3.670031">
        <ele>680.55</ele>
      </trkpt>
      <trkpt lat="44.911854" lon="3.669752">
        <ele>680.33</ele>
      </trkpt>
      <trkpt lat="44.912079" lon="3.669594">
        <ele>680.23</ele>
      </trkpt>
      <trkpt lat="44.912118" lon="3.669567">
        <ele>680.21</ele>
      </trkpt>
      <trkpt lat="44.912215" lon="3.669331">
        <ele>680.12</ele>
      </trkpt>
      <trkpt lat="44.91231" lon="3.66843">
        <ele>679.84</ele>
      </trkpt>
      <trkpt lat="44.912481" lon="3.667784">
        <ele>679.6</ele>
      </trkpt>
      <trkpt lat="44.912556" lon="3.667634">
        <ele>679.53</ele>
      </trkpt>
      <trkpt lat="44.912777" lon="3.667405">
        <ele>679.4</ele>
      </trkpt>
      <trkpt lat="44.912948" lon="3.667196">
        <ele>679.29</ele>
      </trkpt>
      <trkpt lat="44.913313" lon="3.666571">
        <ele>679</ele>
      </trkpt>
      <trkpt lat="44.913529" lon="3.666161">
        <ele>678.81</ele>
      </trkpt>
      <trkpt lat="44.91363" lon="3.665952">
        <ele>678.73</ele>
      </trkpt>
      <trkpt lat="44.913807" lon="3.665877">
        <ele>678.65</ele>
      </trkpt>
      <trkpt lat="44.914576" lon="3.665297">
        <ele>678.26</ele>
      </trkpt>
      <trkpt lat="44.914692" lon="3.665069">
        <ele>678.16</ele>
      </trkpt>
      <trkpt lat="44.914774" lon="3.665008">
        <ele>677.84</ele>
      </trkpt>
      <trkpt lat="44.914887" lon="3.665017">
        <ele>677.5</ele>
      </trkpt>
      <trkpt lat="44.914946" lon="3.665056">
        <ele>677.28</ele>
      </trkpt>
      <trkpt lat="44.915053" lon="3.665088">
        <ele>676.95</ele>
      </trkpt>
      <trkpt lat="44.915155" lon="3.665069">
        <ele>676.67</ele>
      </trkpt>
      <trkpt lat="44.915482" lon="3.664916">
        <ele>675.75</ele>
      </trkpt>
      <trkpt lat="44.915822" lon="3.6649">
        <ele>674.85</ele>
      </trkpt>
      <trkpt lat="44.916052" lon="3.664932">
        <ele>674.26</ele>
      </trkpt>
      <trkpt lat="44.916327" lon="3.665021">
        <ele>673.55</ele>
      </trkpt>
      <trkpt lat="44.916665" lon="3.665214">
        <ele>672.6</ele>
      </trkpt>
      <trkpt lat="44.916737" lon="3.665383">
        <ele>672.24</ele>
      </trkpt>
      <trkpt lat="44.916787" lon="3.665721">
        <ele>671.62</ele>
      </trkpt>
      <trkpt lat="44.916944" lon="3.665957">
        <ele>670.87</ele>
      </trkpt>
      <trkpt lat="44.917233" lon="3.666324">
        <ele>669.55</ele>
      </trkpt>
      <trkpt lat="44.917391" lon="3.66662">
        <ele>668.61</ele>
      </trkpt>
      <trkpt lat="44.917634" lon="3.66681">
        <ele>667.75</ele>
      </trkpt>
      <trkpt lat="44.917731" lon="3.666976">
        <ele>667.19</ele>
      </trkpt>
      <trkpt lat="44.917759" lon="3.667228">
        <ele>666.51</ele>
      </trkpt>
      <trkpt lat="44.917801" lon="3.667432">
        <ele>665.93</ele>
      </trkpt>
      <trkpt lat="44.917921" lon="3.667564">
        <ele>665.39</ele>
      </trkpt>
      <trkpt lat="44.918057" lon="3.667768">
        <ele>664.64</ele>
      </trkpt>
      <trkpt lat="44.918246" lon="3.668119">
        <ele>661.07</ele>
      </trkpt>
      <trkpt lat="44.918424" lon="3.668548">
        <ele>659.14</ele>
      </trkpt>
      <trkpt lat="44.91872" lon="3.66954">
        <ele>654.3</ele>
      </trkpt>
      <trkpt lat="44.918918" lon="3.669873">
        <ele>655.87</ele>
      </trkpt>
      <trkpt lat="44.919199" lon="3.67026">
        <ele>656.94</ele>
      </trkpt>
      <trkpt lat="44.919522" lon="3.670721">
        <ele>658.82</ele>
      </trkpt>
      <trkpt lat="44.919776" lon="3.670994">
        <ele>660.67</ele>
      </trkpt>
      <trkpt lat="44.919891" lon="3.671164">
        <ele>659.74</ele>
      </trkpt>
      <trkpt lat="44.920003" lon="3.671128">
        <ele>660.67</ele>
      </trkpt>
      <trkpt lat="44.920108" lon="3.671186">
        <ele>660.78</ele>
      </trkpt>
      <trkpt lat="44.92031" lon="3.671417">
        <ele>668.06</ele>
      </trkpt>
      <trkpt lat="44.920801" lon="3.672105">
        <ele>670.74</ele>
      </trkpt>
      <trkpt lat="44.920828" lon="3.672028">
        <ele>673.6</ele>
      </trkpt>
      <trkpt lat="44.920957" lon="3.67208">
        <ele>676.93</ele>
      </trkpt>
      <trkpt lat="44.921124" lon="3.672229">
        <ele>681.16</ele>
      </trkpt>
      <trkpt lat="44.921331" lon="3.672635">
        <ele>687.06</ele>
      </trkpt>
      <trkpt lat="44.921389" lon="3.672618">
        <ele>690.73</ele>
      </trkpt>
      <trkpt lat="44.921416" lon="3.672183">
        <ele>698.13</ele>
      </trkpt>
      <trkpt lat="44.9218" lon="3.672737">
        <ele>712.71</ele>
      </trkpt>
      <trkpt lat="44.921983" lon="3.672906">
        <ele>719.07</ele>
      </trkpt>
      <trkpt lat="44.92212" lon="3.673034">
        <ele>721.45</ele>
      </trkpt>
      <trkpt lat="44.922225" lon="3.672997">
        <ele>726.63</ele>
      </trkpt>
      <trkpt lat="44.92217" lon="3.672598">
        <ele>730.78</ele>
      </trkpt>
      <trkpt lat="44.922187" lon="3.672284">
        <ele>734.7</ele>
      </trkpt>
      <trkpt lat="44.922114" lon="3.671956">
        <ele>739.14</ele>
      </trkpt>
      <trkpt lat="44.922133" lon="3.671608">
        <ele>745.17</ele>
      </trkpt>
      <trkpt lat="44.922054" lon="3.671351">
        <ele>748.27</ele>
      </trkpt>
      <trkpt lat="44.921925" lon="3.671222">
        <ele>748.86</ele>
      </trkpt>
      <trkpt lat="44.922099" lon="3.671032">
        <ele>754.36</ele>
      </trkpt>
      <trkpt lat="44.922274" lon="3.670842">
        <ele>757.73</ele>
      </trkpt>
      <trkpt lat="44.922162" lon="3.670426">
        <ele>763.38</ele>
      </trkpt>
      <trkpt lat="44.922435" lon="3.670524">
        <ele>770.11</ele>
      </trkpt>
      <trkpt lat="44.92268" lon="3.670547">
        <ele>773.73</ele>
      </trkpt>
      <trkpt lat="44.922965" lon="3.670509">
        <ele>777.48</ele>
      </trkpt>
      <trkpt lat="44.923123" lon="3.670474">
        <ele>778.7</ele>
      </trkpt>
      <trkpt lat="44.923288" lon="3.670531">
        <ele>777.78</ele>
      </trkpt>
      <trkpt lat="44.923332" lon="3.670608">
        <ele>777.88</ele>
      </trkpt>
      <trkpt lat="44.923311" lon="3.670705">
        <ele>778.21</ele>
      </trkpt>
      <trkpt lat="44.923254" lon="3.670844">
        <ele>778.14</ele>
      </trkpt>
      <trkpt lat="44.923279" lon="3.670925">
        <ele>779.69</ele>
      </trkpt>
      <trkpt lat="44.923353" lon="3.670928">
        <ele>781.02</ele>
      </trkpt>
      <trkpt lat="44.923537" lon="3.670963">
        <ele>784.28</ele>
      </trkpt>
      <trkpt lat="44.923605" lon="3.671032">
        <ele>785.81</ele>
      </trkpt>
      <trkpt lat="44.923653" lon="3.671164">
        <ele>787.04</ele>
      </trkpt>
      <trkpt lat="44.923807" lon="3.671317">
        <ele>789.85</ele>
      </trkpt>
      <trkpt lat="44.923978" lon="3.671408">
        <ele>793.39</ele>
      </trkpt>
      <trkpt lat="44.923974" lon="3.671568">
        <ele>792.44</ele>
      </trkpt>
      <trkpt lat="44.9241" lon="3.671809">
        <ele>791.55</ele>
      </trkpt>
      <trkpt lat="44.924635" lon="3.672313">
        <ele>790.19</ele>
      </trkpt>
      <trkpt lat="44.924734" lon="3.67249">
        <ele>789.78</ele>
      </trkpt>
      <trkpt lat="44.924863" lon="3.67285">
        <ele>790.55</ele>
      </trkpt>
      <trkpt lat="44.925023" lon="3.673113">
        <ele>789.79</ele>
      </trkpt>
      <trkpt lat="44.925292" lon="3.673424">
        <ele>789.36</ele>
      </trkpt>
      <trkpt lat="44.925756" lon="3.673783">
        <ele>788.89</ele>
      </trkpt>
      <trkpt lat="44.926018" lon="3.673976">
        <ele>789.93</ele>
      </trkpt>
      <trkpt lat="44.926373" lon="3.674295">
        <ele>792.36</ele>
      </trkpt>
      <trkpt lat="44.926553" lon="3.674384">
        <ele>793.81</ele>
      </trkpt>
      <trkpt lat="44.927097" lon="3.67454">
        <ele>795.06</ele>
      </trkpt>
      <trkpt lat="44.927359" lon="3.674577">
        <ele>794.84</ele>
      </trkpt>
      <trkpt lat="44.927752" lon="3.674572">
        <ele>795.88</ele>
      </trkpt>
      <trkpt lat="44.928131" lon="3.67465">
        <ele>796.42</ele>
      </trkpt>
      <trkpt lat="44.928274" lon="3.674646">
        <ele>796.84</ele>
      </trkpt>
      <trkpt lat="44.928327" lon="3.674644">
        <ele>797</ele>
      </trkpt>
      <trkpt lat="44.928542" lon="3.674574">
        <ele>796.98</ele>
      </trkpt>
      <trkpt lat="44.928752" lon="3.674422">
        <ele>796.1</ele>
      </trkpt>
      <trkpt lat="44.928861" lon="3.674231">
        <ele>794.54</ele>
      </trkpt>
      <trkpt lat="44.928916" lon="3.673676">
        <ele>792.52</ele>
      </trkpt>
      <trkpt lat="44.928999" lon="3.673496">
        <ele>791.27</ele>
      </trkpt>
      <trkpt lat="44.929142" lon="3.673351">
        <ele>790.97</ele>
      </trkpt>
      <trkpt lat="44.929316" lon="3.67326">
        <ele>792.03</ele>
      </trkpt>
      <trkpt lat="44.92943" lon="3.673287">
        <ele>792.35</ele>
      </trkpt>
      <trkpt lat="44.929483" lon="3.673333">
        <ele>792.08</ele>
      </trkpt>
      <trkpt lat="44.930734" lon="3.672971">
        <ele>801.32</ele>
      </trkpt>
      <trkpt lat="44.93079" lon="3.673042">
        <ele>801.41</ele>
      </trkpt>
      <trkpt lat="44.93136" lon="3.673426">
        <ele>800.37</ele>
      </trkpt>
      <trkpt lat="44.931702" lon="3.673627">
        <ele>800.05</ele>
      </trkpt>
      <trkpt lat="44.931953" lon="3.673755">
        <ele>800</ele>
      </trkpt>
      <trkpt lat="44.932234" lon="3.673745">
        <ele>800</ele>
      </trkpt>
      <trkpt lat="44.932583" lon="3.673814">
        <ele>797.64</ele>
      </trkpt>
      <trkpt lat="44.932663" lon="3.673739">
        <ele>796.99</ele>
      </trkpt>
      <trkpt lat="44.932874" lon="3.672875">
        <ele>795.25</ele>
      </trkpt>
      <trkpt lat="44.933059" lon="3.672039">
        <ele>797.01</ele>
      </trkpt>
      <trkpt lat="44.933628" lon="3.671261">
        <ele>799.77</ele>
      </trkpt>
      <trkpt lat="44.934015" lon="3.670832">
        <ele>799.01</ele>
      </trkpt>
      <trkpt lat="44.934222" lon="3.670733">
        <ele>803.35</ele>
      </trkpt>
      <trkpt lat="44.934429" lon="3.670633">
        <ele>803.34</ele>
      </trkpt>
      <trkpt lat="44.934966" lon="3.669965">
        <ele>806.22</ele>
      </trkpt>
      <trkpt lat="44.935146" lon="3.669742">
        <ele>805.68</ele>
      </trkpt>
      <trkpt lat="44.935221" lon="3.669464">
        <ele>805.95</ele>
      </trkpt>
      <trkpt lat="44.935272" lon="3.66889">
        <ele>804.24</ele>
      </trkpt>
      <trkpt lat="44.935263" lon="3.668513">
        <ele>805.45</ele>
      </trkpt>
      <trkpt lat="44.935246" lon="3.668436">
        <ele>805.71</ele>
      </trkpt>
      <trkpt lat="44.935194" lon="3.668213">
        <ele>806.47</ele>
      </trkpt>
      <trkpt lat="44.934902" lon="3.667765">
        <ele>806.1</ele>
      </trkpt>
      <trkpt lat="44.934881" lon="3.667377">
        <ele>806.16</ele>
      </trkpt>
      <trkpt lat="44.934853" lon="3.666871">
        <ele>803.69</ele>
      </trkpt>
      <trkpt lat="44.934631" lon="3.666382">
        <ele>800.44</ele>
      </trkpt>
      <trkpt lat="44.934266" lon="3.665999">
        <ele>799.46</ele>
      </trkpt>
      <trkpt lat="44.934081" lon="3.66567">
        <ele>797.33</ele>
      </trkpt>
      <trkpt lat="44.933932" lon="3.664649">
        <ele>783</ele>
      </trkpt>
      <trkpt lat="44.933816" lon="3.664323">
        <ele>778.47</ele>
      </trkpt>
      <trkpt lat="44.933799" lon="3.664145">
        <ele>775.99</ele>
      </trkpt>
      <trkpt lat="44.933841" lon="3.663766">
        <ele>785.11</ele>
      </trkpt>
      <trkpt lat="44.934071" lon="3.663873">
        <ele>789.22</ele>
      </trkpt>
      <trkpt lat="44.934629" lon="3.664209">
        <ele>794.51</ele>
      </trkpt>
      <trkpt lat="44.934834" lon="3.6643">
        <ele>798.86</ele>
      </trkpt>
      <trkpt lat="44.935016" lon="3.664297">
        <ele>803.56</ele>
      </trkpt>
      <trkpt lat="44.935177" lon="3.664284">
        <ele>806.71</ele>
      </trkpt>
      <trkpt lat="44.935367" lon="3.664201">
        <ele>810.05</ele>
      </trkpt>
      <trkpt lat="44.936028" lon="3.663766">
        <ele>826.86</ele>
      </trkpt>
      <trkpt lat="44.936288" lon="3.663667">
        <ele>831.24</ele>
      </trkpt>
      <trkpt lat="44.936486" lon="3.663624">
        <ele>833.36</ele>
      </trkpt>
      <trkpt lat="44.936843" lon="3.663592">
        <ele>837.41</ele>
      </trkpt>
      <trkpt lat="44.937149" lon="3.663554">
        <ele>844.4</ele>
      </trkpt>
      <trkpt lat="44.937455" lon="3.663516">
        <ele>846.78</ele>
      </trkpt>
      <trkpt lat="44.937899" lon="3.663455">
        <ele>846.57</ele>
      </trkpt>
      <trkpt lat="44.938002" lon="3.663482">
        <ele>845.73</ele>
      </trkpt>
      <trkpt lat="44.938095" lon="3.663548">
        <ele>846.99</ele>
      </trkpt>
      <trkpt lat="44.938324" lon="3.663809">
        <ele>847.37</ele>
      </trkpt>
      <trkpt lat="44.938347" lon="3.663855">
        <ele>847.28</ele>
      </trkpt>
      <trkpt lat="44.938388" lon="3.664003">
        <ele>848.7</ele>
      </trkpt>
      <trkpt lat="44.938488" lon="3.664067">
        <ele>849.9</ele>
      </trkpt>
      <trkpt lat="44.938883" lon="3.66411">
        <ele>854.8</ele>
      </trkpt>
      <trkpt lat="44.93924" lon="3.664078">
        <ele>858.55</ele>
      </trkpt>
      <trkpt lat="44.939635" lon="3.663837">
        <ele>863.15</ele>
      </trkpt>
      <trkpt lat="44.939908" lon="3.663638">
        <ele>866.78</ele>
      </trkpt>
      <trkpt lat="44.940201" lon="3.663306">
        <ele>869.66</ele>
      </trkpt>
      <trkpt lat="44.940417" lon="3.663209">
        <ele>871.36</ele>
      </trkpt>
      <trkpt lat="44.94077" lon="3.663139">
        <ele>872.78</ele>
      </trkpt>
      <trkpt lat="44.941549" lon="3.662874">
        <ele>872.34</ele>
      </trkpt>
      <trkpt lat="44.941822" lon="3.662775">
        <ele>874.67</ele>
      </trkpt>
      <trkpt lat="44.94204" lon="3.662682">
        <ele>877.99</ele>
      </trkpt>
      <trkpt lat="44.942475" lon="3.662496">
        <ele>878.02</ele>
      </trkpt>
      <trkpt lat="44.94276" lon="3.662332">
        <ele>877.19</ele>
      </trkpt>
      <trkpt lat="44.943045" lon="3.662168">
        <ele>871.14</ele>
      </trkpt>
      <trkpt lat="44.94347" lon="3.661863">
        <ele>866.98</ele>
      </trkpt>
      <trkpt lat="44.943825" lon="3.661468">
        <ele>867.29</ele>
      </trkpt>
      <trkpt lat="44.944013" lon="3.661433">
        <ele>867.32</ele>
      </trkpt>
      <trkpt lat="44.94418" lon="3.661444">
        <ele>868.1</ele>
      </trkpt>
      <trkpt lat="44.944461" lon="3.661541">
        <ele>867.48</ele>
      </trkpt>
      <trkpt lat="44.944835" lon="3.66184">
        <ele>869.66</ele>
      </trkpt>
      <trkpt lat="44.944809" lon="3.661718">
        <ele>870.68</ele>
      </trkpt>
      <trkpt lat="44.944878" lon="3.661477">
        <ele>874.37</ele>
      </trkpt>
      <trkpt lat="44.944997" lon="3.661324">
        <ele>878.38</ele>
      </trkpt>
      <trkpt lat="44.945244" lon="3.661221">
        <ele>881.82</ele>
      </trkpt>
      <trkpt lat="44.945548" lon="3.661186">
        <ele>884.82</ele>
      </trkpt>
      <trkpt lat="44.945779" lon="3.661145">
        <ele>885.77</ele>
      </trkpt>
      <trkpt lat="44.945888" lon="3.661086">
        <ele>886.26</ele>
      </trkpt>
      <trkpt lat="44.945979" lon="3.661037">
        <ele>886.67</ele>
      </trkpt>
      <trkpt lat="44.946221" lon="3.660827">
        <ele>888.69</ele>
      </trkpt>
      <trkpt lat="44.946439" lon="3.660715">
        <ele>889.85</ele>
      </trkpt>
      <trkpt lat="44.946627" lon="3.660817">
        <ele>889.2</ele>
      </trkpt>
      <trkpt lat="44.946909" lon="3.660874">
        <ele>894.56</ele>
      </trkpt>
      <trkpt lat="44.947145" lon="3.660838">
        <ele>897.42</ele>
      </trkpt>
      <trkpt lat="44.947467" lon="3.660633">
        <ele>900.19</ele>
      </trkpt>
      <trkpt lat="44.947543" lon="3.660485">
        <ele>901.51</ele>
      </trkpt>
      <trkpt lat="44.947673" lon="3.660357">
        <ele>903.41</ele>
      </trkpt>
      <trkpt lat="44.948086" lon="3.660029">
        <ele>908.41</ele>
      </trkpt>
      <trkpt lat="44.948564" lon="3.659604">
        <ele>916.82</ele>
      </trkpt>
      <trkpt lat="44.948659" lon="3.65965">
        <ele>917.14</ele>
      </trkpt>
      <trkpt lat="44.948934" lon="3.659988">
        <ele>915.31</ele>
      </trkpt>
      <trkpt lat="44.949255" lon="3.660447">
        <ele>913.58</ele>
      </trkpt>
      <trkpt lat="44.94959" lon="3.660857">
        <ele>911.29</ele>
      </trkpt>
      <trkpt lat="44.949721" lon="3.661121">
        <ele>911.54</ele>
      </trkpt>
      <trkpt lat="44.949767" lon="3.661341">
        <ele>911.01</ele>
      </trkpt>
      <trkpt lat="44.949746" lon="3.6617">
        <ele>909.94</ele>
      </trkpt>
      <trkpt lat="44.949756" lon="3.661989">
        <ele>906.75</ele>
      </trkpt>
      <trkpt lat="44.949831" lon="3.662249">
        <ele>904.66</ele>
      </trkpt>
      <trkpt lat="44.94994" lon="3.662478">
        <ele>904.2</ele>
      </trkpt>
      <trkpt lat="44.950184" lon="3.662508">
        <ele>906.02</ele>
      </trkpt>
      <trkpt lat="44.950378" lon="3.662653">
        <ele>902.3</ele>
      </trkpt>
      <trkpt lat="44.950551" lon="3.662897">
        <ele>899.07</ele>
      </trkpt>
      <trkpt lat="44.950682" lon="3.663257">
        <ele>898.39</ele>
      </trkpt>
      <trkpt lat="44.950802" lon="3.663701">
        <ele>896.17</ele>
      </trkpt>
      <trkpt lat="44.950961" lon="3.66408">
        <ele>893.59</ele>
      </trkpt>
      <trkpt lat="44.951098" lon="3.664275">
        <ele>893.28</ele>
      </trkpt>
      <trkpt lat="44.951346" lon="3.664544">
        <ele>891.66</ele>
      </trkpt>
      <trkpt lat="44.951536" lon="3.664669">
        <ele>890.85</ele>
      </trkpt>
      <trkpt lat="44.951773" lon="3.664749">
        <ele>888.97</ele>
      </trkpt>
      <trkpt lat="44.952055" lon="3.664759">
        <ele>887.05</ele>
      </trkpt>
      <trkpt lat="44.95238" lon="3.664754">
        <ele>882.79</ele>
      </trkpt>
      <trkpt lat="44.952564" lon="3.664838">
        <ele>881.07</ele>
      </trkpt>
      <trkpt lat="44.953037" lon="3.665302">
        <ele>878.58</ele>
      </trkpt>
      <trkpt lat="44.953267" lon="3.665407">
        <ele>879.47</ele>
      </trkpt>
      <trkpt lat="44.953535" lon="3.665587">
        <ele>879.43</ele>
      </trkpt>
      <trkpt lat="44.953733" lon="3.665791">
        <ele>878.89</ele>
      </trkpt>
      <trkpt lat="44.953923" lon="3.665981">
        <ele>880.83</ele>
      </trkpt>
      <trkpt lat="44.954642" lon="3.666658">
        <ele>889.49</ele>
      </trkpt>
      <trkpt lat="44.954747" lon="3.666753">
        <ele>889.66</ele>
      </trkpt>
      <trkpt lat="44.954932" lon="3.666919">
        <ele>889.96</ele>
      </trkpt>
      <trkpt lat="44.955279" lon="3.667377">
        <ele>890.57</ele>
      </trkpt>
      <trkpt lat="44.955446" lon="3.667809">
        <ele>892.52</ele>
      </trkpt>
      <trkpt lat="44.955591" lon="3.668098">
        <ele>893.04</ele>
      </trkpt>
      <trkpt lat="44.955701" lon="3.668479">
        <ele>895.03</ele>
      </trkpt>
      <trkpt lat="44.955831" lon="3.668825">
        <ele>894.9</ele>
      </trkpt>
      <trkpt lat="44.956086" lon="3.669227">
        <ele>892.78</ele>
      </trkpt>
      <trkpt lat="44.9563" lon="3.669587">
        <ele>892.9</ele>
      </trkpt>
      <trkpt lat="44.956555" lon="3.669749">
        <ele>891.85</ele>
      </trkpt>
      <trkpt lat="44.956865" lon="3.669841">
        <ele>892.89</ele>
      </trkpt>
      <trkpt lat="44.957124" lon="3.669827">
        <ele>891.52</ele>
      </trkpt>
      <trkpt lat="44.957579" lon="3.669904">
        <ele>888.29</ele>
      </trkpt>
      <trkpt lat="44.957993" lon="3.670003">
        <ele>886.16</ele>
      </trkpt>
      <trkpt lat="44.958273" lon="3.670194">
        <ele>885.86</ele>
      </trkpt>
      <trkpt lat="44.958692" lon="3.670589">
        <ele>884.27</ele>
      </trkpt>
      <trkpt lat="44.959861" lon="3.671598">
        <ele>882.64</ele>
      </trkpt>
      <trkpt lat="44.96033" lon="3.672014">
        <ele>884.69</ele>
      </trkpt>
      <trkpt lat="44.960511" lon="3.672047">
        <ele>884.89</ele>
      </trkpt>
      <trkpt lat="44.961125" lon="3.672037">
        <ele>889.6</ele>
      </trkpt>
      <trkpt lat="44.961527" lon="3.671948">
        <ele>894.25</ele>
      </trkpt>
      <trkpt lat="44.961759" lon="3.671747">
        <ele>898.09</ele>
      </trkpt>
      <trkpt lat="44.961698" lon="3.671505">
        <ele>896.4</ele>
      </trkpt>
      <trkpt lat="44.961615" lon="3.671344">
        <ele>894.56</ele>
      </trkpt>
      <trkpt lat="44.961353" lon="3.670904">
        <ele>887</ele>
      </trkpt>
      <trkpt lat="44.961355" lon="3.670738">
        <ele>884.84</ele>
      </trkpt>
      <trkpt lat="44.9614" lon="3.670585">
        <ele>884.08</ele>
      </trkpt>
      <trkpt lat="44.961389" lon="3.67051">
        <ele>882.48</ele>
      </trkpt>
      <trkpt lat="44.961336" lon="3.670513">
        <ele>880.78</ele>
      </trkpt>
      <trkpt lat="44.961226" lon="3.670641">
        <ele>879.21</ele>
      </trkpt>
      <trkpt lat="44.961116" lon="3.670714">
        <ele>877</ele>
      </trkpt>
      <trkpt lat="44.960869" lon="3.6707">
        <ele>873.05</ele>
      </trkpt>
      <trkpt lat="44.960668" lon="3.670652">
        <ele>868.52</ele>
      </trkpt>
      <trkpt lat="44.960812" lon="3.669896">
        <ele>863.62</ele>
      </trkpt>
      <trkpt lat="44.960884" lon="3.669673">
        <ele>862.81</ele>
      </trkpt>
      <trkpt lat="44.96084" lon="3.66955">
        <ele>860.29</ele>
      </trkpt>
      <trkpt lat="44.960846" lon="3.669405">
        <ele>858.75</ele>
      </trkpt>
      <trkpt lat="44.960977" lon="3.669121">
        <ele>856.16</ele>
      </trkpt>
      <trkpt lat="44.961163" lon="3.669054">
        <ele>856.03</ele>
      </trkpt>
      <trkpt lat="44.961368" lon="3.669067">
        <ele>854.77</ele>
      </trkpt>
      <trkpt lat="44.961463" lon="3.668992">
        <ele>851.94</ele>
      </trkpt>
      <trkpt lat="44.961619" lon="3.668903">
        <ele>847.38</ele>
      </trkpt>
      <trkpt lat="44.961786" lon="3.668858">
        <ele>845.51</ele>
      </trkpt>
      <trkpt lat="44.961926" lon="3.668887">
        <ele>846.56</ele>
      </trkpt>
      <trkpt lat="44.962059" lon="3.668737">
        <ele>843.29</ele>
      </trkpt>
      <trkpt lat="44.962205" lon="3.66859">
        <ele>842.45</ele>
      </trkpt>
      <trkpt lat="44.962222" lon="3.66838">
        <ele>838.15</ele>
      </trkpt>
      <trkpt lat="44.962317" lon="3.668262">
        <ele>836.92</ele>
      </trkpt>
      <trkpt lat="44.962705" lon="3.668009">
        <ele>831.84</ele>
      </trkpt>
      <trkpt lat="44.963019" lon="3.667804">
        <ele>827.73</ele>
      </trkpt>
      <trkpt lat="44.963323" lon="3.667643">
        <ele>823.19</ele>
      </trkpt>
      <trkpt lat="44.9636" lon="3.667541">
        <ele>819.95</ele>
      </trkpt>
      <trkpt lat="44.96379" lon="3.667404">
        <ele>814.96</ele>
      </trkpt>
      <trkpt lat="44.963898" lon="3.667224">
        <ele>810.99</ele>
      </trkpt>
      <trkpt lat="44.964002" lon="3.666964">
        <ele>807.84</ele>
      </trkpt>
      <trkpt lat="44.96431" lon="3.666562">
        <ele>803.73</ele>
      </trkpt>
      <trkpt lat="44.96445" lon="3.666398">
        <ele>802.29</ele>
      </trkpt>
      <trkpt lat="44.964574" lon="3.666312">
        <ele>801.67</ele>
      </trkpt>
      <trkpt lat="44.964693" lon="3.666176">
        <ele>797.84</ele>
      </trkpt>
      <trkpt lat="44.964771" lon="3.666213">
        <ele>799.16</ele>
      </trkpt>
      <trkpt lat="44.964797" lon="3.666318">
        <ele>802.8</ele>
      </trkpt>
      <trkpt lat="44.96487" lon="3.66628">
        <ele>800.42</ele>
      </trkpt>
      <trkpt lat="44.964982" lon="3.666291">
        <ele>798.89</ele>
      </trkpt>
      <trkpt lat="44.96502" lon="3.666228">
        <ele>796.8</ele>
      </trkpt>
      <trkpt lat="44.964932" lon="3.666066">
        <ele>793.83</ele>
      </trkpt>
      <trkpt lat="44.96468" lon="3.665985">
        <ele>791.22</ele>
      </trkpt>
      <trkpt lat="44.964327" lon="3.665929">
        <ele>786.62</ele>
      </trkpt>
      <trkpt lat="44.964122" lon="3.66594">
        <ele>783.76</ele>
      </trkpt>
      <trkpt lat="44.963761" lon="3.666066">
        <ele>781.52</ele>
      </trkpt>
      <trkpt lat="44.963709" lon="3.665964">
        <ele>780.18</ele>
      </trkpt>
      <trkpt lat="44.963644" lon="3.665762">
        <ele>778.29</ele>
      </trkpt>
      <trkpt lat="44.963403" lon="3.66557">
        <ele>775.89</ele>
      </trkpt>
      <trkpt lat="44.963273" lon="3.66557">
        <ele>774.41</ele>
      </trkpt>
      <trkpt lat="44.963088" lon="3.665641">
        <ele>773.29</ele>
      </trkpt>
      <trkpt lat="44.962893" lon="3.665732">
        <ele>771.63</ele>
      </trkpt>
      <trkpt lat="44.962435" lon="3.665674">
        <ele>768.75</ele>
      </trkpt>
      <trkpt lat="44.962164" lon="3.665746">
        <ele>765.22</ele>
      </trkpt>
      <trkpt lat="44.96198" lon="3.665704">
        <ele>765.51</ele>
      </trkpt>
      <trkpt lat="44.96195" lon="3.665528">
        <ele>769.67</ele>
      </trkpt>
      <trkpt lat="44.96198" lon="3.665224">
        <ele>771.29</ele>
      </trkpt>
      <trkpt lat="44.962064" lon="3.665013">
        <ele>770.56</ele>
      </trkpt>
      <trkpt lat="44.962164" lon="3.664639">
        <ele>770.46</ele>
      </trkpt>
      <trkpt lat="44.962164" lon="3.664385">
        <ele>770.5</ele>
      </trkpt>
      <trkpt lat="44.962249" lon="3.66437">
        <ele>767.89</ele>
      </trkpt>
      <trkpt lat="44.962309" lon="3.66418">
        <ele>766.58</ele>
      </trkpt>
      <trkpt lat="44.962309" lon="3.663827">
        <ele>764.01</ele>
      </trkpt>
      <trkpt lat="44.962274" lon="3.66358">
        <ele>762.65</ele>
      </trkpt>
      <trkpt lat="44.962144" lon="3.663136">
        <ele>759.39</ele>
      </trkpt>
      <trkpt lat="44.961925" lon="3.662596">
        <ele>756.41</ele>
      </trkpt>
      <trkpt lat="44.961795" lon="3.662282">
        <ele>756.37</ele>
      </trkpt>
      <trkpt lat="44.961635" lon="3.661978">
        <ele>755.5</ele>
      </trkpt>
      <trkpt lat="44.961435" lon="3.661816">
        <ele>755.42</ele>
      </trkpt>
      <trkpt lat="44.961315" lon="3.661661">
        <ele>755.48</ele>
      </trkpt>
      <trkpt lat="44.961331" lon="3.661377">
        <ele>755.97</ele>
      </trkpt>
      <trkpt lat="44.961725" lon="3.66111">
        <ele>759.75</ele>
      </trkpt>
      <trkpt lat="44.961859" lon="3.660809">
        <ele>760.19</ele>
      </trkpt>
      <trkpt lat="44.961959" lon="3.660428">
        <ele>761.09</ele>
      </trkpt>
      <trkpt lat="44.962087" lon="3.660087">
        <ele>760.68</ele>
      </trkpt>
      <trkpt lat="44.962142" lon="3.659913">
        <ele>760.65</ele>
      </trkpt>
      <trkpt lat="44.962193" lon="3.659603">
        <ele>761.09</ele>
      </trkpt>
      <trkpt lat="44.962321" lon="3.659175">
        <ele>762.56</ele>
      </trkpt>
      <trkpt lat="44.962674" lon="3.658245">
        <ele>768.2</ele>
      </trkpt>
      <trkpt lat="44.963073" lon="3.657427">
        <ele>773</ele>
      </trkpt>
      <trkpt lat="44.963363" lon="3.656693">
        <ele>774.38</ele>
      </trkpt>
      <trkpt lat="44.963452" lon="3.656241">
        <ele>774.48</ele>
      </trkpt>
      <trkpt lat="44.963528" lon="3.656043">
        <ele>773.61</ele>
      </trkpt>
      <trkpt lat="44.963374" lon="3.655779">
        <ele>774.17</ele>
      </trkpt>
      <trkpt lat="44.963044" lon="3.65531">
        <ele>770.21</ele>
      </trkpt>
      <trkpt lat="44.962763" lon="3.654897">
        <ele>764.92</ele>
      </trkpt>
      <trkpt lat="44.962528" lon="3.654403">
        <ele>760.47</ele>
      </trkpt>
      <trkpt lat="44.962228" lon="3.653803">
        <ele>760.16</ele>
      </trkpt>
      <trkpt lat="44.962053" lon="3.653178">
        <ele>760.84</ele>
      </trkpt>
      <trkpt lat="44.961918" lon="3.652802">
        <ele>759.58</ele>
      </trkpt>
      <trkpt lat="44.961767" lon="3.652596">
        <ele>758.93</ele>
      </trkpt>
      <trkpt lat="44.961444" lon="3.652507">
        <ele>758.91</ele>
      </trkpt>
      <trkpt lat="44.96134" lon="3.652427">
        <ele>758.31</ele>
      </trkpt>
      <trkpt lat="44.961013" lon="3.652089">
        <ele>752.06</ele>
      </trkpt>
      <trkpt lat="44.96055" lon="3.651922">
        <ele>744.67</ele>
      </trkpt>
      <trkpt lat="44.959985" lon="3.652008">
        <ele>744.01</ele>
      </trkpt>
      <trkpt lat="44.959077" lon="3.652233">
        <ele>748.74</ele>
      </trkpt>
      <trkpt lat="44.958542" lon="3.652185">
        <ele>744.99</ele>
      </trkpt>
      <trkpt lat="44.958049" lon="3.652357">
        <ele>741.84</ele>
      </trkpt>
      <trkpt lat="44.957578" lon="3.652319">
        <ele>736.9</ele>
      </trkpt>
      <trkpt lat="44.956986" lon="3.652469">
        <ele>731.95</ele>
      </trkpt>
      <trkpt lat="44.956711" lon="3.652579">
        <ele>731.18</ele>
      </trkpt>
      <trkpt lat="44.956162" lon="3.652797">
        <ele>725.8</ele>
      </trkpt>
      <trkpt lat="44.955991" lon="3.652765">
        <ele>725.94</ele>
      </trkpt>
      <trkpt lat="44.955904" lon="3.65263">
        <ele>725.19</ele>
      </trkpt>
      <trkpt lat="44.95579" lon="3.652491">
        <ele>724.26</ele>
      </trkpt>
      <trkpt lat="44.955275" lon="3.652301">
        <ele>723.94</ele>
      </trkpt>
      <trkpt lat="44.955018" lon="3.652206">
        <ele>725.37</ele>
      </trkpt>
      <trkpt lat="44.954622" lon="3.652065">
        <ele>724.33</ele>
      </trkpt>
      <trkpt lat="44.954494" lon="3.65206">
        <ele>723.6</ele>
      </trkpt>
      <trkpt lat="44.954199" lon="3.65218">
        <ele>723.6</ele>
      </trkpt>
      <trkpt lat="44.953904" lon="3.6523">
        <ele>726.37</ele>
      </trkpt>
      <trkpt lat="44.953818" lon="3.652267">
        <ele>727.48</ele>
      </trkpt>
      <trkpt lat="44.953746" lon="3.652183">
        <ele>727.98</ele>
      </trkpt>
      <trkpt lat="44.953691" lon="3.651831">
        <ele>728.82</ele>
      </trkpt>
      <trkpt lat="44.953653" lon="3.651767">
        <ele>728.83</ele>
      </trkpt>
      <trkpt lat="44.953576" lon="3.651706">
        <ele>728.99</ele>
      </trkpt>
      <trkpt lat="44.953012" lon="3.651505">
        <ele>728.06</ele>
      </trkpt>
      <trkpt lat="44.95219" lon="3.651587">
        <ele>720.43</ele>
      </trkpt>
      <trkpt lat="44.951734" lon="3.651637">
        <ele>717.96</ele>
      </trkpt>
      <trkpt lat="44.951448" lon="3.651729">
        <ele>718.97</ele>
      </trkpt>
      <trkpt lat="44.951329" lon="3.651746">
        <ele>722.25</ele>
      </trkpt>
      <trkpt lat="44.95121" lon="3.651666">
        <ele>722.5</ele>
      </trkpt>
      <trkpt lat="44.950851" lon="3.651686">
        <ele>725.28</ele>
      </trkpt>
      <trkpt lat="44.950507" lon="3.651592">
        <ele>726.56</ele>
      </trkpt>
      <trkpt lat="44.950311" lon="3.651677">
        <ele>728.1</ele>
      </trkpt>
      <trkpt lat="44.949892" lon="3.651669">
        <ele>729.86</ele>
      </trkpt>
      <trkpt lat="44.94963" lon="3.651678">
        <ele>730.14</ele>
      </trkpt>
      <trkpt lat="44.949369" lon="3.651687">
        <ele>732.98</ele>
      </trkpt>
      <trkpt lat="44.949101" lon="3.651531">
        <ele>730.79</ele>
      </trkpt>
      <trkpt lat="44.948704" lon="3.651374">
        <ele>731.62</ele>
      </trkpt>
      <trkpt lat="44.948375" lon="3.651227">
        <ele>736.07</ele>
      </trkpt>
      <trkpt lat="44.94863" lon="3.651067">
        <ele>736.94</ele>
      </trkpt>
      <trkpt lat="44.948913" lon="3.650971">
        <ele>736.71</ele>
      </trkpt>
      <trkpt lat="44.949438" lon="3.65082">
        <ele>738.08</ele>
      </trkpt>
      <trkpt lat="44.949701" lon="3.650744">
        <ele>736.69</ele>
      </trkpt>
      <trkpt lat="44.949939" lon="3.650686">
        <ele>737.32</ele>
      </trkpt>
      <trkpt lat="44.949991" lon="3.650603">
        <ele>738.82</ele>
      </trkpt>
      <trkpt lat="44.95008" lon="3.65052">
        <ele>740.58</ele>
      </trkpt>
      <trkpt lat="44.950271" lon="3.650396">
        <ele>745.42</ele>
      </trkpt>
      <trkpt lat="44.950401" lon="3.650275">
        <ele>750</ele>
      </trkpt>
      <trkpt lat="44.950526" lon="3.650126">
        <ele>754.54</ele>
      </trkpt>
      <trkpt lat="44.950836" lon="3.649896">
        <ele>762.81</ele>
      </trkpt>
      <trkpt lat="44.951094" lon="3.649505">
        <ele>772.89</ele>
      </trkpt>
      <trkpt lat="44.951286" lon="3.649326">
        <ele>774.36</ele>
      </trkpt>
      <trkpt lat="44.951763" lon="3.649135">
        <ele>779.72</ele>
      </trkpt>
      <trkpt lat="44.951961" lon="3.649036">
        <ele>781.88</ele>
      </trkpt>
      <trkpt lat="44.952224" lon="3.648845">
        <ele>786.17</ele>
      </trkpt>
      <trkpt lat="44.952686" lon="3.648619">
        <ele>791.23</ele>
      </trkpt>
      <trkpt lat="44.952852" lon="3.648577">
        <ele>793.77</ele>
      </trkpt>
      <trkpt lat="44.95314" lon="3.64855">
        <ele>796.02</ele>
      </trkpt>
      <trkpt lat="44.953306" lon="3.648499">
        <ele>797.8</ele>
      </trkpt>
      <trkpt lat="44.953444" lon="3.648405">
        <ele>800.34</ele>
      </trkpt>
      <trkpt lat="44.953596" lon="3.648255">
        <ele>802.61</ele>
      </trkpt>
      <trkpt lat="44.953706" lon="3.64803">
        <ele>802.27</ele>
      </trkpt>
      <trkpt lat="44.953805" lon="3.647885">
        <ele>800.49</ele>
      </trkpt>
      <trkpt lat="44.953949" lon="3.647836">
        <ele>800.31</ele>
      </trkpt>
      <trkpt lat="44.954154" lon="3.647928">
        <ele>799.45</ele>
      </trkpt>
      <trkpt lat="44.954401" lon="3.648062">
        <ele>799.04</ele>
      </trkpt>
      <trkpt lat="44.954549" lon="3.64811">
        <ele>797.06</ele>
      </trkpt>
      <trkpt lat="44.95486" lon="3.64796">
        <ele>797.69</ele>
      </trkpt>
      <trkpt lat="44.955077" lon="3.647799">
        <ele>797.64</ele>
      </trkpt>
      <trkpt lat="44.955156" lon="3.647525">
        <ele>797.04</ele>
      </trkpt>
      <trkpt lat="44.955213" lon="3.64737">
        <ele>795.63</ele>
      </trkpt>
      <trkpt lat="44.955377" lon="3.647343">
        <ele>794.66</ele>
      </trkpt>
      <trkpt lat="44.955585" lon="3.647397">
        <ele>796.42</ele>
      </trkpt>
      <trkpt lat="44.956212" lon="3.647397">
        <ele>799.82</ele>
      </trkpt>
      <trkpt lat="44.956497" lon="3.647311">
        <ele>803.81</ele>
      </trkpt>
      <trkpt lat="44.956755" lon="3.647096">
        <ele>806.63</ele>
      </trkpt>
      <trkpt lat="44.957085" lon="3.646511">
        <ele>812.02</ele>
      </trkpt>
      <trkpt lat="44.957267" lon="3.646324">
        <ele>814.21</ele>
      </trkpt>
      <trkpt lat="44.957613" lon="3.646093">
        <ele>813.84</ele>
      </trkpt>
      <trkpt lat="44.957893" lon="3.64602">
        <ele>816.39</ele>
      </trkpt>
      <trkpt lat="44.958148" lon="3.645954">
        <ele>818.7</ele>
      </trkpt>
      <trkpt lat="44.958497" lon="3.645685">
        <ele>819.67</ele>
      </trkpt>
      <trkpt lat="44.958732" lon="3.645433">
        <ele>821.11</ele>
      </trkpt>
      <trkpt lat="44.958907" lon="3.645154">
        <ele>820.73</ele>
      </trkpt>
      <trkpt lat="44.959036" lon="3.644768">
        <ele>819.26</ele>
      </trkpt>
      <trkpt lat="44.959169" lon="3.644312">
        <ele>813.85</ele>
      </trkpt>
      <trkpt lat="44.959287" lon="3.644253">
        <ele>811.01</ele>
      </trkpt>
      <trkpt lat="44.95964" lon="3.644135">
        <ele>809.63</ele>
      </trkpt>
      <trkpt lat="44.959962" lon="3.644135">
        <ele>806.39</ele>
      </trkpt>
      <trkpt lat="44.960106" lon="3.644232">
        <ele>803.81</ele>
      </trkpt>
      <trkpt lat="44.9603" lon="3.644232">
        <ele>799.55</ele>
      </trkpt>
      <trkpt lat="44.960456" lon="3.644275">
        <ele>795.52</ele>
      </trkpt>
      <trkpt lat="44.960623" lon="3.644403">
        <ele>790.72</ele>
      </trkpt>
      <trkpt lat="44.960835" lon="3.644596">
        <ele>787.31</ele>
      </trkpt>
      <trkpt lat="44.961301" lon="3.644694">
        <ele>782.29</ele>
      </trkpt>
      <trkpt lat="44.96149" lon="3.644701">
        <ele>779.99</ele>
      </trkpt>
      <trkpt lat="44.961613" lon="3.644666">
        <ele>779.59</ele>
      </trkpt>
      <trkpt lat="44.961754" lon="3.644588">
        <ele>777.47</ele>
      </trkpt>
      <trkpt lat="44.962016" lon="3.644564">
        <ele>770.93</ele>
      </trkpt>
      <trkpt lat="44.962255" lon="3.644521">
        <ele>766.4</ele>
      </trkpt>
      <trkpt lat="44.962373" lon="3.644498">
        <ele>766.02</ele>
      </trkpt>
      <trkpt lat="44.962495" lon="3.644522">
        <ele>763.72</ele>
      </trkpt>
      <trkpt lat="44.962648" lon="3.644622">
        <ele>759.69</ele>
      </trkpt>
      <trkpt lat="44.962812" lon="3.644784">
        <ele>756.05</ele>
      </trkpt>
      <trkpt lat="44.962896" lon="3.644811">
        <ele>755.35</ele>
      </trkpt>
      <trkpt lat="44.963019" lon="3.644805">
        <ele>753.67</ele>
      </trkpt>
      <trkpt lat="44.963337" lon="3.644679">
        <ele>747.07</ele>
      </trkpt>
      <trkpt lat="44.963674" lon="3.644615">
        <ele>740.69</ele>
      </trkpt>
      <trkpt lat="44.963774" lon="3.644621">
        <ele>738.87</ele>
      </trkpt>
      <trkpt lat="44.963858" lon="3.64466">
        <ele>736.82</ele>
      </trkpt>
      <trkpt lat="44.963972" lon="3.644732">
        <ele>735.66</ele>
      </trkpt>
      <trkpt lat="44.964048" lon="3.644748">
        <ele>736.08</ele>
      </trkpt>
      <trkpt lat="44.964097" lon="3.644791">
        <ele>736.01</ele>
      </trkpt>
      <trkpt lat="44.964146" lon="3.644856">
        <ele>734.1</ele>
      </trkpt>
      <trkpt lat="44.964202" lon="3.644892">
        <ele>733.19</ele>
      </trkpt>
      <trkpt lat="44.964334" lon="3.644912">
        <ele>732.16</ele>
      </trkpt>
      <trkpt lat="44.964518" lon="3.644857">
        <ele>729.26</ele>
      </trkpt>
      <trkpt lat="44.964785" lon="3.644703">
        <ele>723.74</ele>
      </trkpt>
      <trkpt lat="44.96481" lon="3.64471">
        <ele>719.05</ele>
      </trkpt>
      <trkpt lat="44.964849" lon="3.644778">
        <ele>717.83</ele>
      </trkpt>
      <trkpt lat="44.964844" lon="3.644883">
        <ele>716.75</ele>
      </trkpt>
      <trkpt lat="44.964821" lon="3.64495">
        <ele>716.52</ele>
      </trkpt>
      <trkpt lat="44.964823" lon="3.644993">
        <ele>715.49</ele>
      </trkpt>
      <trkpt lat="44.96486" lon="3.645002">
        <ele>714.14</ele>
      </trkpt>
      <trkpt lat="44.965027" lon="3.644913">
        <ele>711.31</ele>
      </trkpt>
      <trkpt lat="44.965074" lon="3.644925">
        <ele>710.32</ele>
      </trkpt>
      <trkpt lat="44.965189" lon="3.645054">
        <ele>708.03</ele>
      </trkpt>
      <trkpt lat="44.965231" lon="3.645123">
        <ele>706.7</ele>
      </trkpt>
      <trkpt lat="44.965313" lon="3.645371">
        <ele>702.48</ele>
      </trkpt>
      <trkpt lat="44.965334" lon="3.64548">
        <ele>700.99</ele>
      </trkpt>
      <trkpt lat="44.965333" lon="3.645545">
        <ele>700.02</ele>
      </trkpt>
      <trkpt lat="44.96533" lon="3.645717">
        <ele>697.43</ele>
      </trkpt>
      <trkpt lat="44.965335" lon="3.645744">
        <ele>696.79</ele>
      </trkpt>
      <trkpt lat="44.96535" lon="3.64576">
        <ele>696.01</ele>
      </trkpt>
      <trkpt lat="44.965308" lon="3.645933">
        <ele>694.27</ele>
      </trkpt>
      <trkpt lat="44.965243" lon="3.646012">
        <ele>694.18</ele>
      </trkpt>
      <trkpt lat="44.965209" lon="3.646022">
        <ele>694.38</ele>
      </trkpt>
      <trkpt lat="44.965189" lon="3.646045">
        <ele>693.94</ele>
      </trkpt>
      <trkpt lat="44.96521" lon="3.646101">
        <ele>691.43</ele>
      </trkpt>
      <trkpt lat="44.965205" lon="3.646139">
        <ele>690.16</ele>
      </trkpt>
      <trkpt lat="44.965187" lon="3.646151">
        <ele>690.12</ele>
      </trkpt>
      <trkpt lat="44.96517" lon="3.646146">
        <ele>690.72</ele>
      </trkpt>
      <trkpt lat="44.965141" lon="3.646117">
        <ele>691.33</ele>
      </trkpt>
      <trkpt lat="44.965129" lon="3.646134">
        <ele>690.44</ele>
      </trkpt>
      <trkpt lat="44.965129" lon="3.646165">
        <ele>689.37</ele>
      </trkpt>
      <trkpt lat="44.965172" lon="3.646246">
        <ele>687.12</ele>
      </trkpt>
      <trkpt lat="44.965208" lon="3.646259">
        <ele>685.63</ele>
      </trkpt>
      <trkpt lat="44.96526" lon="3.646256">
        <ele>684.24</ele>
      </trkpt>
      <trkpt lat="44.965312" lon="3.646234">
        <ele>683.23</ele>
      </trkpt>
      <trkpt lat="44.96557" lon="3.646074">
        <ele>678.39</ele>
      </trkpt>
      <trkpt lat="44.965603" lon="3.646058">
        <ele>677.37</ele>
      </trkpt>
      <trkpt lat="44.965638" lon="3.646018">
        <ele>676.95</ele>
      </trkpt>
      <trkpt lat="44.965892" lon="3.645655">
        <ele>672.05</ele>
      </trkpt>
      <trkpt lat="44.966171" lon="3.645467">
        <ele>666.13</ele>
      </trkpt>
      <trkpt lat="44.966219" lon="3.645479">
        <ele>664.95</ele>
      </trkpt>
      <trkpt lat="44.966224" lon="3.645541">
        <ele>664.33</ele>
      </trkpt>
      <trkpt lat="44.966143" lon="3.64569">
        <ele>663.12</ele>
      </trkpt>
      <trkpt lat="44.966145" lon="3.645728">
        <ele>662.22</ele>
      </trkpt>
      <trkpt lat="44.966264" lon="3.645722">
        <ele>661.38</ele>
      </trkpt>
      <trkpt lat="44.966324" lon="3.645761">
        <ele>659.79</ele>
      </trkpt>
      <trkpt lat="44.966331" lon="3.6458">
        <ele>658.93</ele>
      </trkpt>
      <trkpt lat="44.966149" lon="3.645937">
        <ele>656.07</ele>
      </trkpt>
      <trkpt lat="44.966044" lon="3.646227">
        <ele>650</ele>
      </trkpt>
      <trkpt lat="44.966065" lon="3.646255">
        <ele>648.43</ele>
      </trkpt>
      <trkpt lat="44.966153" lon="3.646189">
        <ele>647.33</ele>
      </trkpt>
      <trkpt lat="44.966276" lon="3.646128">
        <ele>647.83</ele>
      </trkpt>
      <trkpt lat="44.966386" lon="3.64614">
        <ele>647.99</ele>
      </trkpt>
      <trkpt lat="44.966712" lon="3.645917">
        <ele>649.56</ele>
      </trkpt>
      <trkpt lat="44.966805" lon="3.645835">
        <ele>645.61</ele>
      </trkpt>
      <trkpt lat="44.966888" lon="3.645628">
        <ele>643.4</ele>
      </trkpt>
      <trkpt lat="44.966973" lon="3.645397">
        <ele>641.26</ele>
      </trkpt>
      <trkpt lat="44.967033" lon="3.645167">
        <ele>640.27</ele>
      </trkpt>
      <trkpt lat="44.967042" lon="3.645036">
        <ele>639.63</ele>
      </trkpt>
      <trkpt lat="44.967019" lon="3.64487">
        <ele>640.28</ele>
      </trkpt>
      <trkpt lat="44.96694" lon="3.64464">
        <ele>640.85</ele>
      </trkpt>
      <trkpt lat="44.966742" lon="3.644028">
        <ele>639.07</ele>
      </trkpt>
      <trkpt lat="44.966734" lon="3.643978">
        <ele>638.55</ele>
      </trkpt>
      <trkpt lat="44.966734" lon="3.643888">
        <ele>637.82</ele>
      </trkpt>
      <trkpt lat="44.966752" lon="3.643823">
        <ele>637.27</ele>
      </trkpt>
      <trkpt lat="44.966781" lon="3.643784">
        <ele>636.79</ele>
      </trkpt>
      <trkpt lat="44.966846" lon="3.643725">
        <ele>635.99</ele>
      </trkpt>
      <trkpt lat="44.966889" lon="3.6437">
        <ele>634.58</ele>
      </trkpt>
      <trkpt lat="44.967073" lon="3.644253">
        <ele>634.05</ele>
      </trkpt>
      <trkpt lat="44.967196" lon="3.644643">
        <ele>631.95</ele>
      </trkpt>
      <trkpt lat="44.967377" lon="3.64459">
        <ele>633.35</ele>
      </trkpt>
      <trkpt lat="44.967461" lon="3.644544">
        <ele>633.94</ele>
      </trkpt>
      <trkpt lat="44.967517" lon="3.644451">
        <ele>634.34</ele>
      </trkpt>
      <trkpt lat="44.967549" lon="3.64434">
        <ele>633.96</ele>
      </trkpt>
      <trkpt lat="44.967568" lon="3.644234">
        <ele>632.97</ele>
      </trkpt>
      <trkpt lat="44.967579" lon="3.644084">
        <ele>630.49</ele>
      </trkpt>
      <trkpt lat="44.967557" lon="3.643698">
        <ele>624.57</ele>
      </trkpt>
      <trkpt lat="44.967528" lon="3.643531">
        <ele>623.37</ele>
      </trkpt>
      <trkpt lat="44.967525" lon="3.643464">
        <ele>623.15</ele>
      </trkpt>
      <trkpt lat="44.967534" lon="3.643418">
        <ele>622.99</ele>
      </trkpt>
      <trkpt lat="44.967558" lon="3.643366">
        <ele>622.69</ele>
      </trkpt>
      <trkpt lat="44.967586" lon="3.643331">
        <ele>622.49</ele>
      </trkpt>
      <trkpt lat="44.967722" lon="3.643242">
        <ele>620.89</ele>
      </trkpt>
      <trkpt lat="44.967804" lon="3.643116">
        <ele>618.67</ele>
      </trkpt>
      <trkpt lat="44.967842" lon="3.643082">
        <ele>617.96</ele>
      </trkpt>
      <trkpt lat="44.96792" lon="3.643077">
        <ele>616.02</ele>
      </trkpt>
      <trkpt lat="44.967923" lon="3.643132">
        <ele>615.74</ele>
      </trkpt>
      <trkpt lat="44.967939" lon="3.643191">
        <ele>615.02</ele>
      </trkpt>
      <trkpt lat="44.968003" lon="3.643303">
        <ele>613.19</ele>
      </trkpt>
      <trkpt lat="44.968129" lon="3.643265">
        <ele>610.26</ele>
      </trkpt>
      <trkpt lat="44.968382" lon="3.643248">
        <ele>606.55</ele>
      </trkpt>
      <trkpt lat="44.968366" lon="3.643347">
        <ele>606.68</ele>
      </trkpt>
      <trkpt lat="44.968376" lon="3.643447">
        <ele>606.5</ele>
      </trkpt>
      <trkpt lat="44.96841" lon="3.643594">
        <ele>605.98</ele>
      </trkpt>
      <trkpt lat="44.968506" lon="3.643769">
        <ele>603.57</ele>
      </trkpt>
      <trkpt lat="44.96859" lon="3.643884">
        <ele>601.85</ele>
      </trkpt>
      <trkpt lat="44.968672" lon="3.644014">
        <ele>598.73</ele>
      </trkpt>
      <trkpt lat="44.968707" lon="3.644044">
        <ele>597.07</ele>
      </trkpt>
      <trkpt lat="44.968596" lon="3.644662">
        <ele>597.7</ele>
      </trkpt>
      <trkpt lat="44.968597" lon="3.644759">
        <ele>597.68</ele>
      </trkpt>
      <trkpt lat="44.968615" lon="3.644825">
        <ele>597.66</ele>
      </trkpt>
      <trkpt lat="44.968687" lon="3.644917">
        <ele>597.63</ele>
      </trkpt>
      <trkpt lat="44.969194" lon="3.645446">
        <ele>603.54</ele>
      </trkpt>
      <trkpt lat="44.969239" lon="3.645511">
        <ele>603.6</ele>
      </trkpt>
      <trkpt lat="44.969254" lon="3.645558">
        <ele>604.75</ele>
      </trkpt>
      <trkpt lat="44.969258" lon="3.645609">
        <ele>605.28</ele>
      </trkpt>
      <trkpt lat="44.969249" lon="3.645655">
        <ele>605.06</ele>
      </trkpt>
      <trkpt lat="44.969218" lon="3.645725">
        <ele>604.73</ele>
      </trkpt>
      <trkpt lat="44.968836" lon="3.646466">
        <ele>610.87</ele>
      </trkpt>
      <trkpt lat="44.968609" lon="3.646884">
        <ele>612.74</ele>
      </trkpt>
      <trkpt lat="44.968421" lon="3.647202">
        <ele>615.34</ele>
      </trkpt>
      <trkpt lat="44.968316" lon="3.647305">
        <ele>613.74</ele>
      </trkpt>
      <trkpt lat="44.968206" lon="3.647452">
        <ele>613.29</ele>
      </trkpt>
      <trkpt lat="44.968149" lon="3.647572">
        <ele>615.1</ele>
      </trkpt>
      <trkpt lat="44.968136" lon="3.647649">
        <ele>615.83</ele>
      </trkpt>
      <trkpt lat="44.968135" lon="3.647704">
        <ele>616.57</ele>
      </trkpt>
      <trkpt lat="44.968154" lon="3.647918">
        <ele>614.77</ele>
      </trkpt>
      <trkpt lat="44.968152" lon="3.647979">
        <ele>615.23</ele>
      </trkpt>
      <trkpt lat="44.968368" lon="3.648011">
        <ele>614.51</ele>
      </trkpt>
      <trkpt lat="44.968606" lon="3.648026">
        <ele>612.99</ele>
      </trkpt>
      <trkpt lat="44.968925" lon="3.648021">
        <ele>614.33</ele>
      </trkpt>
      <trkpt lat="44.96903" lon="3.648031">
        <ele>613.29</ele>
      </trkpt>
      <trkpt lat="44.969114" lon="3.648061">
        <ele>612.51</ele>
      </trkpt>
      <trkpt lat="44.969326" lon="3.648184">
        <ele>611.89</ele>
      </trkpt>
      <trkpt lat="44.969365" lon="3.648102">
        <ele>612.25</ele>
      </trkpt>
      <trkpt lat="44.969389" lon="3.648043">
        <ele>613.91</ele>
      </trkpt>
      <trkpt lat="44.969269" lon="3.647787">
        <ele>622.75</ele>
      </trkpt>
      <trkpt lat="44.969072" lon="3.647674">
        <ele>626.12</ele>
      </trkpt>
      <trkpt lat="44.969161" lon="3.647634">
        <ele>626.59</ele>
      </trkpt>
      <trkpt lat="44.969265" lon="3.647617">
        <ele>628.43</ele>
      </trkpt>
      <trkpt lat="44.969366" lon="3.647643">
        <ele>629.9</ele>
      </trkpt>
      <trkpt lat="44.969462" lon="3.647709">
        <ele>631.53</ele>
      </trkpt>
      <trkpt lat="44.969831" lon="3.648139">
        <ele>635.85</ele>
      </trkpt>
      <trkpt lat="44.970136" lon="3.648518">
        <ele>640.41</ele>
      </trkpt>
      <trkpt lat="44.970291" lon="3.648754">
        <ele>644.78</ele>
      </trkpt>
      <trkpt lat="44.970321" lon="3.648847">
        <ele>645.23</ele>
      </trkpt>
      <trkpt lat="44.970407" lon="3.649113">
        <ele>646.52</ele>
      </trkpt>
      <trkpt lat="44.970539" lon="3.649722">
        <ele>649.48</ele>
      </trkpt>
      <trkpt lat="44.970597" lon="3.650171">
        <ele>652.64</ele>
      </trkpt>
      <trkpt lat="44.970634" lon="3.65092">
        <ele>656.34</ele>
      </trkpt>
      <trkpt lat="44.970666" lon="3.65156">
        <ele>661.87</ele>
      </trkpt>
      <trkpt lat="44.970679" lon="3.652018">
        <ele>664.94</ele>
      </trkpt>
      <trkpt lat="44.970725" lon="3.653114">
        <ele>671.46</ele>
      </trkpt>
      <trkpt lat="44.970717" lon="3.653704">
        <ele>675</ele>
      </trkpt>
      <trkpt lat="44.970755" lon="3.654133">
        <ele>678.76</ele>
      </trkpt>
      <trkpt lat="44.970751" lon="3.654299">
        <ele>679.11</ele>
      </trkpt>
      <trkpt lat="44.970749" lon="3.654727">
        <ele>683.86</ele>
      </trkpt>
      <trkpt lat="44.970746" lon="3.655533">
        <ele>686.81</ele>
      </trkpt>
      <trkpt lat="44.970677" lon="3.656285">
        <ele>692.34</ele>
      </trkpt>
      <trkpt lat="44.970689" lon="3.656353">
        <ele>693.51</ele>
      </trkpt>
      <trkpt lat="44.970723" lon="3.656367">
        <ele>695.3</ele>
      </trkpt>
      <trkpt lat="44.970754" lon="3.656352">
        <ele>696.47</ele>
      </trkpt>
      <trkpt lat="44.970783" lon="3.656279">
        <ele>697.44</ele>
      </trkpt>
      <trkpt lat="44.970924" lon="3.65578">
        <ele>698.9</ele>
      </trkpt>
      <trkpt lat="44.97133" lon="3.654337">
        <ele>707.85</ele>
      </trkpt>
      <trkpt lat="44.971393" lon="3.654086">
        <ele>709.18</ele>
      </trkpt>
      <trkpt lat="44.971646" lon="3.652777">
        <ele>717.89</ele>
      </trkpt>
      <trkpt lat="44.971688" lon="3.6529">
        <ele>721.02</ele>
      </trkpt>
      <trkpt lat="44.971697" lon="3.653145">
        <ele>722.02</ele>
      </trkpt>
      <trkpt lat="44.971747" lon="3.653513">
        <ele>725.21</ele>
      </trkpt>
      <trkpt lat="44.971775" lon="3.653721">
        <ele>727.02</ele>
      </trkpt>
      <trkpt lat="44.97188" lon="3.65417">
        <ele>731.1</ele>
      </trkpt>
      <trkpt lat="44.971919" lon="3.65418">
        <ele>732.87</ele>
      </trkpt>
      <trkpt lat="44.97197" lon="3.654114">
        <ele>734.87</ele>
      </trkpt>
      <trkpt lat="44.972006" lon="3.653885">
        <ele>736.09</ele>
      </trkpt>
      <trkpt lat="44.97204" lon="3.653891">
        <ele>737.16</ele>
      </trkpt>
      <trkpt lat="44.972104" lon="3.654199">
        <ele>740.17</ele>
      </trkpt>
      <trkpt lat="44.972144" lon="3.654685">
        <ele>743.48</ele>
      </trkpt>
      <trkpt lat="44.972282" lon="3.655052">
        <ele>748.51</ele>
      </trkpt>
      <trkpt lat="44.972478" lon="3.655795">
        <ele>756.06</ele>
      </trkpt>
      <trkpt lat="44.972576" lon="3.656166">
        <ele>757.83</ele>
      </trkpt>
      <trkpt lat="44.972668" lon="3.65622">
        <ele>758.67</ele>
      </trkpt>
      <trkpt lat="44.972743" lon="3.65617">
        <ele>759</ele>
      </trkpt>
      <trkpt lat="44.973224" lon="3.656057">
        <ele>761.11</ele>
      </trkpt>
      <trkpt lat="44.973463" lon="3.65609">
        <ele>762.14</ele>
      </trkpt>
      <trkpt lat="44.974102" lon="3.655997">
        <ele>765.53</ele>
      </trkpt>
      <trkpt lat="44.974156" lon="3.655954">
        <ele>765.94</ele>
      </trkpt>
      <trkpt lat="44.974205" lon="3.655914">
        <ele>766.3</ele>
      </trkpt>
      <trkpt lat="44.974462" lon="3.655438">
        <ele>767.42</ele>
      </trkpt>
      <trkpt lat="44.97454" lon="3.655309">
        <ele>768.06</ele>
      </trkpt>
      <trkpt lat="44.974878" lon="3.655088">
        <ele>769.99</ele>
      </trkpt>
      <trkpt lat="44.975407" lon="3.655372">
        <ele>772.51</ele>
      </trkpt>
      <trkpt lat="44.975671" lon="3.655514">
        <ele>772.04</ele>
      </trkpt>
      <trkpt lat="44.975766" lon="3.655308">
        <ele>773</ele>
      </trkpt>
      <trkpt lat="44.975773" lon="3.655111">
        <ele>774</ele>
      </trkpt>
      <trkpt lat="44.975738" lon="3.654916">
        <ele>774.14</ele>
      </trkpt>
      <trkpt lat="44.975744" lon="3.654776">
        <ele>774.93</ele>
      </trkpt>
      <trkpt lat="44.975833" lon="3.654609">
        <ele>775</ele>
      </trkpt>
      <trkpt lat="44.976256" lon="3.654258">
        <ele>776</ele>
      </trkpt>
      <trkpt lat="44.976637" lon="3.654107">
        <ele>777</ele>
      </trkpt>
      <trkpt lat="44.976792" lon="3.654088">
        <ele>777.57</ele>
      </trkpt>
      <trkpt lat="44.97719" lon="3.653824">
        <ele>779.83</ele>
      </trkpt>
      <trkpt lat="44.977301" lon="3.653776">
        <ele>780.76</ele>
      </trkpt>
      <trkpt lat="44.977386" lon="3.653821">
        <ele>782.16</ele>
      </trkpt>
      <trkpt lat="44.977494" lon="3.653988">
        <ele>783.68</ele>
      </trkpt>
      <trkpt lat="44.977519" lon="3.654064">
        <ele>784.08</ele>
      </trkpt>
      <trkpt lat="44.9777" lon="3.653937">
        <ele>786.39</ele>
      </trkpt>
      <trkpt lat="44.978038" lon="3.653566">
        <ele>790.61</ele>
      </trkpt>
      <trkpt lat="44.978098" lon="3.653437">
        <ele>790.08</ele>
      </trkpt>
      <trkpt lat="44.978349" lon="3.653204">
        <ele>790.51</ele>
      </trkpt>
      <trkpt lat="44.978403" lon="3.653133">
        <ele>790.58</ele>
      </trkpt>
      <trkpt lat="44.978542" lon="3.652879">
        <ele>789.91</ele>
      </trkpt>
      <trkpt lat="44.978687" lon="3.652567">
        <ele>789.38</ele>
      </trkpt>
      <trkpt lat="44.978917" lon="3.65198">
        <ele>787.24</ele>
      </trkpt>
      <trkpt lat="44.979083" lon="3.651524">
        <ele>784.49</ele>
      </trkpt>
      <trkpt lat="44.979172" lon="3.651198">
        <ele>781.72</ele>
      </trkpt>
      <trkpt lat="44.9792" lon="3.651047">
        <ele>780.42</ele>
      </trkpt>
      <trkpt lat="44.979165" lon="3.650914">
        <ele>778.29</ele>
      </trkpt>
      <trkpt lat="44.979065" lon="3.650878">
        <ele>776.52</ele>
      </trkpt>
      <trkpt lat="44.978974" lon="3.650874">
        <ele>775.52</ele>
      </trkpt>
      <trkpt lat="44.978862" lon="3.650621">
        <ele>772.33</ele>
      </trkpt>
      <trkpt lat="44.978832" lon="3.650507">
        <ele>770.75</ele>
      </trkpt>
      <trkpt lat="44.978789" lon="3.650278">
        <ele>767.73</ele>
      </trkpt>
      <trkpt lat="44.978771" lon="3.650012">
        <ele>765.17</ele>
      </trkpt>
      <trkpt lat="44.978746" lon="3.649773">
        <ele>763.56</ele>
      </trkpt>
      <trkpt lat="44.978761" lon="3.649729">
        <ele>763.36</ele>
      </trkpt>
      <trkpt lat="44.978781" lon="3.649567">
        <ele>762.58</ele>
      </trkpt>
      <trkpt lat="44.978774" lon="3.649405">
        <ele>761.94</ele>
      </trkpt>
      <trkpt lat="44.978708" lon="3.649211">
        <ele>763.39</ele>
      </trkpt>
      <trkpt lat="44.978499" lon="3.648934">
        <ele>765.54</ele>
      </trkpt>
      <trkpt lat="44.978878" lon="3.648888">
        <ele>776.79</ele>
      </trkpt>
      <trkpt lat="44.979121" lon="3.648797">
        <ele>783.63</ele>
      </trkpt>
      <trkpt lat="44.979606" lon="3.648614">
        <ele>791.46</ele>
      </trkpt>
      <trkpt lat="44.979952" lon="3.648437">
        <ele>796.02</ele>
      </trkpt>
      <trkpt lat="44.980227" lon="3.648217">
        <ele>802.81</ele>
      </trkpt>
      <trkpt lat="44.980502" lon="3.647997">
        <ele>807.23</ele>
      </trkpt>
      <trkpt lat="44.980627" lon="3.647735">
        <ele>813.81</ele>
      </trkpt>
      <trkpt lat="44.980915" lon="3.647601">
        <ele>819.36</ele>
      </trkpt>
      <trkpt lat="44.98119" lon="3.648001">
        <ele>821.54</ele>
      </trkpt>
      <trkpt lat="44.981435" lon="3.648098">
        <ele>826.7</ele>
      </trkpt>
      <trkpt lat="44.981681" lon="3.648195">
        <ele>834.24</ele>
      </trkpt>
      <trkpt lat="44.981803" lon="3.648356">
        <ele>831.59</ele>
      </trkpt>
      <trkpt lat="44.982232" lon="3.648416">
        <ele>835.88</ele>
      </trkpt>
      <trkpt lat="44.982607" lon="3.648363">
        <ele>845.92</ele>
      </trkpt>
      <trkpt lat="44.983029" lon="3.648303">
        <ele>857.22</ele>
      </trkpt>
      <trkpt lat="44.983294" lon="3.648266">
        <ele>866.95</ele>
      </trkpt>
      <trkpt lat="44.98379" lon="3.647965">
        <ele>885.81</ele>
      </trkpt>
      <trkpt lat="44.984038" lon="3.647815">
        <ele>896.96</ele>
      </trkpt>
      <trkpt lat="44.983917" lon="3.6476">
        <ele>899.19</ele>
      </trkpt>
      <trkpt lat="44.983881" lon="3.647447">
        <ele>899.83</ele>
      </trkpt>
      <trkpt lat="44.98419" lon="3.64715">
        <ele>900.84</ele>
      </trkpt>
      <trkpt lat="44.984471" lon="3.647075">
        <ele>903.8</ele>
      </trkpt>
      <trkpt lat="44.984676" lon="3.647118">
        <ele>910.54</ele>
      </trkpt>
      <trkpt lat="44.984684" lon="3.647503">
        <ele>916.55</ele>
      </trkpt>
      <trkpt lat="44.984889" lon="3.647415">
        <ele>921.23</ele>
      </trkpt>
      <trkpt lat="44.985094" lon="3.647327">
        <ele>928.65</ele>
      </trkpt>
      <trkpt lat="44.985122" lon="3.647324">
        <ele>929.91</ele>
      </trkpt>
      <trkpt lat="44.985133" lon="3.647339">
        <ele>930.42</ele>
      </trkpt>
      <trkpt lat="44.985145" lon="3.64739">
        <ele>930.88</ele>
      </trkpt>
      <trkpt lat="44.985164" lon="3.647418">
        <ele>931.17</ele>
      </trkpt>
      <trkpt lat="44.985186" lon="3.647438">
        <ele>931.71</ele>
      </trkpt>
      <trkpt lat="44.98527" lon="3.647478">
        <ele>934.32</ele>
      </trkpt>
      <trkpt lat="44.985377" lon="3.647558">
        <ele>936.14</ele>
      </trkpt>
      <trkpt lat="44.985534" lon="3.647735">
        <ele>935.86</ele>
      </trkpt>
      <trkpt lat="44.985745" lon="3.647878">
        <ele>936.53</ele>
      </trkpt>
      <trkpt lat="44.98592" lon="3.647938">
        <ele>938.38</ele>
      </trkpt>
      <trkpt lat="44.986037" lon="3.64793">
        <ele>939.68</ele>
      </trkpt>
      <trkpt lat="44.98614" lon="3.647869">
        <ele>940.08</ele>
      </trkpt>
      <trkpt lat="44.986197" lon="3.64793">
        <ele>940.43</ele>
      </trkpt>
      <trkpt lat="44.986226" lon="3.648239">
        <ele>943.15</ele>
      </trkpt>
      <trkpt lat="44.986187" lon="3.648435">
        <ele>943.18</ele>
      </trkpt>
      <trkpt lat="44.986156" lon="3.648598">
        <ele>941.97</ele>
      </trkpt>
      <trkpt lat="44.986205" lon="3.648961">
        <ele>940.04</ele>
      </trkpt>
      <trkpt lat="44.986214" lon="3.649382">
        <ele>936.07</ele>
      </trkpt>
      <trkpt lat="44.98613" lon="3.649923">
        <ele>932.86</ele>
      </trkpt>
      <trkpt lat="44.986073" lon="3.650233">
        <ele>931.76</ele>
      </trkpt>
      <trkpt lat="44.986001" lon="3.650428">
        <ele>929.55</ele>
      </trkpt>
      <trkpt lat="44.98596" lon="3.650964">
        <ele>930.42</ele>
      </trkpt>
      <trkpt lat="44.985962" lon="3.651069">
        <ele>929.46</ele>
      </trkpt>
      <trkpt lat="44.985967" lon="3.651264">
        <ele>927.67</ele>
      </trkpt>
      <trkpt lat="44.986032" lon="3.651565">
        <ele>925.68</ele>
      </trkpt>
      <trkpt lat="44.986113" lon="3.651749">
        <ele>926.07</ele>
      </trkpt>
      <trkpt lat="44.986184" lon="3.651935">
        <ele>924.88</ele>
      </trkpt>
      <trkpt lat="44.986273" lon="3.652094">
        <ele>924.7</ele>
      </trkpt>
      <trkpt lat="44.986324" lon="3.652241">
        <ele>925.01</ele>
      </trkpt>
      <trkpt lat="44.986305" lon="3.652402">
        <ele>926.56</ele>
      </trkpt>
      <trkpt lat="44.986244" lon="3.652504">
        <ele>927.42</ele>
      </trkpt>
      <trkpt lat="44.986128" lon="3.652614">
        <ele>927.88</ele>
      </trkpt>
      <trkpt lat="44.986036" lon="3.652804">
        <ele>931.29</ele>
      </trkpt>
      <trkpt lat="44.985656" lon="3.653362">
        <ele>935.79</ele>
      </trkpt>
      <trkpt lat="44.985515" lon="3.653546">
        <ele>936.57</ele>
      </trkpt>
      <trkpt lat="44.985468" lon="3.653724">
        <ele>939.3</ele>
      </trkpt>
      <trkpt lat="44.985396" lon="3.653838">
        <ele>939.34</ele>
      </trkpt>
      <trkpt lat="44.985222" lon="3.654195">
        <ele>938.28</ele>
      </trkpt>
      <trkpt lat="44.985112" lon="3.654678">
        <ele>939.36</ele>
      </trkpt>
      <trkpt lat="44.985089" lon="3.654772">
        <ele>939.3</ele>
      </trkpt>
      <trkpt lat="44.98508" lon="3.655017">
        <ele>941.47</ele>
      </trkpt>
      <trkpt lat="44.985021" lon="3.65551">
        <ele>942.47</ele>
      </trkpt>
      <trkpt lat="44.985006" lon="3.65573">
        <ele>942.45</ele>
      </trkpt>
      <trkpt lat="44.985023" lon="3.655956">
        <ele>943.13</ele>
      </trkpt>
      <trkpt lat="44.985089" lon="3.656526">
        <ele>944.39</ele>
      </trkpt>
      <trkpt lat="44.985053" lon="3.656796">
        <ele>943.58</ele>
      </trkpt>
      <trkpt lat="44.984984" lon="3.657031">
        <ele>942.67</ele>
      </trkpt>
      <trkpt lat="44.984973" lon="3.657267">
        <ele>943.04</ele>
      </trkpt>
      <trkpt lat="44.984995" lon="3.657517">
        <ele>942.05</ele>
      </trkpt>
      <trkpt lat="44.985021" lon="3.657771">
        <ele>937.97</ele>
      </trkpt>
      <trkpt lat="44.985123" lon="3.657915">
        <ele>936.48</ele>
      </trkpt>
      <trkpt lat="44.985313" lon="3.65807">
        <ele>936.76</ele>
      </trkpt>
      <trkpt lat="44.985713" lon="3.658309">
        <ele>937.45</ele>
      </trkpt>
      <trkpt lat="44.986092" lon="3.658611">
        <ele>936.38</ele>
      </trkpt>
      <trkpt lat="44.986204" lon="3.658741">
        <ele>936.48</ele>
      </trkpt>
      <trkpt lat="44.986244" lon="3.659036">
        <ele>934.31</ele>
      </trkpt>
      <trkpt lat="44.986267" lon="3.659306">
        <ele>934.42</ele>
      </trkpt>
      <trkpt lat="44.986162" lon="3.659779">
        <ele>931.22</ele>
      </trkpt>
      <trkpt lat="44.98611" lon="3.660324">
        <ele>930.94</ele>
      </trkpt>
      <trkpt lat="44.98612" lon="3.660707">
        <ele>930.19</ele>
      </trkpt>
      <trkpt lat="44.986145" lon="3.660859">
        <ele>930.77</ele>
      </trkpt>
      <trkpt lat="44.986141" lon="3.66101">
        <ele>930.35</ele>
      </trkpt>
      <trkpt lat="44.986099" lon="3.661218">
        <ele>930.29</ele>
      </trkpt>
      <trkpt lat="44.986021" lon="3.661439">
        <ele>930.43</ele>
      </trkpt>
      <trkpt lat="44.985921" lon="3.661678">
        <ele>931.57</ele>
      </trkpt>
      <trkpt lat="44.985677" lon="3.662208">
        <ele>935.98</ele>
      </trkpt>
      <trkpt lat="44.985596" lon="3.662475">
        <ele>937.43</ele>
      </trkpt>
      <trkpt lat="44.985655" lon="3.662875">
        <ele>940.96</ele>
      </trkpt>
      <trkpt lat="44.985715" lon="3.663275">
        <ele>941.55</ele>
      </trkpt>
      <trkpt lat="44.985722" lon="3.663613">
        <ele>937.46</ele>
      </trkpt>
      <trkpt lat="44.985725" lon="3.663733">
        <ele>934.72</ele>
      </trkpt>
      <trkpt lat="44.985796" lon="3.663806">
        <ele>933.63</ele>
      </trkpt>
      <trkpt lat="44.985863" lon="3.663849">
        <ele>932.41</ele>
      </trkpt>
      <trkpt lat="44.985986" lon="3.663971">
        <ele>929.61</ele>
      </trkpt>
      <trkpt lat="44.986196" lon="3.664046">
        <ele>928.24</ele>
      </trkpt>
      <trkpt lat="44.986878" lon="3.664388">
        <ele>922.81</ele>
      </trkpt>
      <trkpt lat="44.986903" lon="3.664433">
        <ele>922.15</ele>
      </trkpt>
      <trkpt lat="44.986909" lon="3.664511">
        <ele>920.83</ele>
      </trkpt>
      <trkpt lat="44.986975" lon="3.664525">
        <ele>921.32</ele>
      </trkpt>
      <trkpt lat="44.987347" lon="3.664787">
        <ele>921.44</ele>
      </trkpt>
      <trkpt lat="44.987446" lon="3.664924">
        <ele>921.23</ele>
      </trkpt>
      <trkpt lat="44.987551" lon="3.665287">
        <ele>918.73</ele>
      </trkpt>
      <trkpt lat="44.987664" lon="3.66561">
        <ele>918.76</ele>
      </trkpt>
      <trkpt lat="44.987718" lon="3.665899">
        <ele>917.22</ele>
      </trkpt>
      <trkpt lat="44.987901" lon="3.666514">
        <ele>915.97</ele>
      </trkpt>
      <trkpt lat="44.987771" lon="3.666819">
        <ele>910.72</ele>
      </trkpt>
      <trkpt lat="44.987727" lon="3.667139">
        <ele>906.64</ele>
      </trkpt>
      <trkpt lat="44.987853" lon="3.667402">
        <ele>903.25</ele>
      </trkpt>
      <trkpt lat="44.988009" lon="3.667541">
        <ele>902.57</ele>
      </trkpt>
      <trkpt lat="44.988185" lon="3.667858">
        <ele>897.18</ele>
      </trkpt>
      <trkpt lat="44.988358" lon="3.668256">
        <ele>892.36</ele>
      </trkpt>
      <trkpt lat="44.988355" lon="3.668441">
        <ele>891.06</ele>
      </trkpt>
      <trkpt lat="44.988348" lon="3.668821">
        <ele>888.39</ele>
      </trkpt>
      <trkpt lat="44.988408" lon="3.669157">
        <ele>886.41</ele>
      </trkpt>
      <trkpt lat="44.988262" lon="3.669266">
        <ele>884.41</ele>
      </trkpt>
      <trkpt lat="44.988144" lon="3.66949">
        <ele>880.27</ele>
      </trkpt>
      <trkpt lat="44.988157" lon="3.669634">
        <ele>877.74</ele>
      </trkpt>
      <trkpt lat="44.988303" lon="3.669846">
        <ele>875.45</ele>
      </trkpt>
      <trkpt lat="44.988426" lon="3.669998">
        <ele>874.31</ele>
      </trkpt>
      <trkpt lat="44.988454" lon="3.670109">
        <ele>871.4</ele>
      </trkpt>
      <trkpt lat="44.9886" lon="3.670218">
        <ele>870.7</ele>
      </trkpt>
      <trkpt lat="44.988756" lon="3.670469">
        <ele>867.38</ele>
      </trkpt>
      <trkpt lat="44.988846" lon="3.670562">
        <ele>864.42</ele>
      </trkpt>
      <trkpt lat="44.988937" lon="3.67056">
        <ele>863.43</ele>
      </trkpt>
      <trkpt lat="44.989138" lon="3.670476">
        <ele>862.3</ele>
      </trkpt>
      <trkpt lat="44.989191" lon="3.670424">
        <ele>862.51</ele>
      </trkpt>
      <trkpt lat="44.989291" lon="3.670392">
        <ele>861.16</ele>
      </trkpt>
      <trkpt lat="44.989378" lon="3.670428">
        <ele>857.94</ele>
      </trkpt>
      <trkpt lat="44.989452" lon="3.670496">
        <ele>858.23</ele>
      </trkpt>
      <trkpt lat="44.989467" lon="3.670543">
        <ele>858.71</ele>
      </trkpt>
      <trkpt lat="44.989467" lon="3.670632">
        <ele>859.28</ele>
      </trkpt>
      <trkpt lat="44.989385" lon="3.670794">
        <ele>858.73</ele>
      </trkpt>
      <trkpt lat="44.989285" lon="3.670985">
        <ele>860.05</ele>
      </trkpt>
      <trkpt lat="44.989234" lon="3.671146">
        <ele>863.33</ele>
      </trkpt>
      <trkpt lat="44.989167" lon="3.671393">
        <ele>867.43</ele>
      </trkpt>
      <trkpt lat="44.98904" lon="3.671607">
        <ele>870.48</ele>
      </trkpt>
      <trkpt lat="44.988911" lon="3.671798">
        <ele>873.53</ele>
      </trkpt>
      <trkpt lat="44.988877" lon="3.671969">
        <ele>876.97</ele>
      </trkpt>
      <trkpt lat="44.988854" lon="3.672154">
        <ele>879.87</ele>
      </trkpt>
      <trkpt lat="44.988858" lon="3.672414">
        <ele>883.16</ele>
      </trkpt>
      <trkpt lat="44.988896" lon="3.672532">
        <ele>884.28</ele>
      </trkpt>
      <trkpt lat="44.988854" lon="3.672693">
        <ele>885.2</ele>
      </trkpt>
      <trkpt lat="44.988835" lon="3.672877">
        <ele>886.27</ele>
      </trkpt>
      <trkpt lat="44.98885" lon="3.67328">
        <ele>888.3</ele>
      </trkpt>
      <trkpt lat="44.988885" lon="3.673565">
        <ele>887.99</ele>
      </trkpt>
      <trkpt lat="44.988954" lon="3.673865">
        <ele>888.05</ele>
      </trkpt>
      <trkpt lat="44.989036" lon="3.674085">
        <ele>886.01</ele>
      </trkpt>
      <trkpt lat="44.989212" lon="3.674364">
        <ele>884.22</ele>
      </trkpt>
      <trkpt lat="44.989431" lon="3.674753">
        <ele>881.86</ele>
      </trkpt>
      <trkpt lat="44.989511" lon="3.674928">
        <ele>881.21</ele>
      </trkpt>
      <trkpt lat="44.989573" lon="3.675119">
        <ele>880.4</ele>
      </trkpt>
      <trkpt lat="44.98967" lon="3.675788">
        <ele>879.52</ele>
      </trkpt>
      <trkpt lat="44.98972" lon="3.676154">
        <ele>877.46</ele>
      </trkpt>
      <trkpt lat="44.98978" lon="3.676886">
        <ele>875.77</ele>
      </trkpt>
      <trkpt lat="44.989808" lon="3.677231">
        <ele>874.98</ele>
      </trkpt>
      <trkpt lat="44.989868" lon="3.677649">
        <ele>873.4</ele>
      </trkpt>
      <trkpt lat="44.989836" lon="3.677712">
        <ele>871.99</ele>
      </trkpt>
      <trkpt lat="44.990002" lon="3.678276">
        <ele>871.55</ele>
      </trkpt>
      <trkpt lat="44.990028" lon="3.678429">
        <ele>870.81</ele>
      </trkpt>
      <trkpt lat="44.990026" lon="3.678527">
        <ele>870.35</ele>
      </trkpt>
      <trkpt lat="44.989956" lon="3.678702">
        <ele>869.67</ele>
      </trkpt>
      <trkpt lat="44.989762" lon="3.678953">
        <ele>871.37</ele>
      </trkpt>
      <trkpt lat="44.989668" lon="3.679005">
        <ele>872.16</ele>
      </trkpt>
      <trkpt lat="44.989605" lon="3.679059">
        <ele>873.59</ele>
      </trkpt>
      <trkpt lat="44.989507" lon="3.679226">
        <ele>874.73</ele>
      </trkpt>
      <trkpt lat="44.989449" lon="3.679361">
        <ele>876.91</ele>
      </trkpt>
      <trkpt lat="44.989426" lon="3.679446">
        <ele>877.39</ele>
      </trkpt>
      <trkpt lat="44.989413" lon="3.679542">
        <ele>877.63</ele>
      </trkpt>
      <trkpt lat="44.989422" lon="3.679607">
        <ele>877.92</ele>
      </trkpt>
      <trkpt lat="44.989468" lon="3.679725">
        <ele>879.01</ele>
      </trkpt>
      <trkpt lat="44.989506" lon="3.679894">
        <ele>877.03</ele>
      </trkpt>
      <trkpt lat="44.989635" lon="3.680102">
        <ele>877.49</ele>
      </trkpt>
      <trkpt lat="44.989647" lon="3.680168">
        <ele>876.47</ele>
      </trkpt>
      <trkpt lat="44.989679" lon="3.680368">
        <ele>873.61</ele>
      </trkpt>
      <trkpt lat="44.990048" lon="3.680892">
        <ele>872.65</ele>
      </trkpt>
      <trkpt lat="44.990181" lon="3.681028">
        <ele>872.94</ele>
      </trkpt>
      <trkpt lat="44.990293" lon="3.681187">
        <ele>873.34</ele>
      </trkpt>
      <trkpt lat="44.990408" lon="3.681407">
        <ele>872.66</ele>
      </trkpt>
      <trkpt lat="44.990481" lon="3.681419">
        <ele>874.93</ele>
      </trkpt>
      <trkpt lat="44.990662" lon="3.681616">
        <ele>878.06</ele>
      </trkpt>
      <trkpt lat="44.990713" lon="3.681614">
        <ele>879.72</ele>
      </trkpt>
      <trkpt lat="44.990817" lon="3.681715">
        <ele>877.98</ele>
      </trkpt>
      <trkpt lat="44.991223" lon="3.681885">
        <ele>879.24</ele>
      </trkpt>
      <trkpt lat="44.991503" lon="3.682113">
        <ele>878.16</ele>
      </trkpt>
      <trkpt lat="44.991715" lon="3.682324">
        <ele>876.2</ele>
      </trkpt>
      <trkpt lat="44.991903" lon="3.682488">
        <ele>874.24</ele>
      </trkpt>
      <trkpt lat="44.991969" lon="3.682546">
        <ele>873.56</ele>
      </trkpt>
      <trkpt lat="44.991996" lon="3.68257">
        <ele>873.02</ele>
      </trkpt>
      <trkpt lat="44.992177" lon="3.682677">
        <ele>872.28</ele>
      </trkpt>
      <trkpt lat="44.992422" lon="3.682642">
        <ele>871.78</ele>
      </trkpt>
      <trkpt lat="44.992553" lon="3.682664">
        <ele>870.38</ele>
      </trkpt>
      <trkpt lat="44.992678" lon="3.682955">
        <ele>869.31</ele>
      </trkpt>
      <trkpt lat="44.992744" lon="3.683408">
        <ele>877.74</ele>
      </trkpt>
      <trkpt lat="44.992881" lon="3.683649">
        <ele>880.54</ele>
      </trkpt>
      <trkpt lat="44.992822" lon="3.683776">
        <ele>885.42</ele>
      </trkpt>
      <trkpt lat="44.992693" lon="3.68364">
        <ele>886.72</ele>
      </trkpt>
      <trkpt lat="44.992533" lon="3.683612">
        <ele>888.85</ele>
      </trkpt>
      <trkpt lat="44.992277" lon="3.683727">
        <ele>895.65</ele>
      </trkpt>
      <trkpt lat="44.992423" lon="3.684034">
        <ele>902.68</ele>
      </trkpt>
      <trkpt lat="44.992385" lon="3.68406">
        <ele>904.21</ele>
      </trkpt>
      <trkpt lat="44.992208" lon="3.68402">
        <ele>907.36</ele>
      </trkpt>
      <trkpt lat="44.992217" lon="3.6842">
        <ele>911.63</ele>
      </trkpt>
      <trkpt lat="44.992284" lon="3.684352">
        <ele>914.04</ele>
      </trkpt>
      <trkpt lat="44.992244" lon="3.684466">
        <ele>916.73</ele>
      </trkpt>
      <trkpt lat="44.992188" lon="3.68467">
        <ele>920.61</ele>
      </trkpt>
      <trkpt lat="44.99202" lon="3.685215">
        <ele>928.76</ele>
      </trkpt>
      <trkpt lat="44.99179" lon="3.685871">
        <ele>939.88</ele>
      </trkpt>
      <trkpt lat="44.991583" lon="3.685911">
        <ele>943.91</ele>
      </trkpt>
      <trkpt lat="44.991322" lon="3.685778">
        <ele>944.37</ele>
      </trkpt>
      <trkpt lat="44.9911" lon="3.685632">
        <ele>945.8</ele>
      </trkpt>
      <trkpt lat="44.990848" lon="3.685441">
        <ele>947.02</ele>
      </trkpt>
      <trkpt lat="44.990586" lon="3.685231">
        <ele>948.69</ele>
      </trkpt>
      <trkpt lat="44.990275" lon="3.684889">
        <ele>953.07</ele>
      </trkpt>
      <trkpt lat="44.99021" lon="3.684852">
        <ele>953.96</ele>
      </trkpt>
      <trkpt lat="44.990141" lon="3.684887">
        <ele>955.53</ele>
      </trkpt>
      <trkpt lat="44.989589" lon="3.68523">
        <ele>965.5</ele>
      </trkpt>
      <trkpt lat="44.989423" lon="3.685295">
        <ele>969.3</ele>
      </trkpt>
      <trkpt lat="44.989221" lon="3.685214">
        <ele>972.53</ele>
      </trkpt>
      <trkpt lat="44.988891" lon="3.685464">
        <ele>979.94</ele>
      </trkpt>
      <trkpt lat="44.988711" lon="3.685711">
        <ele>984.8</ele>
      </trkpt>
      <trkpt lat="44.988296" lon="3.686032">
        <ele>994.6</ele>
      </trkpt>
      <trkpt lat="44.988034" lon="3.686264">
        <ele>998.97</ele>
      </trkpt>
      <trkpt lat="44.987741" lon="3.686824">
        <ele>1004.66</ele>
      </trkpt>
      <trkpt lat="44.987562" lon="3.68702">
        <ele>1007.32</ele>
      </trkpt>
      <trkpt lat="44.987327" lon="3.687432">
        <ele>1011.66</ele>
      </trkpt>
      <trkpt lat="44.987261" lon="3.688002">
        <ele>1014.21</ele>
      </trkpt>
      <trkpt lat="44.987307" lon="3.688289">
        <ele>1015.87</ele>
      </trkpt>
      <trkpt lat="44.987318" lon="3.688589">
        <ele>1017.62</ele>
      </trkpt>
      <trkpt lat="44.987298" lon="3.689253">
        <ele>1021.3</ele>
      </trkpt>
      <trkpt lat="44.987293" lon="3.689423">
        <ele>1022.24</ele>
      </trkpt>
      <trkpt lat="44.987301" lon="3.690384">
        <ele>1024.89</ele>
      </trkpt>
      <trkpt lat="44.987286" lon="3.690958">
        <ele>1026.05</ele>
      </trkpt>
      <trkpt lat="44.987244" lon="3.69139">
        <ele>1026.86</ele>
      </trkpt>
      <trkpt lat="44.987172" lon="3.69194">
        <ele>1026.98</ele>
      </trkpt>
      <trkpt lat="44.987188" lon="3.692172">
        <ele>1028.02</ele>
      </trkpt>
      <trkpt lat="44.987244" lon="3.692614">
        <ele>1029.49</ele>
      </trkpt>
      <trkpt lat="44.987301" lon="3.693167">
        <ele>1031</ele>
      </trkpt>
      <trkpt lat="44.987372" lon="3.693362">
        <ele>1031.91</ele>
      </trkpt>
      <trkpt lat="44.987446" lon="3.693436">
        <ele>1032.69</ele>
      </trkpt>
      <trkpt lat="44.987474" lon="3.693975">
        <ele>1034.35</ele>
      </trkpt>
      <trkpt lat="44.987812" lon="3.695122">
        <ele>1041.51</ele>
      </trkpt>
      <trkpt lat="44.987843" lon="3.695608">
        <ele>1043</ele>
      </trkpt>
      <trkpt lat="44.987782" lon="3.697386">
        <ele>1052.77</ele>
      </trkpt>
      <trkpt lat="44.987757" lon="3.69804">
        <ele>1058.13</ele>
      </trkpt>
      <trkpt lat="44.987806" lon="3.69814">
        <ele>1059.15</ele>
      </trkpt>
      <trkpt lat="44.987906" lon="3.698227">
        <ele>1059.66</ele>
      </trkpt>
      <trkpt lat="44.988147" lon="3.698393">
        <ele>1062.84</ele>
      </trkpt>
      <trkpt lat="44.988306" lon="3.698525">
        <ele>1063.91</ele>
      </trkpt>
      <trkpt lat="44.988489" lon="3.698705">
        <ele>1065.87</ele>
      </trkpt>
      <trkpt lat="44.988767" lon="3.699018">
        <ele>1069.76</ele>
      </trkpt>
      <trkpt lat="44.988863" lon="3.699168">
        <ele>1071.44</ele>
      </trkpt>
      <trkpt lat="44.988984" lon="3.699429">
        <ele>1073.37</ele>
      </trkpt>
      <trkpt lat="44.989184" lon="3.699716">
        <ele>1075.2</ele>
      </trkpt>
      <trkpt lat="44.989353" lon="3.699979">
        <ele>1076.86</ele>
      </trkpt>
      <trkpt lat="44.989451" lon="3.700229">
        <ele>1078.08</ele>
      </trkpt>
      <trkpt lat="44.99024" lon="3.701979">
        <ele>1089.83</ele>
      </trkpt>
      <trkpt lat="44.990457" lon="3.70233">
        <ele>1092.51</ele>
      </trkpt>
      <trkpt lat="44.99051" lon="3.702525">
        <ele>1094.07</ele>
      </trkpt>
      <trkpt lat="44.99051" lon="3.702737">
        <ele>1095.25</ele>
      </trkpt>
      <trkpt lat="44.99039" lon="3.703267">
        <ele>1099.62</ele>
      </trkpt>
      <trkpt lat="44.990386" lon="3.703506">
        <ele>1101.97</ele>
      </trkpt>
      <trkpt lat="44.990704" lon="3.704554">
        <ele>1110.04</ele>
      </trkpt>
      <trkpt lat="44.990858" lon="3.705723">
        <ele>1121.43</ele>
      </trkpt>
      <trkpt lat="44.990965" lon="3.706318">
        <ele>1127.7</ele>
      </trkpt>
      <trkpt lat="44.991039" lon="3.706496">
        <ele>1128.97</ele>
      </trkpt>
      <trkpt lat="44.991145" lon="3.706752">
        <ele>1130.57</ele>
      </trkpt>
      <trkpt lat="44.991385" lon="3.707039">
        <ele>1131.95</ele>
      </trkpt>
      <trkpt lat="44.992027" lon="3.70758">
        <ele>1138.83</ele>
      </trkpt>
      <trkpt lat="44.992514" lon="3.708188">
        <ele>1145.15</ele>
      </trkpt>
      <trkpt lat="44.993009" lon="3.708869">
        <ele>1149.28</ele>
      </trkpt>
      <trkpt lat="44.993469" lon="3.709845">
        <ele>1153.66</ele>
      </trkpt>
      <trkpt lat="44.994383" lon="3.711233">
        <ele>1162.25</ele>
      </trkpt>
      <trkpt lat="44.994597" lon="3.712159">
        <ele>1171.07</ele>
      </trkpt>
      <trkpt lat="44.994754" lon="3.712556">
        <ele>1174.47</ele>
      </trkpt>
      <trkpt lat="44.994818" lon="3.71287">
        <ele>1178.09</ele>
      </trkpt>
      <trkpt lat="44.994946" lon="3.7135">
        <ele>1181.71</ele>
      </trkpt>
      <trkpt lat="44.995115" lon="3.714169">
        <ele>1190.47</ele>
      </trkpt>
      <trkpt lat="44.995281" lon="3.714821">
        <ele>1194.61</ele>
      </trkpt>
      <trkpt lat="44.995538" lon="3.715445">
        <ele>1196.35</ele>
      </trkpt>
      <trkpt lat="44.995795" lon="3.716068">
        <ele>1200.47</ele>
      </trkpt>
      <trkpt lat="44.995912" lon="3.716279">
        <ele>1201.61</ele>
      </trkpt>
      <trkpt lat="44.996888" lon="3.716661">
        <ele>1204.13</ele>
      </trkpt>
      <trkpt lat="44.997225" lon="3.71693">
        <ele>1205</ele>
      </trkpt>
      <trkpt lat="44.997354" lon="3.717234">
        <ele>1205</ele>
      </trkpt>
      <trkpt lat="44.997514" lon="3.718202">
        <ele>1205.79</ele>
      </trkpt>
      <trkpt lat="44.997985" lon="3.719249">
        <ele>1206</ele>
      </trkpt>
      <trkpt lat="44.998225" lon="3.719436">
        <ele>1206</ele>
      </trkpt>
      <trkpt lat="44.998444" lon="3.719746">
        <ele>1206</ele>
      </trkpt>
      <trkpt lat="44.997953" lon="3.720922">
        <ele>1206</ele>
      </trkpt>
      <trkpt lat="44.997805" lon="3.721439">
        <ele>1206</ele>
      </trkpt>
      <trkpt lat="44.997725" lon="3.722134">
        <ele>1205.65</ele>
      </trkpt>
      <trkpt lat="44.997651" lon="3.722224">
        <ele>1205.2</ele>
      </trkpt>
      <trkpt lat="44.997534" lon="3.722211">
        <ele>1205.1</ele>
      </trkpt>
      <trkpt lat="44.997402" lon="3.722263">
        <ele>1205.4</ele>
      </trkpt>
      <trkpt lat="44.997287" lon="3.722373">
        <ele>1205.04</ele>
      </trkpt>
      <trkpt lat="44.997149" lon="3.72247">
        <ele>1205.03</ele>
      </trkpt>
      <trkpt lat="44.997079" lon="3.722621">
        <ele>1204.68</ele>
      </trkpt>
      <trkpt lat="44.997158" lon="3.723117">
        <ele>1202.27</ele>
      </trkpt>
      <trkpt lat="44.997128" lon="3.723697">
        <ele>1196.27</ele>
      </trkpt>
      <trkpt lat="44.997248" lon="3.724326">
        <ele>1192.1</ele>
      </trkpt>
      <trkpt lat="44.997293" lon="3.724561">
        <ele>1190.55</ele>
      </trkpt>
      <trkpt lat="44.997263" lon="3.724936">
        <ele>1187.61</ele>
      </trkpt>
      <trkpt lat="44.997126" lon="3.72526">
        <ele>1182.62</ele>
      </trkpt>
      <trkpt lat="44.996949" lon="3.725435">
        <ele>1178.91</ele>
      </trkpt>
      <trkpt lat="44.99661" lon="3.726011">
        <ele>1170.28</ele>
      </trkpt>
      <trkpt lat="44.996726" lon="3.726475">
        <ele>1168.59</ele>
      </trkpt>
      <trkpt lat="44.996833" lon="3.727258">
        <ele>1163.88</ele>
      </trkpt>
      <trkpt lat="44.996835" lon="3.727654">
        <ele>1161.92</ele>
      </trkpt>
      <trkpt lat="44.996299" lon="3.728734">
        <ele>1151.83</ele>
      </trkpt>
      <trkpt lat="44.996159" lon="3.728907">
        <ele>1149.77</ele>
      </trkpt>
      <trkpt lat="44.995872" lon="3.729128">
        <ele>1146.41</ele>
      </trkpt>
      <trkpt lat="44.995504" lon="3.729304">
        <ele>1142.3</ele>
      </trkpt>
      <trkpt lat="44.995482" lon="3.729434">
        <ele>1141.61</ele>
      </trkpt>
      <trkpt lat="44.994813" lon="3.730665">
        <ele>1132.41</ele>
      </trkpt>
      <trkpt lat="44.994488" lon="3.73114">
        <ele>1128.08</ele>
      </trkpt>
      <trkpt lat="44.994104" lon="3.731824">
        <ele>1122.88</ele>
      </trkpt>
      <trkpt lat="44.993979" lon="3.731951">
        <ele>1121.85</ele>
      </trkpt>
      <trkpt lat="44.993828" lon="3.732048">
        <ele>1120.61</ele>
      </trkpt>
      <trkpt lat="44.993515" lon="3.732145">
        <ele>1118.04</ele>
      </trkpt>
      <trkpt lat="44.993203" lon="3.732241">
        <ele>1117.58</ele>
      </trkpt>
      <trkpt lat="44.993297" lon="3.732768">
        <ele>1117</ele>
      </trkpt>
      <trkpt lat="44.993635" lon="3.73352">
        <ele>1115.98</ele>
      </trkpt>
      <trkpt lat="44.993632" lon="3.733607">
        <ele>1116</ele>
      </trkpt>
      <trkpt lat="44.993429" lon="3.734002">
        <ele>1117.02</ele>
      </trkpt>
      <trkpt lat="44.993113" lon="3.73434">
        <ele>1119.27</ele>
      </trkpt>
      <trkpt lat="44.993018" lon="3.734523">
        <ele>1120.09</ele>
      </trkpt>
      <trkpt lat="44.992821" lon="3.735017">
        <ele>1122.44</ele>
      </trkpt>
      <trkpt lat="44.992615" lon="3.735432">
        <ele>1123.75</ele>
      </trkpt>
      <trkpt lat="44.992547" lon="3.73553">
        <ele>1124.35</ele>
      </trkpt>
      <trkpt lat="44.992349" lon="3.736037">
        <ele>1124.07</ele>
      </trkpt>
      <trkpt lat="44.992149" lon="3.736473">
        <ele>1124.18</ele>
      </trkpt>
      <trkpt lat="44.991968" lon="3.737216">
        <ele>1124.14</ele>
      </trkpt>
      <trkpt lat="44.991967" lon="3.737537">
        <ele>1123.69</ele>
      </trkpt>
      <trkpt lat="44.99193" lon="3.737674">
        <ele>1124</ele>
      </trkpt>
      <trkpt lat="44.991851" lon="3.737816">
        <ele>1124.65</ele>
      </trkpt>
      <trkpt lat="44.991763" lon="3.738141">
        <ele>1125.37</ele>
      </trkpt>
      <trkpt lat="44.991491" lon="3.738855">
        <ele>1126.6</ele>
      </trkpt>
      <trkpt lat="44.991298" lon="3.739194">
        <ele>1127</ele>
      </trkpt>
      <trkpt lat="44.991026" lon="3.739575">
        <ele>1126.94</ele>
      </trkpt>
      <trkpt lat="44.990854" lon="3.740032">
        <ele>1125.13</ele>
      </trkpt>
      <trkpt lat="44.990744" lon="3.740405">
        <ele>1123.87</ele>
      </trkpt>
      <trkpt lat="44.990584" lon="3.740668">
        <ele>1122.66</ele>
      </trkpt>
      <trkpt lat="44.990078" lon="3.741227">
        <ele>1121.49</ele>
      </trkpt>
      <trkpt lat="44.989934" lon="3.74141">
        <ele>1120.84</ele>
      </trkpt>
      <trkpt lat="44.989782" lon="3.741857">
        <ele>1117.47</ele>
      </trkpt>
      <trkpt lat="44.990009" lon="3.742097">
        <ele>1115.57</ele>
      </trkpt>
      <trkpt lat="44.990084" lon="3.742165">
        <ele>1114.87</ele>
      </trkpt>
      <trkpt lat="44.990279" lon="3.74229">
        <ele>1113.25</ele>
      </trkpt>
      <trkpt lat="44.990616" lon="3.742482">
        <ele>1110.85</ele>
      </trkpt>
      <trkpt lat="44.99089" lon="3.742643">
        <ele>1109.17</ele>
      </trkpt>
      <trkpt lat="44.990953" lon="3.742705">
        <ele>1109</ele>
      </trkpt>
      <trkpt lat="44.990374" lon="3.743675">
        <ele>1105.08</ele>
      </trkpt>
      <trkpt lat="44.990298" lon="3.743789">
        <ele>1103.71</ele>
      </trkpt>
      <trkpt lat="44.990242" lon="3.743854">
        <ele>1103.08</ele>
      </trkpt>
      <trkpt lat="44.989943" lon="3.744103">
        <ele>1101.67</ele>
      </trkpt>
      <trkpt lat="44.989849" lon="3.744247">
        <ele>1100.9</ele>
      </trkpt>
      <trkpt lat="44.989804" lon="3.744356">
        <ele>1100.52</ele>
      </trkpt>
      <trkpt lat="44.989758" lon="3.744499">
        <ele>1099.47</ele>
      </trkpt>
      <trkpt lat="44.989608" lon="3.745046">
        <ele>1096.92</ele>
      </trkpt>
      <trkpt lat="44.989568" lon="3.745163">
        <ele>1096.59</ele>
      </trkpt>
      <trkpt lat="44.989502" lon="3.745285">
        <ele>1095.79</ele>
      </trkpt>
      <trkpt lat="44.989428" lon="3.745398">
        <ele>1094.47</ele>
      </trkpt>
      <trkpt lat="44.989271" lon="3.74562">
        <ele>1093.12</ele>
      </trkpt>
      <trkpt lat="44.988787" lon="3.746256">
        <ele>1088.24</ele>
      </trkpt>
      <trkpt lat="44.988763" lon="3.746182">
        <ele>1088.5</ele>
      </trkpt>
      <trkpt lat="44.988755" lon="3.746016">
        <ele>1088.9</ele>
      </trkpt>
      <trkpt lat="44.988755" lon="3.745527">
        <ele>1089.27</ele>
      </trkpt>
      <trkpt lat="44.98872" lon="3.745175">
        <ele>1089.76</ele>
      </trkpt>
      <trkpt lat="44.988692" lon="3.745001">
        <ele>1090</ele>
      </trkpt>
      <trkpt lat="44.988631" lon="3.744923">
        <ele>1090</ele>
      </trkpt>
      <trkpt lat="44.988238" lon="3.744699">
        <ele>1091.45</ele>
      </trkpt>
      <trkpt lat="44.988155" lon="3.744699">
        <ele>1092.03</ele>
      </trkpt>
      <trkpt lat="44.988082" lon="3.744473">
        <ele>1092.92</ele>
      </trkpt>
      <trkpt lat="44.987961" lon="3.744541">
        <ele>1094.99</ele>
      </trkpt>
      <trkpt lat="44.987864" lon="3.744674">
        <ele>1096.53</ele>
      </trkpt>
      <trkpt lat="44.987835" lon="3.744697">
        <ele>1096.82</ele>
      </trkpt>
      <trkpt lat="44.987712" lon="3.744875">
        <ele>1098.03</ele>
      </trkpt>
      <trkpt lat="44.987648" lon="3.744939">
        <ele>1098.68</ele>
      </trkpt>
      <trkpt lat="44.987619" lon="3.744953">
        <ele>1099.17</ele>
      </trkpt>
      <trkpt lat="44.987416" lon="3.744941">
        <ele>1105.32</ele>
      </trkpt>
      <trkpt lat="44.987346" lon="3.744969">
        <ele>1106.39</ele>
      </trkpt>
      <trkpt lat="44.987287" lon="3.744969">
        <ele>1107.92</ele>
      </trkpt>
      <trkpt lat="44.987145" lon="3.745069">
        <ele>1110.01</ele>
      </trkpt>
      <trkpt lat="44.987082" lon="3.745073">
        <ele>1111.46</ele>
      </trkpt>
      <trkpt lat="44.986847" lon="3.745191">
        <ele>1114.45</ele>
      </trkpt>
      <trkpt lat="44.986561" lon="3.745321">
        <ele>1116.22</ele>
      </trkpt>
      <trkpt lat="44.986465" lon="3.745384">
        <ele>1115.46</ele>
      </trkpt>
      <trkpt lat="44.986399" lon="3.745369">
        <ele>1116.24</ele>
      </trkpt>
      <trkpt lat="44.986372" lon="3.745268">
        <ele>1118.22</ele>
      </trkpt>
      <trkpt lat="44.986045" lon="3.745386">
        <ele>1119.17</ele>
      </trkpt>
      <trkpt lat="44.985945" lon="3.745368">
        <ele>1120.52</ele>
      </trkpt>
      <trkpt lat="44.985677" lon="3.744989">
        <ele>1126.78</ele>
      </trkpt>
      <trkpt lat="44.985404" lon="3.744593">
        <ele>1130.09</ele>
      </trkpt>
      <trkpt lat="44.985313" lon="3.744507">
        <ele>1130.57</ele>
      </trkpt>
      <trkpt lat="44.985258" lon="3.744439">
        <ele>1131.04</ele>
      </trkpt>
      <trkpt lat="44.984991" lon="3.744111">
        <ele>1133.26</ele>
      </trkpt>
      <trkpt lat="44.984911" lon="3.744025">
        <ele>1133.94</ele>
      </trkpt>
      <trkpt lat="44.984741" lon="3.743881">
        <ele>1134.74</ele>
      </trkpt>
      <trkpt lat="44.984635" lon="3.743813">
        <ele>1135.55</ele>
      </trkpt>
      <trkpt lat="44.984412" lon="3.743699">
        <ele>1137.16</ele>
      </trkpt>
      <trkpt lat="44.9843" lon="3.74363">
        <ele>1138.31</ele>
      </trkpt>
      <trkpt lat="44.984219" lon="3.743564">
        <ele>1138.87</ele>
      </trkpt>
      <trkpt lat="44.984156" lon="3.743498">
        <ele>1138.32</ele>
      </trkpt>
      <trkpt lat="44.984112" lon="3.743432">
        <ele>1138.77</ele>
      </trkpt>
      <trkpt lat="44.984088" lon="3.743372">
        <ele>1138.99</ele>
      </trkpt>
      <trkpt lat="44.984083" lon="3.743282">
        <ele>1138.8</ele>
      </trkpt>
      <trkpt lat="44.983777" lon="3.743337">
        <ele>1141</ele>
      </trkpt>
      <trkpt lat="44.983635" lon="3.743388">
        <ele>1141.22</ele>
      </trkpt>
      <trkpt lat="44.983352" lon="3.743579">
        <ele>1142.17</ele>
      </trkpt>
      <trkpt lat="44.982674" lon="3.743785">
        <ele>1144.16</ele>
      </trkpt>
      <trkpt lat="44.982112" lon="3.743841">
        <ele>1148.16</ele>
      </trkpt>
      <trkpt lat="44.981895" lon="3.743884">
        <ele>1150.71</ele>
      </trkpt>
      <trkpt lat="44.981788" lon="3.743872">
        <ele>1151.07</ele>
      </trkpt>
      <trkpt lat="44.981474" lon="3.743983">
        <ele>1154.6</ele>
      </trkpt>
      <trkpt lat="44.980732" lon="3.744007">
        <ele>1163.65</ele>
      </trkpt>
      <trkpt lat="44.979851" lon="3.744452">
        <ele>1168.51</ele>
      </trkpt>
      <trkpt lat="44.979334" lon="3.744428">
        <ele>1168.93</ele>
      </trkpt>
      <trkpt lat="44.979179" lon="3.744462">
        <ele>1169.84</ele>
      </trkpt>
      <trkpt lat="44.978649" lon="3.744809">
        <ele>1176.66</ele>
      </trkpt>
      <trkpt lat="44.978528" lon="3.744904">
        <ele>1177.96</ele>
      </trkpt>
      <trkpt lat="44.978154" lon="3.745198">
        <ele>1181.98</ele>
      </trkpt>
      <trkpt lat="44.977143" lon="3.746024">
        <ele>1189</ele>
      </trkpt>
      <trkpt lat="44.97661" lon="3.746476">
        <ele>1191</ele>
      </trkpt>
      <trkpt lat="44.976256" lon="3.746762">
        <ele>1191.84</ele>
      </trkpt>
      <trkpt lat="44.9757" lon="3.746858">
        <ele>1193.16</ele>
      </trkpt>
      <trkpt lat="44.975267" lon="3.74677">
        <ele>1194.85</ele>
      </trkpt>
      <trkpt lat="44.974431" lon="3.74687">
        <ele>1201.3</ele>
      </trkpt>
      <trkpt lat="44.973874" lon="3.746937">
        <ele>1208.82</ele>
      </trkpt>
      <trkpt lat="44.973346" lon="3.746897">
        <ele>1214.38</ele>
      </trkpt>
      <trkpt lat="44.972362" lon="3.74715">
        <ele>1219.85</ele>
      </trkpt>
      <trkpt lat="44.9721" lon="3.747427">
        <ele>1221.99</ele>
      </trkpt>
      <trkpt lat="44.971482" lon="3.747819">
        <ele>1228.17</ele>
      </trkpt>
      <trkpt lat="44.970495" lon="3.748446">
        <ele>1244.04</ele>
      </trkpt>
      <trkpt lat="44.970001" lon="3.74876">
        <ele>1243.44</ele>
      </trkpt>
      <trkpt lat="44.969508" lon="3.749074">
        <ele>1250.32</ele>
      </trkpt>
      <trkpt lat="44.968526" lon="3.749607">
        <ele>1268.21</ele>
      </trkpt>
      <trkpt lat="44.968035" lon="3.749873">
        <ele>1270.94</ele>
      </trkpt>
      <trkpt lat="44.967092" lon="3.750413">
        <ele>1274.15</ele>
      </trkpt>
      <trkpt lat="44.966856" lon="3.750548">
        <ele>1277.72</ele>
      </trkpt>
      <trkpt lat="44.96662" lon="3.750683">
        <ele>1277.02</ele>
      </trkpt>
      <trkpt lat="44.96583" lon="3.751236">
        <ele>1285.52</ele>
      </trkpt>
      <trkpt lat="44.965614" lon="3.751423">
        <ele>1286.63</ele>
      </trkpt>
      <trkpt lat="44.965181" lon="3.751799">
        <ele>1293.81</ele>
      </trkpt>
      <trkpt lat="44.96472" lon="3.752134">
        <ele>1303.79</ele>
      </trkpt>
      <trkpt lat="44.96449" lon="3.752302">
        <ele>1307.03</ele>
      </trkpt>
      <trkpt lat="44.964259" lon="3.752469">
        <ele>1307.58</ele>
      </trkpt>
      <trkpt lat="44.964138" lon="3.752582">
        <ele>1307.68</ele>
      </trkpt>
      <trkpt lat="44.963997" lon="3.752657">
        <ele>1307.84</ele>
      </trkpt>
      <trkpt lat="44.963838" lon="3.75277">
        <ele>1307.02</ele>
      </trkpt>
      <trkpt lat="44.963728" lon="3.752872">
        <ele>1306.56</ele>
      </trkpt>
      <trkpt lat="44.963618" lon="3.75292">
        <ele>1306.81</ele>
      </trkpt>
      <trkpt lat="44.963287" lon="3.752963">
        <ele>1306.06</ele>
      </trkpt>
      <trkpt lat="44.963025" lon="3.753017">
        <ele>1303.96</ele>
      </trkpt>
      <trkpt lat="44.962817" lon="3.75298">
        <ele>1302</ele>
      </trkpt>
      <trkpt lat="44.962653" lon="3.752814">
        <ele>1300.42</ele>
      </trkpt>
      <trkpt lat="44.962384" lon="3.752722">
        <ele>1297.65</ele>
      </trkpt>
      <trkpt lat="44.962289" lon="3.752755">
        <ele>1297.49</ele>
      </trkpt>
      <trkpt lat="44.962178" lon="3.752852">
        <ele>1297.32</ele>
      </trkpt>
      <trkpt lat="44.962068" lon="3.753023">
        <ele>1297.13</ele>
      </trkpt>
      <trkpt lat="44.962038" lon="3.753117">
        <ele>1296.64</ele>
      </trkpt>
      <trkpt lat="44.961945" lon="3.753204">
        <ele>1295.11</ele>
      </trkpt>
      <trkpt lat="44.961864" lon="3.753297">
        <ele>1293.89</ele>
      </trkpt>
      <trkpt lat="44.961787" lon="3.753298">
        <ele>1293.26</ele>
      </trkpt>
      <trkpt lat="44.961669" lon="3.75341">
        <ele>1293</ele>
      </trkpt>
      <trkpt lat="44.961496" lon="3.753356">
        <ele>1292.13</ele>
      </trkpt>
      <trkpt lat="44.961377" lon="3.753364">
        <ele>1291.77</ele>
      </trkpt>
      <trkpt lat="44.961303" lon="3.753326">
        <ele>1291.99</ele>
      </trkpt>
      <trkpt lat="44.961137" lon="3.753192">
        <ele>1292.94</ele>
      </trkpt>
      <trkpt lat="44.961025" lon="3.753403">
        <ele>1293.45</ele>
      </trkpt>
      <trkpt lat="44.960896" lon="3.753558">
        <ele>1294.35</ele>
      </trkpt>
      <trkpt lat="44.960686" lon="3.753729">
        <ele>1294.85</ele>
      </trkpt>
      <trkpt lat="44.960491" lon="3.753859">
        <ele>1298.07</ele>
      </trkpt>
      <trkpt lat="44.960395" lon="3.753923">
        <ele>1299.65</ele>
      </trkpt>
      <trkpt lat="44.960274" lon="3.754106">
        <ele>1302.63</ele>
      </trkpt>
      <trkpt lat="44.96011" lon="3.754304">
        <ele>1304.03</ele>
      </trkpt>
      <trkpt lat="44.96" lon="3.754417">
        <ele>1305.79</ele>
      </trkpt>
      <trkpt lat="44.959833" lon="3.754562">
        <ele>1308.49</ele>
      </trkpt>
      <trkpt lat="44.959579" lon="3.754866">
        <ele>1308.01</ele>
      </trkpt>
      <trkpt lat="44.959518" lon="3.754904">
        <ele>1307.4</ele>
      </trkpt>
      <trkpt lat="44.959446" lon="3.7549">
        <ele>1308.21</ele>
      </trkpt>
      <trkpt lat="44.959317" lon="3.75481">
        <ele>1311.14</ele>
      </trkpt>
      <trkpt lat="44.959196" lon="3.754771">
        <ele>1312.01</ele>
      </trkpt>
      <trkpt lat="44.959091" lon="3.754767">
        <ele>1312.34</ele>
      </trkpt>
      <trkpt lat="44.958655" lon="3.754998">
        <ele>1314.07</ele>
      </trkpt>
      <trkpt lat="44.958477" lon="3.755087">
        <ele>1317.1</ele>
      </trkpt>
      <trkpt lat="44.958356" lon="3.755181">
        <ele>1319.26</ele>
      </trkpt>
      <trkpt lat="44.958266" lon="3.755207">
        <ele>1320.5</ele>
      </trkpt>
      <trkpt lat="44.958034" lon="3.755297">
        <ele>1321.81</ele>
      </trkpt>
      <trkpt lat="44.957434" lon="3.755618">
        <ele>1322.51</ele>
      </trkpt>
      <trkpt lat="44.957134" lon="3.755838">
        <ele>1326.56</ele>
      </trkpt>
      <trkpt lat="44.956891" lon="3.756112">
        <ele>1327.55</ele>
      </trkpt>
      <trkpt lat="44.95685" lon="3.756133">
        <ele>1327.55</ele>
      </trkpt>
      <trkpt lat="44.956758" lon="3.756096">
        <ele>1328.01</ele>
      </trkpt>
      <trkpt lat="44.956645" lon="3.756074">
        <ele>1327.97</ele>
      </trkpt>
      <trkpt lat="44.956565" lon="3.756144">
        <ele>1327.99</ele>
      </trkpt>
      <trkpt lat="44.95655" lon="3.756305">
        <ele>1329</ele>
      </trkpt>
      <trkpt lat="44.956542" lon="3.756509">
        <ele>1328.83</ele>
      </trkpt>
      <trkpt lat="44.956455" lon="3.75667">
        <ele>1327.77</ele>
      </trkpt>
      <trkpt lat="44.95609" lon="3.756906">
        <ele>1320.71</ele>
      </trkpt>
      <trkpt lat="44.955063" lon="3.757308">
        <ele>1312</ele>
      </trkpt>
      <trkpt lat="44.954771" lon="3.757388">
        <ele>1311.39</ele>
      </trkpt>
      <trkpt lat="44.954648" lon="3.757383">
        <ele>1312.24</ele>
      </trkpt>
      <trkpt lat="44.954386" lon="3.75741">
        <ele>1314.3</ele>
      </trkpt>
      <trkpt lat="44.954226" lon="3.757523">
        <ele>1316.26</ele>
      </trkpt>
      <trkpt lat="44.953957" lon="3.757796">
        <ele>1320.07</ele>
      </trkpt>
      <trkpt lat="44.953615" lon="3.758177">
        <ele>1323.76</ele>
      </trkpt>
      <trkpt lat="44.953395" lon="3.758311">
        <ele>1326.38</ele>
      </trkpt>
      <trkpt lat="44.953289" lon="3.758242">
        <ele>1327.38</ele>
      </trkpt>
      <trkpt lat="44.953167" lon="3.757984">
        <ele>1328.56</ele>
      </trkpt>
      <trkpt lat="44.95311" lon="3.757775">
        <ele>1327.9</ele>
      </trkpt>
      <trkpt lat="44.953012" lon="3.757759">
        <ele>1328.43</ele>
      </trkpt>
      <trkpt lat="44.952875" lon="3.757941">
        <ele>1331.61</ele>
      </trkpt>
      <trkpt lat="44.952621" lon="3.758462">
        <ele>1337.72</ele>
      </trkpt>
      <trkpt lat="44.952484" lon="3.758606">
        <ele>1339.46</ele>
      </trkpt>
      <trkpt lat="44.95218" lon="3.758671">
        <ele>1341.16</ele>
      </trkpt>
      <trkpt lat="44.952112" lon="3.758794">
        <ele>1342.78</ele>
      </trkpt>
      <trkpt lat="44.95207" lon="3.759121">
        <ele>1347.4</ele>
      </trkpt>
      <trkpt lat="44.95199" lon="3.759347">
        <ele>1349.99</ele>
      </trkpt>
      <trkpt lat="44.951808" lon="3.759443">
        <ele>1349.69</ele>
      </trkpt>
      <trkpt lat="44.95152" lon="3.759502">
        <ele>1349.82</ele>
      </trkpt>
      <trkpt lat="44.951094" lon="3.75977">
        <ele>1352</ele>
      </trkpt>
      <trkpt lat="44.950747" lon="3.76017">
        <ele>1348.67</ele>
      </trkpt>
      <trkpt lat="44.950588" lon="3.760296">
        <ele>1347.11</ele>
      </trkpt>
      <trkpt lat="44.95014" lon="3.760538">
        <ele>1346.9</ele>
      </trkpt>
      <trkpt lat="44.949785" lon="3.760884">
        <ele>1347.83</ele>
      </trkpt>
      <trkpt lat="44.94962" lon="3.761063">
        <ele>1345.28</ele>
      </trkpt>
      <trkpt lat="44.949456" lon="3.761243">
        <ele>1344.82</ele>
      </trkpt>
      <trkpt lat="44.949306" lon="3.761388">
        <ele>1343.72</ele>
      </trkpt>
      <trkpt lat="44.949156" lon="3.761479">
        <ele>1344.51</ele>
      </trkpt>
      <trkpt lat="44.948978" lon="3.761694">
        <ele>1347.95</ele>
      </trkpt>
      <trkpt lat="44.948849" lon="3.761801">
        <ele>1349.29</ele>
      </trkpt>
      <trkpt lat="44.948239" lon="3.762485">
        <ele>1354.76</ele>
      </trkpt>
      <trkpt lat="44.947977" lon="3.762694">
        <ele>1355.59</ele>
      </trkpt>
      <trkpt lat="44.947924" lon="3.762796">
        <ele>1355.38</ele>
      </trkpt>
      <trkpt lat="44.94786" lon="3.762871">
        <ele>1355.17</ele>
      </trkpt>
      <trkpt lat="44.947564" lon="3.763083">
        <ele>1350.51</ele>
      </trkpt>
      <trkpt lat="44.947142" lon="3.763371">
        <ele>1347.43</ele>
      </trkpt>
      <trkpt lat="44.946931" lon="3.763515">
        <ele>1349.43</ele>
      </trkpt>
      <trkpt lat="44.946288" lon="3.763931">
        <ele>1358.74</ele>
      </trkpt>
      <trkpt lat="44.946166" lon="3.763979">
        <ele>1360.09</ele>
      </trkpt>
      <trkpt lat="44.94602" lon="3.763979">
        <ele>1362.75</ele>
      </trkpt>
      <trkpt lat="44.945722" lon="3.763943">
        <ele>1365.99</ele>
      </trkpt>
      <trkpt lat="44.945604" lon="3.76399">
        <ele>1366.31</ele>
      </trkpt>
      <trkpt lat="44.945486" lon="3.764026">
        <ele>1364.88</ele>
      </trkpt>
      <trkpt lat="44.945368" lon="3.764173">
        <ele>1363.69</ele>
      </trkpt>
      <trkpt lat="44.945243" lon="3.764234">
        <ele>1360.87</ele>
      </trkpt>
      <trkpt lat="44.945079" lon="3.764332">
        <ele>1357.99</ele>
      </trkpt>
      <trkpt lat="44.944984" lon="3.764405">
        <ele>1357.21</ele>
      </trkpt>
      <trkpt lat="44.944779" lon="3.764448">
        <ele>1356.35</ele>
      </trkpt>
      <trkpt lat="44.944289" lon="3.764609">
        <ele>1358.5</ele>
      </trkpt>
      <trkpt lat="44.943543" lon="3.764874">
        <ele>1364.77</ele>
      </trkpt>
      <trkpt lat="44.943045" lon="3.76505">
        <ele>1371</ele>
      </trkpt>
      <trkpt lat="44.943016" lon="3.765112">
        <ele>1372</ele>
      </trkpt>
      <trkpt lat="44.942969" lon="3.765256">
        <ele>1373.46</ele>
      </trkpt>
      <trkpt lat="44.94289" lon="3.765279">
        <ele>1374.48</ele>
      </trkpt>
      <trkpt lat="44.942791" lon="3.76512">
        <ele>1374.63</ele>
      </trkpt>
      <trkpt lat="44.942664" lon="3.76498">
        <ele>1375.33</ele>
      </trkpt>
      <trkpt lat="44.942542" lon="3.764993">
        <ele>1377.5</ele>
      </trkpt>
      <trkpt lat="44.94233" lon="3.764995">
        <ele>1382.63</ele>
      </trkpt>
      <trkpt lat="44.942253" lon="3.764975">
        <ele>1384.24</ele>
      </trkpt>
      <trkpt lat="44.942029" lon="3.764971">
        <ele>1389.13</ele>
      </trkpt>
      <trkpt lat="44.94135" lon="3.765028">
        <ele>1402.26</ele>
      </trkpt>
      <trkpt lat="44.941003" lon="3.765237">
        <ele>1410.84</ele>
      </trkpt>
      <trkpt lat="44.940706" lon="3.76528">
        <ele>1417.78</ele>
      </trkpt>
      <trkpt lat="44.940427" lon="3.765099">
        <ele>1418.45</ele>
      </trkpt>
      <trkpt lat="44.940171" lon="3.764879">
        <ele>1417.62</ele>
      </trkpt>
      <trkpt lat="44.940056" lon="3.764816">
        <ele>1417.47</ele>
      </trkpt>
      <trkpt lat="44.939916" lon="3.764851">
        <ele>1418.01</ele>
      </trkpt>
      <trkpt lat="44.939696" lon="3.764969">
        <ele>1419.52</ele>
      </trkpt>
      <trkpt lat="44.939282" lon="3.765022">
        <ele>1418.99</ele>
      </trkpt>
      <trkpt lat="44.938907" lon="3.764973">
        <ele>1419</ele>
      </trkpt>
      <trkpt lat="44.938629" lon="3.764887">
        <ele>1419</ele>
      </trkpt>
      <trkpt lat="44.938352" lon="3.764802">
        <ele>1416.2</ele>
      </trkpt>
      <trkpt lat="44.938075" lon="3.764716">
        <ele>1410.38</ele>
      </trkpt>
      <trkpt lat="44.937771" lon="3.76484">
        <ele>1401.9</ele>
      </trkpt>
      <trkpt lat="44.937572" lon="3.764719">
        <ele>1397.07</ele>
      </trkpt>
      <trkpt lat="44.937314" lon="3.764687">
        <ele>1389.77</ele>
      </trkpt>
      <trkpt lat="44.936374" lon="3.764786">
        <ele>1352.17</ele>
      </trkpt>
      <trkpt lat="44.935337" lon="3.764936">
        <ele>1326.42</ele>
      </trkpt>
      <trkpt lat="44.934818" lon="3.765011">
        <ele>1317.75</ele>
      </trkpt>
      <trkpt lat="44.933465" lon="3.765223">
        <ele>1303.93</ele>
      </trkpt>
      <trkpt lat="44.932372" lon="3.765398">
        <ele>1299.51</ele>
      </trkpt>
      <trkpt lat="44.931779" lon="3.765486">
        <ele>1300</ele>
      </trkpt>
      <trkpt lat="44.93127" lon="3.765573">
        <ele>1302</ele>
      </trkpt>
      <trkpt lat="44.930436" lon="3.765715">
        <ele>1310.28</ele>
      </trkpt>
      <trkpt lat="44.930066" lon="3.765878">
        <ele>1313.63</ele>
      </trkpt>
      <trkpt lat="44.929951" lon="3.765957">
        <ele>1315.52</ele>
      </trkpt>
      <trkpt lat="44.929844" lon="3.766135">
        <ele>1317.75</ele>
      </trkpt>
      <trkpt lat="44.929642" lon="3.766638">
        <ele>1323.39</ele>
      </trkpt>
      <trkpt lat="44.929513" lon="3.766935">
        <ele>1327.83</ele>
      </trkpt>
      <trkpt lat="44.929474" lon="3.767273">
        <ele>1330.53</ele>
      </trkpt>
      <trkpt lat="44.929396" lon="3.767949">
        <ele>1339.48</ele>
      </trkpt>
      <trkpt lat="44.929393" lon="3.76844">
        <ele>1341.53</ele>
      </trkpt>
      <trkpt lat="44.929435" lon="3.768824">
        <ele>1342.04</ele>
      </trkpt>
      <trkpt lat="44.929491" lon="3.769125">
        <ele>1341.14</ele>
      </trkpt>
      <trkpt lat="44.929519" lon="3.769438">
        <ele>1341.1</ele>
      </trkpt>
      <trkpt lat="44.929522" lon="3.769645">
        <ele>1340.02</ele>
      </trkpt>
      <trkpt lat="44.929514" lon="3.769931">
        <ele>1339.14</ele>
      </trkpt>
      <trkpt lat="44.929444" lon="3.770137">
        <ele>1340.51</ele>
      </trkpt>
      <trkpt lat="44.929365" lon="3.770313">
        <ele>1342.68</ele>
      </trkpt>
      <trkpt lat="44.929332" lon="3.770387">
        <ele>1343.58</ele>
      </trkpt>
      <trkpt lat="44.929024" lon="3.770655">
        <ele>1347.6</ele>
      </trkpt>
      <trkpt lat="44.928511" lon="3.770812">
        <ele>1353.84</ele>
      </trkpt>
      <trkpt lat="44.928026" lon="3.770962">
        <ele>1356.3</ele>
      </trkpt>
      <trkpt lat="44.927448" lon="3.771008">
        <ele>1357.11</ele>
      </trkpt>
      <trkpt lat="44.926965" lon="3.771009">
        <ele>1357.35</ele>
      </trkpt>
      <trkpt lat="44.926795" lon="3.770931">
        <ele>1358.56</ele>
      </trkpt>
      <trkpt lat="44.926642" lon="3.770923">
        <ele>1357.42</ele>
      </trkpt>
      <trkpt lat="44.926439" lon="3.770938">
        <ele>1356.39</ele>
      </trkpt>
      <trkpt lat="44.926313" lon="3.770933">
        <ele>1356.43</ele>
      </trkpt>
      <trkpt lat="44.926376" lon="3.770332">
        <ele>1373.64</ele>
      </trkpt>
      <trkpt lat="44.926455" lon="3.769873">
        <ele>1383.7</ele>
      </trkpt>
      <trkpt lat="44.926598" lon="3.769818">
        <ele>1389.04</ele>
      </trkpt>
      <trkpt lat="44.926648" lon="3.769624">
        <ele>1392.63</ele>
      </trkpt>
      <trkpt lat="44.926477" lon="3.769311">
        <ele>1386.56</ele>
      </trkpt>
      <trkpt lat="44.926306" lon="3.768913">
        <ele>1380.11</ele>
      </trkpt>
      <trkpt lat="44.926247" lon="3.768777">
        <ele>1377.84</ele>
      </trkpt>
      <trkpt lat="44.926124" lon="3.768584">
        <ele>1373.54</ele>
      </trkpt>
      <trkpt lat="44.924535" lon="3.768728">
        <ele>1345.35</ele>
      </trkpt>
      <trkpt lat="44.923772" lon="3.768798">
        <ele>1325</ele>
      </trkpt>
      <trkpt lat="44.923263" lon="3.768845">
        <ele>1313.88</ele>
      </trkpt>
      <trkpt lat="44.922446" lon="3.768927">
        <ele>1301.82</ele>
      </trkpt>
      <trkpt lat="44.921512" lon="3.769025">
        <ele>1291.79</ele>
      </trkpt>
      <trkpt lat="44.921319" lon="3.769046">
        <ele>1289.71</ele>
      </trkpt>
      <trkpt lat="44.921171" lon="3.769174">
        <ele>1287.28</ele>
      </trkpt>
      <trkpt lat="44.920741" lon="3.769646">
        <ele>1282.11</ele>
      </trkpt>
      <trkpt lat="44.919837" lon="3.769818">
        <ele>1272.8</ele>
      </trkpt>
      <trkpt lat="44.919317" lon="3.76978">
        <ele>1269.14</ele>
      </trkpt>
      <trkpt lat="44.919028" lon="3.769652">
        <ele>1268.05</ele>
      </trkpt>
      <trkpt lat="44.918675" lon="3.769351">
        <ele>1267</ele>
      </trkpt>
      <trkpt lat="44.918444" lon="3.76926">
        <ele>1265.52</ele>
      </trkpt>
      <trkpt lat="44.918156" lon="3.769285">
        <ele>1265.02</ele>
      </trkpt>
      <trkpt lat="44.918106" lon="3.769319">
        <ele>1265.01</ele>
      </trkpt>
      <trkpt lat="44.918062" lon="3.769424">
        <ele>1264.4</ele>
      </trkpt>
      <trkpt lat="44.918126" lon="3.76961">
        <ele>1263.32</ele>
      </trkpt>
      <trkpt lat="44.918084" lon="3.769853">
        <ele>1261.58</ele>
      </trkpt>
      <trkpt lat="44.918048" lon="3.770251">
        <ele>1258.59</ele>
      </trkpt>
      <trkpt lat="44.918035" lon="3.770745">
        <ele>1254.55</ele>
      </trkpt>
      <trkpt lat="44.918007" lon="3.770986">
        <ele>1252.65</ele>
      </trkpt>
      <trkpt lat="44.918017" lon="3.771426">
        <ele>1250.02</ele>
      </trkpt>
      <trkpt lat="44.917987" lon="3.771715">
        <ele>1248.12</ele>
      </trkpt>
      <trkpt lat="44.917985" lon="3.771995">
        <ele>1246.45</ele>
      </trkpt>
      <trkpt lat="44.918017" lon="3.772184">
        <ele>1245.35</ele>
      </trkpt>
      <trkpt lat="44.918001" lon="3.772644">
        <ele>1242.68</ele>
      </trkpt>
      <trkpt lat="44.918011" lon="3.773099">
        <ele>1241.04</ele>
      </trkpt>
      <trkpt lat="44.918015" lon="3.773226">
        <ele>1240.3</ele>
      </trkpt>
      <trkpt lat="44.918039" lon="3.773431">
        <ele>1239.17</ele>
      </trkpt>
      <trkpt lat="44.917928" lon="3.773588">
        <ele>1239.19</ele>
      </trkpt>
      <trkpt lat="44.917696" lon="3.77382">
        <ele>1237.84</ele>
      </trkpt>
      <trkpt lat="44.917659" lon="3.773964">
        <ele>1237</ele>
      </trkpt>
      <trkpt lat="44.917577" lon="3.774089">
        <ele>1236.28</ele>
      </trkpt>
      <trkpt lat="44.917461" lon="3.774385">
        <ele>1235.56</ele>
      </trkpt>
      <trkpt lat="44.917332" lon="3.774963">
        <ele>1234.17</ele>
      </trkpt>
      <trkpt lat="44.917248" lon="3.775095">
        <ele>1234.25</ele>
      </trkpt>
      <trkpt lat="44.917122" lon="3.775384">
        <ele>1234</ele>
      </trkpt>
      <trkpt lat="44.917016" lon="3.775808">
        <ele>1234</ele>
      </trkpt>
      <trkpt lat="44.916959" lon="3.776216">
        <ele>1234.08</ele>
      </trkpt>
      <trkpt lat="44.916745" lon="3.776811">
        <ele>1235</ele>
      </trkpt>
      <trkpt lat="44.916747" lon="3.77709">
        <ele>1235.68</ele>
      </trkpt>
      <trkpt lat="44.916722" lon="3.777437">
        <ele>1235.19</ele>
      </trkpt>
      <trkpt lat="44.916695" lon="3.777616">
        <ele>1235.52</ele>
      </trkpt>
      <trkpt lat="44.916656" lon="3.77788">
        <ele>1236</ele>
      </trkpt>
      <trkpt lat="44.91669" lon="3.778131">
        <ele>1236.03</ele>
      </trkpt>
      <trkpt lat="44.916656" lon="3.778568">
        <ele>1236.86</ele>
      </trkpt>
      <trkpt lat="44.916638" lon="3.778947">
        <ele>1236.59</ele>
      </trkpt>
      <trkpt lat="44.916661" lon="3.779146">
        <ele>1236</ele>
      </trkpt>
      <trkpt lat="44.916677" lon="3.779413">
        <ele>1236</ele>
      </trkpt>
      <trkpt lat="44.916713" lon="3.779711">
        <ele>1235</ele>
      </trkpt>
      <trkpt lat="44.916695" lon="3.779994">
        <ele>1235.1</ele>
      </trkpt>
      <trkpt lat="44.916704" lon="3.78011">
        <ele>1235.01</ele>
      </trkpt>
      <trkpt lat="44.916679" lon="3.780389">
        <ele>1235</ele>
      </trkpt>
      <trkpt lat="44.916608" lon="3.780621">
        <ele>1234.88</ele>
      </trkpt>
      <trkpt lat="44.916617" lon="3.78082">
        <ele>1234.96</ele>
      </trkpt>
      <trkpt lat="44.91649" lon="3.781421">
        <ele>1235.52</ele>
      </trkpt>
      <trkpt lat="44.916308" lon="3.781918">
        <ele>1234.04</ele>
      </trkpt>
      <trkpt lat="44.916131" lon="3.78223">
        <ele>1232.93</ele>
      </trkpt>
      <trkpt lat="44.916031" lon="3.782439">
        <ele>1232.86</ele>
      </trkpt>
      <trkpt lat="44.916006" lon="3.78259">
        <ele>1232.39</ele>
      </trkpt>
      <trkpt lat="44.915999" lon="3.782847">
        <ele>1231.01</ele>
      </trkpt>
      <trkpt lat="44.915912" lon="3.783062">
        <ele>1230.64</ele>
      </trkpt>
      <trkpt lat="44.915887" lon="3.783223">
        <ele>1229.92</ele>
      </trkpt>
      <trkpt lat="44.915751" lon="3.783547">
        <ele>1229.15</ele>
      </trkpt>
      <trkpt lat="44.915676" lon="3.783881">
        <ele>1228.14</ele>
      </trkpt>
      <trkpt lat="44.915485" lon="3.785038">
        <ele>1228.05</ele>
      </trkpt>
      <trkpt lat="44.915314" lon="3.785558">
        <ele>1228.49</ele>
      </trkpt>
      <trkpt lat="44.914991" lon="3.786387">
        <ele>1230.2</ele>
      </trkpt>
      <trkpt lat="44.914899" lon="3.78655">
        <ele>1231.53</ele>
      </trkpt>
      <trkpt lat="44.914623" lon="3.787448">
        <ele>1231.5</ele>
      </trkpt>
      <trkpt lat="44.914445" lon="3.787901">
        <ele>1231.73</ele>
      </trkpt>
      <trkpt lat="44.91433" lon="3.788397">
        <ele>1232.09</ele>
      </trkpt>
      <trkpt lat="44.914119" lon="3.789122">
        <ele>1234.17</ele>
      </trkpt>
      <trkpt lat="44.914001" lon="3.789359">
        <ele>1234.61</ele>
      </trkpt>
      <trkpt lat="44.913939" lon="3.789586">
        <ele>1234.74</ele>
      </trkpt>
      <trkpt lat="44.91386" lon="3.78952">
        <ele>1235.39</ele>
      </trkpt>
      <trkpt lat="44.913748" lon="3.789516">
        <ele>1235.82</ele>
      </trkpt>
      <trkpt lat="44.913728" lon="3.78965">
        <ele>1236</ele>
      </trkpt>
      <trkpt lat="44.913636" lon="3.789792">
        <ele>1235.79</ele>
      </trkpt>
      <trkpt lat="44.913537" lon="3.78987">
        <ele>1235.4</ele>
      </trkpt>
      <trkpt lat="44.913321" lon="3.79002">
        <ele>1232.37</ele>
      </trkpt>
      <trkpt lat="44.913159" lon="3.790195">
        <ele>1229.58</ele>
      </trkpt>
      <trkpt lat="44.913039" lon="3.790415">
        <ele>1226.64</ele>
      </trkpt>
      <trkpt lat="44.912867" lon="3.790388">
        <ele>1222.38</ele>
      </trkpt>
      <trkpt lat="44.912669" lon="3.790264">
        <ele>1219.68</ele>
      </trkpt>
      <trkpt lat="44.912544" lon="3.790238">
        <ele>1217.43</ele>
      </trkpt>
      <trkpt lat="44.912188" lon="3.790107">
        <ele>1208.77</ele>
      </trkpt>
      <trkpt lat="44.912156" lon="3.789435">
        <ele>1208.91</ele>
      </trkpt>
      <trkpt lat="44.912067" lon="3.788907">
        <ele>1209.11</ele>
      </trkpt>
      <trkpt lat="44.912011" lon="3.788577">
        <ele>1209.24</ele>
      </trkpt>
      <trkpt lat="44.911692" lon="3.787594">
        <ele>1207.62</ele>
      </trkpt>
      <trkpt lat="44.91144" lon="3.787142">
        <ele>1208.15</ele>
      </trkpt>
      <trkpt lat="44.911049" lon="3.786641">
        <ele>1207.79</ele>
      </trkpt>
      <trkpt lat="44.910651" lon="3.786333">
        <ele>1207.6</ele>
      </trkpt>
      <trkpt lat="44.910174" lon="3.786035">
        <ele>1208.12</ele>
      </trkpt>
      <trkpt lat="44.909553" lon="3.785745">
        <ele>1207.77</ele>
      </trkpt>
      <trkpt lat="44.908922" lon="3.785476">
        <ele>1207.46</ele>
      </trkpt>
      <trkpt lat="44.908182" lon="3.785364">
        <ele>1207</ele>
      </trkpt>
      <trkpt lat="44.90786" lon="3.785367">
        <ele>1207</ele>
      </trkpt>
      <trkpt lat="44.90746" lon="3.785466">
        <ele>1207.26</ele>
      </trkpt>
      <trkpt lat="44.907112" lon="3.785653">
        <ele>1207.03</ele>
      </trkpt>
      <trkpt lat="44.906861" lon="3.785982">
        <ele>1207.11</ele>
      </trkpt>
      <trkpt lat="44.906587" lon="3.786472">
        <ele>1207.02</ele>
      </trkpt>
      <trkpt lat="44.9064" lon="3.786882">
        <ele>1207</ele>
      </trkpt>
      <trkpt lat="44.906281" lon="3.787119">
        <ele>1207.32</ele>
      </trkpt>
      <trkpt lat="44.906132" lon="3.78754">
        <ele>1207</ele>
      </trkpt>
      <trkpt lat="44.905912" lon="3.788712">
        <ele>1207.16</ele>
      </trkpt>
      <trkpt lat="44.905856" lon="3.789147">
        <ele>1207.16</ele>
      </trkpt>
      <trkpt lat="44.905819" lon="3.789685">
        <ele>1207.42</ele>
      </trkpt>
      <trkpt lat="44.905802" lon="3.789933">
        <ele>1207.53</ele>
      </trkpt>
      <trkpt lat="44.905815" lon="3.790377">
        <ele>1207.43</ele>
      </trkpt>
      <trkpt lat="44.905838" lon="3.790734">
        <ele>1207.36</ele>
      </trkpt>
      <trkpt lat="44.905884" lon="3.791216">
        <ele>1207</ele>
      </trkpt>
      <trkpt lat="44.905891" lon="3.791466">
        <ele>1207.6</ele>
      </trkpt>
      <trkpt lat="44.905864" lon="3.791617">
        <ele>1208.06</ele>
      </trkpt>
      <trkpt lat="44.905901" lon="3.791889">
        <ele>1208.61</ele>
      </trkpt>
      <trkpt lat="44.905971" lon="3.792133">
        <ele>1208.08</ele>
      </trkpt>
      <trkpt lat="44.906031" lon="3.792216">
        <ele>1207.73</ele>
      </trkpt>
      <trkpt lat="44.905764" lon="3.792471">
        <ele>1213.44</ele>
      </trkpt>
      <trkpt lat="44.905642" lon="3.792645">
        <ele>1215.97</ele>
      </trkpt>
      <trkpt lat="44.905573" lon="3.792935">
        <ele>1218.12</ele>
      </trkpt>
      <trkpt lat="44.905561" lon="3.793054">
        <ele>1218.51</ele>
      </trkpt>
      <trkpt lat="44.905398" lon="3.793404">
        <ele>1220.87</ele>
      </trkpt>
      <trkpt lat="44.905224" lon="3.793692">
        <ele>1224.67</ele>
      </trkpt>
      <trkpt lat="44.904976" lon="3.794133">
        <ele>1229.66</ele>
      </trkpt>
      <trkpt lat="44.904964" lon="3.794143">
        <ele>1229.86</ele>
      </trkpt>
      <trkpt lat="44.904958" lon="3.794165">
        <ele>1230.11</ele>
      </trkpt>
      <trkpt lat="44.90486" lon="3.794234">
        <ele>1232</ele>
      </trkpt>
      <trkpt lat="44.904317" lon="3.794334">
        <ele>1241.73</ele>
      </trkpt>
      <trkpt lat="44.904225" lon="3.794362">
        <ele>1244.2</ele>
      </trkpt>
      <trkpt lat="44.904175" lon="3.794356">
        <ele>1245.32</ele>
      </trkpt>
      <trkpt lat="44.904061" lon="3.794305">
        <ele>1247.24</ele>
      </trkpt>
      <trkpt lat="44.904018" lon="3.794303">
        <ele>1248.25</ele>
      </trkpt>
      <trkpt lat="44.903826" lon="3.794356">
        <ele>1252.54</ele>
      </trkpt>
      <trkpt lat="44.903699" lon="3.794368">
        <ele>1254.59</ele>
      </trkpt>
      <trkpt lat="44.903636" lon="3.79436">
        <ele>1255.87</ele>
      </trkpt>
      <trkpt lat="44.903604" lon="3.794382">
        <ele>1256.79</ele>
      </trkpt>
      <trkpt lat="44.903563" lon="3.79439">
        <ele>1257.98</ele>
      </trkpt>
      <trkpt lat="44.903471" lon="3.794379">
        <ele>1259.85</ele>
      </trkpt>
      <trkpt lat="44.903411" lon="3.794345">
        <ele>1260.47</ele>
      </trkpt>
      <trkpt lat="44.903235" lon="3.794215">
        <ele>1262.3</ele>
      </trkpt>
      <trkpt lat="44.903175" lon="3.794185">
        <ele>1263.17</ele>
      </trkpt>
      <trkpt lat="44.903122" lon="3.794172">
        <ele>1263.25</ele>
      </trkpt>
      <trkpt lat="44.903081" lon="3.79418">
        <ele>1263.47</ele>
      </trkpt>
      <trkpt lat="44.90305" lon="3.794206">
        <ele>1263.72</ele>
      </trkpt>
      <trkpt lat="44.903015" lon="3.794277">
        <ele>1264.09</ele>
      </trkpt>
      <trkpt lat="44.902951" lon="3.794319">
        <ele>1264.34</ele>
      </trkpt>
      <trkpt lat="44.902608" lon="3.794391">
        <ele>1260.86</ele>
      </trkpt>
      <trkpt lat="44.902472" lon="3.794406">
        <ele>1257.42</ele>
      </trkpt>
      <trkpt lat="44.902286" lon="3.794409">
        <ele>1255.74</ele>
      </trkpt>
      <trkpt lat="44.901776" lon="3.794384">
        <ele>1251.12</ele>
      </trkpt>
      <trkpt lat="44.90163" lon="3.794368">
        <ele>1249.89</ele>
      </trkpt>
      <trkpt lat="44.901326" lon="3.794308">
        <ele>1247.73</ele>
      </trkpt>
      <trkpt lat="44.901185" lon="3.794263">
        <ele>1247.55</ele>
      </trkpt>
      <trkpt lat="44.900811" lon="3.794117">
        <ele>1244.33</ele>
      </trkpt>
      <trkpt lat="44.900595" lon="3.794047">
        <ele>1242.96</ele>
      </trkpt>
      <trkpt lat="44.900151" lon="3.793928">
        <ele>1241.01</ele>
      </trkpt>
      <trkpt lat="44.899865" lon="3.793817">
        <ele>1240</ele>
      </trkpt>
      <trkpt lat="44.899696" lon="3.793738">
        <ele>1239.4</ele>
      </trkpt>
      <trkpt lat="44.899565" lon="3.793669">
        <ele>1238.71</ele>
      </trkpt>
      <trkpt lat="44.899357" lon="3.793533">
        <ele>1238.36</ele>
      </trkpt>
      <trkpt lat="44.899126" lon="3.793353">
        <ele>1238.19</ele>
      </trkpt>
      <trkpt lat="44.898836" lon="3.793107">
        <ele>1237.2</ele>
      </trkpt>
      <trkpt lat="44.898756" lon="3.79305">
        <ele>1237.06</ele>
      </trkpt>
      <trkpt lat="44.898678" lon="3.793003">
        <ele>1237.3</ele>
      </trkpt>
      <trkpt lat="44.898497" lon="3.792934">
        <ele>1236.36</ele>
      </trkpt>
      <trkpt lat="44.898251" lon="3.792884">
        <ele>1236.01</ele>
      </trkpt>
      <trkpt lat="44.897832" lon="3.792845">
        <ele>1235.46</ele>
      </trkpt>
      <trkpt lat="44.897093" lon="3.792868">
        <ele>1234.08</ele>
      </trkpt>
      <trkpt lat="44.896853" lon="3.792844">
        <ele>1233.24</ele>
      </trkpt>
      <trkpt lat="44.89661" lon="3.792789">
        <ele>1232.82</ele>
      </trkpt>
      <trkpt lat="44.89581" lon="3.792573">
        <ele>1231</ele>
      </trkpt>
      <trkpt lat="44.895647" lon="3.792518">
        <ele>1231.01</ele>
      </trkpt>
      <trkpt lat="44.895221" lon="3.792348">
        <ele>1229.61</ele>
      </trkpt>
      <trkpt lat="44.8949" lon="3.792178">
        <ele>1228.11</ele>
      </trkpt>
      <trkpt lat="44.894724" lon="3.79207">
        <ele>1228</ele>
      </trkpt>
      <trkpt lat="44.894251" lon="3.791718">
        <ele>1226.66</ele>
      </trkpt>
      <trkpt lat="44.894078" lon="3.791605">
        <ele>1226.1</ele>
      </trkpt>
      <trkpt lat="44.89379" lon="3.791451">
        <ele>1225</ele>
      </trkpt>
      <trkpt lat="44.893575" lon="3.791362">
        <ele>1224.1</ele>
      </trkpt>
      <trkpt lat="44.892141" lon="3.790838">
        <ele>1221.9</ele>
      </trkpt>
      <trkpt lat="44.89186" lon="3.790768">
        <ele>1221.31</ele>
      </trkpt>
      <trkpt lat="44.891696" lon="3.790755">
        <ele>1221.38</ele>
      </trkpt>
      <trkpt lat="44.891205" lon="3.790924">
        <ele>1221</ele>
      </trkpt>
      <trkpt lat="44.891112" lon="3.790946">
        <ele>1221</ele>
      </trkpt>
      <trkpt lat="44.890991" lon="3.790956">
        <ele>1220.92</ele>
      </trkpt>
      <trkpt lat="44.890776" lon="3.790949">
        <ele>1220.25</ele>
      </trkpt>
      <trkpt lat="44.89052" lon="3.790924">
        <ele>1220.98</ele>
      </trkpt>
      <trkpt lat="44.890235" lon="3.790904">
        <ele>1219.85</ele>
      </trkpt>
      <trkpt lat="44.889881" lon="3.790919">
        <ele>1218.34</ele>
      </trkpt>
      <trkpt lat="44.889792" lon="3.79094">
        <ele>1218.02</ele>
      </trkpt>
      <trkpt lat="44.88972" lon="3.790975">
        <ele>1217.47</ele>
      </trkpt>
      <trkpt lat="44.889689" lon="3.791003">
        <ele>1217.21</ele>
      </trkpt>
      <trkpt lat="44.889647" lon="3.790938">
        <ele>1217</ele>
      </trkpt>
      <trkpt lat="44.889609" lon="3.790896">
        <ele>1217</ele>
      </trkpt>
      <trkpt lat="44.88932" lon="3.790734">
        <ele>1217</ele>
      </trkpt>
      <trkpt lat="44.888618" lon="3.79026">
        <ele>1217</ele>
      </trkpt>
      <trkpt lat="44.888316" lon="3.790032">
        <ele>1217</ele>
      </trkpt>
      <trkpt lat="44.888256" lon="3.790098">
        <ele>1217</ele>
      </trkpt>
      <trkpt lat="44.888175" lon="3.790146">
        <ele>1217</ele>
      </trkpt>
      <trkpt lat="44.88791" lon="3.790214">
        <ele>1217</ele>
      </trkpt>
      <trkpt lat="44.886849" lon="3.790403">
        <ele>1217.52</ele>
      </trkpt>
      <trkpt lat="44.885939" lon="3.79055">
        <ele>1217</ele>
      </trkpt>
      <trkpt lat="44.885615" lon="3.79059">
        <ele>1217</ele>
      </trkpt>
      <trkpt lat="44.884999" lon="3.790733">
        <ele>1217.64</ele>
      </trkpt>
      <trkpt lat="44.884645" lon="3.790792">
        <ele>1216.82</ele>
      </trkpt>
      <trkpt lat="44.884394" lon="3.790841">
        <ele>1215.09</ele>
      </trkpt>
      <trkpt lat="44.884235" lon="3.790892">
        <ele>1215</ele>
      </trkpt>
      <trkpt lat="44.883581" lon="3.791174">
        <ele>1212.95</ele>
      </trkpt>
      <trkpt lat="44.882563" lon="3.791518">
        <ele>1210.94</ele>
      </trkpt>
      <trkpt lat="44.882239" lon="3.791641">
        <ele>1210.46</ele>
      </trkpt>
      <trkpt lat="44.881712" lon="3.791887">
        <ele>1209.69</ele>
      </trkpt>
      <trkpt lat="44.881211" lon="3.79215">
        <ele>1207.27</ele>
      </trkpt>
      <trkpt lat="44.880397" lon="3.792629">
        <ele>1204.98</ele>
      </trkpt>
      <trkpt lat="44.879309" lon="3.793374">
        <ele>1200.15</ele>
      </trkpt>
      <trkpt lat="44.878451" lon="3.794008">
        <ele>1197</ele>
      </trkpt>
      <trkpt lat="44.878265" lon="3.794261">
        <ele>1196</ele>
      </trkpt>
      <trkpt lat="44.878112" lon="3.794461">
        <ele>1195.21</ele>
      </trkpt>
      <trkpt lat="44.877016" lon="3.795649">
        <ele>1194</ele>
      </trkpt>
      <trkpt lat="44.876857" lon="3.795795">
        <ele>1194</ele>
      </trkpt>
      <trkpt lat="44.876576" lon="3.796019">
        <ele>1195</ele>
      </trkpt>
      <trkpt lat="44.876257" lon="3.796301">
        <ele>1195</ele>
      </trkpt>
      <trkpt lat="44.876116" lon="3.796389">
        <ele>1194.9</ele>
      </trkpt>
      <trkpt lat="44.875999" lon="3.796447">
        <ele>1194.71</ele>
      </trkpt>
      <trkpt lat="44.87569" lon="3.796573">
        <ele>1194.15</ele>
      </trkpt>
      <trkpt lat="44.875558" lon="3.796639">
        <ele>1193.87</ele>
      </trkpt>
      <trkpt lat="44.874054" lon="3.797529">
        <ele>1193.92</ele>
      </trkpt>
      <trkpt lat="44.872968" lon="3.798151">
        <ele>1192.62</ele>
      </trkpt>
      <trkpt lat="44.872387" lon="3.798493">
        <ele>1190.46</ele>
      </trkpt>
      <trkpt lat="44.872135" lon="3.798662">
        <ele>1189.77</ele>
      </trkpt>
      <trkpt lat="44.871602" lon="3.799067">
        <ele>1186.75</ele>
      </trkpt>
      <trkpt lat="44.871156" lon="3.799377">
        <ele>1184.15</ele>
      </trkpt>
      <trkpt lat="44.870892" lon="3.799577">
        <ele>1182.98</ele>
      </trkpt>
      <trkpt lat="44.870411" lon="3.800005">
        <ele>1180.02</ele>
      </trkpt>
      <trkpt lat="44.869877" lon="3.800405">
        <ele>1177.66</ele>
      </trkpt>
      <trkpt lat="44.869262" lon="3.800816">
        <ele>1174.61</ele>
      </trkpt>
      <trkpt lat="44.869043" lon="3.80098">
        <ele>1173.82</ele>
      </trkpt>
      <trkpt lat="44.868873" lon="3.801127">
        <ele>1173.38</ele>
      </trkpt>
      <trkpt lat="44.868773" lon="3.801201">
        <ele>1172.6</ele>
      </trkpt>
      <trkpt lat="44.868679" lon="3.801258">
        <ele>1171.94</ele>
      </trkpt>
      <trkpt lat="44.868307" lon="3.801443">
        <ele>1170.95</ele>
      </trkpt>
      <trkpt lat="44.867794" lon="3.801682">
        <ele>1169.94</ele>
      </trkpt>
      <trkpt lat="44.867543" lon="3.801811">
        <ele>1168.95</ele>
      </trkpt>
      <trkpt lat="44.867299" lon="3.801956">
        <ele>1168.13</ele>
      </trkpt>
      <trkpt lat="44.866931" lon="3.802204">
        <ele>1167.81</ele>
      </trkpt>
      <trkpt lat="44.86651" lon="3.802582">
        <ele>1167</ele>
      </trkpt>
      <trkpt lat="44.865666" lon="3.803292">
        <ele>1164</ele>
      </trkpt>
      <trkpt lat="44.865425" lon="3.803536">
        <ele>1163.01</ele>
      </trkpt>
      <trkpt lat="44.865299" lon="3.803695">
        <ele>1162.92</ele>
      </trkpt>
      <trkpt lat="44.865239" lon="3.803753">
        <ele>1162.73</ele>
      </trkpt>
      <trkpt lat="44.865187" lon="3.803791">
        <ele>1162.26</ele>
      </trkpt>
      <trkpt lat="44.865017" lon="3.803833">
        <ele>1161.34</ele>
      </trkpt>
      <trkpt lat="44.864922" lon="3.803881">
        <ele>1161.07</ele>
      </trkpt>
      <trkpt lat="44.864822" lon="3.803967">
        <ele>1161</ele>
      </trkpt>
      <trkpt lat="44.864648" lon="3.804179">
        <ele>1160.5</ele>
      </trkpt>
      <trkpt lat="44.864599" lon="3.804262">
        <ele>1160.55</ele>
      </trkpt>
      <trkpt lat="44.864556" lon="3.804361">
        <ele>1160.28</ele>
      </trkpt>
      <trkpt lat="44.864415" lon="3.804861">
        <ele>1160.31</ele>
      </trkpt>
      <trkpt lat="44.864347" lon="3.805058">
        <ele>1160</ele>
      </trkpt>
      <trkpt lat="44.864285" lon="3.805203">
        <ele>1160</ele>
      </trkpt>
      <trkpt lat="44.864077" lon="3.805624">
        <ele>1159.86</ele>
      </trkpt>
      <trkpt lat="44.863677" lon="3.806508">
        <ele>1158.17</ele>
      </trkpt>
      <trkpt lat="44.86351" lon="3.806951">
        <ele>1157.67</ele>
      </trkpt>
      <trkpt lat="44.863445" lon="3.807078">
        <ele>1157.48</ele>
      </trkpt>
      <trkpt lat="44.863353" lon="3.80724">
        <ele>1157</ele>
      </trkpt>
      <trkpt lat="44.862685" lon="3.808217">
        <ele>1154</ele>
      </trkpt>
      <trkpt lat="44.862427" lon="3.808533">
        <ele>1153.58</ele>
      </trkpt>
      <trkpt lat="44.862275" lon="3.808703">
        <ele>1153.01</ele>
      </trkpt>
      <trkpt lat="44.862233" lon="3.808765">
        <ele>1153</ele>
      </trkpt>
      <trkpt lat="44.862198" lon="3.808835">
        <ele>1153</ele>
      </trkpt>
      <trkpt lat="44.862115" lon="3.809075">
        <ele>1152.85</ele>
      </trkpt>
      <trkpt lat="44.861903" lon="3.809448">
        <ele>1152</ele>
      </trkpt>
      <trkpt lat="44.861768" lon="3.809557">
        <ele>1152</ele>
      </trkpt>
      <trkpt lat="44.861355" lon="3.809794">
        <ele>1151</ele>
      </trkpt>
      <trkpt lat="44.861213" lon="3.809893">
        <ele>1151</ele>
      </trkpt>
      <trkpt lat="44.86055" lon="3.810433">
        <ele>1151</ele>
      </trkpt>
      <trkpt lat="44.860436" lon="3.810544">
        <ele>1151</ele>
      </trkpt>
      <trkpt lat="44.860185" lon="3.810825">
        <ele>1151</ele>
      </trkpt>
      <trkpt lat="44.860127" lon="3.810907">
        <ele>1151.07</ele>
      </trkpt>
      <trkpt lat="44.859836" lon="3.811452">
        <ele>1150.03</ele>
      </trkpt>
      <trkpt lat="44.859784" lon="3.811532">
        <ele>1150.08</ele>
      </trkpt>
      <trkpt lat="44.859676" lon="3.811656">
        <ele>1150.02</ele>
      </trkpt>
      <trkpt lat="44.859533" lon="3.811764">
        <ele>1150.24</ele>
      </trkpt>
      <trkpt lat="44.859444" lon="3.81181">
        <ele>1150</ele>
      </trkpt>
      <trkpt lat="44.859144" lon="3.811928">
        <ele>1149.72</ele>
      </trkpt>
      <trkpt lat="44.859081" lon="3.812001">
        <ele>1149.1</ele>
      </trkpt>
      <trkpt lat="44.859064" lon="3.81206">
        <ele>1149.02</ele>
      </trkpt>
      <trkpt lat="44.859057" lon="3.812134">
        <ele>1149.09</ele>
      </trkpt>
      <trkpt lat="44.859072" lon="3.812529">
        <ele>1149</ele>
      </trkpt>
      <trkpt lat="44.859092" lon="3.812749">
        <ele>1149</ele>
      </trkpt>
      <trkpt lat="44.859089" lon="3.812892">
        <ele>1149</ele>
      </trkpt>
      <trkpt lat="44.859277" lon="3.813378">
        <ele>1148.96</ele>
      </trkpt>
      <trkpt lat="44.859469" lon="3.814008">
        <ele>1148.05</ele>
      </trkpt>
      <trkpt lat="44.860016" lon="3.815353">
        <ele>1147</ele>
      </trkpt>
      <trkpt lat="44.86008" lon="3.815479">
        <ele>1147</ele>
      </trkpt>
      <trkpt lat="44.860221" lon="3.815703">
        <ele>1147</ele>
      </trkpt>
      <trkpt lat="44.860323" lon="3.815828">
        <ele>1147</ele>
      </trkpt>
      <trkpt lat="44.860524" lon="3.816043">
        <ele>1147</ele>
      </trkpt>
      <trkpt lat="44.860717" lon="3.816222">
        <ele>1147</ele>
      </trkpt>
      <trkpt lat="44.860944" lon="3.816508">
        <ele>1147</ele>
      </trkpt>
      <trkpt lat="44.861182" lon="3.816768">
        <ele>1148</ele>
      </trkpt>
      <trkpt lat="44.861266" lon="3.816873">
        <ele>1148</ele>
      </trkpt>
      <trkpt lat="44.861381" lon="3.817048">
        <ele>1148</ele>
      </trkpt>
      <trkpt lat="44.861349" lon="3.817217">
        <ele>1148</ele>
      </trkpt>
      <trkpt lat="44.861264" lon="3.817423">
        <ele>1148</ele>
      </trkpt>
      <trkpt lat="44.861223" lon="3.817492">
        <ele>1148</ele>
      </trkpt>
      <trkpt lat="44.860826" lon="3.817965">
        <ele>1148</ele>
      </trkpt>
      <trkpt lat="44.860771" lon="3.818011">
        <ele>1148</ele>
      </trkpt>
      <trkpt lat="44.859908" lon="3.818522">
        <ele>1147</ele>
      </trkpt>
      <trkpt lat="44.859457" lon="3.818807">
        <ele>1147</ele>
      </trkpt>
      <trkpt lat="44.859334" lon="3.818853">
        <ele>1147</ele>
      </trkpt>
      <trkpt lat="44.859185" lon="3.818987">
        <ele>1146.23</ele>
      </trkpt>
      <trkpt lat="44.859039" lon="3.819137">
        <ele>1146</ele>
      </trkpt>
      <trkpt lat="44.858735" lon="3.819362">
        <ele>1146</ele>
      </trkpt>
      <trkpt lat="44.858343" lon="3.819619">
        <ele>1145.57</ele>
      </trkpt>
      <trkpt lat="44.858029" lon="3.819871">
        <ele>1145</ele>
      </trkpt>
      <trkpt lat="44.857887" lon="3.81997">
        <ele>1145</ele>
      </trkpt>
      <trkpt lat="44.857691" lon="3.820084">
        <ele>1144.86</ele>
      </trkpt>
      <trkpt lat="44.857571" lon="3.82017">
        <ele>1144.55</ele>
      </trkpt>
      <trkpt lat="44.857447" lon="3.820283">
        <ele>1144.57</ele>
      </trkpt>
      <trkpt lat="44.857373" lon="3.82036">
        <ele>1144.02</ele>
      </trkpt>
      <trkpt lat="44.857221" lon="3.820552">
        <ele>1144.12</ele>
      </trkpt>
      <trkpt lat="44.856931" lon="3.820972">
        <ele>1144</ele>
      </trkpt>
      <trkpt lat="44.856335" lon="3.821677">
        <ele>1143.6</ele>
      </trkpt>
      <trkpt lat="44.856053" lon="3.822068">
        <ele>1142.82</ele>
      </trkpt>
      <trkpt lat="44.85572" lon="3.822479">
        <ele>1142.47</ele>
      </trkpt>
      <trkpt lat="44.855608" lon="3.822655">
        <ele>1142.95</ele>
      </trkpt>
      <trkpt lat="44.85537" lon="3.82307">
        <ele>1143.17</ele>
      </trkpt>
      <trkpt lat="44.854945" lon="3.823577">
        <ele>1143.55</ele>
      </trkpt>
      <trkpt lat="44.85456" lon="3.824002">
        <ele>1143</ele>
      </trkpt>
      <trkpt lat="44.854396" lon="3.824147">
        <ele>1143</ele>
      </trkpt>
      <trkpt lat="44.853757" lon="3.8246">
        <ele>1143</ele>
      </trkpt>
      <trkpt lat="44.853598" lon="3.824695">
        <ele>1142.17</ele>
      </trkpt>
      <trkpt lat="44.853043" lon="3.824982">
        <ele>1141.83</ele>
      </trkpt>
      <trkpt lat="44.852851" lon="3.825104">
        <ele>1141.33</ele>
      </trkpt>
      <trkpt lat="44.852763" lon="3.825225">
        <ele>1141.27</ele>
      </trkpt>
      <trkpt lat="44.852645" lon="3.825508">
        <ele>1139.64</ele>
      </trkpt>
      <trkpt lat="44.852492" lon="3.825821">
        <ele>1137.51</ele>
      </trkpt>
      <trkpt lat="44.852407" lon="3.826095">
        <ele>1136.32</ele>
      </trkpt>
      <trkpt lat="44.852365" lon="3.826269">
        <ele>1135.9</ele>
      </trkpt>
      <trkpt lat="44.852358" lon="3.826341">
        <ele>1135.44</ele>
      </trkpt>
      <trkpt lat="44.852324" lon="3.826403">
        <ele>1134.8</ele>
      </trkpt>
      <trkpt lat="44.852296" lon="3.826415">
        <ele>1134.5</ele>
      </trkpt>
      <trkpt lat="44.852256" lon="3.826407">
        <ele>1134.22</ele>
      </trkpt>
      <trkpt lat="44.852075" lon="3.826226">
        <ele>1135</ele>
      </trkpt>
      <trkpt lat="44.851978" lon="3.826151">
        <ele>1134.84</ele>
      </trkpt>
      <trkpt lat="44.851842" lon="3.826065">
        <ele>1133.98</ele>
      </trkpt>
      <trkpt lat="44.851761" lon="3.826032">
        <ele>1133.74</ele>
      </trkpt>
      <trkpt lat="44.851602" lon="3.826016">
        <ele>1132</ele>
      </trkpt>
      <trkpt lat="44.851366" lon="3.826008">
        <ele>1130.82</ele>
      </trkpt>
      <trkpt lat="44.851075" lon="3.825959">
        <ele>1129.31</ele>
      </trkpt>
      <trkpt lat="44.850998" lon="3.825962">
        <ele>1129</ele>
      </trkpt>
      <trkpt lat="44.850927" lon="3.825977">
        <ele>1129</ele>
      </trkpt>
      <trkpt lat="44.850775" lon="3.826036">
        <ele>1127.95</ele>
      </trkpt>
      <trkpt lat="44.850418" lon="3.82623">
        <ele>1121.22</ele>
      </trkpt>
      <trkpt lat="44.850155" lon="3.826365">
        <ele>1117.85</ele>
      </trkpt>
      <trkpt lat="44.850083" lon="3.826427">
        <ele>1117.28</ele>
      </trkpt>
      <trkpt lat="44.849876" lon="3.826652">
        <ele>1114.28</ele>
      </trkpt>
      <trkpt lat="44.849775" lon="3.826743">
        <ele>1112.89</ele>
      </trkpt>
      <trkpt lat="44.849623" lon="3.826857">
        <ele>1111.53</ele>
      </trkpt>
      <trkpt lat="44.849572" lon="3.826875">
        <ele>1111.1</ele>
      </trkpt>
      <trkpt lat="44.84954" lon="3.826873">
        <ele>1110.85</ele>
      </trkpt>
      <trkpt lat="44.849492" lon="3.82686">
        <ele>1110.45</ele>
      </trkpt>
      <trkpt lat="44.849435" lon="3.826827">
        <ele>1110</ele>
      </trkpt>
      <trkpt lat="44.849379" lon="3.826795">
        <ele>1109.93</ele>
      </trkpt>
      <trkpt lat="44.849237" lon="3.826725">
        <ele>1110.89</ele>
      </trkpt>
      <trkpt lat="44.849204" lon="3.826699">
        <ele>1111.31</ele>
      </trkpt>
      <trkpt lat="44.849087" lon="3.826552">
        <ele>1112.48</ele>
      </trkpt>
      <trkpt lat="44.849066" lon="3.826542">
        <ele>1112.67</ele>
      </trkpt>
      <trkpt lat="44.849045" lon="3.826553">
        <ele>1112.71</ele>
      </trkpt>
      <trkpt lat="44.84876" lon="3.826902">
        <ele>1110.57</ele>
      </trkpt>
      <trkpt lat="44.848712" lon="3.826921">
        <ele>1110.32</ele>
      </trkpt>
      <trkpt lat="44.848383" lon="3.826904">
        <ele>1109.77</ele>
      </trkpt>
      <trkpt lat="44.84828" lon="3.826881">
        <ele>1109.69</ele>
      </trkpt>
      <trkpt lat="44.847884" lon="3.82671">
        <ele>1109.2</ele>
      </trkpt>
      <trkpt lat="44.847655" lon="3.82664">
        <ele>1108.64</ele>
      </trkpt>
      <trkpt lat="44.847588" lon="3.826623">
        <ele>1108.39</ele>
      </trkpt>
      <trkpt lat="44.847151" lon="3.826569">
        <ele>1107.69</ele>
      </trkpt>
      <trkpt lat="44.847033" lon="3.826544">
        <ele>1107.7</ele>
      </trkpt>
      <trkpt lat="44.846952" lon="3.826517">
        <ele>1107.54</ele>
      </trkpt>
      <trkpt lat="44.846855" lon="3.826433">
        <ele>1108.05</ele>
      </trkpt>
      <trkpt lat="44.846555" lon="3.826839">
        <ele>1104.18</ele>
      </trkpt>
      <trkpt lat="44.846294" lon="3.827152">
        <ele>1101.77</ele>
      </trkpt>
      <trkpt lat="44.846224" lon="3.827249">
        <ele>1101.27</ele>
      </trkpt>
      <trkpt lat="44.846181" lon="3.827331">
        <ele>1101.08</ele>
      </trkpt>
      <trkpt lat="44.84614" lon="3.827448">
        <ele>1100.97</ele>
      </trkpt>
      <trkpt lat="44.846125" lon="3.827525">
        <ele>1101.24</ele>
      </trkpt>
      <trkpt lat="44.846116" lon="3.827635">
        <ele>1101.85</ele>
      </trkpt>
      <trkpt lat="44.846023" lon="3.827681">
        <ele>1101.61</ele>
      </trkpt>
      <trkpt lat="44.845838" lon="3.827798">
        <ele>1100.48</ele>
      </trkpt>
      <trkpt lat="44.84562" lon="3.827978">
        <ele>1100.48</ele>
      </trkpt>
      <trkpt lat="44.845428" lon="3.828159">
        <ele>1100.41</ele>
      </trkpt>
      <trkpt lat="44.845008" lon="3.828579">
        <ele>1098.42</ele>
      </trkpt>
      <trkpt lat="44.844743" lon="3.828809">
        <ele>1096.82</ele>
      </trkpt>
      <trkpt lat="44.844583" lon="3.828933">
        <ele>1095.1</ele>
      </trkpt>
      <trkpt lat="44.844019" lon="3.829484">
        <ele>1092</ele>
      </trkpt>
      <trkpt lat="44.843933" lon="3.8296">
        <ele>1092.4</ele>
      </trkpt>
      <trkpt lat="44.84376" lon="3.829879">
        <ele>1092.49</ele>
      </trkpt>
      <trkpt lat="44.84376" lon="3.829858">
        <ele>1092.47</ele>
      </trkpt>
    </trkseg>
  </trk>
</gpx>
