<?xml version="1.0" encoding="UTF-8"?>
<gpx creator="https://gpx.studio" version="1.1" xmlns="http://www.topografix.com/GPX/1/1" xmlns:xsi="http://www.w3.org/2001/XMLSchema-instance" xsi:schemaLocation="http://www.topografix.com/GPX/1/1 http://www.topografix.com/GPX/1/1/gpx.xsd http://www.garmin.com/xmlschemas/GpxExtensions/v3 http://www.garmin.com/xmlschemas/GpxExtensionsv3.xsd http://www.garmin.com/xmlschemas/TrackPointExtension/v1 http://www.garmin.com/xmlschemas/TrackPointExtensionv1.xsd http://www.garmin.com/xmlschemas/PowerExtension/v1 http://www.garmin.com/xmlschemas/PowerExtensionv1.xsd http://www.topografix.com/GPX/gpx_style/0/2 http://www.topografix.com/GPX/gpx_style/0/2/gpx_style.xsd" xmlns:gpxtpx="http://www.garmin.com/xmlschemas/TrackPointExtension/v1" xmlns:gpxx="http://www.garmin.com/xmlschemas/GpxExtensions/v3" xmlns:gpxpx="http://www.garmin.com/xmlschemas/PowerExtension/v1" xmlns:gpx_style="http://www.topografix.com/GPX/gpx_style/0/2">
  <metadata>
    <name>GR 367</name>
    <author>
      <name>gpx.studio</name>
      <link href="https://gpx.studio"/>
    </author>
  </metadata>
  <trk>
    <name>GR 367</name>
    <trkseg>
      <trkpt lat="43.02031" lon="3.039326">
        <ele>3.68</ele>
      </trkpt>
      <trkpt lat="43.020311" lon="3.039336">
        <ele>3.69</ele>
      </trkpt>
      <trkpt lat="43.020272" lon="3.039346">
        <ele>3.72</ele>
      </trkpt>
      <trkpt lat="43.020261" lon="3.039396">
        <ele>3.76</ele>
      </trkpt>
      <trkpt lat="43.02027" lon="3.039744">
        <ele>3.98</ele>
      </trkpt>
      <trkpt lat="43.020455" lon="3.041693">
        <ele>2.6</ele>
      </trkpt>
      <trkpt lat="43.020476" lon="3.041931">
        <ele>2.32</ele>
      </trkpt>
      <trkpt lat="43.020454" lon="3.041967">
        <ele>2.29</ele>
      </trkpt>
      <trkpt lat="43.020269" lon="3.042524">
        <ele>2.89</ele>
      </trkpt>
      <trkpt lat="43.019799" lon="3.043995">
        <ele>3.46</ele>
      </trkpt>
      <trkpt lat="43.019392" lon="3.045227">
        <ele>4.77</ele>
      </trkpt>
      <trkpt lat="43.019312" lon="3.045441">
        <ele>5.28</ele>
      </trkpt>
      <trkpt lat="43.019203" lon="3.045572">
        <ele>5.44</ele>
      </trkpt>
      <trkpt lat="43.019173" lon="3.045576">
        <ele>5.46</ele>
      </trkpt>
      <trkpt lat="43.019122" lon="3.045608">
        <ele>5.46</ele>
      </trkpt>
      <trkpt lat="43.01903" lon="3.045583">
        <ele>5.61</ele>
      </trkpt>
      <trkpt lat="43.018867" lon="3.045511">
        <ele>5.96</ele>
      </trkpt>
      <trkpt lat="43.018515" lon="3.045294">
        <ele>4.37</ele>
      </trkpt>
      <trkpt lat="43.018444" lon="3.045287">
        <ele>4.17</ele>
      </trkpt>
      <trkpt lat="43.018345" lon="3.045309">
        <ele>3.94</ele>
      </trkpt>
      <trkpt lat="43.017073" lon="3.045808">
        <ele>4.2</ele>
      </trkpt>
      <trkpt lat="43.01663" lon="3.04597">
        <ele>3.55</ele>
      </trkpt>
      <trkpt lat="43.015375" lon="3.046468">
        <ele>2.74</ele>
      </trkpt>
      <trkpt lat="43.014656" lon="3.046751">
        <ele>2.02</ele>
      </trkpt>
      <trkpt lat="43.014496" lon="3.046735">
        <ele>2.32</ele>
      </trkpt>
      <trkpt lat="43.014439" lon="3.046647">
        <ele>2.45</ele>
      </trkpt>
      <trkpt lat="43.014347" lon="3.046575">
        <ele>2.66</ele>
      </trkpt>
      <trkpt lat="43.014266" lon="3.046551">
        <ele>2.85</ele>
      </trkpt>
      <trkpt lat="43.014203" lon="3.046468">
        <ele>3.03</ele>
      </trkpt>
      <trkpt lat="43.014128" lon="3.046332">
        <ele>3.29</ele>
      </trkpt>
      <trkpt lat="43.014092" lon="3.046247">
        <ele>3.34</ele>
      </trkpt>
      <trkpt lat="43.014041" lon="3.046061">
        <ele>3.34</ele>
      </trkpt>
      <trkpt lat="43.013744" lon="3.044768">
        <ele>2.91</ele>
      </trkpt>
      <trkpt lat="43.013585" lon="3.04414">
        <ele>2.25</ele>
      </trkpt>
      <trkpt lat="43.013412" lon="3.0435">
        <ele>2.21</ele>
      </trkpt>
      <trkpt lat="43.013304" lon="3.042972">
        <ele>2.68</ele>
      </trkpt>
      <trkpt lat="43.013264" lon="3.042836">
        <ele>2.89</ele>
      </trkpt>
      <trkpt lat="43.013184" lon="3.04257">
        <ele>3.31</ele>
      </trkpt>
      <trkpt lat="43.01305" lon="3.042084">
        <ele>3.54</ele>
      </trkpt>
      <trkpt lat="43.012787" lon="3.041095">
        <ele>3.67</ele>
      </trkpt>
      <trkpt lat="43.012408" lon="3.038659">
        <ele>2.38</ele>
      </trkpt>
      <trkpt lat="43.012399" lon="3.03835">
        <ele>2.54</ele>
      </trkpt>
      <trkpt lat="43.012431" lon="3.038153">
        <ele>2.62</ele>
      </trkpt>
      <trkpt lat="43.012626" lon="3.037523">
        <ele>2.51</ele>
      </trkpt>
      <trkpt lat="43.012662" lon="3.037302">
        <ele>2.56</ele>
      </trkpt>
      <trkpt lat="43.012672" lon="3.037155">
        <ele>2.62</ele>
      </trkpt>
      <trkpt lat="43.01265" lon="3.036988">
        <ele>2.71</ele>
      </trkpt>
      <trkpt lat="43.012611" lon="3.036951">
        <ele>2.67</ele>
      </trkpt>
      <trkpt lat="43.012572" lon="3.036871">
        <ele>2.66</ele>
      </trkpt>
      <trkpt lat="43.012555" lon="3.036787">
        <ele>2.68</ele>
      </trkpt>
      <trkpt lat="43.012557" lon="3.036706">
        <ele>2.73</ele>
      </trkpt>
      <trkpt lat="43.012566" lon="3.036667">
        <ele>2.77</ele>
      </trkpt>
      <trkpt lat="43.012562" lon="3.03652">
        <ele>2.84</ele>
      </trkpt>
      <trkpt lat="43.012514" lon="3.036232">
        <ele>3.98</ele>
      </trkpt>
      <trkpt lat="43.012496" lon="3.036028">
        <ele>6.16</ele>
      </trkpt>
      <trkpt lat="43.012603" lon="3.035686">
        <ele>9.65</ele>
      </trkpt>
      <trkpt lat="43.012656" lon="3.03546">
        <ele>11.91</ele>
      </trkpt>
      <trkpt lat="43.01269" lon="3.035207">
        <ele>15.48</ele>
      </trkpt>
      <trkpt lat="43.01271" lon="3.035124">
        <ele>16.58</ele>
      </trkpt>
      <trkpt lat="43.012783" lon="3.034946">
        <ele>18.71</ele>
      </trkpt>
      <trkpt lat="43.013058" lon="3.034551">
        <ele>22.29</ele>
      </trkpt>
      <trkpt lat="43.01315" lon="3.034357">
        <ele>24.12</ele>
      </trkpt>
      <trkpt lat="43.013198" lon="3.034157">
        <ele>26.13</ele>
      </trkpt>
      <trkpt lat="43.01322" lon="3.034026">
        <ele>27.48</ele>
      </trkpt>
      <trkpt lat="43.013226" lon="3.033894">
        <ele>28.94</ele>
      </trkpt>
      <trkpt lat="43.013186" lon="3.033298">
        <ele>36.73</ele>
      </trkpt>
      <trkpt lat="43.013029" lon="3.032667">
        <ele>44.73</ele>
      </trkpt>
      <trkpt lat="43.012992" lon="3.032499">
        <ele>46.24</ele>
      </trkpt>
      <trkpt lat="43.012912" lon="3.031968">
        <ele>51.26</ele>
      </trkpt>
      <trkpt lat="43.012869" lon="3.031799">
        <ele>53.25</ele>
      </trkpt>
      <trkpt lat="43.012695" lon="3.031435">
        <ele>57.62</ele>
      </trkpt>
      <trkpt lat="43.012569" lon="3.031305">
        <ele>59.35</ele>
      </trkpt>
      <trkpt lat="43.012406" lon="3.031225">
        <ele>60.93</ele>
      </trkpt>
      <trkpt lat="43.01188" lon="3.031106">
        <ele>64.97</ele>
      </trkpt>
      <trkpt lat="43.01181" lon="3.031075">
        <ele>65.55</ele>
      </trkpt>
      <trkpt lat="43.011757" lon="3.031028">
        <ele>66.03</ele>
      </trkpt>
      <trkpt lat="43.011711" lon="3.030952">
        <ele>66.47</ele>
      </trkpt>
      <trkpt lat="43.011622" lon="3.030711">
        <ele>67.37</ele>
      </trkpt>
      <trkpt lat="43.011567" lon="3.030492">
        <ele>67.89</ele>
      </trkpt>
      <trkpt lat="43.011561" lon="3.030396">
        <ele>67.96</ele>
      </trkpt>
      <trkpt lat="43.011513" lon="3.030312">
        <ele>68.16</ele>
      </trkpt>
      <trkpt lat="43.011432" lon="3.030333">
        <ele>68.45</ele>
      </trkpt>
      <trkpt lat="43.011079" lon="3.030562">
        <ele>70.8</ele>
      </trkpt>
      <trkpt lat="43.010909" lon="3.030709">
        <ele>71.82</ele>
      </trkpt>
      <trkpt lat="43.010543" lon="3.030791">
        <ele>74.05</ele>
      </trkpt>
      <trkpt lat="43.010453" lon="3.030782">
        <ele>74.4</ele>
      </trkpt>
      <trkpt lat="43.01029" lon="3.030711">
        <ele>74.83</ele>
      </trkpt>
      <trkpt lat="43.010006" lon="3.03047">
        <ele>76.27</ele>
      </trkpt>
      <trkpt lat="43.009785" lon="3.030217">
        <ele>77.86</ele>
      </trkpt>
      <trkpt lat="43.009622" lon="3.029908">
        <ele>79.76</ele>
      </trkpt>
      <trkpt lat="43.009503" lon="3.029841">
        <ele>79.87</ele>
      </trkpt>
      <trkpt lat="43.008721" lon="3.028866">
        <ele>83.59</ele>
      </trkpt>
      <trkpt lat="43.008382" lon="3.028443">
        <ele>85.21</ele>
      </trkpt>
      <trkpt lat="43.008062" lon="3.028166">
        <ele>86.36</ele>
      </trkpt>
      <trkpt lat="43.007755" lon="3.027846">
        <ele>87.81</ele>
      </trkpt>
      <trkpt lat="43.007574" lon="3.027608">
        <ele>88.69</ele>
      </trkpt>
      <trkpt lat="43.007389" lon="3.027237">
        <ele>89.82</ele>
      </trkpt>
      <trkpt lat="43.007156" lon="3.026843">
        <ele>90.77</ele>
      </trkpt>
      <trkpt lat="43.006895" lon="3.026456">
        <ele>91.11</ele>
      </trkpt>
      <trkpt lat="43.006622" lon="3.0261">
        <ele>91.16</ele>
      </trkpt>
      <trkpt lat="43.006297" lon="3.025899">
        <ele>91.01</ele>
      </trkpt>
      <trkpt lat="43.006087" lon="3.025808">
        <ele>90.97</ele>
      </trkpt>
      <trkpt lat="43.005416" lon="3.025388">
        <ele>90.94</ele>
      </trkpt>
      <trkpt lat="43.005139" lon="3.025272">
        <ele>90.41</ele>
      </trkpt>
      <trkpt lat="43.005071" lon="3.025215">
        <ele>90.31</ele>
      </trkpt>
      <trkpt lat="43.004781" lon="3.024544">
        <ele>90.56</ele>
      </trkpt>
      <trkpt lat="43.004723" lon="3.024448">
        <ele>90.65</ele>
      </trkpt>
      <trkpt lat="43.004661" lon="3.024388">
        <ele>90.65</ele>
      </trkpt>
      <trkpt lat="43.004617" lon="3.02426">
        <ele>90.74</ele>
      </trkpt>
      <trkpt lat="43.004526" lon="3.024033">
        <ele>90.76</ele>
      </trkpt>
      <trkpt lat="43.004404" lon="3.02389">
        <ele>90.34</ele>
      </trkpt>
      <trkpt lat="43.004261" lon="3.023773">
        <ele>89.49</ele>
      </trkpt>
      <trkpt lat="43.004158" lon="3.023768">
        <ele>88.86</ele>
      </trkpt>
      <trkpt lat="43.003904" lon="3.023844">
        <ele>87.42</ele>
      </trkpt>
      <trkpt lat="43.003758" lon="3.023864">
        <ele>86.02</ele>
      </trkpt>
      <trkpt lat="43.003654" lon="3.02381">
        <ele>84.61</ele>
      </trkpt>
      <trkpt lat="43.003543" lon="3.023666">
        <ele>83.1</ele>
      </trkpt>
      <trkpt lat="43.003463" lon="3.02351">
        <ele>82.06</ele>
      </trkpt>
      <trkpt lat="43.003343" lon="3.023383">
        <ele>80.61</ele>
      </trkpt>
      <trkpt lat="43.003225" lon="3.02313">
        <ele>79.36</ele>
      </trkpt>
      <trkpt lat="43.003158" lon="3.023065">
        <ele>78.65</ele>
      </trkpt>
      <trkpt lat="43.003083" lon="3.022932">
        <ele>77.87</ele>
      </trkpt>
      <trkpt lat="43.003049" lon="3.022809">
        <ele>77.49</ele>
      </trkpt>
      <trkpt lat="43.002997" lon="3.022708">
        <ele>77.02</ele>
      </trkpt>
      <trkpt lat="43.002966" lon="3.022503">
        <ele>77.27</ele>
      </trkpt>
      <trkpt lat="43.002904" lon="3.022392">
        <ele>77.85</ele>
      </trkpt>
      <trkpt lat="43.002843" lon="3.022083">
        <ele>79.1</ele>
      </trkpt>
      <trkpt lat="43.002787" lon="3.021885">
        <ele>80.59</ele>
      </trkpt>
      <trkpt lat="43.002735" lon="3.021805">
        <ele>81.49</ele>
      </trkpt>
      <trkpt lat="43.002682" lon="3.021695">
        <ele>82.5</ele>
      </trkpt>
      <trkpt lat="43.002642" lon="3.021661">
        <ele>83.05</ele>
      </trkpt>
      <trkpt lat="43.002525" lon="3.021648">
        <ele>84.29</ele>
      </trkpt>
      <trkpt lat="43.002435" lon="3.021746">
        <ele>84.8</ele>
      </trkpt>
      <trkpt lat="43.002349" lon="3.021695">
        <ele>85.87</ele>
      </trkpt>
      <trkpt lat="43.002256" lon="3.021674">
        <ele>86.89</ele>
      </trkpt>
      <trkpt lat="43.002117" lon="3.021708">
        <ele>87.66</ele>
      </trkpt>
      <trkpt lat="43.001947" lon="3.021733">
        <ele>87.56</ele>
      </trkpt>
      <trkpt lat="43.001892" lon="3.021723">
        <ele>87.59</ele>
      </trkpt>
      <trkpt lat="43.001809" lon="3.021585">
        <ele>87.93</ele>
      </trkpt>
      <trkpt lat="43.001716" lon="3.021259">
        <ele>88.65</ele>
      </trkpt>
      <trkpt lat="43.001682" lon="3.021058">
        <ele>89.09</ele>
      </trkpt>
      <trkpt lat="43.001697" lon="3.020792">
        <ele>89.74</ele>
      </trkpt>
      <trkpt lat="43.001686" lon="3.020439">
        <ele>90.49</ele>
      </trkpt>
      <trkpt lat="43.001574" lon="3.020378">
        <ele>90.38</ele>
      </trkpt>
      <trkpt lat="43.001538" lon="3.020336">
        <ele>90.34</ele>
      </trkpt>
      <trkpt lat="43.001506" lon="3.020289">
        <ele>90.31</ele>
      </trkpt>
      <trkpt lat="43.00143" lon="3.020108">
        <ele>90.22</ele>
      </trkpt>
      <trkpt lat="43.001378" lon="3.020053">
        <ele>90.11</ele>
      </trkpt>
      <trkpt lat="43.001236" lon="3.019953">
        <ele>89.46</ele>
      </trkpt>
      <trkpt lat="43.000936" lon="3.019813">
        <ele>87.7</ele>
      </trkpt>
      <trkpt lat="43.000803" lon="3.019736">
        <ele>86.87</ele>
      </trkpt>
      <trkpt lat="43.000724" lon="3.01967">
        <ele>86.34</ele>
      </trkpt>
      <trkpt lat="43.000458" lon="3.019311">
        <ele>85.3</ele>
      </trkpt>
      <trkpt lat="43.000253" lon="3.01899">
        <ele>85.17</ele>
      </trkpt>
      <trkpt lat="43.000113" lon="3.018605">
        <ele>85.78</ele>
      </trkpt>
      <trkpt lat="43.000001" lon="3.018399">
        <ele>86.06</ele>
      </trkpt>
      <trkpt lat="42.999878" lon="3.018216">
        <ele>86.19</ele>
      </trkpt>
      <trkpt lat="42.999777" lon="3.017969">
        <ele>86.45</ele>
      </trkpt>
      <trkpt lat="42.99965" lon="3.017706">
        <ele>86.45</ele>
      </trkpt>
      <trkpt lat="42.99961" lon="3.017568">
        <ele>86.86</ele>
      </trkpt>
      <trkpt lat="42.99958" lon="3.017332">
        <ele>87.39</ele>
      </trkpt>
      <trkpt lat="42.999558" lon="3.017093">
        <ele>87.95</ele>
      </trkpt>
      <trkpt lat="42.999552" lon="3.016881">
        <ele>88.47</ele>
      </trkpt>
      <trkpt lat="42.999582" lon="3.016691">
        <ele>88.7</ele>
      </trkpt>
      <trkpt lat="42.999555" lon="3.016048">
        <ele>90.02</ele>
      </trkpt>
      <trkpt lat="42.999595" lon="3.015798">
        <ele>90.08</ele>
      </trkpt>
      <trkpt lat="42.999591" lon="3.01572">
        <ele>90.19</ele>
      </trkpt>
      <trkpt lat="42.999529" lon="3.015484">
        <ele>90.85</ele>
      </trkpt>
      <trkpt lat="42.999468" lon="3.015122">
        <ele>91.65</ele>
      </trkpt>
      <trkpt lat="42.999417" lon="3.014919">
        <ele>92.2</ele>
      </trkpt>
      <trkpt lat="42.999414" lon="3.014713">
        <ele>92.46</ele>
      </trkpt>
      <trkpt lat="42.999401" lon="3.014631">
        <ele>92.7</ele>
      </trkpt>
      <trkpt lat="42.999355" lon="3.01456">
        <ele>93.16</ele>
      </trkpt>
      <trkpt lat="42.999527" lon="3.014372">
        <ele>92.79</ele>
      </trkpt>
      <trkpt lat="42.999663" lon="3.014267">
        <ele>92.46</ele>
      </trkpt>
      <trkpt lat="42.999717" lon="3.014209">
        <ele>92.65</ele>
      </trkpt>
      <trkpt lat="42.999781" lon="3.014077">
        <ele>93.07</ele>
      </trkpt>
      <trkpt lat="42.999845" lon="3.01397">
        <ele>93.37</ele>
      </trkpt>
      <trkpt lat="42.999859" lon="3.013946">
        <ele>93.43</ele>
      </trkpt>
      <trkpt lat="42.99999" lon="3.013836">
        <ele>93.61</ele>
      </trkpt>
      <trkpt lat="43.000136" lon="3.013629">
        <ele>93.79</ele>
      </trkpt>
      <trkpt lat="43.000308" lon="3.013448">
        <ele>93.8</ele>
      </trkpt>
      <trkpt lat="43.000521" lon="3.013275">
        <ele>93.73</ele>
      </trkpt>
      <trkpt lat="43.000627" lon="3.013115">
        <ele>94.19</ele>
      </trkpt>
      <trkpt lat="43.000725" lon="3.013">
        <ele>94.54</ele>
      </trkpt>
      <trkpt lat="43.000769" lon="3.012839">
        <ele>95.04</ele>
      </trkpt>
      <trkpt lat="43.00087" lon="3.012718">
        <ele>95.57</ele>
      </trkpt>
      <trkpt lat="43.00117" lon="3.012587">
        <ele>96.6</ele>
      </trkpt>
      <trkpt lat="43.001309" lon="3.01238">
        <ele>97.43</ele>
      </trkpt>
      <trkpt lat="43.001444" lon="3.012208">
        <ele>98.18</ele>
      </trkpt>
      <trkpt lat="43.0015" lon="3.012076">
        <ele>98.58</ele>
      </trkpt>
      <trkpt lat="43.001585" lon="3.011757">
        <ele>99.29</ele>
      </trkpt>
      <trkpt lat="43.001747" lon="3.011658">
        <ele>99.61</ele>
      </trkpt>
      <trkpt lat="43.001892" lon="3.011502">
        <ele>99.87</ele>
      </trkpt>
      <trkpt lat="43.00199" lon="3.011304">
        <ele>100.12</ele>
      </trkpt>
      <trkpt lat="43.002093" lon="3.011131">
        <ele>100.76</ele>
      </trkpt>
      <trkpt lat="43.002231" lon="3.010941">
        <ele>101.65</ele>
      </trkpt>
      <trkpt lat="43.002279" lon="3.010804">
        <ele>102.31</ele>
      </trkpt>
      <trkpt lat="43.002333" lon="3.010527">
        <ele>103.51</ele>
      </trkpt>
      <trkpt lat="43.002343" lon="3.010312">
        <ele>104.68</ele>
      </trkpt>
      <trkpt lat="43.00236" lon="3.010226">
        <ele>105.2</ele>
      </trkpt>
      <trkpt lat="43.002435" lon="3.010143">
        <ele>105.84</ele>
      </trkpt>
      <trkpt lat="43.002501" lon="3.010088">
        <ele>106.29</ele>
      </trkpt>
      <trkpt lat="43.002577" lon="3.009864">
        <ele>107.55</ele>
      </trkpt>
      <trkpt lat="43.00258" lon="3.009784">
        <ele>107.94</ele>
      </trkpt>
      <trkpt lat="43.002539" lon="3.009682">
        <ele>108.38</ele>
      </trkpt>
      <trkpt lat="43.002548" lon="3.0096">
        <ele>108.58</ele>
      </trkpt>
      <trkpt lat="43.002608" lon="3.009468">
        <ele>108.88</ele>
      </trkpt>
      <trkpt lat="43.002671" lon="3.009257">
        <ele>109.29</ele>
      </trkpt>
      <trkpt lat="43.002759" lon="3.008805">
        <ele>110.1</ele>
      </trkpt>
      <trkpt lat="43.002871" lon="3.008423">
        <ele>111.4</ele>
      </trkpt>
      <trkpt lat="43.002898" lon="3.008227">
        <ele>112.1</ele>
      </trkpt>
      <trkpt lat="43.002929" lon="3.008117">
        <ele>112.51</ele>
      </trkpt>
      <trkpt lat="43.003044" lon="3.007959">
        <ele>113.05</ele>
      </trkpt>
      <trkpt lat="43.003179" lon="3.00775">
        <ele>113.3</ele>
      </trkpt>
      <trkpt lat="43.003367" lon="3.007589">
        <ele>113.49</ele>
      </trkpt>
      <trkpt lat="43.003475" lon="3.007471">
        <ele>113.64</ele>
      </trkpt>
      <trkpt lat="43.003636" lon="3.007383">
        <ele>113.74</ele>
      </trkpt>
      <trkpt lat="43.003707" lon="3.007302">
        <ele>113.84</ele>
      </trkpt>
      <trkpt lat="43.003787" lon="3.007146">
        <ele>114</ele>
      </trkpt>
      <trkpt lat="43.003932" lon="3.007045">
        <ele>114</ele>
      </trkpt>
      <trkpt lat="43.004226" lon="3.006713">
        <ele>114</ele>
      </trkpt>
      <trkpt lat="43.004257" lon="3.006587">
        <ele>114</ele>
      </trkpt>
      <trkpt lat="43.004322" lon="3.006455">
        <ele>114</ele>
      </trkpt>
      <trkpt lat="43.004458" lon="3.006321">
        <ele>114</ele>
      </trkpt>
      <trkpt lat="43.004615" lon="3.006086">
        <ele>114</ele>
      </trkpt>
      <trkpt lat="43.004884" lon="3.005744">
        <ele>113.89</ele>
      </trkpt>
      <trkpt lat="43.004958" lon="3.005565">
        <ele>113.71</ele>
      </trkpt>
      <trkpt lat="43.005158" lon="3.004849">
        <ele>113.73</ele>
      </trkpt>
      <trkpt lat="43.005304" lon="3.004454">
        <ele>113.79</ele>
      </trkpt>
      <trkpt lat="43.005443" lon="3.003865">
        <ele>114.17</ele>
      </trkpt>
      <trkpt lat="43.00547" lon="3.003643">
        <ele>114.34</ele>
      </trkpt>
      <trkpt lat="43.005477" lon="3.003401">
        <ele>114.6</ele>
      </trkpt>
      <trkpt lat="43.005454" lon="3.003227">
        <ele>114.9</ele>
      </trkpt>
      <trkpt lat="43.005262" lon="3.002638">
        <ele>115.86</ele>
      </trkpt>
      <trkpt lat="43.005189" lon="3.002296">
        <ele>116.13</ele>
      </trkpt>
      <trkpt lat="43.005112" lon="3.001884">
        <ele>115.43</ele>
      </trkpt>
      <trkpt lat="43.004985" lon="3.001195">
        <ele>114.27</ele>
      </trkpt>
      <trkpt lat="43.004984" lon="3.000806">
        <ele>112.22</ele>
      </trkpt>
      <trkpt lat="43.004969" lon="3.000469">
        <ele>110.4</ele>
      </trkpt>
      <trkpt lat="43.004927" lon="3.000226">
        <ele>108.62</ele>
      </trkpt>
      <trkpt lat="43.004896" lon="2.999879">
        <ele>106.05</ele>
      </trkpt>
      <trkpt lat="43.004823" lon="2.999679">
        <ele>104.72</ele>
      </trkpt>
      <trkpt lat="43.004734" lon="2.999574">
        <ele>104.28</ele>
      </trkpt>
      <trkpt lat="43.004599" lon="2.999342">
        <ele>103.1</ele>
      </trkpt>
      <trkpt lat="43.004576" lon="2.999158">
        <ele>101.99</ele>
      </trkpt>
      <trkpt lat="43.004377" lon="2.998277">
        <ele>96.23</ele>
      </trkpt>
      <trkpt lat="43.004281" lon="2.997807">
        <ele>93.68</ele>
      </trkpt>
      <trkpt lat="43.004248" lon="2.997642">
        <ele>92.79</ele>
      </trkpt>
      <trkpt lat="43.004077" lon="2.99703">
        <ele>90.56</ele>
      </trkpt>
      <trkpt lat="43.003974" lon="2.996416">
        <ele>90.38</ele>
      </trkpt>
      <trkpt lat="43.003922" lon="2.996226">
        <ele>90.81</ele>
      </trkpt>
      <trkpt lat="43.003843" lon="2.996084">
        <ele>91.55</ele>
      </trkpt>
      <trkpt lat="43.003701" lon="2.995928">
        <ele>92.61</ele>
      </trkpt>
      <trkpt lat="43.003304" lon="2.995582">
        <ele>94.84</ele>
      </trkpt>
      <trkpt lat="43.00313" lon="2.995418">
        <ele>95.48</ele>
      </trkpt>
      <trkpt lat="43.003023" lon="2.995269">
        <ele>95.66</ele>
      </trkpt>
      <trkpt lat="43.002863" lon="2.994897">
        <ele>95.49</ele>
      </trkpt>
      <trkpt lat="43.002738" lon="2.994636">
        <ele>95.33</ele>
      </trkpt>
      <trkpt lat="43.002697" lon="2.994521">
        <ele>95.41</ele>
      </trkpt>
      <trkpt lat="43.002675" lon="2.994186">
        <ele>95.52</ele>
      </trkpt>
      <trkpt lat="43.002648" lon="2.993985">
        <ele>95.55</ele>
      </trkpt>
      <trkpt lat="43.002544" lon="2.993672">
        <ele>95.26</ele>
      </trkpt>
      <trkpt lat="43.002536" lon="2.993582">
        <ele>95.14</ele>
      </trkpt>
      <trkpt lat="43.002585" lon="2.993128">
        <ele>94.66</ele>
      </trkpt>
      <trkpt lat="43.002588" lon="2.992741">
        <ele>95.12</ele>
      </trkpt>
      <trkpt lat="43.002615" lon="2.992479">
        <ele>95.6</ele>
      </trkpt>
      <trkpt lat="43.002694" lon="2.991717">
        <ele>96.97</ele>
      </trkpt>
      <trkpt lat="43.002721" lon="2.991609">
        <ele>97.11</ele>
      </trkpt>
      <trkpt lat="43.002797" lon="2.991401">
        <ele>97.45</ele>
      </trkpt>
      <trkpt lat="43.00283" lon="2.991203">
        <ele>97.74</ele>
      </trkpt>
      <trkpt lat="43.002855" lon="2.990854">
        <ele>98.22</ele>
      </trkpt>
      <trkpt lat="43.002852" lon="2.990731">
        <ele>98.36</ele>
      </trkpt>
      <trkpt lat="43.00262" lon="2.989867">
        <ele>97.68</ele>
      </trkpt>
      <trkpt lat="43.002607" lon="2.989766">
        <ele>97.59</ele>
      </trkpt>
      <trkpt lat="43.002612" lon="2.989703">
        <ele>97.56</ele>
      </trkpt>
      <trkpt lat="43.003002" lon="2.988992">
        <ele>98.81</ele>
      </trkpt>
      <trkpt lat="43.003029" lon="2.988918">
        <ele>98.96</ele>
      </trkpt>
      <trkpt lat="43.003034" lon="2.988813">
        <ele>99.08</ele>
      </trkpt>
      <trkpt lat="43.002765" lon="2.987998">
        <ele>98.15</ele>
      </trkpt>
      <trkpt lat="43.002528" lon="2.987175">
        <ele>96.44</ele>
      </trkpt>
      <trkpt lat="43.002484" lon="2.986933">
        <ele>96.21</ele>
      </trkpt>
      <trkpt lat="43.002416" lon="2.986766">
        <ele>95.96</ele>
      </trkpt>
      <trkpt lat="43.001957" lon="2.986131">
        <ele>94.32</ele>
      </trkpt>
      <trkpt lat="43.001689" lon="2.985738">
        <ele>93.55</ele>
      </trkpt>
      <trkpt lat="43.000788" lon="2.984554">
        <ele>96.74</ele>
      </trkpt>
      <trkpt lat="43.000499" lon="2.984085">
        <ele>98.08</ele>
      </trkpt>
      <trkpt lat="43.000192" lon="2.98362">
        <ele>99.6</ele>
      </trkpt>
      <trkpt lat="43.000151" lon="2.983499">
        <ele>99.96</ele>
      </trkpt>
      <trkpt lat="43.000149" lon="2.98315">
        <ele>100.98</ele>
      </trkpt>
      <trkpt lat="43.000067" lon="2.982817">
        <ele>102.27</ele>
      </trkpt>
      <trkpt lat="42.99988" lon="2.982123">
        <ele>105.05</ele>
      </trkpt>
      <trkpt lat="42.999675" lon="2.981433">
        <ele>105.98</ele>
      </trkpt>
      <trkpt lat="42.999517" lon="2.980903">
        <ele>106.69</ele>
      </trkpt>
      <trkpt lat="42.999281" lon="2.980347">
        <ele>107.48</ele>
      </trkpt>
      <trkpt lat="42.99905" lon="2.979842">
        <ele>107.36</ele>
      </trkpt>
      <trkpt lat="42.99899" lon="2.979677">
        <ele>107.2</ele>
      </trkpt>
      <trkpt lat="42.998815" lon="2.979071">
        <ele>108.4</ele>
      </trkpt>
      <trkpt lat="42.998642" lon="2.978387">
        <ele>109.48</ele>
      </trkpt>
      <trkpt lat="42.998927" lon="2.978238">
        <ele>110.42</ele>
      </trkpt>
      <trkpt lat="42.998954" lon="2.978078">
        <ele>110.81</ele>
      </trkpt>
      <trkpt lat="42.999186" lon="2.977721">
        <ele>111.47</ele>
      </trkpt>
      <trkpt lat="42.999235" lon="2.977575">
        <ele>111.75</ele>
      </trkpt>
      <trkpt lat="42.999297" lon="2.977498">
        <ele>111.93</ele>
      </trkpt>
      <trkpt lat="42.999349" lon="2.977481">
        <ele>112</ele>
      </trkpt>
      <trkpt lat="42.999425" lon="2.977505">
        <ele>112.01</ele>
      </trkpt>
      <trkpt lat="42.999534" lon="2.97761">
        <ele>111.85</ele>
      </trkpt>
      <trkpt lat="42.999946" lon="2.97788">
        <ele>111.57</ele>
      </trkpt>
      <trkpt lat="43.000117" lon="2.977856">
        <ele>111.79</ele>
      </trkpt>
      <trkpt lat="43.000649" lon="2.977659">
        <ele>112.22</ele>
      </trkpt>
      <trkpt lat="43.00073" lon="2.977683">
        <ele>112.13</ele>
      </trkpt>
      <trkpt lat="43.000937" lon="2.977585">
        <ele>111.72</ele>
      </trkpt>
      <trkpt lat="43.001028" lon="2.977672">
        <ele>111.79</ele>
      </trkpt>
      <trkpt lat="43.001052" lon="2.977763">
        <ele>112.02</ele>
      </trkpt>
      <trkpt lat="43.001056" lon="2.977915">
        <ele>112.44</ele>
      </trkpt>
      <trkpt lat="43.001014" lon="2.977983">
        <ele>112.58</ele>
      </trkpt>
      <trkpt lat="43.001025" lon="2.978065">
        <ele>112.5</ele>
      </trkpt>
      <trkpt lat="43.001059" lon="2.97811">
        <ele>112.44</ele>
      </trkpt>
      <trkpt lat="43.001239" lon="2.978097">
        <ele>112.66</ele>
      </trkpt>
      <trkpt lat="43.001386" lon="2.978125">
        <ele>111.51</ele>
      </trkpt>
      <trkpt lat="43.001407" lon="2.978101">
        <ele>111.08</ele>
      </trkpt>
      <trkpt lat="43.001419" lon="2.978018">
        <ele>110.93</ele>
      </trkpt>
      <trkpt lat="43.001416" lon="2.977936">
        <ele>110.71</ele>
      </trkpt>
      <trkpt lat="43.001453" lon="2.977685">
        <ele>108.42</ele>
      </trkpt>
      <trkpt lat="43.001457" lon="2.977526">
        <ele>107.45</ele>
      </trkpt>
      <trkpt lat="43.001536" lon="2.977435">
        <ele>104.79</ele>
      </trkpt>
      <trkpt lat="43.001578" lon="2.977405">
        <ele>103.45</ele>
      </trkpt>
      <trkpt lat="43.00165" lon="2.977196">
        <ele>100.12</ele>
      </trkpt>
      <trkpt lat="43.00169" lon="2.97692">
        <ele>94.33</ele>
      </trkpt>
      <trkpt lat="43.001801" lon="2.975883">
        <ele>72.35</ele>
      </trkpt>
      <trkpt lat="43.001827" lon="2.975539">
        <ele>65.5</ele>
      </trkpt>
      <trkpt lat="43.001774" lon="2.975454">
        <ele>65.19</ele>
      </trkpt>
      <trkpt lat="43.001795" lon="2.974914">
        <ele>59.57</ele>
      </trkpt>
      <trkpt lat="43.001852" lon="2.974724">
        <ele>57.21</ele>
      </trkpt>
      <trkpt lat="43.001916" lon="2.974649">
        <ele>56.05</ele>
      </trkpt>
      <trkpt lat="43.001953" lon="2.974511">
        <ele>55.2</ele>
      </trkpt>
      <trkpt lat="43.00191" lon="2.974173">
        <ele>54.06</ele>
      </trkpt>
      <trkpt lat="43.001902" lon="2.974115">
        <ele>53.87</ele>
      </trkpt>
      <trkpt lat="43.0019" lon="2.973782">
        <ele>52.44</ele>
      </trkpt>
      <trkpt lat="43.001854" lon="2.973699">
        <ele>52.18</ele>
      </trkpt>
      <trkpt lat="43.001391" lon="2.973314">
        <ele>51.97</ele>
      </trkpt>
      <trkpt lat="43.001243" lon="2.973172">
        <ele>52.03</ele>
      </trkpt>
      <trkpt lat="43.001263" lon="2.973081">
        <ele>51.59</ele>
      </trkpt>
      <trkpt lat="43.0014" lon="2.972817">
        <ele>49.71</ele>
      </trkpt>
      <trkpt lat="43.001741" lon="2.972099">
        <ele>44.79</ele>
      </trkpt>
      <trkpt lat="43.001736" lon="2.972043">
        <ele>44.6</ele>
      </trkpt>
      <trkpt lat="43.001388" lon="2.971736">
        <ele>44.33</ele>
      </trkpt>
      <trkpt lat="43.001314" lon="2.971577">
        <ele>43.92</ele>
      </trkpt>
      <trkpt lat="43.001311" lon="2.971504">
        <ele>43.66</ele>
      </trkpt>
      <trkpt lat="43.001394" lon="2.971257">
        <ele>42.6</ele>
      </trkpt>
      <trkpt lat="43.001715" lon="2.970724">
        <ele>40.24</ele>
      </trkpt>
      <trkpt lat="43.001764" lon="2.970589">
        <ele>39.76</ele>
      </trkpt>
      <trkpt lat="43.001769" lon="2.970454">
        <ele>39.37</ele>
      </trkpt>
      <trkpt lat="43.001748" lon="2.970208">
        <ele>38.82</ele>
      </trkpt>
      <trkpt lat="43.001516" lon="2.969751">
        <ele>39</ele>
      </trkpt>
      <trkpt lat="43.001546" lon="2.969715">
        <ele>38.79</ele>
      </trkpt>
      <trkpt lat="43.00157" lon="2.969643">
        <ele>38.53</ele>
      </trkpt>
      <trkpt lat="43.001556" lon="2.969345">
        <ele>37.73</ele>
      </trkpt>
      <trkpt lat="43.001513" lon="2.969243">
        <ele>37.64</ele>
      </trkpt>
      <trkpt lat="43.00126" lon="2.968822">
        <ele>36.99</ele>
      </trkpt>
      <trkpt lat="43.00117" lon="2.968609">
        <ele>36.74</ele>
      </trkpt>
      <trkpt lat="43.001075" lon="2.968294">
        <ele>36.36</ele>
      </trkpt>
      <trkpt lat="43.00107" lon="2.96791">
        <ele>36.27</ele>
      </trkpt>
      <trkpt lat="43.001069" lon="2.96715">
        <ele>37.34</ele>
      </trkpt>
      <trkpt lat="43.001002" lon="2.966627">
        <ele>38.55</ele>
      </trkpt>
      <trkpt lat="43.000995" lon="2.966082">
        <ele>39.15</ele>
      </trkpt>
      <trkpt lat="43.001046" lon="2.96483">
        <ele>38.45</ele>
      </trkpt>
      <trkpt lat="43.001046" lon="2.964351">
        <ele>38.32</ele>
      </trkpt>
      <trkpt lat="43.001006" lon="2.964006">
        <ele>38.35</ele>
      </trkpt>
      <trkpt lat="43.000985" lon="2.9639">
        <ele>38.4</ele>
      </trkpt>
      <trkpt lat="43.00088" lon="2.963635">
        <ele>38.8</ele>
      </trkpt>
      <trkpt lat="43.000403" lon="2.962999">
        <ele>41.1</ele>
      </trkpt>
      <trkpt lat="43.000274" lon="2.962729">
        <ele>41.19</ele>
      </trkpt>
      <trkpt lat="43.000008" lon="2.961978">
        <ele>40.82</ele>
      </trkpt>
      <trkpt lat="42.999916" lon="2.961753">
        <ele>40.71</ele>
      </trkpt>
      <trkpt lat="42.999867" lon="2.961686">
        <ele>40.74</ele>
      </trkpt>
      <trkpt lat="42.99977" lon="2.961552">
        <ele>40.82</ele>
      </trkpt>
      <trkpt lat="42.999205" lon="2.960937">
        <ele>41.81</ele>
      </trkpt>
      <trkpt lat="42.999079" lon="2.960693">
        <ele>42.24</ele>
      </trkpt>
      <trkpt lat="42.998927" lon="2.959267">
        <ele>42.78</ele>
      </trkpt>
      <trkpt lat="42.998874" lon="2.958694">
        <ele>42.86</ele>
      </trkpt>
      <trkpt lat="42.998808" lon="2.958483">
        <ele>43.01</ele>
      </trkpt>
      <trkpt lat="42.99865" lon="2.958184">
        <ele>43.17</ele>
      </trkpt>
      <trkpt lat="42.997686" lon="2.95698">
        <ele>45</ele>
      </trkpt>
      <trkpt lat="42.997427" lon="2.956638">
        <ele>45</ele>
      </trkpt>
      <trkpt lat="42.997305" lon="2.956215">
        <ele>45</ele>
      </trkpt>
      <trkpt lat="42.997266" lon="2.956125">
        <ele>45</ele>
      </trkpt>
      <trkpt lat="42.99719" lon="2.956146">
        <ele>45</ele>
      </trkpt>
      <trkpt lat="42.996956" lon="2.95616">
        <ele>45.5</ele>
      </trkpt>
      <trkpt lat="42.995357" lon="2.95619">
        <ele>49</ele>
      </trkpt>
      <trkpt lat="42.995215" lon="2.956168">
        <ele>49</ele>
      </trkpt>
      <trkpt lat="42.994985" lon="2.956132">
        <ele>49</ele>
      </trkpt>
      <trkpt lat="42.994591" lon="2.956048">
        <ele>48.91</ele>
      </trkpt>
      <trkpt lat="42.993458" lon="2.955846">
        <ele>49.99</ele>
      </trkpt>
      <trkpt lat="42.993211" lon="2.955814">
        <ele>51.27</ele>
      </trkpt>
      <trkpt lat="42.992822" lon="2.955856">
        <ele>54.35</ele>
      </trkpt>
      <trkpt lat="42.992171" lon="2.956088">
        <ele>61.65</ele>
      </trkpt>
      <trkpt lat="42.992029" lon="2.955692">
        <ele>62.27</ele>
      </trkpt>
      <trkpt lat="42.991289" lon="2.953636">
        <ele>59.87</ele>
      </trkpt>
      <trkpt lat="42.991138" lon="2.953094">
        <ele>56.49</ele>
      </trkpt>
      <trkpt lat="42.990824" lon="2.953109">
        <ele>57.84</ele>
      </trkpt>
      <trkpt lat="42.99058" lon="2.95312">
        <ele>58.9</ele>
      </trkpt>
      <trkpt lat="42.990341" lon="2.953171">
        <ele>60.62</ele>
      </trkpt>
      <trkpt lat="42.989667" lon="2.9533">
        <ele>65.57</ele>
      </trkpt>
      <trkpt lat="42.989478" lon="2.953305">
        <ele>68.51</ele>
      </trkpt>
      <trkpt lat="42.989161" lon="2.953221">
        <ele>72.89</ele>
      </trkpt>
      <trkpt lat="42.989128" lon="2.953224">
        <ele>73.43</ele>
      </trkpt>
      <trkpt lat="42.988999" lon="2.953313">
        <ele>75.96</ele>
      </trkpt>
      <trkpt lat="42.988895" lon="2.953507">
        <ele>78.55</ele>
      </trkpt>
      <trkpt lat="42.988768" lon="2.953491">
        <ele>81.42</ele>
      </trkpt>
      <trkpt lat="42.988686" lon="2.953458">
        <ele>83.89</ele>
      </trkpt>
      <trkpt lat="42.988556" lon="2.953231">
        <ele>86.82</ele>
      </trkpt>
      <trkpt lat="42.988495" lon="2.95281">
        <ele>88.46</ele>
      </trkpt>
      <trkpt lat="42.988372" lon="2.952016">
        <ele>92.22</ele>
      </trkpt>
      <trkpt lat="42.988321" lon="2.950319">
        <ele>87.38</ele>
      </trkpt>
      <trkpt lat="42.988285" lon="2.949874">
        <ele>83.29</ele>
      </trkpt>
      <trkpt lat="42.988199" lon="2.949518">
        <ele>82.05</ele>
      </trkpt>
      <trkpt lat="42.988091" lon="2.949238">
        <ele>82.58</ele>
      </trkpt>
      <trkpt lat="42.988002" lon="2.949108">
        <ele>82.99</ele>
      </trkpt>
      <trkpt lat="42.987964" lon="2.948939">
        <ele>81.85</ele>
      </trkpt>
      <trkpt lat="42.987922" lon="2.9484">
        <ele>81.32</ele>
      </trkpt>
      <trkpt lat="42.987887" lon="2.948161">
        <ele>81.37</ele>
      </trkpt>
      <trkpt lat="42.987828" lon="2.947938">
        <ele>80.98</ele>
      </trkpt>
      <trkpt lat="42.987814" lon="2.947912">
        <ele>80.81</ele>
      </trkpt>
      <trkpt lat="42.987743" lon="2.947778">
        <ele>79.93</ele>
      </trkpt>
      <trkpt lat="42.987474" lon="2.947512">
        <ele>77.4</ele>
      </trkpt>
      <trkpt lat="42.987402" lon="2.947407">
        <ele>76.54</ele>
      </trkpt>
      <trkpt lat="42.987265" lon="2.947114">
        <ele>74.45</ele>
      </trkpt>
      <trkpt lat="42.987217" lon="2.947093">
        <ele>74.08</ele>
      </trkpt>
      <trkpt lat="42.986941" lon="2.946821">
        <ele>72.74</ele>
      </trkpt>
      <trkpt lat="42.986614" lon="2.946501">
        <ele>72.02</ele>
      </trkpt>
      <trkpt lat="42.986152" lon="2.946009">
        <ele>72.51</ele>
      </trkpt>
      <trkpt lat="42.98569" lon="2.945461">
        <ele>74.29</ele>
      </trkpt>
      <trkpt lat="42.985483" lon="2.945287">
        <ele>74.98</ele>
      </trkpt>
      <trkpt lat="42.985131" lon="2.944992">
        <ele>76.16</ele>
      </trkpt>
      <trkpt lat="42.985143" lon="2.944763">
        <ele>75.83</ele>
      </trkpt>
      <trkpt lat="42.985136" lon="2.944584">
        <ele>75.71</ele>
      </trkpt>
      <trkpt lat="42.985158" lon="2.944432">
        <ele>75.57</ele>
      </trkpt>
      <trkpt lat="42.984936" lon="2.943834">
        <ele>75.69</ele>
      </trkpt>
      <trkpt lat="42.984857" lon="2.943477">
        <ele>77.02</ele>
      </trkpt>
      <trkpt lat="42.984752" lon="2.942792">
        <ele>78.51</ele>
      </trkpt>
      <trkpt lat="42.984648" lon="2.942119">
        <ele>79.97</ele>
      </trkpt>
      <trkpt lat="42.984578" lon="2.941805">
        <ele>79.77</ele>
      </trkpt>
      <trkpt lat="42.984493" lon="2.94162">
        <ele>79.83</ele>
      </trkpt>
      <trkpt lat="42.984273" lon="2.941378">
        <ele>80.41</ele>
      </trkpt>
      <trkpt lat="42.984085" lon="2.941125">
        <ele>80.94</ele>
      </trkpt>
      <trkpt lat="42.983697" lon="2.940421">
        <ele>82.42</ele>
      </trkpt>
      <trkpt lat="42.983617" lon="2.94031">
        <ele>82.67</ele>
      </trkpt>
      <trkpt lat="42.983492" lon="2.939926">
        <ele>83.1</ele>
      </trkpt>
      <trkpt lat="42.983346" lon="2.939589">
        <ele>83.81</ele>
      </trkpt>
      <trkpt lat="42.983229" lon="2.939453">
        <ele>84.26</ele>
      </trkpt>
      <trkpt lat="42.98311" lon="2.938924">
        <ele>83.8</ele>
      </trkpt>
      <trkpt lat="42.983026" lon="2.938702">
        <ele>83.9</ele>
      </trkpt>
      <trkpt lat="42.982892" lon="2.938412">
        <ele>84.76</ele>
      </trkpt>
      <trkpt lat="42.982266" lon="2.93762">
        <ele>88.44</ele>
      </trkpt>
      <trkpt lat="42.982096" lon="2.937238">
        <ele>89.17</ele>
      </trkpt>
      <trkpt lat="42.982106" lon="2.937054">
        <ele>88.93</ele>
      </trkpt>
      <trkpt lat="42.982047" lon="2.936433">
        <ele>88.16</ele>
      </trkpt>
      <trkpt lat="42.981994" lon="2.936224">
        <ele>88.5</ele>
      </trkpt>
      <trkpt lat="42.981882" lon="2.936039">
        <ele>89.71</ele>
      </trkpt>
      <trkpt lat="42.981795" lon="2.935859">
        <ele>91.11</ele>
      </trkpt>
      <trkpt lat="42.981293" lon="2.934823">
        <ele>99.18</ele>
      </trkpt>
      <trkpt lat="42.981181" lon="2.934549">
        <ele>100.7</ele>
      </trkpt>
      <trkpt lat="42.981161" lon="2.93437">
        <ele>100.27</ele>
      </trkpt>
      <trkpt lat="42.981165" lon="2.934156">
        <ele>99.34</ele>
      </trkpt>
      <trkpt lat="42.981132" lon="2.933994">
        <ele>99.24</ele>
      </trkpt>
      <trkpt lat="42.981008" lon="2.933805">
        <ele>100.91</ele>
      </trkpt>
      <trkpt lat="42.980844" lon="2.933598">
        <ele>105.3</ele>
      </trkpt>
      <trkpt lat="42.980631" lon="2.933383">
        <ele>111.02</ele>
      </trkpt>
      <trkpt lat="42.980553" lon="2.933075">
        <ele>115.09</ele>
      </trkpt>
      <trkpt lat="42.980477" lon="2.932853">
        <ele>117.14</ele>
      </trkpt>
      <trkpt lat="42.980403" lon="2.932635">
        <ele>119.15</ele>
      </trkpt>
      <trkpt lat="42.980343" lon="2.932277">
        <ele>121.72</ele>
      </trkpt>
      <trkpt lat="42.980248" lon="2.93197">
        <ele>124.64</ele>
      </trkpt>
      <trkpt lat="42.97981" lon="2.930962">
        <ele>138.47</ele>
      </trkpt>
      <trkpt lat="42.979737" lon="2.930677">
        <ele>140.29</ele>
      </trkpt>
      <trkpt lat="42.979584" lon="2.930406">
        <ele>144.06</ele>
      </trkpt>
      <trkpt lat="42.979447" lon="2.930296">
        <ele>147.53</ele>
      </trkpt>
      <trkpt lat="42.979246" lon="2.93021">
        <ele>152.19</ele>
      </trkpt>
      <trkpt lat="42.979022" lon="2.930195">
        <ele>156.72</ele>
      </trkpt>
      <trkpt lat="42.978856" lon="2.930213">
        <ele>159.79</ele>
      </trkpt>
      <trkpt lat="42.978723" lon="2.930197">
        <ele>161.86</ele>
      </trkpt>
      <trkpt lat="42.978615" lon="2.930135">
        <ele>163.96</ele>
      </trkpt>
      <trkpt lat="42.97857" lon="2.929997">
        <ele>166.14</ele>
      </trkpt>
      <trkpt lat="42.978597" lon="2.929909">
        <ele>166.83</ele>
      </trkpt>
      <trkpt lat="42.978704" lon="2.929749">
        <ele>167.4</ele>
      </trkpt>
      <trkpt lat="42.978828" lon="2.929526">
        <ele>167.49</ele>
      </trkpt>
      <trkpt lat="42.979025" lon="2.929029">
        <ele>165.68</ele>
      </trkpt>
      <trkpt lat="42.979063" lon="2.928901">
        <ele>165.67</ele>
      </trkpt>
      <trkpt lat="42.979062" lon="2.928704">
        <ele>165.31</ele>
      </trkpt>
      <trkpt lat="42.979031" lon="2.928547">
        <ele>164.71</ele>
      </trkpt>
      <trkpt lat="42.978958" lon="2.928382">
        <ele>164.57</ele>
      </trkpt>
      <trkpt lat="42.978824" lon="2.928217">
        <ele>164.99</ele>
      </trkpt>
      <trkpt lat="42.978633" lon="2.928094">
        <ele>166.16</ele>
      </trkpt>
      <trkpt lat="42.978445" lon="2.928013">
        <ele>167.79</ele>
      </trkpt>
      <trkpt lat="42.978309" lon="2.927935">
        <ele>168.77</ele>
      </trkpt>
      <trkpt lat="42.978207" lon="2.927815">
        <ele>168.82</ele>
      </trkpt>
      <trkpt lat="42.978199" lon="2.927793">
        <ele>168.69</ele>
      </trkpt>
      <trkpt lat="42.978153" lon="2.927661">
        <ele>167.89</ele>
      </trkpt>
      <trkpt lat="42.978102" lon="2.927549">
        <ele>167.26</ele>
      </trkpt>
      <trkpt lat="42.978026" lon="2.927483">
        <ele>167.28</ele>
      </trkpt>
      <trkpt lat="42.977913" lon="2.927415">
        <ele>166.9</ele>
      </trkpt>
      <trkpt lat="42.977853" lon="2.92733">
        <ele>165.94</ele>
      </trkpt>
      <trkpt lat="42.977772" lon="2.92705">
        <ele>161.72</ele>
      </trkpt>
      <trkpt lat="42.977765" lon="2.926971">
        <ele>160.2</ele>
      </trkpt>
      <trkpt lat="42.97777" lon="2.926883">
        <ele>158.52</ele>
      </trkpt>
      <trkpt lat="42.977815" lon="2.926693">
        <ele>154.93</ele>
      </trkpt>
      <trkpt lat="42.977811" lon="2.92663">
        <ele>153.71</ele>
      </trkpt>
      <trkpt lat="42.977784" lon="2.926573">
        <ele>152.57</ele>
      </trkpt>
      <trkpt lat="42.97775" lon="2.926547">
        <ele>152.05</ele>
      </trkpt>
      <trkpt lat="42.977703" lon="2.926534">
        <ele>151.73</ele>
      </trkpt>
      <trkpt lat="42.977457" lon="2.926522">
        <ele>151.21</ele>
      </trkpt>
      <trkpt lat="42.977271" lon="2.926487">
        <ele>150.32</ele>
      </trkpt>
      <trkpt lat="42.976946" lon="2.926475">
        <ele>150.1</ele>
      </trkpt>
      <trkpt lat="42.976839" lon="2.926443">
        <ele>149.52</ele>
      </trkpt>
      <trkpt lat="42.976675" lon="2.926344">
        <ele>147.49</ele>
      </trkpt>
      <trkpt lat="42.976651" lon="2.926312">
        <ele>146.93</ele>
      </trkpt>
      <trkpt lat="42.976646" lon="2.926274">
        <ele>146.66</ele>
      </trkpt>
      <trkpt lat="42.976654" lon="2.926242">
        <ele>146.41</ele>
      </trkpt>
      <trkpt lat="42.976678" lon="2.926218">
        <ele>146.23</ele>
      </trkpt>
      <trkpt lat="42.977128" lon="2.925955">
        <ele>143.54</ele>
      </trkpt>
      <trkpt lat="42.977212" lon="2.925926">
        <ele>143.21</ele>
      </trkpt>
      <trkpt lat="42.977709" lon="2.925866">
        <ele>142.55</ele>
      </trkpt>
      <trkpt lat="42.978042" lon="2.92576">
        <ele>141.11</ele>
      </trkpt>
      <trkpt lat="42.978119" lon="2.925777">
        <ele>141.02</ele>
      </trkpt>
      <trkpt lat="42.978208" lon="2.925842">
        <ele>141.35</ele>
      </trkpt>
      <trkpt lat="42.978301" lon="2.925948">
        <ele>141.95</ele>
      </trkpt>
      <trkpt lat="42.978376" lon="2.926006">
        <ele>142.06</ele>
      </trkpt>
      <trkpt lat="42.978504" lon="2.926068">
        <ele>141.81</ele>
      </trkpt>
      <trkpt lat="42.978557" lon="2.926077">
        <ele>141.55</ele>
      </trkpt>
      <trkpt lat="42.978628" lon="2.926069">
        <ele>141.05</ele>
      </trkpt>
      <trkpt lat="42.978947" lon="2.926075">
        <ele>140.54</ele>
      </trkpt>
      <trkpt lat="42.978979" lon="2.926062">
        <ele>140.71</ele>
      </trkpt>
      <trkpt lat="42.979002" lon="2.926025">
        <ele>140.81</ele>
      </trkpt>
      <trkpt lat="42.979005" lon="2.92599">
        <ele>140.79</ele>
      </trkpt>
      <trkpt lat="42.978998" lon="2.925959">
        <ele>140.69</ele>
      </trkpt>
      <trkpt lat="42.978979" lon="2.925935">
        <ele>140.49</ele>
      </trkpt>
      <trkpt lat="42.978776" lon="2.92585">
        <ele>138.97</ele>
      </trkpt>
      <trkpt lat="42.97875" lon="2.925813">
        <ele>138.88</ele>
      </trkpt>
      <trkpt lat="42.978674" lon="2.925654">
        <ele>138.21</ele>
      </trkpt>
      <trkpt lat="42.978489" lon="2.925334">
        <ele>138.96</ele>
      </trkpt>
      <trkpt lat="42.978469" lon="2.925239">
        <ele>139.95</ele>
      </trkpt>
      <trkpt lat="42.978578" lon="2.924926">
        <ele>142.89</ele>
      </trkpt>
      <trkpt lat="42.978589" lon="2.924849">
        <ele>143.64</ele>
      </trkpt>
      <trkpt lat="42.978574" lon="2.92475">
        <ele>144.66</ele>
      </trkpt>
      <trkpt lat="42.978575" lon="2.92469">
        <ele>145.26</ele>
      </trkpt>
      <trkpt lat="42.97859" lon="2.924614">
        <ele>146.1</ele>
      </trkpt>
      <trkpt lat="42.978619" lon="2.924516">
        <ele>147.32</ele>
      </trkpt>
      <trkpt lat="42.978744" lon="2.924244">
        <ele>150.91</ele>
      </trkpt>
      <trkpt lat="42.978761" lon="2.924193">
        <ele>151.62</ele>
      </trkpt>
      <trkpt lat="42.978764" lon="2.924122">
        <ele>152.63</ele>
      </trkpt>
      <trkpt lat="42.978741" lon="2.924012">
        <ele>154.13</ele>
      </trkpt>
      <trkpt lat="42.97874" lon="2.923953">
        <ele>154.94</ele>
      </trkpt>
      <trkpt lat="42.978749" lon="2.9239">
        <ele>155.71</ele>
      </trkpt>
      <trkpt lat="42.978896" lon="2.92359">
        <ele>160.84</ele>
      </trkpt>
      <trkpt lat="42.978901" lon="2.923547">
        <ele>161.59</ele>
      </trkpt>
      <trkpt lat="42.97889" lon="2.923508">
        <ele>162.33</ele>
      </trkpt>
      <trkpt lat="42.978601" lon="2.923273">
        <ele>166.31</ele>
      </trkpt>
      <trkpt lat="42.978494" lon="2.923227">
        <ele>166.87</ele>
      </trkpt>
      <trkpt lat="42.978275" lon="2.923108">
        <ele>168.5</ele>
      </trkpt>
      <trkpt lat="42.978016" lon="2.922928">
        <ele>171.04</ele>
      </trkpt>
      <trkpt lat="42.977993" lon="2.9229">
        <ele>171.42</ele>
      </trkpt>
      <trkpt lat="42.977957" lon="2.922857">
        <ele>172.01</ele>
      </trkpt>
      <trkpt lat="42.977809" lon="2.922597">
        <ele>175.66</ele>
      </trkpt>
      <trkpt lat="42.977758" lon="2.922533">
        <ele>176.48</ele>
      </trkpt>
      <trkpt lat="42.977357" lon="2.92211">
        <ele>181.97</ele>
      </trkpt>
      <trkpt lat="42.977289" lon="2.922052">
        <ele>183.02</ele>
      </trkpt>
      <trkpt lat="42.977231" lon="2.922023">
        <ele>183.46</ele>
      </trkpt>
      <trkpt lat="42.977098" lon="2.922004">
        <ele>183.47</ele>
      </trkpt>
      <trkpt lat="42.976952" lon="2.921956">
        <ele>184.27</ele>
      </trkpt>
      <trkpt lat="42.976916" lon="2.921928">
        <ele>184.78</ele>
      </trkpt>
      <trkpt lat="42.976897" lon="2.921892">
        <ele>185.47</ele>
      </trkpt>
      <trkpt lat="42.97688" lon="2.921833">
        <ele>186.65</ele>
      </trkpt>
      <trkpt lat="42.97689" lon="2.921762">
        <ele>188.18</ele>
      </trkpt>
      <trkpt lat="42.976928" lon="2.921699">
        <ele>189.69</ele>
      </trkpt>
      <trkpt lat="42.976969" lon="2.921649">
        <ele>190.97</ele>
      </trkpt>
      <trkpt lat="42.977121" lon="2.921534">
        <ele>194.56</ele>
      </trkpt>
      <trkpt lat="42.977181" lon="2.921505">
        <ele>195.65</ele>
      </trkpt>
      <trkpt lat="42.977356" lon="2.92147">
        <ele>197.15</ele>
      </trkpt>
      <trkpt lat="42.97738" lon="2.92145">
        <ele>197.71</ele>
      </trkpt>
      <trkpt lat="42.977399" lon="2.921401">
        <ele>198.95</ele>
      </trkpt>
      <trkpt lat="42.977401" lon="2.921232">
        <ele>203.18</ele>
      </trkpt>
      <trkpt lat="42.977379" lon="2.920901">
        <ele>211.84</ele>
      </trkpt>
      <trkpt lat="42.977328" lon="2.920654">
        <ele>218.18</ele>
      </trkpt>
      <trkpt lat="42.977301" lon="2.920592">
        <ele>219.73</ele>
      </trkpt>
      <trkpt lat="42.977263" lon="2.920541">
        <ele>220.93</ele>
      </trkpt>
      <trkpt lat="42.977156" lon="2.920472">
        <ele>222.05</ele>
      </trkpt>
      <trkpt lat="42.976987" lon="2.920412">
        <ele>220.07</ele>
      </trkpt>
      <trkpt lat="42.976931" lon="2.920379">
        <ele>219.64</ele>
      </trkpt>
      <trkpt lat="42.976849" lon="2.920309">
        <ele>219.42</ele>
      </trkpt>
      <trkpt lat="42.97675" lon="2.920201">
        <ele>219.69</ele>
      </trkpt>
      <trkpt lat="42.976621" lon="2.920027">
        <ele>220.92</ele>
      </trkpt>
      <trkpt lat="42.976557" lon="2.919913">
        <ele>222.2</ele>
      </trkpt>
      <trkpt lat="42.97647" lon="2.919685">
        <ele>225.58</ele>
      </trkpt>
      <trkpt lat="42.976365" lon="2.919281">
        <ele>229.71</ele>
      </trkpt>
      <trkpt lat="42.976331" lon="2.91912">
        <ele>231.4</ele>
      </trkpt>
      <trkpt lat="42.976317" lon="2.918989">
        <ele>232.82</ele>
      </trkpt>
      <trkpt lat="42.976261" lon="2.918799">
        <ele>234.32</ele>
      </trkpt>
      <trkpt lat="42.976247" lon="2.918699">
        <ele>234.81</ele>
      </trkpt>
      <trkpt lat="42.976247" lon="2.918606">
        <ele>235.42</ele>
      </trkpt>
      <trkpt lat="42.976272" lon="2.91843">
        <ele>236.81</ele>
      </trkpt>
      <trkpt lat="42.97634" lon="2.918057">
        <ele>239.59</ele>
      </trkpt>
      <trkpt lat="42.97636" lon="2.917876">
        <ele>240.23</ele>
      </trkpt>
      <trkpt lat="42.97637" lon="2.917787">
        <ele>240.55</ele>
      </trkpt>
      <trkpt lat="42.976367" lon="2.917343">
        <ele>241.66</ele>
      </trkpt>
      <trkpt lat="42.976348" lon="2.917107">
        <ele>242.34</ele>
      </trkpt>
      <trkpt lat="42.976409" lon="2.916943">
        <ele>243.53</ele>
      </trkpt>
      <trkpt lat="42.976439" lon="2.916841">
        <ele>244.22</ele>
      </trkpt>
      <trkpt lat="42.976402" lon="2.916734">
        <ele>244.73</ele>
      </trkpt>
      <trkpt lat="42.976221" lon="2.916627">
        <ele>244.9</ele>
      </trkpt>
      <trkpt lat="42.976095" lon="2.916441">
        <ele>245.71</ele>
      </trkpt>
      <trkpt lat="42.975968" lon="2.915929">
        <ele>247.6</ele>
      </trkpt>
      <trkpt lat="42.975908" lon="2.915736">
        <ele>248.08</ele>
      </trkpt>
      <trkpt lat="42.975584" lon="2.915277">
        <ele>247.93</ele>
      </trkpt>
      <trkpt lat="42.975583" lon="2.915053">
        <ele>248.45</ele>
      </trkpt>
      <trkpt lat="42.975535" lon="2.914841">
        <ele>248.73</ele>
      </trkpt>
      <trkpt lat="42.975421" lon="2.914498">
        <ele>249.9</ele>
      </trkpt>
      <trkpt lat="42.975396" lon="2.914254">
        <ele>250.85</ele>
      </trkpt>
      <trkpt lat="42.975427" lon="2.913936">
        <ele>251.84</ele>
      </trkpt>
      <trkpt lat="42.975457" lon="2.913733">
        <ele>252.03</ele>
      </trkpt>
      <trkpt lat="42.975469" lon="2.91365">
        <ele>252.11</ele>
      </trkpt>
      <trkpt lat="42.975478" lon="2.913022">
        <ele>252.11</ele>
      </trkpt>
      <trkpt lat="42.975458" lon="2.912915">
        <ele>252.16</ele>
      </trkpt>
      <trkpt lat="42.975369" lon="2.912769">
        <ele>252.66</ele>
      </trkpt>
      <trkpt lat="42.975261" lon="2.912615">
        <ele>253.47</ele>
      </trkpt>
      <trkpt lat="42.975276" lon="2.912407">
        <ele>253.36</ele>
      </trkpt>
      <trkpt lat="42.975607" lon="2.91146">
        <ele>251.7</ele>
      </trkpt>
      <trkpt lat="42.975504" lon="2.910752">
        <ele>250.64</ele>
      </trkpt>
      <trkpt lat="42.975493" lon="2.910524">
        <ele>250.12</ele>
      </trkpt>
      <trkpt lat="42.975529" lon="2.910379">
        <ele>250.49</ele>
      </trkpt>
      <trkpt lat="42.975582" lon="2.909673">
        <ele>253.05</ele>
      </trkpt>
      <trkpt lat="42.975597" lon="2.909484">
        <ele>253.74</ele>
      </trkpt>
      <trkpt lat="42.975636" lon="2.90919">
        <ele>253.98</ele>
      </trkpt>
      <trkpt lat="42.975845" lon="2.908382">
        <ele>254.49</ele>
      </trkpt>
      <trkpt lat="42.976002" lon="2.90816">
        <ele>254.45</ele>
      </trkpt>
      <trkpt lat="42.976171" lon="2.907812">
        <ele>254.46</ele>
      </trkpt>
      <trkpt lat="42.976212" lon="2.907644">
        <ele>254.4</ele>
      </trkpt>
      <trkpt lat="42.976239" lon="2.907329">
        <ele>254.39</ele>
      </trkpt>
      <trkpt lat="42.976315" lon="2.907067">
        <ele>254.07</ele>
      </trkpt>
      <trkpt lat="42.976369" lon="2.906753">
        <ele>253.88</ele>
      </trkpt>
      <trkpt lat="42.976524" lon="2.906257">
        <ele>253.44</ele>
      </trkpt>
      <trkpt lat="42.97656" lon="2.906141">
        <ele>253.2</ele>
      </trkpt>
      <trkpt lat="42.976661" lon="2.906065">
        <ele>252.96</ele>
      </trkpt>
      <trkpt lat="42.976801" lon="2.906037">
        <ele>252.77</ele>
      </trkpt>
      <trkpt lat="42.977319" lon="2.906319">
        <ele>251.33</ele>
      </trkpt>
      <trkpt lat="42.977499" lon="2.906409">
        <ele>250.73</ele>
      </trkpt>
      <trkpt lat="42.977712" lon="2.90632">
        <ele>250.02</ele>
      </trkpt>
      <trkpt lat="42.977837" lon="2.906214">
        <ele>249.7</ele>
      </trkpt>
      <trkpt lat="42.978094" lon="2.905866">
        <ele>249.24</ele>
      </trkpt>
      <trkpt lat="42.97831" lon="2.905722">
        <ele>248.69</ele>
      </trkpt>
      <trkpt lat="42.978484" lon="2.90573">
        <ele>248.12</ele>
      </trkpt>
      <trkpt lat="42.978692" lon="2.905683">
        <ele>247.45</ele>
      </trkpt>
      <trkpt lat="42.978827" lon="2.905699">
        <ele>247.01</ele>
      </trkpt>
      <trkpt lat="42.978932" lon="2.905688">
        <ele>246.76</ele>
      </trkpt>
      <trkpt lat="42.979114" lon="2.905595">
        <ele>246.32</ele>
      </trkpt>
      <trkpt lat="42.979354" lon="2.90529">
        <ele>245.89</ele>
      </trkpt>
      <trkpt lat="42.979588" lon="2.904771">
        <ele>245.96</ele>
      </trkpt>
      <trkpt lat="42.979696" lon="2.904586">
        <ele>245.89</ele>
      </trkpt>
      <trkpt lat="42.979777" lon="2.904517">
        <ele>245.66</ele>
      </trkpt>
      <trkpt lat="42.979965" lon="2.904518">
        <ele>245.09</ele>
      </trkpt>
      <trkpt lat="42.980006" lon="2.904509">
        <ele>244.98</ele>
      </trkpt>
      <trkpt lat="42.980063" lon="2.904495">
        <ele>244.83</ele>
      </trkpt>
      <trkpt lat="42.980265" lon="2.904332">
        <ele>244.66</ele>
      </trkpt>
      <trkpt lat="42.980462" lon="2.903993">
        <ele>245.39</ele>
      </trkpt>
      <trkpt lat="42.980694" lon="2.90373">
        <ele>245.03</ele>
      </trkpt>
      <trkpt lat="42.980931" lon="2.903193">
        <ele>244.34</ele>
      </trkpt>
      <trkpt lat="42.981023" lon="2.903181">
        <ele>244.16</ele>
      </trkpt>
      <trkpt lat="42.981504" lon="2.902833">
        <ele>244.18</ele>
      </trkpt>
      <trkpt lat="42.981745" lon="2.902835">
        <ele>244.18</ele>
      </trkpt>
      <trkpt lat="42.981835" lon="2.902784">
        <ele>244.24</ele>
      </trkpt>
      <trkpt lat="42.981973" lon="2.902787">
        <ele>244.24</ele>
      </trkpt>
      <trkpt lat="42.982182" lon="2.902725">
        <ele>244.35</ele>
      </trkpt>
      <trkpt lat="42.98229" lon="2.902738">
        <ele>244.6</ele>
      </trkpt>
      <trkpt lat="42.9825" lon="2.902816">
        <ele>245.01</ele>
      </trkpt>
      <trkpt lat="42.982527" lon="2.902812">
        <ele>245.08</ele>
      </trkpt>
      <trkpt lat="42.982742" lon="2.902782">
        <ele>245.63</ele>
      </trkpt>
      <trkpt lat="42.982907" lon="2.90278">
        <ele>246.03</ele>
      </trkpt>
      <trkpt lat="42.983212" lon="2.902655">
        <ele>246.91</ele>
      </trkpt>
      <trkpt lat="42.983289" lon="2.902577">
        <ele>247.19</ele>
      </trkpt>
      <trkpt lat="42.983438" lon="2.902325">
        <ele>247.85</ele>
      </trkpt>
      <trkpt lat="42.983624" lon="2.902156">
        <ele>248.5</ele>
      </trkpt>
      <trkpt lat="42.983734" lon="2.902133">
        <ele>248.83</ele>
      </trkpt>
      <trkpt lat="42.983826" lon="2.902051">
        <ele>249.34</ele>
      </trkpt>
      <trkpt lat="42.983971" lon="2.901784">
        <ele>250.73</ele>
      </trkpt>
      <trkpt lat="42.984021" lon="2.901599">
        <ele>251.59</ele>
      </trkpt>
      <trkpt lat="42.984008" lon="2.901416">
        <ele>252.26</ele>
      </trkpt>
      <trkpt lat="42.983989" lon="2.901291">
        <ele>252.77</ele>
      </trkpt>
      <trkpt lat="42.984025" lon="2.901169">
        <ele>253.84</ele>
      </trkpt>
      <trkpt lat="42.984189" lon="2.901043">
        <ele>255.55</ele>
      </trkpt>
      <trkpt lat="42.984332" lon="2.90102">
        <ele>256.37</ele>
      </trkpt>
      <trkpt lat="42.984445" lon="2.900939">
        <ele>257.6</ele>
      </trkpt>
      <trkpt lat="42.984494" lon="2.900835">
        <ele>258.78</ele>
      </trkpt>
      <trkpt lat="42.984528" lon="2.900787">
        <ele>259.39</ele>
      </trkpt>
      <trkpt lat="42.984654" lon="2.900724">
        <ele>260.64</ele>
      </trkpt>
      <trkpt lat="42.984779" lon="2.900695">
        <ele>260.94</ele>
      </trkpt>
      <trkpt lat="42.984927" lon="2.900611">
        <ele>261.6</ele>
      </trkpt>
      <trkpt lat="42.985028" lon="2.900624">
        <ele>261.44</ele>
      </trkpt>
      <trkpt lat="42.98513" lon="2.900741">
        <ele>260.49</ele>
      </trkpt>
      <trkpt lat="42.985235" lon="2.900791">
        <ele>260.13</ele>
      </trkpt>
      <trkpt lat="42.985624" lon="2.900831">
        <ele>260.2</ele>
      </trkpt>
      <trkpt lat="42.985714" lon="2.900801">
        <ele>260.55</ele>
      </trkpt>
      <trkpt lat="42.985791" lon="2.900698">
        <ele>261.24</ele>
      </trkpt>
      <trkpt lat="42.985863" lon="2.900489">
        <ele>262.41</ele>
      </trkpt>
      <trkpt lat="42.985929" lon="2.900392">
        <ele>263.23</ele>
      </trkpt>
      <trkpt lat="42.986272" lon="2.900133">
        <ele>265.12</ele>
      </trkpt>
      <trkpt lat="42.986364" lon="2.900109">
        <ele>265.43</ele>
      </trkpt>
      <trkpt lat="42.98652" lon="2.900156">
        <ele>266.01</ele>
      </trkpt>
      <trkpt lat="42.986851" lon="2.900187">
        <ele>267.68</ele>
      </trkpt>
      <trkpt lat="42.987024" lon="2.900112">
        <ele>269.01</ele>
      </trkpt>
      <trkpt lat="42.987355" lon="2.899704">
        <ele>271.77</ele>
      </trkpt>
      <trkpt lat="42.987455" lon="2.899476">
        <ele>271.99</ele>
      </trkpt>
      <trkpt lat="42.987558" lon="2.899304">
        <ele>271.83</ele>
      </trkpt>
      <trkpt lat="42.987561" lon="2.899288">
        <ele>271.81</ele>
      </trkpt>
      <trkpt lat="42.987575" lon="2.899191">
        <ele>271.74</ele>
      </trkpt>
      <trkpt lat="42.987544" lon="2.899066">
        <ele>271.74</ele>
      </trkpt>
      <trkpt lat="42.987482" lon="2.898904">
        <ele>271.87</ele>
      </trkpt>
      <trkpt lat="42.98749" lon="2.898727">
        <ele>271.57</ele>
      </trkpt>
      <trkpt lat="42.987641" lon="2.898536">
        <ele>270.42</ele>
      </trkpt>
      <trkpt lat="42.987784" lon="2.898428">
        <ele>269.49</ele>
      </trkpt>
      <trkpt lat="42.987974" lon="2.898149">
        <ele>267.71</ele>
      </trkpt>
      <trkpt lat="42.988164" lon="2.898081">
        <ele>265.41</ele>
      </trkpt>
      <trkpt lat="42.988245" lon="2.897942">
        <ele>263.78</ele>
      </trkpt>
      <trkpt lat="42.988386" lon="2.897507">
        <ele>259.71</ele>
      </trkpt>
      <trkpt lat="42.988523" lon="2.897365">
        <ele>257.65</ele>
      </trkpt>
      <trkpt lat="42.988571" lon="2.897232">
        <ele>256.57</ele>
      </trkpt>
      <trkpt lat="42.988731" lon="2.896511">
        <ele>253.8</ele>
      </trkpt>
      <trkpt lat="42.988859" lon="2.895771">
        <ele>251.62</ele>
      </trkpt>
      <trkpt lat="42.988907" lon="2.895657">
        <ele>251.27</ele>
      </trkpt>
      <trkpt lat="42.989005" lon="2.895426">
        <ele>250.86</ele>
      </trkpt>
      <trkpt lat="42.989046" lon="2.895255">
        <ele>251.02</ele>
      </trkpt>
      <trkpt lat="42.989053" lon="2.894945">
        <ele>251.38</ele>
      </trkpt>
      <trkpt lat="42.988921" lon="2.894447">
        <ele>251.75</ele>
      </trkpt>
      <trkpt lat="42.988822" lon="2.894203">
        <ele>251.48</ele>
      </trkpt>
      <trkpt lat="42.98881" lon="2.894096">
        <ele>251.38</ele>
      </trkpt>
      <trkpt lat="42.988882" lon="2.893767">
        <ele>251.41</ele>
      </trkpt>
      <trkpt lat="42.988885" lon="2.893423">
        <ele>253.07</ele>
      </trkpt>
      <trkpt lat="42.988835" lon="2.893398">
        <ele>253.01</ele>
      </trkpt>
      <trkpt lat="42.988777" lon="2.893323">
        <ele>253.3</ele>
      </trkpt>
      <trkpt lat="42.988725" lon="2.893235">
        <ele>253.6</ele>
      </trkpt>
      <trkpt lat="42.988728" lon="2.89316">
        <ele>253.91</ele>
      </trkpt>
      <trkpt lat="42.98873" lon="2.893102">
        <ele>254.15</ele>
      </trkpt>
      <trkpt lat="42.988693" lon="2.893046">
        <ele>254.26</ele>
      </trkpt>
      <trkpt lat="42.988654" lon="2.89294">
        <ele>254.51</ele>
      </trkpt>
      <trkpt lat="42.98868" lon="2.892805">
        <ele>255.09</ele>
      </trkpt>
      <trkpt lat="42.988564" lon="2.89264">
        <ele>255.27</ele>
      </trkpt>
      <trkpt lat="42.988559" lon="2.892566">
        <ele>255.52</ele>
      </trkpt>
      <trkpt lat="42.988589" lon="2.89243">
        <ele>256.11</ele>
      </trkpt>
      <trkpt lat="42.988596" lon="2.892312">
        <ele>256.56</ele>
      </trkpt>
      <trkpt lat="42.988669" lon="2.89218">
        <ele>257.3</ele>
      </trkpt>
      <trkpt lat="42.988678" lon="2.892029">
        <ele>258.19</ele>
      </trkpt>
      <trkpt lat="42.988652" lon="2.891817">
        <ele>259.43</ele>
      </trkpt>
      <trkpt lat="42.988733" lon="2.891657">
        <ele>260.67</ele>
      </trkpt>
      <trkpt lat="42.988687" lon="2.891581">
        <ele>261</ele>
      </trkpt>
      <trkpt lat="42.988786" lon="2.891402">
        <ele>262.37</ele>
      </trkpt>
      <trkpt lat="42.988864" lon="2.891207">
        <ele>264.1</ele>
      </trkpt>
      <trkpt lat="42.988914" lon="2.891006">
        <ele>266.02</ele>
      </trkpt>
      <trkpt lat="42.988982" lon="2.890631">
        <ele>269.35</ele>
      </trkpt>
      <trkpt lat="42.989178" lon="2.88939">
        <ele>281.57</ele>
      </trkpt>
      <trkpt lat="42.98925" lon="2.889066">
        <ele>284.04</ele>
      </trkpt>
      <trkpt lat="42.98925" lon="2.888898">
        <ele>285.35</ele>
      </trkpt>
      <trkpt lat="42.989124" lon="2.888069">
        <ele>293.74</ele>
      </trkpt>
      <trkpt lat="42.989119" lon="2.887884">
        <ele>295.64</ele>
      </trkpt>
      <trkpt lat="42.989139" lon="2.887756">
        <ele>296.9</ele>
      </trkpt>
      <trkpt lat="42.989275" lon="2.887244">
        <ele>301.83</ele>
      </trkpt>
      <trkpt lat="42.989333" lon="2.887027">
        <ele>303.93</ele>
      </trkpt>
      <trkpt lat="42.989438" lon="2.886729">
        <ele>306.16</ele>
      </trkpt>
      <trkpt lat="42.989814" lon="2.885854">
        <ele>310.14</ele>
      </trkpt>
      <trkpt lat="42.989896" lon="2.885546">
        <ele>311.03</ele>
      </trkpt>
      <trkpt lat="42.989933" lon="2.885318">
        <ele>311.26</ele>
      </trkpt>
      <trkpt lat="42.98994" lon="2.885028">
        <ele>311.57</ele>
      </trkpt>
      <trkpt lat="42.989978" lon="2.884404">
        <ele>312.15</ele>
      </trkpt>
      <trkpt lat="42.990076" lon="2.883747">
        <ele>312.69</ele>
      </trkpt>
      <trkpt lat="42.990234" lon="2.882418">
        <ele>317.9</ele>
      </trkpt>
      <trkpt lat="42.990258" lon="2.882146">
        <ele>319.59</ele>
      </trkpt>
      <trkpt lat="42.990348" lon="2.881707">
        <ele>323.11</ele>
      </trkpt>
      <trkpt lat="42.990413" lon="2.881479">
        <ele>324.51</ele>
      </trkpt>
      <trkpt lat="42.990426" lon="2.881379">
        <ele>325.19</ele>
      </trkpt>
      <trkpt lat="42.990435" lon="2.881056">
        <ele>327.67</ele>
      </trkpt>
      <trkpt lat="42.990461" lon="2.880899">
        <ele>328.55</ele>
      </trkpt>
      <trkpt lat="42.990771" lon="2.880241">
        <ele>327.57</ele>
      </trkpt>
      <trkpt lat="42.990879" lon="2.879943">
        <ele>326.05</ele>
      </trkpt>
      <trkpt lat="42.99091" lon="2.879754">
        <ele>325.54</ele>
      </trkpt>
      <trkpt lat="42.990902" lon="2.879553">
        <ele>325.68</ele>
      </trkpt>
      <trkpt lat="42.990852" lon="2.879293">
        <ele>326.53</ele>
      </trkpt>
      <trkpt lat="42.990728" lon="2.878888">
        <ele>328.85</ele>
      </trkpt>
      <trkpt lat="42.990688" lon="2.878683">
        <ele>329.14</ele>
      </trkpt>
      <trkpt lat="42.990599" lon="2.878066">
        <ele>328.34</ele>
      </trkpt>
      <trkpt lat="42.990572" lon="2.877928">
        <ele>328.44</ele>
      </trkpt>
      <trkpt lat="42.990564" lon="2.877752">
        <ele>328.41</ele>
      </trkpt>
      <trkpt lat="42.990627" lon="2.877036">
        <ele>326.09</ele>
      </trkpt>
      <trkpt lat="42.990633" lon="2.876284">
        <ele>323.03</ele>
      </trkpt>
      <trkpt lat="42.99066" lon="2.875831">
        <ele>321.36</ele>
      </trkpt>
      <trkpt lat="42.990645" lon="2.875492">
        <ele>320.86</ele>
      </trkpt>
      <trkpt lat="42.990556" lon="2.87482">
        <ele>324.28</ele>
      </trkpt>
      <trkpt lat="42.990561" lon="2.874668">
        <ele>324.53</ele>
      </trkpt>
      <trkpt lat="42.990603" lon="2.874536">
        <ele>324.32</ele>
      </trkpt>
      <trkpt lat="42.990708" lon="2.87427">
        <ele>323.82</ele>
      </trkpt>
      <trkpt lat="42.990823" lon="2.874118">
        <ele>322.51</ele>
      </trkpt>
      <trkpt lat="42.991053" lon="2.873947">
        <ele>319.22</ele>
      </trkpt>
      <trkpt lat="42.991178" lon="2.873769">
        <ele>318.58</ele>
      </trkpt>
      <trkpt lat="42.991292" lon="2.873676">
        <ele>317.73</ele>
      </trkpt>
      <trkpt lat="42.991471" lon="2.873652">
        <ele>314.94</ele>
      </trkpt>
      <trkpt lat="42.991587" lon="2.873613">
        <ele>313.45</ele>
      </trkpt>
      <trkpt lat="42.991669" lon="2.873532">
        <ele>312.86</ele>
      </trkpt>
      <trkpt lat="42.99182" lon="2.873384">
        <ele>311.76</ele>
      </trkpt>
      <trkpt lat="42.992261" lon="2.872804">
        <ele>308.29</ele>
      </trkpt>
      <trkpt lat="42.992418" lon="2.872513">
        <ele>308.37</ele>
      </trkpt>
      <trkpt lat="42.992626" lon="2.872167">
        <ele>307.3</ele>
      </trkpt>
      <trkpt lat="42.992877" lon="2.871616">
        <ele>302.41</ele>
      </trkpt>
      <trkpt lat="42.993022" lon="2.871241">
        <ele>299.08</ele>
      </trkpt>
      <trkpt lat="42.993161" lon="2.870706">
        <ele>293.29</ele>
      </trkpt>
      <trkpt lat="42.99345" lon="2.869862">
        <ele>283.31</ele>
      </trkpt>
      <trkpt lat="42.993517" lon="2.869767">
        <ele>281.83</ele>
      </trkpt>
      <trkpt lat="42.993926" lon="2.869397">
        <ele>275.65</ele>
      </trkpt>
      <trkpt lat="42.99406" lon="2.869308">
        <ele>274.75</ele>
      </trkpt>
      <trkpt lat="42.994421" lon="2.869136">
        <ele>272.93</ele>
      </trkpt>
      <trkpt lat="42.994568" lon="2.869055">
        <ele>272.55</ele>
      </trkpt>
      <trkpt lat="42.994901" lon="2.868871">
        <ele>271.68</ele>
      </trkpt>
      <trkpt lat="42.995049" lon="2.86885">
        <ele>271.5</ele>
      </trkpt>
      <trkpt lat="42.994947" lon="2.868555">
        <ele>272.18</ele>
      </trkpt>
      <trkpt lat="42.994952" lon="2.868499">
        <ele>272.28</ele>
      </trkpt>
      <trkpt lat="42.995001" lon="2.86834">
        <ele>272.5</ele>
      </trkpt>
      <trkpt lat="42.994998" lon="2.868287">
        <ele>272.61</ele>
      </trkpt>
      <trkpt lat="42.994906" lon="2.868158">
        <ele>273.06</ele>
      </trkpt>
      <trkpt lat="42.994897" lon="2.868119">
        <ele>273.16</ele>
      </trkpt>
      <trkpt lat="42.994897" lon="2.868056">
        <ele>273.29</ele>
      </trkpt>
      <trkpt lat="42.994967" lon="2.867892">
        <ele>273.8</ele>
      </trkpt>
      <trkpt lat="42.994964" lon="2.867748">
        <ele>274.68</ele>
      </trkpt>
      <trkpt lat="42.994955" lon="2.867703">
        <ele>274.97</ele>
      </trkpt>
      <trkpt lat="42.994926" lon="2.867672">
        <ele>275.19</ele>
      </trkpt>
      <trkpt lat="42.994886" lon="2.86766">
        <ele>275.3</ele>
      </trkpt>
      <trkpt lat="42.994774" lon="2.867672">
        <ele>275.36</ele>
      </trkpt>
      <trkpt lat="42.994721" lon="2.867681">
        <ele>275.36</ele>
      </trkpt>
      <trkpt lat="42.99464" lon="2.867656">
        <ele>275.56</ele>
      </trkpt>
      <trkpt lat="42.994576" lon="2.867605">
        <ele>275.85</ele>
      </trkpt>
      <trkpt lat="42.994541" lon="2.867592">
        <ele>275.94</ele>
      </trkpt>
      <trkpt lat="42.994444" lon="2.867585">
        <ele>276.03</ele>
      </trkpt>
      <trkpt lat="42.994412" lon="2.867568">
        <ele>276.12</ele>
      </trkpt>
      <trkpt lat="42.994238" lon="2.867397">
        <ele>276.94</ele>
      </trkpt>
      <trkpt lat="42.99414" lon="2.867222">
        <ele>277.69</ele>
      </trkpt>
      <trkpt lat="42.994039" lon="2.867132">
        <ele>278.01</ele>
      </trkpt>
      <trkpt lat="42.993959" lon="2.86709">
        <ele>278.06</ele>
      </trkpt>
      <trkpt lat="42.993859" lon="2.867081">
        <ele>278.07</ele>
      </trkpt>
      <trkpt lat="42.993834" lon="2.867062">
        <ele>278.1</ele>
      </trkpt>
      <trkpt lat="42.993822" lon="2.867017">
        <ele>278.15</ele>
      </trkpt>
      <trkpt lat="42.993882" lon="2.866712">
        <ele>278.45</ele>
      </trkpt>
      <trkpt lat="42.99396" lon="2.866323">
        <ele>278.83</ele>
      </trkpt>
      <trkpt lat="42.993958" lon="2.866254">
        <ele>278.81</ele>
      </trkpt>
      <trkpt lat="42.993931" lon="2.866168">
        <ele>278.8</ele>
      </trkpt>
      <trkpt lat="42.993938" lon="2.866111">
        <ele>278.75</ele>
      </trkpt>
      <trkpt lat="42.994091" lon="2.865852">
        <ele>278.01</ele>
      </trkpt>
      <trkpt lat="42.994338" lon="2.865607">
        <ele>276.35</ele>
      </trkpt>
      <trkpt lat="42.994714" lon="2.865271">
        <ele>274.36</ele>
      </trkpt>
      <trkpt lat="42.994735" lon="2.865208">
        <ele>274.46</ele>
      </trkpt>
      <trkpt lat="42.994735" lon="2.865111">
        <ele>274.54</ele>
      </trkpt>
      <trkpt lat="42.994535" lon="2.86472">
        <ele>275.98</ele>
      </trkpt>
      <trkpt lat="42.994449" lon="2.864432">
        <ele>277.39</ele>
      </trkpt>
      <trkpt lat="42.994303" lon="2.864175">
        <ele>279</ele>
      </trkpt>
      <trkpt lat="42.994311" lon="2.864067">
        <ele>279.17</ele>
      </trkpt>
      <trkpt lat="42.994361" lon="2.86375">
        <ele>279.53</ele>
      </trkpt>
      <trkpt lat="42.994411" lon="2.863643">
        <ele>279.44</ele>
      </trkpt>
      <trkpt lat="42.994422" lon="2.863455">
        <ele>279.65</ele>
      </trkpt>
      <trkpt lat="42.994312" lon="2.862924">
        <ele>279.26</ele>
      </trkpt>
      <trkpt lat="42.994262" lon="2.862624">
        <ele>276.02</ele>
      </trkpt>
      <trkpt lat="42.994225" lon="2.862514">
        <ele>274.74</ele>
      </trkpt>
      <trkpt lat="42.994134" lon="2.862412">
        <ele>273.8</ele>
      </trkpt>
      <trkpt lat="42.99417" lon="2.862301">
        <ele>272.31</ele>
      </trkpt>
      <trkpt lat="42.994178" lon="2.862206">
        <ele>271.1</ele>
      </trkpt>
      <trkpt lat="42.99423" lon="2.862077">
        <ele>267.35</ele>
      </trkpt>
      <trkpt lat="42.994236" lon="2.861971">
        <ele>262.93</ele>
      </trkpt>
      <trkpt lat="42.994206" lon="2.861917">
        <ele>260.85</ele>
      </trkpt>
      <trkpt lat="42.994122" lon="2.861835">
        <ele>258</ele>
      </trkpt>
      <trkpt lat="42.994022" lon="2.86181">
        <ele>257.62</ele>
      </trkpt>
      <trkpt lat="42.993913" lon="2.861734">
        <ele>255.26</ele>
      </trkpt>
      <trkpt lat="42.993727" lon="2.861562">
        <ele>248.95</ele>
      </trkpt>
      <trkpt lat="42.993697" lon="2.861434">
        <ele>243.66</ele>
      </trkpt>
      <trkpt lat="42.993744" lon="2.861414">
        <ele>242.92</ele>
      </trkpt>
      <trkpt lat="42.9938" lon="2.861411">
        <ele>242.9</ele>
      </trkpt>
      <trkpt lat="42.993869" lon="2.861458">
        <ele>244.55</ele>
      </trkpt>
      <trkpt lat="42.993951" lon="2.861413">
        <ele>242.13</ele>
      </trkpt>
      <trkpt lat="42.993953" lon="2.861359">
        <ele>239.94</ele>
      </trkpt>
      <trkpt lat="42.99393" lon="2.861303">
        <ele>237.86</ele>
      </trkpt>
      <trkpt lat="42.993943" lon="2.861271">
        <ele>236.41</ele>
      </trkpt>
      <trkpt lat="42.993977" lon="2.861265">
        <ele>235.85</ele>
      </trkpt>
      <trkpt lat="42.994021" lon="2.861276">
        <ele>235.96</ele>
      </trkpt>
      <trkpt lat="42.99406" lon="2.861326">
        <ele>237.74</ele>
      </trkpt>
      <trkpt lat="42.994098" lon="2.861343">
        <ele>238.1</ele>
      </trkpt>
      <trkpt lat="42.994174" lon="2.861295">
        <ele>235.48</ele>
      </trkpt>
      <trkpt lat="42.994252" lon="2.861282">
        <ele>234.3</ele>
      </trkpt>
      <trkpt lat="42.994323" lon="2.861229">
        <ele>231.56</ele>
      </trkpt>
      <trkpt lat="42.994316" lon="2.861187">
        <ele>229.88</ele>
      </trkpt>
      <trkpt lat="42.994272" lon="2.861117">
        <ele>227.32</ele>
      </trkpt>
      <trkpt lat="42.99419" lon="2.860916">
        <ele>219.59</ele>
      </trkpt>
      <trkpt lat="42.994079" lon="2.860866">
        <ele>218.21</ele>
      </trkpt>
      <trkpt lat="42.993963" lon="2.860694">
        <ele>211.64</ele>
      </trkpt>
      <trkpt lat="42.993799" lon="2.860549">
        <ele>205.96</ele>
      </trkpt>
      <trkpt lat="42.993715" lon="2.860418">
        <ele>200.59</ele>
      </trkpt>
      <trkpt lat="42.993648" lon="2.86035">
        <ele>198.09</ele>
      </trkpt>
      <trkpt lat="42.9936" lon="2.860282">
        <ele>195.67</ele>
      </trkpt>
      <trkpt lat="42.993407" lon="2.860206">
        <ele>192.16</ele>
      </trkpt>
      <trkpt lat="42.993432" lon="2.860091">
        <ele>188.61</ele>
      </trkpt>
      <trkpt lat="42.993344" lon="2.859978">
        <ele>184.4</ele>
      </trkpt>
      <trkpt lat="42.993291" lon="2.859873">
        <ele>180.63</ele>
      </trkpt>
      <trkpt lat="42.993197" lon="2.85983">
        <ele>178.58</ele>
      </trkpt>
      <trkpt lat="42.993064" lon="2.859811">
        <ele>177.05</ele>
      </trkpt>
      <trkpt lat="42.993036" lon="2.85977">
        <ele>175.5</ele>
      </trkpt>
      <trkpt lat="42.993056" lon="2.859666">
        <ele>172.17</ele>
      </trkpt>
      <trkpt lat="42.993038" lon="2.859617">
        <ele>170.74</ele>
      </trkpt>
      <trkpt lat="42.992946" lon="2.859598">
        <ele>170.19</ele>
      </trkpt>
      <trkpt lat="42.992868" lon="2.859633">
        <ele>171.11</ele>
      </trkpt>
      <trkpt lat="42.992817" lon="2.859688">
        <ele>172.88</ele>
      </trkpt>
      <trkpt lat="42.992761" lon="2.859685">
        <ele>172.91</ele>
      </trkpt>
      <trkpt lat="42.992711" lon="2.859707">
        <ele>173.7</ele>
      </trkpt>
      <trkpt lat="42.992566" lon="2.859663">
        <ele>172.65</ele>
      </trkpt>
      <trkpt lat="42.992428" lon="2.859658">
        <ele>172.8</ele>
      </trkpt>
      <trkpt lat="42.992193" lon="2.85968">
        <ele>173.95</ele>
      </trkpt>
      <trkpt lat="42.992091" lon="2.859677">
        <ele>174.19</ele>
      </trkpt>
      <trkpt lat="42.991956" lon="2.859726">
        <ele>175.99</ele>
      </trkpt>
      <trkpt lat="42.991788" lon="2.859715">
        <ele>176.26</ele>
      </trkpt>
      <trkpt lat="42.991683" lon="2.859726">
        <ele>176.91</ele>
      </trkpt>
      <trkpt lat="42.991645" lon="2.859753">
        <ele>177.74</ele>
      </trkpt>
      <trkpt lat="42.991567" lon="2.859764">
        <ele>178.28</ele>
      </trkpt>
      <trkpt lat="42.991519" lon="2.860004">
        <ele>184.61</ele>
      </trkpt>
      <trkpt lat="42.991444" lon="2.860061">
        <ele>186.26</ele>
      </trkpt>
      <trkpt lat="42.9913" lon="2.86008">
        <ele>187.31</ele>
      </trkpt>
      <trkpt lat="42.991147" lon="2.859996">
        <ele>186.72</ele>
      </trkpt>
      <trkpt lat="42.991039" lon="2.859986">
        <ele>187.57</ele>
      </trkpt>
      <trkpt lat="42.990897" lon="2.859917">
        <ele>187.42</ele>
      </trkpt>
      <trkpt lat="42.990808" lon="2.859813">
        <ele>186.06</ele>
      </trkpt>
      <trkpt lat="42.990726" lon="2.859658">
        <ele>183.59</ele>
      </trkpt>
      <trkpt lat="42.990678" lon="2.859497">
        <ele>180.33</ele>
      </trkpt>
      <trkpt lat="42.990678" lon="2.859433">
        <ele>178.8</ele>
      </trkpt>
      <trkpt lat="42.990678" lon="2.859402">
        <ele>178.05</ele>
      </trkpt>
      <trkpt lat="42.990644" lon="2.859285">
        <ele>175.64</ele>
      </trkpt>
      <trkpt lat="42.990577" lon="2.859154">
        <ele>173.32</ele>
      </trkpt>
      <trkpt lat="42.990573" lon="2.859059">
        <ele>171.08</ele>
      </trkpt>
      <trkpt lat="42.990586" lon="2.858964">
        <ele>168.64</ele>
      </trkpt>
      <trkpt lat="42.990556" lon="2.85889">
        <ele>167.23</ele>
      </trkpt>
      <trkpt lat="42.990307" lon="2.858665">
        <ele>165.03</ele>
      </trkpt>
      <trkpt lat="42.990182" lon="2.8585">
        <ele>162.34</ele>
      </trkpt>
      <trkpt lat="42.990113" lon="2.858378">
        <ele>159.91</ele>
      </trkpt>
      <trkpt lat="42.990077" lon="2.85828">
        <ele>157.68</ele>
      </trkpt>
      <trkpt lat="42.989983" lon="2.857864">
        <ele>148.4</ele>
      </trkpt>
      <trkpt lat="42.989987" lon="2.857725">
        <ele>146.12</ele>
      </trkpt>
      <trkpt lat="42.990076" lon="2.857238">
        <ele>138.04</ele>
      </trkpt>
      <trkpt lat="42.990135" lon="2.857072">
        <ele>136.08</ele>
      </trkpt>
      <trkpt lat="42.990197" lon="2.856951">
        <ele>135.37</ele>
      </trkpt>
      <trkpt lat="42.990287" lon="2.856845">
        <ele>134.64</ele>
      </trkpt>
      <trkpt lat="42.990359" lon="2.856708">
        <ele>133.73</ele>
      </trkpt>
      <trkpt lat="42.990378" lon="2.856613">
        <ele>133.15</ele>
      </trkpt>
      <trkpt lat="42.990426" lon="2.856473">
        <ele>132.21</ele>
      </trkpt>
      <trkpt lat="42.990419" lon="2.856403">
        <ele>131.83</ele>
      </trkpt>
      <trkpt lat="42.990043" lon="2.855771">
        <ele>132.26</ele>
      </trkpt>
      <trkpt lat="42.989852" lon="2.85545">
        <ele>132.48</ele>
      </trkpt>
      <trkpt lat="42.989818" lon="2.855353">
        <ele>133.2</ele>
      </trkpt>
      <trkpt lat="42.98983" lon="2.855284">
        <ele>133.56</ele>
      </trkpt>
      <trkpt lat="42.990287" lon="2.854573">
        <ele>133.3</ele>
      </trkpt>
      <trkpt lat="42.99036" lon="2.854473">
        <ele>132.9</ele>
      </trkpt>
      <trkpt lat="42.99041" lon="2.854424">
        <ele>132.51</ele>
      </trkpt>
      <trkpt lat="42.9905" lon="2.854364">
        <ele>131.67</ele>
      </trkpt>
      <trkpt lat="42.990514" lon="2.854327">
        <ele>131.76</ele>
      </trkpt>
      <trkpt lat="42.990515" lon="2.854265">
        <ele>131.91</ele>
      </trkpt>
      <trkpt lat="42.990542" lon="2.854131">
        <ele>132.23</ele>
      </trkpt>
      <trkpt lat="42.990767" lon="2.85415">
        <ele>132.18</ele>
      </trkpt>
      <trkpt lat="42.99078" lon="2.854056">
        <ele>132.41</ele>
      </trkpt>
      <trkpt lat="42.990748" lon="2.853453">
        <ele>134.71</ele>
      </trkpt>
      <trkpt lat="42.990767" lon="2.853263">
        <ele>135.48</ele>
      </trkpt>
      <trkpt lat="42.990853" lon="2.852909">
        <ele>135.69</ele>
      </trkpt>
      <trkpt lat="42.99104" lon="2.852534">
        <ele>132.66</ele>
      </trkpt>
      <trkpt lat="42.991302" lon="2.852037">
        <ele>128.52</ele>
      </trkpt>
      <trkpt lat="42.991395" lon="2.851862">
        <ele>127.06</ele>
      </trkpt>
      <trkpt lat="42.991528" lon="2.851326">
        <ele>126.71</ele>
      </trkpt>
      <trkpt lat="42.991671" lon="2.851026">
        <ele>127.96</ele>
      </trkpt>
      <trkpt lat="42.991742" lon="2.850765">
        <ele>128.16</ele>
      </trkpt>
      <trkpt lat="42.991749" lon="2.850655">
        <ele>128.11</ele>
      </trkpt>
      <trkpt lat="42.991723" lon="2.850537">
        <ele>128.08</ele>
      </trkpt>
      <trkpt lat="42.991701" lon="2.849816">
        <ele>129</ele>
      </trkpt>
      <trkpt lat="42.991763" lon="2.849704">
        <ele>128.25</ele>
      </trkpt>
      <trkpt lat="42.99207" lon="2.849336">
        <ele>123.44</ele>
      </trkpt>
      <trkpt lat="42.99217" lon="2.849272">
        <ele>122.03</ele>
      </trkpt>
      <trkpt lat="42.992358" lon="2.849266">
        <ele>123.29</ele>
      </trkpt>
      <trkpt lat="42.992455" lon="2.849146">
        <ele>123.88</ele>
      </trkpt>
      <trkpt lat="42.992758" lon="2.849089">
        <ele>125.79</ele>
      </trkpt>
      <trkpt lat="42.993089" lon="2.849078">
        <ele>128.59</ele>
      </trkpt>
      <trkpt lat="42.993638" lon="2.849036">
        <ele>136.26</ele>
      </trkpt>
      <trkpt lat="42.993991" lon="2.848742">
        <ele>140.78</ele>
      </trkpt>
      <trkpt lat="42.994524" lon="2.848088">
        <ele>150.5</ele>
      </trkpt>
      <trkpt lat="42.994524" lon="2.847939">
        <ele>151.78</ele>
      </trkpt>
      <trkpt lat="42.994179" lon="2.847586">
        <ele>151.96</ele>
      </trkpt>
      <trkpt lat="42.994105" lon="2.847443">
        <ele>152.14</ele>
      </trkpt>
      <trkpt lat="42.994078" lon="2.847253">
        <ele>152.58</ele>
      </trkpt>
      <trkpt lat="42.994117" lon="2.846868">
        <ele>150.96</ele>
      </trkpt>
      <trkpt lat="42.994097" lon="2.846763">
        <ele>150.06</ele>
      </trkpt>
      <trkpt lat="42.993978" lon="2.846538">
        <ele>147.71</ele>
      </trkpt>
      <trkpt lat="42.993879" lon="2.846244">
        <ele>144.72</ele>
      </trkpt>
      <trkpt lat="42.993745" lon="2.845847">
        <ele>140.63</ele>
      </trkpt>
      <trkpt lat="42.99367" lon="2.845725">
        <ele>139.54</ele>
      </trkpt>
      <trkpt lat="42.993561" lon="2.845582">
        <ele>138.68</ele>
      </trkpt>
      <trkpt lat="42.993312" lon="2.845304">
        <ele>139.16</ele>
      </trkpt>
      <trkpt lat="42.993133" lon="2.845054">
        <ele>140.27</ele>
      </trkpt>
      <trkpt lat="42.993032" lon="2.844979">
        <ele>140.72</ele>
      </trkpt>
      <trkpt lat="42.99289" lon="2.844968">
        <ele>139.25</ele>
      </trkpt>
      <trkpt lat="42.992802" lon="2.844931">
        <ele>138.12</ele>
      </trkpt>
      <trkpt lat="42.992553" lon="2.844726">
        <ele>135.28</ele>
      </trkpt>
      <trkpt lat="42.992535" lon="2.844677">
        <ele>135.2</ele>
      </trkpt>
      <trkpt lat="42.992531" lon="2.844607">
        <ele>135.59</ele>
      </trkpt>
      <trkpt lat="42.992537" lon="2.844517">
        <ele>136.56</ele>
      </trkpt>
      <trkpt lat="42.992565" lon="2.844361">
        <ele>138.45</ele>
      </trkpt>
      <trkpt lat="42.992552" lon="2.844104">
        <ele>140.76</ele>
      </trkpt>
      <trkpt lat="42.992507" lon="2.843718">
        <ele>144.37</ele>
      </trkpt>
      <trkpt lat="42.992489" lon="2.843315">
        <ele>149.88</ele>
      </trkpt>
      <trkpt lat="42.99249" lon="2.843049">
        <ele>153.66</ele>
      </trkpt>
      <trkpt lat="42.992506" lon="2.842969">
        <ele>154.88</ele>
      </trkpt>
      <trkpt lat="42.992537" lon="2.842883">
        <ele>155.57</ele>
      </trkpt>
      <trkpt lat="42.992669" lon="2.842705">
        <ele>157.46</ele>
      </trkpt>
      <trkpt lat="42.993004" lon="2.842378">
        <ele>161.19</ele>
      </trkpt>
      <trkpt lat="42.993252" lon="2.8421">
        <ele>165.02</ele>
      </trkpt>
      <trkpt lat="42.993351" lon="2.841975">
        <ele>166.99</ele>
      </trkpt>
      <trkpt lat="42.993424" lon="2.841851">
        <ele>168.68</ele>
      </trkpt>
      <trkpt lat="42.993488" lon="2.841653">
        <ele>170.79</ele>
      </trkpt>
      <trkpt lat="42.993527" lon="2.841569">
        <ele>171.81</ele>
      </trkpt>
      <trkpt lat="42.99363" lon="2.841465">
        <ele>173.68</ele>
      </trkpt>
      <trkpt lat="42.993702" lon="2.841431">
        <ele>174.7</ele>
      </trkpt>
      <trkpt lat="42.993889" lon="2.841393">
        <ele>176.84</ele>
      </trkpt>
      <trkpt lat="42.993983" lon="2.841328">
        <ele>178.23</ele>
      </trkpt>
      <trkpt lat="42.994087" lon="2.841206">
        <ele>180.64</ele>
      </trkpt>
      <trkpt lat="42.994151" lon="2.841097">
        <ele>182.62</ele>
      </trkpt>
      <trkpt lat="42.994182" lon="2.840997">
        <ele>184.18</ele>
      </trkpt>
      <trkpt lat="42.994274" lon="2.840882">
        <ele>186.64</ele>
      </trkpt>
      <trkpt lat="42.994465" lon="2.840727">
        <ele>190.92</ele>
      </trkpt>
      <trkpt lat="42.994583" lon="2.840547">
        <ele>194.88</ele>
      </trkpt>
      <trkpt lat="42.994755" lon="2.840473">
        <ele>197.65</ele>
      </trkpt>
      <trkpt lat="42.994992" lon="2.840468">
        <ele>199.41</ele>
      </trkpt>
      <trkpt lat="42.9952" lon="2.840446">
        <ele>201.17</ele>
      </trkpt>
      <trkpt lat="42.995277" lon="2.840437">
        <ele>201.82</ele>
      </trkpt>
      <trkpt lat="42.995408" lon="2.840445">
        <ele>202.68</ele>
      </trkpt>
      <trkpt lat="42.995491" lon="2.840412">
        <ele>203.68</ele>
      </trkpt>
      <trkpt lat="42.995527" lon="2.840322">
        <ele>204.86</ele>
      </trkpt>
      <trkpt lat="42.995537" lon="2.840159">
        <ele>206.85</ele>
      </trkpt>
      <trkpt lat="42.995578" lon="2.840119">
        <ele>207.43</ele>
      </trkpt>
      <trkpt lat="42.995674" lon="2.840129">
        <ele>207.51</ele>
      </trkpt>
      <trkpt lat="42.995708" lon="2.840113">
        <ele>207.79</ele>
      </trkpt>
      <trkpt lat="42.995754" lon="2.840046">
        <ele>208.75</ele>
      </trkpt>
      <trkpt lat="42.995832" lon="2.839978">
        <ele>209.82</ele>
      </trkpt>
      <trkpt lat="42.99584" lon="2.839874">
        <ele>211.18</ele>
      </trkpt>
      <trkpt lat="42.995905" lon="2.839687">
        <ele>213.85</ele>
      </trkpt>
      <trkpt lat="42.995979" lon="2.839605">
        <ele>214.83</ele>
      </trkpt>
      <trkpt lat="42.995982" lon="2.839554">
        <ele>215</ele>
      </trkpt>
      <trkpt lat="42.995966" lon="2.839511">
        <ele>215.08</ele>
      </trkpt>
      <trkpt lat="42.995967" lon="2.839472">
        <ele>215.2</ele>
      </trkpt>
      <trkpt lat="42.995967" lon="2.839438">
        <ele>215.3</ele>
      </trkpt>
      <trkpt lat="42.995953" lon="2.839385">
        <ele>215.41</ele>
      </trkpt>
      <trkpt lat="42.995902" lon="2.839296">
        <ele>215.48</ele>
      </trkpt>
      <trkpt lat="42.995877" lon="2.839188">
        <ele>215.69</ele>
      </trkpt>
      <trkpt lat="42.995826" lon="2.839089">
        <ele>215.76</ele>
      </trkpt>
      <trkpt lat="42.995811" lon="2.839032">
        <ele>215.85</ele>
      </trkpt>
      <trkpt lat="42.995811" lon="2.838928">
        <ele>216.15</ele>
      </trkpt>
      <trkpt lat="42.995797" lon="2.838885">
        <ele>216.21</ele>
      </trkpt>
      <trkpt lat="42.995743" lon="2.838806">
        <ele>216.17</ele>
      </trkpt>
      <trkpt lat="42.995719" lon="2.838753">
        <ele>215.46</ele>
      </trkpt>
      <trkpt lat="42.995671" lon="2.838547">
        <ele>213.07</ele>
      </trkpt>
      <trkpt lat="42.995589" lon="2.838313">
        <ele>210.72</ele>
      </trkpt>
      <trkpt lat="42.995486" lon="2.837973">
        <ele>207.89</ele>
      </trkpt>
      <trkpt lat="42.995393" lon="2.837611">
        <ele>198.48</ele>
      </trkpt>
      <trkpt lat="42.99537" lon="2.837475">
        <ele>195.28</ele>
      </trkpt>
      <trkpt lat="42.995323" lon="2.837212">
        <ele>189.08</ele>
      </trkpt>
      <trkpt lat="42.995387" lon="2.837132">
        <ele>187.16</ele>
      </trkpt>
      <trkpt lat="42.995418" lon="2.837015">
        <ele>185.36</ele>
      </trkpt>
      <trkpt lat="42.995396" lon="2.836885">
        <ele>183.66</ele>
      </trkpt>
      <trkpt lat="42.995396" lon="2.83675">
        <ele>181.75</ele>
      </trkpt>
      <trkpt lat="42.995441" lon="2.836707">
        <ele>180.53</ele>
      </trkpt>
      <trkpt lat="42.995369" lon="2.836608">
        <ele>180.19</ele>
      </trkpt>
      <trkpt lat="42.995382" lon="2.83654">
        <ele>179.03</ele>
      </trkpt>
      <trkpt lat="42.99531" lon="2.83646">
        <ele>179.37</ele>
      </trkpt>
      <trkpt lat="42.995409" lon="2.836343">
        <ele>175.7</ele>
      </trkpt>
      <trkpt lat="42.995432" lon="2.836269">
        <ele>174.88</ele>
      </trkpt>
      <trkpt lat="42.995504" lon="2.836263">
        <ele>173.25</ele>
      </trkpt>
      <trkpt lat="42.99554" lon="2.836164">
        <ele>173.4</ele>
      </trkpt>
      <trkpt lat="42.99549" lon="2.83601">
        <ele>175.33</ele>
      </trkpt>
      <trkpt lat="42.99554" lon="2.835856">
        <ele>175.31</ele>
      </trkpt>
      <trkpt lat="42.995535" lon="2.835751">
        <ele>176.07</ele>
      </trkpt>
      <trkpt lat="42.995594" lon="2.835579">
        <ele>175.42</ele>
      </trkpt>
      <trkpt lat="42.995648" lon="2.835585">
        <ele>173.78</ele>
      </trkpt>
      <trkpt lat="42.995693" lon="2.835548">
        <ele>172.54</ele>
      </trkpt>
      <trkpt lat="42.995698" lon="2.835406">
        <ele>172.65</ele>
      </trkpt>
      <trkpt lat="42.996058" lon="2.834815">
        <ele>163.02</ele>
      </trkpt>
      <trkpt lat="42.996148" lon="2.834149">
        <ele>155.68</ele>
      </trkpt>
      <trkpt lat="42.996171" lon="2.833792">
        <ele>151.32</ele>
      </trkpt>
      <trkpt lat="42.996171" lon="2.833582">
        <ele>148.26</ele>
      </trkpt>
      <trkpt lat="42.996186" lon="2.833189">
        <ele>142.27</ele>
      </trkpt>
      <trkpt lat="42.996163" lon="2.833107">
        <ele>141.42</ele>
      </trkpt>
      <trkpt lat="42.996188" lon="2.833091">
        <ele>140.81</ele>
      </trkpt>
      <trkpt lat="42.996206" lon="2.833006">
        <ele>139.31</ele>
      </trkpt>
      <trkpt lat="42.996182" lon="2.832847">
        <ele>139.97</ele>
      </trkpt>
      <trkpt lat="42.995795" lon="2.832325">
        <ele>151.35</ele>
      </trkpt>
      <trkpt lat="42.995782" lon="2.832199">
        <ele>152.93</ele>
      </trkpt>
      <trkpt lat="42.995832" lon="2.832047">
        <ele>153.4</ele>
      </trkpt>
      <trkpt lat="42.99624" lon="2.831197">
        <ele>149.23</ele>
      </trkpt>
      <trkpt lat="42.996397" lon="2.830872">
        <ele>147.63</ele>
      </trkpt>
      <trkpt lat="42.996762" lon="2.83048">
        <ele>140.77</ele>
      </trkpt>
      <trkpt lat="42.997161" lon="2.829937">
        <ele>132.12</ele>
      </trkpt>
      <trkpt lat="42.997868" lon="2.828837">
        <ele>112.43</ele>
      </trkpt>
      <trkpt lat="42.99863" lon="2.828069">
        <ele>106.93</ele>
      </trkpt>
      <trkpt lat="42.998806" lon="2.827689">
        <ele>103.35</ele>
      </trkpt>
      <trkpt lat="42.998896" lon="2.827542">
        <ele>101.73</ele>
      </trkpt>
      <trkpt lat="42.999203" lon="2.827185">
        <ele>98.44</ele>
      </trkpt>
      <trkpt lat="42.999294" lon="2.827078">
        <ele>97.46</ele>
      </trkpt>
      <trkpt lat="42.999343" lon="2.826959">
        <ele>96.37</ele>
      </trkpt>
      <trkpt lat="42.999363" lon="2.82655">
        <ele>92.61</ele>
      </trkpt>
      <trkpt lat="42.999451" lon="2.825704">
        <ele>90.07</ele>
      </trkpt>
      <trkpt lat="42.99925" lon="2.825618">
        <ele>90.09</ele>
      </trkpt>
      <trkpt lat="42.999155" lon="2.825559">
        <ele>90.06</ele>
      </trkpt>
      <trkpt lat="42.999097" lon="2.82551">
        <ele>90.03</ele>
      </trkpt>
      <trkpt lat="42.999024" lon="2.825406">
        <ele>90.24</ele>
      </trkpt>
      <trkpt lat="42.998974" lon="2.825301">
        <ele>90.68</ele>
      </trkpt>
      <trkpt lat="42.998947" lon="2.825199">
        <ele>91.13</ele>
      </trkpt>
      <trkpt lat="42.998942" lon="2.825052">
        <ele>91.75</ele>
      </trkpt>
      <trkpt lat="42.99902" lon="2.824344">
        <ele>94.08</ele>
      </trkpt>
      <trkpt lat="42.999031" lon="2.824162">
        <ele>94.63</ele>
      </trkpt>
      <trkpt lat="42.999025" lon="2.824009">
        <ele>95.17</ele>
      </trkpt>
      <trkpt lat="42.998996" lon="2.823868">
        <ele>95.8</ele>
      </trkpt>
      <trkpt lat="42.998915" lon="2.823639">
        <ele>95.79</ele>
      </trkpt>
      <trkpt lat="42.998224" lon="2.821692">
        <ele>98.44</ele>
      </trkpt>
      <trkpt lat="42.997917" lon="2.820854">
        <ele>99.24</ele>
      </trkpt>
      <trkpt lat="42.997709" lon="2.820283">
        <ele>99.79</ele>
      </trkpt>
      <trkpt lat="42.996694" lon="2.817421">
        <ele>98.23</ele>
      </trkpt>
      <trkpt lat="42.996547" lon="2.817087">
        <ele>97.84</ele>
      </trkpt>
      <trkpt lat="42.996209" lon="2.816668">
        <ele>100.33</ele>
      </trkpt>
      <trkpt lat="42.99611" lon="2.816546">
        <ele>101.44</ele>
      </trkpt>
      <trkpt lat="42.995935" lon="2.816254">
        <ele>102.78</ele>
      </trkpt>
      <trkpt lat="42.995769" lon="2.816003">
        <ele>102.65</ele>
      </trkpt>
      <trkpt lat="42.995517" lon="2.815715">
        <ele>102.07</ele>
      </trkpt>
      <trkpt lat="42.995205" lon="2.81538">
        <ele>104.94</ele>
      </trkpt>
      <trkpt lat="42.994746" lon="2.814708">
        <ele>105.08</ele>
      </trkpt>
      <trkpt lat="42.993939" lon="2.8134">
        <ele>105.3</ele>
      </trkpt>
      <trkpt lat="42.993395" lon="2.812276">
        <ele>102.85</ele>
      </trkpt>
      <trkpt lat="42.993053" lon="2.811573">
        <ele>104.15</ele>
      </trkpt>
      <trkpt lat="42.99289" lon="2.811129">
        <ele>107.47</ele>
      </trkpt>
      <trkpt lat="42.992327" lon="2.811143">
        <ele>120.34</ele>
      </trkpt>
      <trkpt lat="42.992069" lon="2.811143">
        <ele>126.44</ele>
      </trkpt>
      <trkpt lat="42.991979" lon="2.811085">
        <ele>129.12</ele>
      </trkpt>
      <trkpt lat="42.991945" lon="2.810912">
        <ele>130.59</ele>
      </trkpt>
      <trkpt lat="42.992007" lon="2.810188">
        <ele>128.38</ele>
      </trkpt>
      <trkpt lat="42.991957" lon="2.810101">
        <ele>129.01</ele>
      </trkpt>
      <trkpt lat="42.991901" lon="2.810151">
        <ele>130.83</ele>
      </trkpt>
      <trkpt lat="42.991726" lon="2.810791">
        <ele>136.48</ele>
      </trkpt>
      <trkpt lat="42.991516" lon="2.811038">
        <ele>141.73</ele>
      </trkpt>
      <trkpt lat="42.99142" lon="2.811259">
        <ele>144.44</ele>
      </trkpt>
      <trkpt lat="42.991342" lon="2.811512">
        <ele>146.38</ele>
      </trkpt>
      <trkpt lat="42.99104" lon="2.812249">
        <ele>147.54</ele>
      </trkpt>
      <trkpt lat="42.990889" lon="2.812464">
        <ele>147.17</ele>
      </trkpt>
      <trkpt lat="42.990643" lon="2.812618">
        <ele>148.21</ele>
      </trkpt>
      <trkpt lat="42.99055" lon="2.812717">
        <ele>148.34</ele>
      </trkpt>
      <trkpt lat="42.990512" lon="2.812731">
        <ele>148.59</ele>
      </trkpt>
      <trkpt lat="42.990475" lon="2.812726">
        <ele>148.77</ele>
      </trkpt>
      <trkpt lat="42.990458" lon="2.812695">
        <ele>149</ele>
      </trkpt>
      <trkpt lat="42.990477" lon="2.812562">
        <ele>149.95</ele>
      </trkpt>
      <trkpt lat="42.990467" lon="2.812281">
        <ele>152.01</ele>
      </trkpt>
      <trkpt lat="42.9905" lon="2.811782">
        <ele>157.22</ele>
      </trkpt>
      <trkpt lat="42.990533" lon="2.811571">
        <ele>159.24</ele>
      </trkpt>
      <trkpt lat="42.990518" lon="2.811487">
        <ele>160.44</ele>
      </trkpt>
      <trkpt lat="42.990471" lon="2.811432">
        <ele>161.59</ele>
      </trkpt>
      <trkpt lat="42.990384" lon="2.811385">
        <ele>162.64</ele>
      </trkpt>
      <trkpt lat="42.990127" lon="2.811298">
        <ele>165.28</ele>
      </trkpt>
      <trkpt lat="42.989771" lon="2.811216">
        <ele>169.01</ele>
      </trkpt>
      <trkpt lat="42.989557" lon="2.811179">
        <ele>170.57</ele>
      </trkpt>
      <trkpt lat="42.989295" lon="2.811087">
        <ele>172.74</ele>
      </trkpt>
      <trkpt lat="42.988982" lon="2.810835">
        <ele>178.89</ele>
      </trkpt>
      <trkpt lat="42.988852" lon="2.810788">
        <ele>180.3</ele>
      </trkpt>
      <trkpt lat="42.988654" lon="2.810808">
        <ele>179.91</ele>
      </trkpt>
      <trkpt lat="42.988397" lon="2.810896">
        <ele>178.03</ele>
      </trkpt>
      <trkpt lat="42.988202" lon="2.810894">
        <ele>178.2</ele>
      </trkpt>
      <trkpt lat="42.988166" lon="2.810883">
        <ele>178.44</ele>
      </trkpt>
      <trkpt lat="42.988017" lon="2.810838">
        <ele>179.45</ele>
      </trkpt>
      <trkpt lat="42.987678" lon="2.810796">
        <ele>180.24</ele>
      </trkpt>
      <trkpt lat="42.987601" lon="2.810799">
        <ele>180.18</ele>
      </trkpt>
      <trkpt lat="42.987381" lon="2.810859">
        <ele>178.73</ele>
      </trkpt>
      <trkpt lat="42.987225" lon="2.810836">
        <ele>179.2</ele>
      </trkpt>
      <trkpt lat="42.986952" lon="2.810677">
        <ele>180.63</ele>
      </trkpt>
      <trkpt lat="42.986856" lon="2.81066">
        <ele>179.95</ele>
      </trkpt>
      <trkpt lat="42.986679" lon="2.81069">
        <ele>177.33</ele>
      </trkpt>
      <trkpt lat="42.986464" lon="2.810787">
        <ele>172.92</ele>
      </trkpt>
      <trkpt lat="42.986363" lon="2.810822">
        <ele>171.12</ele>
      </trkpt>
      <trkpt lat="42.986258" lon="2.810823">
        <ele>169.69</ele>
      </trkpt>
      <trkpt lat="42.986062" lon="2.810773">
        <ele>167.59</ele>
      </trkpt>
      <trkpt lat="42.985918" lon="2.810696">
        <ele>166.42</ele>
      </trkpt>
      <trkpt lat="42.985711" lon="2.810519">
        <ele>164.81</ele>
      </trkpt>
      <trkpt lat="42.985606" lon="2.810476">
        <ele>163.14</ele>
      </trkpt>
      <trkpt lat="42.985481" lon="2.810478">
        <ele>160.66</ele>
      </trkpt>
      <trkpt lat="42.985255" lon="2.81042">
        <ele>157.25</ele>
      </trkpt>
      <trkpt lat="42.985071" lon="2.810397">
        <ele>154.25</ele>
      </trkpt>
      <trkpt lat="42.984994" lon="2.810412">
        <ele>153.02</ele>
      </trkpt>
      <trkpt lat="42.984817" lon="2.810511">
        <ele>150.57</ele>
      </trkpt>
      <trkpt lat="42.984723" lon="2.810582">
        <ele>149.62</ele>
      </trkpt>
      <trkpt lat="42.984634" lon="2.810681">
        <ele>150.24</ele>
      </trkpt>
      <trkpt lat="42.984541" lon="2.810846">
        <ele>153.6</ele>
      </trkpt>
      <trkpt lat="42.984495" lon="2.810873">
        <ele>154.86</ele>
      </trkpt>
      <trkpt lat="42.984443" lon="2.810773">
        <ele>155.33</ele>
      </trkpt>
      <trkpt lat="42.984413" lon="2.810669">
        <ele>155.23</ele>
      </trkpt>
      <trkpt lat="42.984318" lon="2.810063">
        <ele>151.85</ele>
      </trkpt>
      <trkpt lat="42.984314" lon="2.809926">
        <ele>150.54</ele>
      </trkpt>
      <trkpt lat="42.984333" lon="2.809686">
        <ele>147.87</ele>
      </trkpt>
      <trkpt lat="42.984322" lon="2.809645">
        <ele>147.56</ele>
      </trkpt>
      <trkpt lat="42.984313" lon="2.809611">
        <ele>147.29</ele>
      </trkpt>
      <trkpt lat="42.984222" lon="2.80954">
        <ele>147.38</ele>
      </trkpt>
      <trkpt lat="42.984181" lon="2.809491">
        <ele>147.07</ele>
      </trkpt>
      <trkpt lat="42.984132" lon="2.809481">
        <ele>147.43</ele>
      </trkpt>
      <trkpt lat="42.984079" lon="2.809529">
        <ele>148.84</ele>
      </trkpt>
      <trkpt lat="42.984019" lon="2.809526">
        <ele>149.48</ele>
      </trkpt>
      <trkpt lat="42.983909" lon="2.809382">
        <ele>147.81</ele>
      </trkpt>
      <trkpt lat="42.98383" lon="2.809164">
        <ele>143.82</ele>
      </trkpt>
      <trkpt lat="42.983579" lon="2.808777">
        <ele>136.44</ele>
      </trkpt>
      <trkpt lat="42.983477" lon="2.808713">
        <ele>136.26</ele>
      </trkpt>
      <trkpt lat="42.983226" lon="2.808692">
        <ele>136.76</ele>
      </trkpt>
      <trkpt lat="42.982846" lon="2.808544">
        <ele>136.4</ele>
      </trkpt>
      <trkpt lat="42.982684" lon="2.808445">
        <ele>135.7</ele>
      </trkpt>
      <trkpt lat="42.982538" lon="2.808232">
        <ele>134.2</ele>
      </trkpt>
      <trkpt lat="42.982367" lon="2.808179">
        <ele>133.7</ele>
      </trkpt>
      <trkpt lat="42.982189" lon="2.808027">
        <ele>132.45</ele>
      </trkpt>
      <trkpt lat="42.981941" lon="2.807904">
        <ele>133.91</ele>
      </trkpt>
      <trkpt lat="42.981566" lon="2.807776">
        <ele>137.1</ele>
      </trkpt>
      <trkpt lat="42.98154" lon="2.807736">
        <ele>137.55</ele>
      </trkpt>
      <trkpt lat="42.98156" lon="2.807675">
        <ele>137.93</ele>
      </trkpt>
      <trkpt lat="42.981619" lon="2.807646">
        <ele>137.85</ele>
      </trkpt>
      <trkpt lat="42.98186" lon="2.807682">
        <ele>136.32</ele>
      </trkpt>
      <trkpt lat="42.982004" lon="2.807645">
        <ele>135.91</ele>
      </trkpt>
      <trkpt lat="42.982196" lon="2.807704">
        <ele>134.66</ele>
      </trkpt>
      <trkpt lat="42.982368" lon="2.807703">
        <ele>135.34</ele>
      </trkpt>
      <trkpt lat="42.982415" lon="2.807676">
        <ele>135.84</ele>
      </trkpt>
      <trkpt lat="42.982389" lon="2.807629">
        <ele>136.29</ele>
      </trkpt>
      <trkpt lat="42.982331" lon="2.807581">
        <ele>136.57</ele>
      </trkpt>
      <trkpt lat="42.982144" lon="2.807503">
        <ele>136.55</ele>
      </trkpt>
      <trkpt lat="42.981888" lon="2.80724">
        <ele>140.05</ele>
      </trkpt>
      <trkpt lat="42.98177" lon="2.807074">
        <ele>141.83</ele>
      </trkpt>
      <trkpt lat="42.981725" lon="2.80695">
        <ele>142.77</ele>
      </trkpt>
      <trkpt lat="42.981655" lon="2.806618">
        <ele>144.9</ele>
      </trkpt>
      <trkpt lat="42.981618" lon="2.80625">
        <ele>146.91</ele>
      </trkpt>
      <trkpt lat="42.981526" lon="2.805731">
        <ele>149.05</ele>
      </trkpt>
      <trkpt lat="42.981493" lon="2.805654">
        <ele>149.35</ele>
      </trkpt>
      <trkpt lat="42.981418" lon="2.805628">
        <ele>149.35</ele>
      </trkpt>
      <trkpt lat="42.980667" lon="2.805785">
        <ele>152.34</ele>
      </trkpt>
      <trkpt lat="42.980668" lon="2.805719">
        <ele>152.84</ele>
      </trkpt>
      <trkpt lat="42.981074" lon="2.804636">
        <ele>155.99</ele>
      </trkpt>
      <trkpt lat="42.981065" lon="2.804476">
        <ele>157.41</ele>
      </trkpt>
      <trkpt lat="42.980991" lon="2.804204">
        <ele>159.6</ele>
      </trkpt>
      <trkpt lat="42.980971" lon="2.803953">
        <ele>161.59</ele>
      </trkpt>
      <trkpt lat="42.980917" lon="2.803887">
        <ele>161.85</ele>
      </trkpt>
      <trkpt lat="42.980679" lon="2.803757">
        <ele>161.66</ele>
      </trkpt>
      <trkpt lat="42.980302" lon="2.803635">
        <ele>163.86</ele>
      </trkpt>
      <trkpt lat="42.979955" lon="2.803412">
        <ele>166.47</ele>
      </trkpt>
      <trkpt lat="42.97979" lon="2.803306">
        <ele>167.72</ele>
      </trkpt>
      <trkpt lat="42.97966" lon="2.803198">
        <ele>167.44</ele>
      </trkpt>
      <trkpt lat="42.979684" lon="2.802987">
        <ele>166.21</ele>
      </trkpt>
      <trkpt lat="42.979775" lon="2.802661">
        <ele>168.47</ele>
      </trkpt>
      <trkpt lat="42.979783" lon="2.802569">
        <ele>169.1</ele>
      </trkpt>
      <trkpt lat="42.979707" lon="2.802334">
        <ele>170.09</ele>
      </trkpt>
      <trkpt lat="42.979382" lon="2.801956">
        <ele>178.1</ele>
      </trkpt>
      <trkpt lat="42.979016" lon="2.801621">
        <ele>187.53</ele>
      </trkpt>
      <trkpt lat="42.97872" lon="2.801405">
        <ele>195</ele>
      </trkpt>
      <trkpt lat="42.978667" lon="2.801263">
        <ele>197.53</ele>
      </trkpt>
      <trkpt lat="42.978939" lon="2.800564">
        <ele>200.25</ele>
      </trkpt>
      <trkpt lat="42.978915" lon="2.800356">
        <ele>203.52</ele>
      </trkpt>
      <trkpt lat="42.978812" lon="2.800188">
        <ele>207.74</ele>
      </trkpt>
      <trkpt lat="42.97813" lon="2.799664">
        <ele>227.45</ele>
      </trkpt>
      <trkpt lat="42.978124" lon="2.799407">
        <ele>232.33</ele>
      </trkpt>
      <trkpt lat="42.9781" lon="2.79933">
        <ele>234.21</ele>
      </trkpt>
      <trkpt lat="42.978086" lon="2.799285">
        <ele>235.31</ele>
      </trkpt>
      <trkpt lat="42.977848" lon="2.799037">
        <ele>244.71</ele>
      </trkpt>
      <trkpt lat="42.97775" lon="2.798882">
        <ele>249.59</ele>
      </trkpt>
      <trkpt lat="42.977669" lon="2.798545">
        <ele>258.62</ele>
      </trkpt>
      <trkpt lat="42.977553" lon="2.798423">
        <ele>263.28</ele>
      </trkpt>
      <trkpt lat="42.977284" lon="2.798264">
        <ele>270.36</ele>
      </trkpt>
      <trkpt lat="42.977155" lon="2.798131">
        <ele>274.54</ele>
      </trkpt>
      <trkpt lat="42.977059" lon="2.797925">
        <ele>281.78</ele>
      </trkpt>
      <trkpt lat="42.976926" lon="2.797909">
        <ele>287.08</ele>
      </trkpt>
      <trkpt lat="42.976867" lon="2.797809">
        <ele>291.56</ele>
      </trkpt>
      <trkpt lat="42.976829" lon="2.797647">
        <ele>296.62</ele>
      </trkpt>
      <trkpt lat="42.976644" lon="2.797587">
        <ele>305.05</ele>
      </trkpt>
      <trkpt lat="42.976583" lon="2.797498">
        <ele>309.47</ele>
      </trkpt>
      <trkpt lat="42.976583" lon="2.797279">
        <ele>314.55</ele>
      </trkpt>
      <trkpt lat="42.976596" lon="2.797097">
        <ele>317.86</ele>
      </trkpt>
      <trkpt lat="42.976502" lon="2.796511">
        <ele>328.31</ele>
      </trkpt>
      <trkpt lat="42.976502" lon="2.796311">
        <ele>330.6</ele>
      </trkpt>
      <trkpt lat="42.976465" lon="2.796204">
        <ele>331.28</ele>
      </trkpt>
      <trkpt lat="42.976334" lon="2.796026">
        <ele>334.84</ele>
      </trkpt>
      <trkpt lat="42.976254" lon="2.795962">
        <ele>336.72</ele>
      </trkpt>
      <trkpt lat="42.976222" lon="2.795897">
        <ele>336.94</ele>
      </trkpt>
      <trkpt lat="42.97614" lon="2.795766">
        <ele>337.76</ele>
      </trkpt>
      <trkpt lat="42.976103" lon="2.795707">
        <ele>338.13</ele>
      </trkpt>
      <trkpt lat="42.976052" lon="2.795599">
        <ele>338.15</ele>
      </trkpt>
      <trkpt lat="42.975863" lon="2.795432">
        <ele>340.7</ele>
      </trkpt>
      <trkpt lat="42.975762" lon="2.795278">
        <ele>340.43</ele>
      </trkpt>
      <trkpt lat="42.97572" lon="2.79518">
        <ele>339.62</ele>
      </trkpt>
      <trkpt lat="42.975601" lon="2.795083">
        <ele>340.64</ele>
      </trkpt>
      <trkpt lat="42.975499" lon="2.794901">
        <ele>339.41</ele>
      </trkpt>
      <trkpt lat="42.975422" lon="2.79487">
        <ele>336.38</ele>
      </trkpt>
      <trkpt lat="42.975364" lon="2.794891">
        <ele>334.86</ele>
      </trkpt>
      <trkpt lat="42.975321" lon="2.794977">
        <ele>335.3</ele>
      </trkpt>
      <trkpt lat="42.975238" lon="2.795115">
        <ele>335.59</ele>
      </trkpt>
      <trkpt lat="42.97525" lon="2.795318">
        <ele>340.4</ele>
      </trkpt>
      <trkpt lat="42.975225" lon="2.795395">
        <ele>341.32</ele>
      </trkpt>
      <trkpt lat="42.975149" lon="2.795432">
        <ele>339.83</ele>
      </trkpt>
      <trkpt lat="42.975113" lon="2.795554">
        <ele>341.36</ele>
      </trkpt>
      <trkpt lat="42.975024" lon="2.795613">
        <ele>339.96</ele>
      </trkpt>
      <trkpt lat="42.974875" lon="2.795862">
        <ele>341.04</ele>
      </trkpt>
      <trkpt lat="42.974732" lon="2.796001">
        <ele>340.12</ele>
      </trkpt>
      <trkpt lat="42.97442" lon="2.796122">
        <ele>333.44</ele>
      </trkpt>
      <trkpt lat="42.974359" lon="2.796172">
        <ele>332.78</ele>
      </trkpt>
      <trkpt lat="42.974313" lon="2.796234">
        <ele>332.88</ele>
      </trkpt>
      <trkpt lat="42.974282" lon="2.796335">
        <ele>334.29</ele>
      </trkpt>
      <trkpt lat="42.974118" lon="2.797166">
        <ele>348.4</ele>
      </trkpt>
      <trkpt lat="42.97408" lon="2.797511">
        <ele>354.29</ele>
      </trkpt>
      <trkpt lat="42.973985" lon="2.797856">
        <ele>360.59</ele>
      </trkpt>
      <trkpt lat="42.973682" lon="2.798293">
        <ele>359.79</ele>
      </trkpt>
      <trkpt lat="42.97366" lon="2.798305">
        <ele>359.38</ele>
      </trkpt>
      <trkpt lat="42.973624" lon="2.798296">
        <ele>358.82</ele>
      </trkpt>
      <trkpt lat="42.973494" lon="2.798216">
        <ele>356.94</ele>
      </trkpt>
      <trkpt lat="42.973232" lon="2.798101">
        <ele>353.13</ele>
      </trkpt>
      <trkpt lat="42.972847" lon="2.797952">
        <ele>347.31</ele>
      </trkpt>
      <trkpt lat="42.97274" lon="2.79788">
        <ele>344.64</ele>
      </trkpt>
      <trkpt lat="42.972304" lon="2.79752">
        <ele>334.63</ele>
      </trkpt>
      <trkpt lat="42.972194" lon="2.797458">
        <ele>332.74</ele>
      </trkpt>
      <trkpt lat="42.972152" lon="2.797447">
        <ele>332.16</ele>
      </trkpt>
      <trkpt lat="42.971601" lon="2.797603">
        <ele>327.44</ele>
      </trkpt>
      <trkpt lat="42.971544" lon="2.797609">
        <ele>326.86</ele>
      </trkpt>
      <trkpt lat="42.971484" lon="2.797595">
        <ele>326.19</ele>
      </trkpt>
      <trkpt lat="42.971325" lon="2.797486">
        <ele>324.35</ele>
      </trkpt>
      <trkpt lat="42.971191" lon="2.797346">
        <ele>321.74</ele>
      </trkpt>
      <trkpt lat="42.971041" lon="2.797052">
        <ele>318.92</ele>
      </trkpt>
      <trkpt lat="42.970949" lon="2.796923">
        <ele>317.34</ele>
      </trkpt>
      <trkpt lat="42.970668" lon="2.796569">
        <ele>314.21</ele>
      </trkpt>
      <trkpt lat="42.970103" lon="2.795985">
        <ele>307.88</ele>
      </trkpt>
      <trkpt lat="42.969801" lon="2.795755">
        <ele>303.1</ele>
      </trkpt>
      <trkpt lat="42.969626" lon="2.795596">
        <ele>300.34</ele>
      </trkpt>
      <trkpt lat="42.969201" lon="2.795006">
        <ele>291.23</ele>
      </trkpt>
      <trkpt lat="42.968737" lon="2.794491">
        <ele>285.38</ele>
      </trkpt>
      <trkpt lat="42.968492" lon="2.794184">
        <ele>283.42</ele>
      </trkpt>
      <trkpt lat="42.968436" lon="2.794125">
        <ele>283.35</ele>
      </trkpt>
      <trkpt lat="42.968348" lon="2.794055">
        <ele>283.48</ele>
      </trkpt>
      <trkpt lat="42.968239" lon="2.793987">
        <ele>283.91</ele>
      </trkpt>
      <trkpt lat="42.968154" lon="2.793953">
        <ele>284.35</ele>
      </trkpt>
      <trkpt lat="42.968072" lon="2.79395">
        <ele>284.74</ele>
      </trkpt>
      <trkpt lat="42.967993" lon="2.793965">
        <ele>284.99</ele>
      </trkpt>
      <trkpt lat="42.967635" lon="2.794221">
        <ele>280.91</ele>
      </trkpt>
      <trkpt lat="42.967237" lon="2.794387">
        <ele>278.89</ele>
      </trkpt>
      <trkpt lat="42.966584" lon="2.794574">
        <ele>266.04</ele>
      </trkpt>
      <trkpt lat="42.966494" lon="2.794642">
        <ele>264.78</ele>
      </trkpt>
      <trkpt lat="42.966292" lon="2.794866">
        <ele>261.34</ele>
      </trkpt>
      <trkpt lat="42.966217" lon="2.794996">
        <ele>260.48</ele>
      </trkpt>
      <trkpt lat="42.965947" lon="2.795627">
        <ele>258.02</ele>
      </trkpt>
      <trkpt lat="42.965836" lon="2.795811">
        <ele>255.63</ele>
      </trkpt>
      <trkpt lat="42.965702" lon="2.795981">
        <ele>253.7</ele>
      </trkpt>
      <trkpt lat="42.965437" lon="2.796181">
        <ele>250.33</ele>
      </trkpt>
      <trkpt lat="42.96534" lon="2.796214">
        <ele>247.54</ele>
      </trkpt>
      <trkpt lat="42.965041" lon="2.79623">
        <ele>238.89</ele>
      </trkpt>
      <trkpt lat="42.964724" lon="2.796206">
        <ele>229.71</ele>
      </trkpt>
      <trkpt lat="42.964641" lon="2.796163">
        <ele>227.23</ele>
      </trkpt>
      <trkpt lat="42.964583" lon="2.796105">
        <ele>225.43</ele>
      </trkpt>
      <trkpt lat="42.964372" lon="2.795629">
        <ele>218.53</ele>
      </trkpt>
      <trkpt lat="42.964299" lon="2.795481">
        <ele>215.42</ele>
      </trkpt>
      <trkpt lat="42.964153" lon="2.795185">
        <ele>209.22</ele>
      </trkpt>
      <trkpt lat="42.964074" lon="2.79494">
        <ele>204.88</ele>
      </trkpt>
      <trkpt lat="42.96404" lon="2.794804">
        <ele>202.8</ele>
      </trkpt>
      <trkpt lat="42.96402" lon="2.794607">
        <ele>200.45</ele>
      </trkpt>
      <trkpt lat="42.964027" lon="2.794486">
        <ele>198.67</ele>
      </trkpt>
      <trkpt lat="42.964049" lon="2.794374">
        <ele>197.36</ele>
      </trkpt>
      <trkpt lat="42.964195" lon="2.793998">
        <ele>194.11</ele>
      </trkpt>
      <trkpt lat="42.964216" lon="2.793875">
        <ele>192.33</ele>
      </trkpt>
      <trkpt lat="42.964206" lon="2.793787">
        <ele>190.65</ele>
      </trkpt>
      <trkpt lat="42.964181" lon="2.793742">
        <ele>189.63</ele>
      </trkpt>
      <trkpt lat="42.96413" lon="2.793713">
        <ele>188.38</ele>
      </trkpt>
      <trkpt lat="42.96393" lon="2.793707">
        <ele>184.8</ele>
      </trkpt>
      <trkpt lat="42.963716" lon="2.793709">
        <ele>184.03</ele>
      </trkpt>
      <trkpt lat="42.963624" lon="2.79373">
        <ele>184.94</ele>
      </trkpt>
      <trkpt lat="42.963495" lon="2.793786">
        <ele>185.99</ele>
      </trkpt>
      <trkpt lat="42.963362" lon="2.79389">
        <ele>186.94</ele>
      </trkpt>
      <trkpt lat="42.963265" lon="2.794">
        <ele>187.18</ele>
      </trkpt>
      <trkpt lat="42.96279" lon="2.794368">
        <ele>187.76</ele>
      </trkpt>
      <trkpt lat="42.962698" lon="2.794494">
        <ele>187.72</ele>
      </trkpt>
      <trkpt lat="42.962538" lon="2.795152">
        <ele>189.94</ele>
      </trkpt>
      <trkpt lat="42.962454" lon="2.795419">
        <ele>192.24</ele>
      </trkpt>
      <trkpt lat="42.962402" lon="2.795751">
        <ele>194.98</ele>
      </trkpt>
      <trkpt lat="42.962394" lon="2.796073">
        <ele>197.11</ele>
      </trkpt>
      <trkpt lat="42.962354" lon="2.796667">
        <ele>198.41</ele>
      </trkpt>
      <trkpt lat="42.962365" lon="2.796927">
        <ele>197.57</ele>
      </trkpt>
      <trkpt lat="42.962338" lon="2.797001">
        <ele>197.91</ele>
      </trkpt>
      <trkpt lat="42.96231" lon="2.796972">
        <ele>198.52</ele>
      </trkpt>
      <trkpt lat="42.96231" lon="2.796789">
        <ele>198.95</ele>
      </trkpt>
      <trkpt lat="42.962273" lon="2.796631">
        <ele>200.05</ele>
      </trkpt>
      <trkpt lat="42.962228" lon="2.796029">
        <ele>199.83</ele>
      </trkpt>
      <trkpt lat="42.962215" lon="2.79561">
        <ele>197.16</ele>
      </trkpt>
      <trkpt lat="42.962182" lon="2.795438">
        <ele>196.52</ele>
      </trkpt>
      <trkpt lat="42.962136" lon="2.795378">
        <ele>196.89</ele>
      </trkpt>
      <trkpt lat="42.962116" lon="2.794974">
        <ele>197.93</ele>
      </trkpt>
      <trkpt lat="42.962088" lon="2.794393">
        <ele>199.42</ele>
      </trkpt>
      <trkpt lat="42.962093" lon="2.794248">
        <ele>202.49</ele>
      </trkpt>
      <trkpt lat="42.96213" lon="2.794133">
        <ele>204.32</ele>
      </trkpt>
      <trkpt lat="42.96228" lon="2.793838">
        <ele>207.08</ele>
      </trkpt>
      <trkpt lat="42.962333" lon="2.793766">
        <ele>207.08</ele>
      </trkpt>
      <trkpt lat="42.962605" lon="2.79346">
        <ele>205.34</ele>
      </trkpt>
      <trkpt lat="42.962729" lon="2.793339">
        <ele>204.07</ele>
      </trkpt>
      <trkpt lat="42.962783" lon="2.793267">
        <ele>203.83</ele>
      </trkpt>
      <trkpt lat="42.963055" lon="2.792615">
        <ele>201.65</ele>
      </trkpt>
      <trkpt lat="42.96327" lon="2.792005">
        <ele>193.31</ele>
      </trkpt>
      <trkpt lat="42.963316" lon="2.791823">
        <ele>190.27</ele>
      </trkpt>
      <trkpt lat="42.963332" lon="2.791648">
        <ele>188.47</ele>
      </trkpt>
      <trkpt lat="42.963311" lon="2.791109">
        <ele>185.91</ele>
      </trkpt>
      <trkpt lat="42.963331" lon="2.790985">
        <ele>185.27</ele>
      </trkpt>
      <trkpt lat="42.963269" lon="2.790921">
        <ele>186.01</ele>
      </trkpt>
      <trkpt lat="42.963237" lon="2.790751">
        <ele>185.7</ele>
      </trkpt>
      <trkpt lat="42.963129" lon="2.790517">
        <ele>185.05</ele>
      </trkpt>
      <trkpt lat="42.963021" lon="2.790321">
        <ele>185.82</ele>
      </trkpt>
      <trkpt lat="42.962669" lon="2.789684">
        <ele>188.29</ele>
      </trkpt>
      <trkpt lat="42.962379" lon="2.789267">
        <ele>189.69</ele>
      </trkpt>
      <trkpt lat="42.961998" lon="2.788577">
        <ele>196.47</ele>
      </trkpt>
      <trkpt lat="42.961929" lon="2.788285">
        <ele>199.71</ele>
      </trkpt>
      <trkpt lat="42.961775" lon="2.788183">
        <ele>202.21</ele>
      </trkpt>
      <trkpt lat="42.961594" lon="2.788203">
        <ele>203.92</ele>
      </trkpt>
      <trkpt lat="42.961423" lon="2.788155">
        <ele>206.16</ele>
      </trkpt>
      <trkpt lat="42.961323" lon="2.788164">
        <ele>207.16</ele>
      </trkpt>
      <trkpt lat="42.960912" lon="2.788387">
        <ele>212.9</ele>
      </trkpt>
      <trkpt lat="42.960533" lon="2.788337">
        <ele>220.87</ele>
      </trkpt>
      <trkpt lat="42.96029" lon="2.788357">
        <ele>225.89</ele>
      </trkpt>
      <trkpt lat="42.960005" lon="2.788486">
        <ele>230.12</ele>
      </trkpt>
      <trkpt lat="42.959933" lon="2.788528">
        <ele>230.97</ele>
      </trkpt>
      <trkpt lat="42.95978" lon="2.788492">
        <ele>234.9</ele>
      </trkpt>
      <trkpt lat="42.959624" lon="2.788529">
        <ele>237.12</ele>
      </trkpt>
      <trkpt lat="42.95957" lon="2.788609">
        <ele>236.04</ele>
      </trkpt>
      <trkpt lat="42.959329" lon="2.788734">
        <ele>235.26</ele>
      </trkpt>
      <trkpt lat="42.95895" lon="2.788871">
        <ele>234.85</ele>
      </trkpt>
      <trkpt lat="42.958715" lon="2.788969">
        <ele>234.56</ele>
      </trkpt>
      <trkpt lat="42.958485" lon="2.78897">
        <ele>236.26</ele>
      </trkpt>
      <trkpt lat="42.958218" lon="2.789073">
        <ele>236.34</ele>
      </trkpt>
      <trkpt lat="42.957958" lon="2.789096">
        <ele>238.19</ele>
      </trkpt>
      <trkpt lat="42.957574" lon="2.789106">
        <ele>244.03</ele>
      </trkpt>
      <trkpt lat="42.957259" lon="2.789281">
        <ele>244.32</ele>
      </trkpt>
      <trkpt lat="42.957179" lon="2.789298">
        <ele>244.23</ele>
      </trkpt>
      <trkpt lat="42.956709" lon="2.789398">
        <ele>243.69</ele>
      </trkpt>
      <trkpt lat="42.956386" lon="2.789439">
        <ele>243.39</ele>
      </trkpt>
      <trkpt lat="42.956113" lon="2.789423">
        <ele>245.04</ele>
      </trkpt>
      <trkpt lat="42.955768" lon="2.789475">
        <ele>245.35</ele>
      </trkpt>
      <trkpt lat="42.955625" lon="2.789508">
        <ele>245.27</ele>
      </trkpt>
      <trkpt lat="42.9555" lon="2.789431">
        <ele>247.78</ele>
      </trkpt>
      <trkpt lat="42.955318" lon="2.789382">
        <ele>247.9</ele>
      </trkpt>
      <trkpt lat="42.955101" lon="2.789386">
        <ele>246.48</ele>
      </trkpt>
      <trkpt lat="42.954964" lon="2.789358">
        <ele>246.02</ele>
      </trkpt>
      <trkpt lat="42.9548" lon="2.789366">
        <ele>244.84</ele>
      </trkpt>
      <trkpt lat="42.954619" lon="2.789256">
        <ele>244.75</ele>
      </trkpt>
      <trkpt lat="42.954473" lon="2.789154">
        <ele>245.66</ele>
      </trkpt>
      <trkpt lat="42.954238" lon="2.788935">
        <ele>247.52</ele>
      </trkpt>
      <trkpt lat="42.954155" lon="2.788915">
        <ele>247.77</ele>
      </trkpt>
      <trkpt lat="42.954074" lon="2.788858">
        <ele>248.27</ele>
      </trkpt>
      <trkpt lat="42.953997" lon="2.78889">
        <ele>248.13</ele>
      </trkpt>
      <trkpt lat="42.953914" lon="2.788878">
        <ele>248.32</ele>
      </trkpt>
      <trkpt lat="42.953863" lon="2.788935">
        <ele>247.97</ele>
      </trkpt>
      <trkpt lat="42.953711" lon="2.788911">
        <ele>250.04</ele>
      </trkpt>
      <trkpt lat="42.953625" lon="2.788972">
        <ele>250.92</ele>
      </trkpt>
      <trkpt lat="42.9535" lon="2.788988">
        <ele>252.75</ele>
      </trkpt>
      <trkpt lat="42.953447" lon="2.789045">
        <ele>253.06</ele>
      </trkpt>
      <trkpt lat="42.953366" lon="2.789069">
        <ele>254.05</ele>
      </trkpt>
      <trkpt lat="42.953313" lon="2.789102">
        <ele>254.54</ele>
      </trkpt>
      <trkpt lat="42.953232" lon="2.789114">
        <ele>255.62</ele>
      </trkpt>
      <trkpt lat="42.95314" lon="2.789215">
        <ele>255.86</ele>
      </trkpt>
      <trkpt lat="42.952729" lon="2.789468">
        <ele>257.61</ele>
      </trkpt>
      <trkpt lat="42.952643" lon="2.789427">
        <ele>259.01</ele>
      </trkpt>
      <trkpt lat="42.952554" lon="2.789431">
        <ele>259.87</ele>
      </trkpt>
      <trkpt lat="42.952438" lon="2.789459">
        <ele>260.66</ele>
      </trkpt>
      <trkpt lat="42.952399" lon="2.789398">
        <ele>261.89</ele>
      </trkpt>
      <trkpt lat="42.952394" lon="2.789317">
        <ele>263.05</ele>
      </trkpt>
      <trkpt lat="42.952453" lon="2.789188">
        <ele>264.19</ele>
      </trkpt>
      <trkpt lat="42.952559" lon="2.788584">
        <ele>270.25</ele>
      </trkpt>
      <trkpt lat="42.952622" lon="2.78815">
        <ele>273.67</ele>
      </trkpt>
      <trkpt lat="42.952614" lon="2.788059">
        <ele>274.64</ele>
      </trkpt>
      <trkpt lat="42.952531" lon="2.787672">
        <ele>276.33</ele>
      </trkpt>
      <trkpt lat="42.952531" lon="2.78749">
        <ele>276.21</ele>
      </trkpt>
      <trkpt lat="42.952476" lon="2.787286">
        <ele>276.68</ele>
      </trkpt>
      <trkpt lat="42.952457" lon="2.787066">
        <ele>276.78</ele>
      </trkpt>
      <trkpt lat="42.952484" lon="2.786889">
        <ele>276.48</ele>
      </trkpt>
      <trkpt lat="42.952394" lon="2.786921">
        <ele>277.46</ele>
      </trkpt>
      <trkpt lat="42.952194" lon="2.7869">
        <ele>279.62</ele>
      </trkpt>
      <trkpt lat="42.951675" lon="2.786964">
        <ele>290.67</ele>
      </trkpt>
      <trkpt lat="42.951495" lon="2.786937">
        <ele>294.71</ele>
      </trkpt>
      <trkpt lat="42.951248" lon="2.78697">
        <ele>300.61</ele>
      </trkpt>
      <trkpt lat="42.950923" lon="2.78692">
        <ele>309.95</ele>
      </trkpt>
      <trkpt lat="42.950666" lon="2.786857">
        <ele>317.37</ele>
      </trkpt>
      <trkpt lat="42.950388" lon="2.786747">
        <ele>325.92</ele>
      </trkpt>
      <trkpt lat="42.950211" lon="2.786685">
        <ele>331.79</ele>
      </trkpt>
      <trkpt lat="42.949838" lon="2.78661">
        <ele>344.1</ele>
      </trkpt>
      <trkpt lat="42.949807" lon="2.786798">
        <ele>345.09</ele>
      </trkpt>
      <trkpt lat="42.94981" lon="2.786889">
        <ele>344.95</ele>
      </trkpt>
      <trkpt lat="42.949736" lon="2.787173">
        <ele>347.01</ele>
      </trkpt>
      <trkpt lat="42.949711" lon="2.787218">
        <ele>347.36</ele>
      </trkpt>
      <trkpt lat="42.949594" lon="2.787431">
        <ele>349.02</ele>
      </trkpt>
      <trkpt lat="42.949445" lon="2.787646">
        <ele>351.52</ele>
      </trkpt>
      <trkpt lat="42.949327" lon="2.787855">
        <ele>353.27</ele>
      </trkpt>
      <trkpt lat="42.949265" lon="2.788155">
        <ele>351.88</ele>
      </trkpt>
      <trkpt lat="42.949186" lon="2.788482">
        <ele>350.25</ele>
      </trkpt>
      <trkpt lat="42.949151" lon="2.788579">
        <ele>350.18</ele>
      </trkpt>
      <trkpt lat="42.94908" lon="2.788917">
        <ele>348.2</ele>
      </trkpt>
      <trkpt lat="42.948974" lon="2.789105">
        <ele>349.02</ele>
      </trkpt>
      <trkpt lat="42.948786" lon="2.789405">
        <ele>349.88</ele>
      </trkpt>
      <trkpt lat="42.948659" lon="2.789816">
        <ele>346.58</ele>
      </trkpt>
      <trkpt lat="42.948657" lon="2.789881">
        <ele>345.83</ele>
      </trkpt>
      <trkpt lat="42.948687" lon="2.789909">
        <ele>345.04</ele>
      </trkpt>
      <trkpt lat="42.948805" lon="2.789921">
        <ele>343.17</ele>
      </trkpt>
      <trkpt lat="42.948875" lon="2.789968">
        <ele>341.1</ele>
      </trkpt>
      <trkpt lat="42.948924" lon="2.790061">
        <ele>338.94</ele>
      </trkpt>
      <trkpt lat="42.948934" lon="2.790121">
        <ele>338.09</ele>
      </trkpt>
      <trkpt lat="42.948921" lon="2.790183">
        <ele>337.77</ele>
      </trkpt>
      <trkpt lat="42.948757" lon="2.790407">
        <ele>338.35</ele>
      </trkpt>
      <trkpt lat="42.948659" lon="2.790505">
        <ele>338.15</ele>
      </trkpt>
      <trkpt lat="42.948401" lon="2.790666">
        <ele>338.08</ele>
      </trkpt>
      <trkpt lat="42.948059" lon="2.790827">
        <ele>338.43</ele>
      </trkpt>
      <trkpt lat="42.947685" lon="2.790879">
        <ele>338.79</ele>
      </trkpt>
      <trkpt lat="42.947488" lon="2.790937">
        <ele>338.42</ele>
      </trkpt>
      <trkpt lat="42.946977" lon="2.791042">
        <ele>336.35</ele>
      </trkpt>
      <trkpt lat="42.946383" lon="2.791149">
        <ele>329.79</ele>
      </trkpt>
      <trkpt lat="42.946064" lon="2.791256">
        <ele>326.54</ele>
      </trkpt>
      <trkpt lat="42.945965" lon="2.791305">
        <ele>325.35</ele>
      </trkpt>
      <trkpt lat="42.945889" lon="2.79137">
        <ele>324.23</ele>
      </trkpt>
      <trkpt lat="42.945739" lon="2.791547">
        <ele>321.73</ele>
      </trkpt>
      <trkpt lat="42.94555" lon="2.791653">
        <ele>319.79</ele>
      </trkpt>
      <trkpt lat="42.94552" lon="2.791711">
        <ele>319.19</ele>
      </trkpt>
      <trkpt lat="42.945453" lon="2.7921">
        <ele>315.79</ele>
      </trkpt>
      <trkpt lat="42.945417" lon="2.792259">
        <ele>315.87</ele>
      </trkpt>
      <trkpt lat="42.945279" lon="2.792683">
        <ele>316.76</ele>
      </trkpt>
      <trkpt lat="42.945138" lon="2.793053">
        <ele>316.95</ele>
      </trkpt>
      <trkpt lat="42.945004" lon="2.793262">
        <ele>316.71</ele>
      </trkpt>
      <trkpt lat="42.944862" lon="2.793526">
        <ele>318.21</ele>
      </trkpt>
      <trkpt lat="42.944815" lon="2.793592">
        <ele>318.89</ele>
      </trkpt>
      <trkpt lat="42.944751" lon="2.793649">
        <ele>319.77</ele>
      </trkpt>
      <trkpt lat="42.944677" lon="2.793716">
        <ele>320.79</ele>
      </trkpt>
      <trkpt lat="42.944606" lon="2.793809">
        <ele>321.35</ele>
      </trkpt>
      <trkpt lat="42.944329" lon="2.794362">
        <ele>317.9</ele>
      </trkpt>
      <trkpt lat="42.944274" lon="2.794543">
        <ele>317.6</ele>
      </trkpt>
      <trkpt lat="42.944204" lon="2.79471">
        <ele>316.3</ele>
      </trkpt>
      <trkpt lat="42.944095" lon="2.794919">
        <ele>313.08</ele>
      </trkpt>
      <trkpt lat="42.944039" lon="2.795152">
        <ele>309.76</ele>
      </trkpt>
      <trkpt lat="42.944007" lon="2.795563">
        <ele>304.23</ele>
      </trkpt>
      <trkpt lat="42.944015" lon="2.795966">
        <ele>299.27</ele>
      </trkpt>
      <trkpt lat="42.943983" lon="2.79617">
        <ele>296.58</ele>
      </trkpt>
      <trkpt lat="42.943744" lon="2.796781">
        <ele>290.86</ele>
      </trkpt>
      <trkpt lat="42.943645" lon="2.797055">
        <ele>288.09</ele>
      </trkpt>
      <trkpt lat="42.943592" lon="2.797305">
        <ele>286.06</ele>
      </trkpt>
      <trkpt lat="42.943278" lon="2.798429">
        <ele>276.14</ele>
      </trkpt>
      <trkpt lat="42.943251" lon="2.79864">
        <ele>275</ele>
      </trkpt>
      <trkpt lat="42.943237" lon="2.799152">
        <ele>274.35</ele>
      </trkpt>
      <trkpt lat="42.943201" lon="2.799289">
        <ele>274.07</ele>
      </trkpt>
      <trkpt lat="42.943153" lon="2.799404">
        <ele>273.75</ele>
      </trkpt>
      <trkpt lat="42.943061" lon="2.799512">
        <ele>273.21</ele>
      </trkpt>
      <trkpt lat="42.942884" lon="2.799646">
        <ele>270.96</ele>
      </trkpt>
      <trkpt lat="42.942643" lon="2.79977">
        <ele>267.28</ele>
      </trkpt>
      <trkpt lat="42.942405" lon="2.799893">
        <ele>263.63</ele>
      </trkpt>
      <trkpt lat="42.942093" lon="2.800155">
        <ele>261.4</ele>
      </trkpt>
      <trkpt lat="42.941981" lon="2.80019">
        <ele>259.64</ele>
      </trkpt>
      <trkpt lat="42.941772" lon="2.800618">
        <ele>260.02</ele>
      </trkpt>
      <trkpt lat="42.941706" lon="2.800718">
        <ele>259.83</ele>
      </trkpt>
      <trkpt lat="42.94155" lon="2.800879">
        <ele>258.99</ele>
      </trkpt>
      <trkpt lat="42.941482" lon="2.800973">
        <ele>259.03</ele>
      </trkpt>
      <trkpt lat="42.941449" lon="2.80107">
        <ele>259.71</ele>
      </trkpt>
      <trkpt lat="42.941409" lon="2.801315">
        <ele>262.04</ele>
      </trkpt>
      <trkpt lat="42.941373" lon="2.801434">
        <ele>261.92</ele>
      </trkpt>
      <trkpt lat="42.941293" lon="2.801628">
        <ele>261.46</ele>
      </trkpt>
      <trkpt lat="42.940903" lon="2.80225">
        <ele>254.42</ele>
      </trkpt>
      <trkpt lat="42.940754" lon="2.802454">
        <ele>251.59</ele>
      </trkpt>
      <trkpt lat="42.940658" lon="2.802666">
        <ele>250.35</ele>
      </trkpt>
      <trkpt lat="42.940615" lon="2.802866">
        <ele>250.31</ele>
      </trkpt>
      <trkpt lat="42.940582" lon="2.80326">
        <ele>253.18</ele>
      </trkpt>
      <trkpt lat="42.940556" lon="2.803418">
        <ele>254.68</ele>
      </trkpt>
      <trkpt lat="42.940424" lon="2.803966">
        <ele>258.12</ele>
      </trkpt>
      <trkpt lat="42.940403" lon="2.804115">
        <ele>258.26</ele>
      </trkpt>
      <trkpt lat="42.940405" lon="2.804418">
        <ele>259.4</ele>
      </trkpt>
      <trkpt lat="42.940419" lon="2.80457">
        <ele>260.1</ele>
      </trkpt>
      <trkpt lat="42.94049" lon="2.804915">
        <ele>259.99</ele>
      </trkpt>
      <trkpt lat="42.940494" lon="2.805009">
        <ele>259.61</ele>
      </trkpt>
      <trkpt lat="42.940497" lon="2.805089">
        <ele>259.29</ele>
      </trkpt>
      <trkpt lat="42.940485" lon="2.805228">
        <ele>258.82</ele>
      </trkpt>
      <trkpt lat="42.940414" lon="2.805731">
        <ele>256.53</ele>
      </trkpt>
      <trkpt lat="42.940393" lon="2.805821">
        <ele>256.02</ele>
      </trkpt>
      <trkpt lat="42.940329" lon="2.805976">
        <ele>254.77</ele>
      </trkpt>
      <trkpt lat="42.940299" lon="2.806092">
        <ele>253.97</ele>
      </trkpt>
      <trkpt lat="42.940273" lon="2.806466">
        <ele>252.03</ele>
      </trkpt>
      <trkpt lat="42.940273" lon="2.806589">
        <ele>251.4</ele>
      </trkpt>
      <trkpt lat="42.94032" lon="2.80684">
        <ele>250.83</ele>
      </trkpt>
      <trkpt lat="42.940351" lon="2.806947">
        <ele>250.76</ele>
      </trkpt>
      <trkpt lat="42.940405" lon="2.807037">
        <ele>251.15</ele>
      </trkpt>
      <trkpt lat="42.940594" lon="2.807215">
        <ele>250.16</ele>
      </trkpt>
      <trkpt lat="42.940679" lon="2.807347">
        <ele>248.5</ele>
      </trkpt>
      <trkpt lat="42.940776" lon="2.807556">
        <ele>246.76</ele>
      </trkpt>
      <trkpt lat="42.940987" lon="2.808092">
        <ele>244.66</ele>
      </trkpt>
      <trkpt lat="42.941012" lon="2.808163">
        <ele>244.55</ele>
      </trkpt>
      <trkpt lat="42.941035" lon="2.808266">
        <ele>244.43</ele>
      </trkpt>
      <trkpt lat="42.941201" lon="2.809234">
        <ele>241.96</ele>
      </trkpt>
      <trkpt lat="42.941238" lon="2.809369">
        <ele>241.29</ele>
      </trkpt>
      <trkpt lat="42.941352" lon="2.809611">
        <ele>240.24</ele>
      </trkpt>
      <trkpt lat="42.941378" lon="2.809705">
        <ele>239.4</ele>
      </trkpt>
      <trkpt lat="42.941451" lon="2.810389">
        <ele>231.35</ele>
      </trkpt>
      <trkpt lat="42.94147" lon="2.810511">
        <ele>229.35</ele>
      </trkpt>
      <trkpt lat="42.941491" lon="2.810563">
        <ele>228.11</ele>
      </trkpt>
      <trkpt lat="42.941597" lon="2.810666">
        <ele>225.42</ele>
      </trkpt>
      <trkpt lat="42.941668" lon="2.810785">
        <ele>222.6</ele>
      </trkpt>
      <trkpt lat="42.941713" lon="2.810901">
        <ele>219.99</ele>
      </trkpt>
      <trkpt lat="42.941881" lon="2.811482">
        <ele>209.03</ele>
      </trkpt>
      <trkpt lat="42.941911" lon="2.811627">
        <ele>207.16</ele>
      </trkpt>
      <trkpt lat="42.941931" lon="2.811797">
        <ele>205.01</ele>
      </trkpt>
      <trkpt lat="42.94194" lon="2.811879">
        <ele>203.98</ele>
      </trkpt>
      <trkpt lat="42.942008" lon="2.812137">
        <ele>200.81</ele>
      </trkpt>
      <trkpt lat="42.942051" lon="2.812469">
        <ele>198.02</ele>
      </trkpt>
      <trkpt lat="42.94206" lon="2.812601">
        <ele>196.91</ele>
      </trkpt>
      <trkpt lat="42.942041" lon="2.812846">
        <ele>194.77</ele>
      </trkpt>
      <trkpt lat="42.942011" lon="2.812937">
        <ele>193.93</ele>
      </trkpt>
      <trkpt lat="42.94193" lon="2.813034">
        <ele>193.11</ele>
      </trkpt>
      <trkpt lat="42.941794" lon="2.813144">
        <ele>192.26</ele>
      </trkpt>
      <trkpt lat="42.94178" lon="2.813179">
        <ele>192.06</ele>
      </trkpt>
      <trkpt lat="42.941491" lon="2.813065">
        <ele>192.01</ele>
      </trkpt>
      <trkpt lat="42.941225" lon="2.812988">
        <ele>191.81</ele>
      </trkpt>
      <trkpt lat="42.940729" lon="2.812888">
        <ele>191.72</ele>
      </trkpt>
      <trkpt lat="42.940724" lon="2.812908">
        <ele>191.61</ele>
      </trkpt>
      <trkpt lat="42.940729" lon="2.812888">
        <ele>191.72</ele>
      </trkpt>
      <trkpt lat="42.940157" lon="2.812777">
        <ele>190.09</ele>
      </trkpt>
      <trkpt lat="42.939816" lon="2.812696">
        <ele>188.75</ele>
      </trkpt>
      <trkpt lat="42.939551" lon="2.81267">
        <ele>187.14</ele>
      </trkpt>
      <trkpt lat="42.939492" lon="2.812686">
        <ele>186.56</ele>
      </trkpt>
      <trkpt lat="42.939382" lon="2.81278">
        <ele>185.3</ele>
      </trkpt>
      <trkpt lat="42.93935" lon="2.812783">
        <ele>185.01</ele>
      </trkpt>
      <trkpt lat="42.939321" lon="2.812756">
        <ele>184.84</ele>
      </trkpt>
      <trkpt lat="42.939263" lon="2.812647">
        <ele>184.67</ele>
      </trkpt>
      <trkpt lat="42.939243" lon="2.812591">
        <ele>184.67</ele>
      </trkpt>
      <trkpt lat="42.939163" lon="2.812283">
        <ele>184.84</ele>
      </trkpt>
      <trkpt lat="42.93903" lon="2.812109">
        <ele>184.26</ele>
      </trkpt>
      <trkpt lat="42.938739" lon="2.811811">
        <ele>184.73</ele>
      </trkpt>
      <trkpt lat="42.938231" lon="2.811144">
        <ele>185.32</ele>
      </trkpt>
      <trkpt lat="42.938102" lon="2.810974">
        <ele>185.46</ele>
      </trkpt>
      <trkpt lat="42.93786" lon="2.81039">
        <ele>190.47</ele>
      </trkpt>
      <trkpt lat="42.937804" lon="2.810353">
        <ele>191.97</ele>
      </trkpt>
      <trkpt lat="42.937652" lon="2.810349">
        <ele>195.15</ele>
      </trkpt>
      <trkpt lat="42.937598" lon="2.810292">
        <ele>196.66</ele>
      </trkpt>
      <trkpt lat="42.9374" lon="2.809898">
        <ele>202.78</ele>
      </trkpt>
      <trkpt lat="42.93731" lon="2.809649">
        <ele>205.54</ele>
      </trkpt>
      <trkpt lat="42.937136" lon="2.808978">
        <ele>208.81</ele>
      </trkpt>
      <trkpt lat="42.937056" lon="2.808532">
        <ele>212.6</ele>
      </trkpt>
      <trkpt lat="42.937017" lon="2.80823">
        <ele>214.71</ele>
      </trkpt>
      <trkpt lat="42.937002" lon="2.807858">
        <ele>215.44</ele>
      </trkpt>
      <trkpt lat="42.936971" lon="2.807705">
        <ele>215.95</ele>
      </trkpt>
      <trkpt lat="42.936902" lon="2.807465">
        <ele>216.74</ele>
      </trkpt>
      <trkpt lat="42.936798" lon="2.80725">
        <ele>217.52</ele>
      </trkpt>
      <trkpt lat="42.936483" lon="2.806762">
        <ele>222.11</ele>
      </trkpt>
      <trkpt lat="42.93642" lon="2.806691">
        <ele>222.92</ele>
      </trkpt>
      <trkpt lat="42.936161" lon="2.806469">
        <ele>226.29</ele>
      </trkpt>
      <trkpt lat="42.935768" lon="2.806364">
        <ele>231.52</ele>
      </trkpt>
      <trkpt lat="42.935475" lon="2.806258">
        <ele>235.67</ele>
      </trkpt>
      <trkpt lat="42.935402" lon="2.806201">
        <ele>238.26</ele>
      </trkpt>
      <trkpt lat="42.935262" lon="2.805981">
        <ele>243.47</ele>
      </trkpt>
      <trkpt lat="42.935048" lon="2.805534">
        <ele>251.03</ele>
      </trkpt>
      <trkpt lat="42.935004" lon="2.805393">
        <ele>253.03</ele>
      </trkpt>
      <trkpt lat="42.934974" lon="2.805299">
        <ele>254.37</ele>
      </trkpt>
      <trkpt lat="42.934935" lon="2.80503">
        <ele>257.1</ele>
      </trkpt>
      <trkpt lat="42.934941" lon="2.804762">
        <ele>258.7</ele>
      </trkpt>
      <trkpt lat="42.935034" lon="2.804411">
        <ele>260.45</ele>
      </trkpt>
      <trkpt lat="42.935043" lon="2.804278">
        <ele>261.86</ele>
      </trkpt>
      <trkpt lat="42.935021" lon="2.804125">
        <ele>264.18</ele>
      </trkpt>
      <trkpt lat="42.934929" lon="2.803778">
        <ele>270.16</ele>
      </trkpt>
      <trkpt lat="42.934685" lon="2.803127">
        <ele>274.1</ele>
      </trkpt>
      <trkpt lat="42.934429" lon="2.802664">
        <ele>279.05</ele>
      </trkpt>
      <trkpt lat="42.933927" lon="2.801909">
        <ele>287.81</ele>
      </trkpt>
      <trkpt lat="42.933799" lon="2.801717">
        <ele>290.04</ele>
      </trkpt>
      <trkpt lat="42.933571" lon="2.801378">
        <ele>291.07</ele>
      </trkpt>
      <trkpt lat="42.933547" lon="2.801285">
        <ele>291.29</ele>
      </trkpt>
      <trkpt lat="42.933538" lon="2.801188">
        <ele>291.14</ele>
      </trkpt>
      <trkpt lat="42.933553" lon="2.801082">
        <ele>290.86</ele>
      </trkpt>
      <trkpt lat="42.933855" lon="2.800003">
        <ele>282.47</ele>
      </trkpt>
      <trkpt lat="42.934017" lon="2.799609">
        <ele>277.64</ele>
      </trkpt>
      <trkpt lat="42.93407" lon="2.799534">
        <ele>276.34</ele>
      </trkpt>
      <trkpt lat="42.934219" lon="2.79939">
        <ele>274.51</ele>
      </trkpt>
      <trkpt lat="42.934258" lon="2.799329">
        <ele>273.65</ele>
      </trkpt>
      <trkpt lat="42.934262" lon="2.799232">
        <ele>271.78</ele>
      </trkpt>
      <trkpt lat="42.934227" lon="2.798797">
        <ele>262.8</ele>
      </trkpt>
      <trkpt lat="42.93426" lon="2.798683">
        <ele>261.84</ele>
      </trkpt>
      <trkpt lat="42.934411" lon="2.798445">
        <ele>261.09</ele>
      </trkpt>
      <trkpt lat="42.93445" lon="2.798339">
        <ele>260.39</ele>
      </trkpt>
      <trkpt lat="42.934531" lon="2.79812">
        <ele>258.92</ele>
      </trkpt>
      <trkpt lat="42.934601" lon="2.797802">
        <ele>257.97</ele>
      </trkpt>
      <trkpt lat="42.93463" lon="2.797469">
        <ele>258.02</ele>
      </trkpt>
      <trkpt lat="42.934667" lon="2.797346">
        <ele>258.51</ele>
      </trkpt>
      <trkpt lat="42.934714" lon="2.797288">
        <ele>259.48</ele>
      </trkpt>
      <trkpt lat="42.934839" lon="2.79722">
        <ele>262.14</ele>
      </trkpt>
      <trkpt lat="42.934866" lon="2.797181">
        <ele>262.63</ele>
      </trkpt>
      <trkpt lat="42.934869" lon="2.797135">
        <ele>262.62</ele>
      </trkpt>
      <trkpt lat="42.93484" lon="2.79708">
        <ele>261.9</ele>
      </trkpt>
      <trkpt lat="42.934494" lon="2.796728">
        <ele>255.86</ele>
      </trkpt>
      <trkpt lat="42.934448" lon="2.796653">
        <ele>255.29</ele>
      </trkpt>
      <trkpt lat="42.934409" lon="2.796548">
        <ele>254.86</ele>
      </trkpt>
      <trkpt lat="42.934334" lon="2.796272">
        <ele>253.85</ele>
      </trkpt>
      <trkpt lat="42.934307" lon="2.796174">
        <ele>252.51</ele>
      </trkpt>
      <trkpt lat="42.934234" lon="2.796049">
        <ele>250.55</ele>
      </trkpt>
      <trkpt lat="42.934142" lon="2.795956">
        <ele>248.93</ele>
      </trkpt>
      <trkpt lat="42.934044" lon="2.795881">
        <ele>247.58</ele>
      </trkpt>
      <trkpt lat="42.933935" lon="2.795826">
        <ele>246.47</ele>
      </trkpt>
      <trkpt lat="42.933783" lon="2.7958">
        <ele>245.18</ele>
      </trkpt>
      <trkpt lat="42.933618" lon="2.795804">
        <ele>243.41</ele>
      </trkpt>
      <trkpt lat="42.933247" lon="2.795886">
        <ele>239.44</ele>
      </trkpt>
      <trkpt lat="42.933053" lon="2.795912">
        <ele>237.2</ele>
      </trkpt>
      <trkpt lat="42.932923" lon="2.795885">
        <ele>236.74</ele>
      </trkpt>
      <trkpt lat="42.932842" lon="2.795808">
        <ele>237.12</ele>
      </trkpt>
      <trkpt lat="42.932786" lon="2.795682">
        <ele>237.47</ele>
      </trkpt>
      <trkpt lat="42.932756" lon="2.795523">
        <ele>237.77</ele>
      </trkpt>
      <trkpt lat="42.932751" lon="2.795404">
        <ele>237.95</ele>
      </trkpt>
      <trkpt lat="42.932756" lon="2.795265">
        <ele>238.15</ele>
      </trkpt>
      <trkpt lat="42.932781" lon="2.795133">
        <ele>238.25</ele>
      </trkpt>
      <trkpt lat="42.932823" lon="2.795015">
        <ele>238.25</ele>
      </trkpt>
      <trkpt lat="42.932873" lon="2.794945">
        <ele>238.13</ele>
      </trkpt>
      <trkpt lat="42.933018" lon="2.794835">
        <ele>237.9</ele>
      </trkpt>
      <trkpt lat="42.933031" lon="2.794787">
        <ele>238</ele>
      </trkpt>
      <trkpt lat="42.933013" lon="2.794753">
        <ele>237.96</ele>
      </trkpt>
      <trkpt lat="42.932689" lon="2.794571">
        <ele>239.63</ele>
      </trkpt>
      <trkpt lat="42.93257" lon="2.794477">
        <ele>240.47</ele>
      </trkpt>
      <trkpt lat="42.932462" lon="2.794343">
        <ele>241.35</ele>
      </trkpt>
      <trkpt lat="42.932389" lon="2.794264">
        <ele>241.89</ele>
      </trkpt>
      <trkpt lat="42.932357" lon="2.7942">
        <ele>242.2</ele>
      </trkpt>
      <trkpt lat="42.932347" lon="2.794149">
        <ele>242.37</ele>
      </trkpt>
      <trkpt lat="42.932345" lon="2.793858">
        <ele>243.16</ele>
      </trkpt>
      <trkpt lat="42.932369" lon="2.79337">
        <ele>244</ele>
      </trkpt>
      <trkpt lat="42.932434" lon="2.792701">
        <ele>244.75</ele>
      </trkpt>
      <trkpt lat="42.932452" lon="2.792476">
        <ele>245.02</ele>
      </trkpt>
      <trkpt lat="42.932468" lon="2.792115">
        <ele>245.54</ele>
      </trkpt>
      <trkpt lat="42.932536" lon="2.79163">
        <ele>246.1</ele>
      </trkpt>
      <trkpt lat="42.932536" lon="2.790874">
        <ele>247.14</ele>
      </trkpt>
      <trkpt lat="42.932512" lon="2.790774">
        <ele>247.31</ele>
      </trkpt>
      <trkpt lat="42.932393" lon="2.790525">
        <ele>247.7</ele>
      </trkpt>
      <trkpt lat="42.932271" lon="2.790243">
        <ele>247.38</ele>
      </trkpt>
      <trkpt lat="42.932224" lon="2.790131">
        <ele>247.25</ele>
      </trkpt>
      <trkpt lat="42.932125" lon="2.789825">
        <ele>246.95</ele>
      </trkpt>
      <trkpt lat="42.932007" lon="2.789658">
        <ele>248.24</ele>
      </trkpt>
      <trkpt lat="42.931912" lon="2.789442">
        <ele>250.14</ele>
      </trkpt>
      <trkpt lat="42.93144" lon="2.78885">
        <ele>253.07</ele>
      </trkpt>
      <trkpt lat="42.931289" lon="2.788604">
        <ele>254.66</ele>
      </trkpt>
      <trkpt lat="42.931134" lon="2.788204">
        <ele>257.98</ele>
      </trkpt>
      <trkpt lat="42.931047" lon="2.788045">
        <ele>258.53</ele>
      </trkpt>
      <trkpt lat="42.930826" lon="2.787733">
        <ele>259.13</ele>
      </trkpt>
      <trkpt lat="42.930652" lon="2.787488">
        <ele>259.6</ele>
      </trkpt>
      <trkpt lat="42.93051" lon="2.786978">
        <ele>257.51</ele>
      </trkpt>
      <trkpt lat="42.930453" lon="2.786838">
        <ele>258.43</ele>
      </trkpt>
      <trkpt lat="42.93039" lon="2.786769">
        <ele>259.52</ele>
      </trkpt>
      <trkpt lat="42.930338" lon="2.786736">
        <ele>260.27</ele>
      </trkpt>
      <trkpt lat="42.930285" lon="2.786722">
        <ele>260.9</ele>
      </trkpt>
      <trkpt lat="42.930086" lon="2.786714">
        <ele>262.87</ele>
      </trkpt>
      <trkpt lat="42.930032" lon="2.786698">
        <ele>263.54</ele>
      </trkpt>
      <trkpt lat="42.929979" lon="2.786639">
        <ele>264.65</ele>
      </trkpt>
      <trkpt lat="42.929934" lon="2.786532">
        <ele>266.22</ele>
      </trkpt>
      <trkpt lat="42.929915" lon="2.786414">
        <ele>267.67</ele>
      </trkpt>
      <trkpt lat="42.929971" lon="2.785789">
        <ele>273.97</ele>
      </trkpt>
      <trkpt lat="42.930025" lon="2.785321">
        <ele>274.92</ele>
      </trkpt>
      <trkpt lat="42.930019" lon="2.785193">
        <ele>273.86</ele>
      </trkpt>
      <trkpt lat="42.929991" lon="2.78466">
        <ele>269.44</ele>
      </trkpt>
      <trkpt lat="42.93001" lon="2.78455">
        <ele>269.08</ele>
      </trkpt>
      <trkpt lat="42.930049" lon="2.784433">
        <ele>268.88</ele>
      </trkpt>
      <trkpt lat="42.930125" lon="2.784323">
        <ele>268.33</ele>
      </trkpt>
      <trkpt lat="42.930404" lon="2.783633">
        <ele>270.52</ele>
      </trkpt>
      <trkpt lat="42.930693" lon="2.783189">
        <ele>273.69</ele>
      </trkpt>
      <trkpt lat="42.931406" lon="2.782289">
        <ele>278.19</ele>
      </trkpt>
      <trkpt lat="42.931532" lon="2.781981">
        <ele>282.37</ele>
      </trkpt>
      <trkpt lat="42.931582" lon="2.781643">
        <ele>287.35</ele>
      </trkpt>
      <trkpt lat="42.93164" lon="2.781481">
        <ele>289.2</ele>
      </trkpt>
      <trkpt lat="42.931714" lon="2.781358">
        <ele>290.39</ele>
      </trkpt>
      <trkpt lat="42.931833" lon="2.781161">
        <ele>292.29</ele>
      </trkpt>
      <trkpt lat="42.931911" lon="2.781082">
        <ele>292.92</ele>
      </trkpt>
      <trkpt lat="42.93199" lon="2.781055">
        <ele>292.35</ele>
      </trkpt>
      <trkpt lat="42.932343" lon="2.781026">
        <ele>289.49</ele>
      </trkpt>
      <trkpt lat="42.932474" lon="2.780972">
        <ele>289.68</ele>
      </trkpt>
      <trkpt lat="42.932573" lon="2.780883">
        <ele>290.46</ele>
      </trkpt>
      <trkpt lat="42.933052" lon="2.780327">
        <ele>293.91</ele>
      </trkpt>
      <trkpt lat="42.933065" lon="2.780259">
        <ele>294.9</ele>
      </trkpt>
      <trkpt lat="42.933155" lon="2.780133">
        <ele>296.36</ele>
      </trkpt>
      <trkpt lat="42.933273" lon="2.780043">
        <ele>297.02</ele>
      </trkpt>
      <trkpt lat="42.933372" lon="2.779988">
        <ele>297.19</ele>
      </trkpt>
      <trkpt lat="42.933493" lon="2.779888">
        <ele>297.68</ele>
      </trkpt>
      <trkpt lat="42.933594" lon="2.77974">
        <ele>298.69</ele>
      </trkpt>
      <trkpt lat="42.933646" lon="2.779607">
        <ele>299.76</ele>
      </trkpt>
      <trkpt lat="42.933659" lon="2.779538">
        <ele>300.42</ele>
      </trkpt>
      <trkpt lat="42.933783" lon="2.778872">
        <ele>306.77</ele>
      </trkpt>
      <trkpt lat="42.933826" lon="2.778556">
        <ele>310.19</ele>
      </trkpt>
      <trkpt lat="42.933833" lon="2.778333">
        <ele>313.18</ele>
      </trkpt>
      <trkpt lat="42.933824" lon="2.778274">
        <ele>313.9</ele>
      </trkpt>
      <trkpt lat="42.933804" lon="2.778225">
        <ele>314.93</ele>
      </trkpt>
      <trkpt lat="42.933776" lon="2.778198">
        <ele>315.91</ele>
      </trkpt>
      <trkpt lat="42.933739" lon="2.778189">
        <ele>316.82</ele>
      </trkpt>
      <trkpt lat="42.933705" lon="2.778194">
        <ele>317.48</ele>
      </trkpt>
      <trkpt lat="42.933623" lon="2.778233">
        <ele>318.69</ele>
      </trkpt>
      <trkpt lat="42.933167" lon="2.778707">
        <ele>318.99</ele>
      </trkpt>
      <trkpt lat="42.933068" lon="2.778782">
        <ele>319.08</ele>
      </trkpt>
      <trkpt lat="42.93298" lon="2.778801">
        <ele>320.08</ele>
      </trkpt>
      <trkpt lat="42.932948" lon="2.778791">
        <ele>320.86</ele>
      </trkpt>
      <trkpt lat="42.932883" lon="2.778772">
        <ele>322.44</ele>
      </trkpt>
      <trkpt lat="42.932739" lon="2.778672">
        <ele>327.23</ele>
      </trkpt>
      <trkpt lat="42.932677" lon="2.77866">
        <ele>328.62</ele>
      </trkpt>
      <trkpt lat="42.932617" lon="2.778683">
        <ele>329.21</ele>
      </trkpt>
      <trkpt lat="42.932577" lon="2.778744">
        <ele>328.57</ele>
      </trkpt>
      <trkpt lat="42.932514" lon="2.778977">
        <ele>325.06</ele>
      </trkpt>
      <trkpt lat="42.932459" lon="2.779077">
        <ele>324.06</ele>
      </trkpt>
      <trkpt lat="42.9324" lon="2.779128">
        <ele>324.08</ele>
      </trkpt>
      <trkpt lat="42.932312" lon="2.779164">
        <ele>324.86</ele>
      </trkpt>
      <trkpt lat="42.932233" lon="2.779169">
        <ele>326.1</ele>
      </trkpt>
      <trkpt lat="42.932078" lon="2.779134">
        <ele>329.69</ele>
      </trkpt>
      <trkpt lat="42.932009" lon="2.779143">
        <ele>330.9</ele>
      </trkpt>
      <trkpt lat="42.931948" lon="2.779175">
        <ele>331.51</ele>
      </trkpt>
      <trkpt lat="42.931734" lon="2.779358">
        <ele>332.15</ele>
      </trkpt>
      <trkpt lat="42.931552" lon="2.77949">
        <ele>333.17</ele>
      </trkpt>
      <trkpt lat="42.93128" lon="2.779645">
        <ele>334.52</ele>
      </trkpt>
      <trkpt lat="42.931071" lon="2.779748">
        <ele>331.76</ele>
      </trkpt>
      <trkpt lat="42.930956" lon="2.779789">
        <ele>330.67</ele>
      </trkpt>
      <trkpt lat="42.930845" lon="2.779814">
        <ele>329.94</ele>
      </trkpt>
      <trkpt lat="42.930299" lon="2.779828">
        <ele>323.62</ele>
      </trkpt>
      <trkpt lat="42.930134" lon="2.779809">
        <ele>319.21</ele>
      </trkpt>
      <trkpt lat="42.930024" lon="2.779778">
        <ele>316.45</ele>
      </trkpt>
      <trkpt lat="42.929959" lon="2.779727">
        <ele>315.11</ele>
      </trkpt>
      <trkpt lat="42.929915" lon="2.779648">
        <ele>314.63</ele>
      </trkpt>
      <trkpt lat="42.929882" lon="2.77954">
        <ele>314.9</ele>
      </trkpt>
      <trkpt lat="42.929836" lon="2.779142">
        <ele>317.9</ele>
      </trkpt>
      <trkpt lat="42.92976" lon="2.778484">
        <ele>322.85</ele>
      </trkpt>
      <trkpt lat="42.929738" lon="2.778375">
        <ele>323.3</ele>
      </trkpt>
      <trkpt lat="42.92963" lon="2.778138">
        <ele>322.83</ele>
      </trkpt>
      <trkpt lat="42.929605" lon="2.778024">
        <ele>324.06</ele>
      </trkpt>
      <trkpt lat="42.929563" lon="2.777595">
        <ele>327.21</ele>
      </trkpt>
      <trkpt lat="42.929563" lon="2.777485">
        <ele>327.99</ele>
      </trkpt>
      <trkpt lat="42.9296" lon="2.777278">
        <ele>329.34</ele>
      </trkpt>
      <trkpt lat="42.929651" lon="2.776842">
        <ele>334.16</ele>
      </trkpt>
      <trkpt lat="42.929681" lon="2.776781">
        <ele>335.81</ele>
      </trkpt>
      <trkpt lat="42.929725" lon="2.776739">
        <ele>337.68</ele>
      </trkpt>
      <trkpt lat="42.929808" lon="2.776687">
        <ele>340.86</ele>
      </trkpt>
      <trkpt lat="42.929868" lon="2.776625">
        <ele>343.45</ele>
      </trkpt>
      <trkpt lat="42.929895" lon="2.776566">
        <ele>345.02</ele>
      </trkpt>
      <trkpt lat="42.929897" lon="2.776489">
        <ele>346.1</ele>
      </trkpt>
      <trkpt lat="42.929863" lon="2.776395">
        <ele>346.42</ele>
      </trkpt>
      <trkpt lat="42.929573" lon="2.776053">
        <ele>345.92</ele>
      </trkpt>
      <trkpt lat="42.929481" lon="2.775912">
        <ele>348.21</ele>
      </trkpt>
      <trkpt lat="42.929366" lon="2.775638">
        <ele>351.92</ele>
      </trkpt>
      <trkpt lat="42.929316" lon="2.77548">
        <ele>353.8</ele>
      </trkpt>
      <trkpt lat="42.929279" lon="2.775316">
        <ele>355.39</ele>
      </trkpt>
      <trkpt lat="42.929222" lon="2.774906">
        <ele>359.37</ele>
      </trkpt>
      <trkpt lat="42.929184" lon="2.774819">
        <ele>360.28</ele>
      </trkpt>
      <trkpt lat="42.929095" lon="2.774712">
        <ele>361.52</ele>
      </trkpt>
      <trkpt lat="42.928995" lon="2.774616">
        <ele>362.56</ele>
      </trkpt>
      <trkpt lat="42.928951" lon="2.77454">
        <ele>362.6</ele>
      </trkpt>
      <trkpt lat="42.928917" lon="2.774481">
        <ele>362.63</ele>
      </trkpt>
      <trkpt lat="42.928823" lon="2.774228">
        <ele>362.99</ele>
      </trkpt>
      <trkpt lat="42.928793" lon="2.774047">
        <ele>363.85</ele>
      </trkpt>
      <trkpt lat="42.928822" lon="2.773903">
        <ele>362.99</ele>
      </trkpt>
      <trkpt lat="42.928795" lon="2.773781">
        <ele>363.8</ele>
      </trkpt>
      <trkpt lat="42.928782" lon="2.773611">
        <ele>363.64</ele>
      </trkpt>
      <trkpt lat="42.928816" lon="2.773418">
        <ele>361.81</ele>
      </trkpt>
      <trkpt lat="42.928768" lon="2.772815">
        <ele>361.32</ele>
      </trkpt>
      <trkpt lat="42.928783" lon="2.772737">
        <ele>360.53</ele>
      </trkpt>
      <trkpt lat="42.929025" lon="2.772151">
        <ele>351.5</ele>
      </trkpt>
      <trkpt lat="42.929182" lon="2.77193">
        <ele>345.61</ele>
      </trkpt>
      <trkpt lat="42.929205" lon="2.771849">
        <ele>344.41</ele>
      </trkpt>
      <trkpt lat="42.929308" lon="2.770985">
        <ele>335.27</ele>
      </trkpt>
      <trkpt lat="42.929409" lon="2.770447">
        <ele>328.29</ele>
      </trkpt>
      <trkpt lat="42.929445" lon="2.770256">
        <ele>325.81</ele>
      </trkpt>
      <trkpt lat="42.929451" lon="2.770081">
        <ele>324.39</ele>
      </trkpt>
      <trkpt lat="42.929441" lon="2.770026">
        <ele>324.28</ele>
      </trkpt>
      <trkpt lat="42.929357" lon="2.769845">
        <ele>325.52</ele>
      </trkpt>
      <trkpt lat="42.929347" lon="2.769741">
        <ele>325.06</ele>
      </trkpt>
      <trkpt lat="42.92936" lon="2.769636">
        <ele>323.91</ele>
      </trkpt>
      <trkpt lat="42.929488" lon="2.769317">
        <ele>316.43</ele>
      </trkpt>
      <trkpt lat="42.929518" lon="2.769206">
        <ele>314.31</ele>
      </trkpt>
      <trkpt lat="42.929535" lon="2.769043">
        <ele>311.99</ele>
      </trkpt>
      <trkpt lat="42.929744" lon="2.768284">
        <ele>304.1</ele>
      </trkpt>
      <trkpt lat="42.929749" lon="2.768043">
        <ele>303.88</ele>
      </trkpt>
      <trkpt lat="42.929777" lon="2.767928">
        <ele>303.24</ele>
      </trkpt>
      <trkpt lat="42.929864" lon="2.767727">
        <ele>301.39</ele>
      </trkpt>
      <trkpt lat="42.930079" lon="2.767399">
        <ele>296.32</ele>
      </trkpt>
      <trkpt lat="42.930189" lon="2.766898">
        <ele>292.58</ele>
      </trkpt>
      <trkpt lat="42.930236" lon="2.766798">
        <ele>291.12</ele>
      </trkpt>
      <trkpt lat="42.930173" lon="2.766603">
        <ele>291.66</ele>
      </trkpt>
      <trkpt lat="42.930144" lon="2.766331">
        <ele>290.96</ele>
      </trkpt>
      <trkpt lat="42.93029" lon="2.765633">
        <ele>284.8</ele>
      </trkpt>
      <trkpt lat="42.930503" lon="2.76476">
        <ele>277.5</ele>
      </trkpt>
      <trkpt lat="42.930629" lon="2.764073">
        <ele>274.38</ele>
      </trkpt>
      <trkpt lat="42.930641" lon="2.763838">
        <ele>273.65</ele>
      </trkpt>
      <trkpt lat="42.930598" lon="2.76358">
        <ele>272.01</ele>
      </trkpt>
      <trkpt lat="42.930499" lon="2.763212">
        <ele>268.71</ele>
      </trkpt>
      <trkpt lat="42.930421" lon="2.763044">
        <ele>267.27</ele>
      </trkpt>
      <trkpt lat="42.930221" lon="2.762807">
        <ele>267.17</ele>
      </trkpt>
      <trkpt lat="42.930179" lon="2.762727">
        <ele>267.26</ele>
      </trkpt>
      <trkpt lat="42.93005" lon="2.76241">
        <ele>267.72</ele>
      </trkpt>
      <trkpt lat="42.929966" lon="2.762266">
        <ele>268.42</ele>
      </trkpt>
      <trkpt lat="42.929865" lon="2.76214">
        <ele>269.49</ele>
      </trkpt>
      <trkpt lat="42.929814" lon="2.762046">
        <ele>270.21</ele>
      </trkpt>
      <trkpt lat="42.929813" lon="2.761986">
        <ele>270.31</ele>
      </trkpt>
      <trkpt lat="42.929828" lon="2.761929">
        <ele>270.2</ele>
      </trkpt>
      <trkpt lat="42.929997" lon="2.761653">
        <ele>268.1</ele>
      </trkpt>
      <trkpt lat="42.930064" lon="2.761487">
        <ele>267.11</ele>
      </trkpt>
      <trkpt lat="42.930069" lon="2.761353">
        <ele>267.04</ele>
      </trkpt>
      <trkpt lat="42.930031" lon="2.761339">
        <ele>267.68</ele>
      </trkpt>
      <trkpt lat="42.929991" lon="2.761268">
        <ele>268.31</ele>
      </trkpt>
      <trkpt lat="42.9299" lon="2.760949">
        <ele>269.17</ele>
      </trkpt>
      <trkpt lat="42.929811" lon="2.760794">
        <ele>270.28</ele>
      </trkpt>
      <trkpt lat="42.929476" lon="2.760306">
        <ele>274.58</ele>
      </trkpt>
      <trkpt lat="42.929411" lon="2.760262">
        <ele>275.73</ele>
      </trkpt>
      <trkpt lat="42.929371" lon="2.760269">
        <ele>276.91</ele>
      </trkpt>
      <trkpt lat="42.929334" lon="2.760313">
        <ele>278.48</ele>
      </trkpt>
      <trkpt lat="42.929326" lon="2.760397">
        <ele>279.84</ele>
      </trkpt>
      <trkpt lat="42.929463" lon="2.761068">
        <ele>279.04</ele>
      </trkpt>
      <trkpt lat="42.929458" lon="2.761145">
        <ele>279.43</ele>
      </trkpt>
      <trkpt lat="42.929421" lon="2.761202">
        <ele>280.7</ele>
      </trkpt>
      <trkpt lat="42.929369" lon="2.761211">
        <ele>282.28</ele>
      </trkpt>
      <trkpt lat="42.929316" lon="2.761173">
        <ele>283.7</ele>
      </trkpt>
      <trkpt lat="42.929266" lon="2.761077">
        <ele>284.79</ele>
      </trkpt>
      <trkpt lat="42.929092" lon="2.76063">
        <ele>287.68</ele>
      </trkpt>
      <trkpt lat="42.92905" lon="2.760598">
        <ele>288.65</ele>
      </trkpt>
      <trkpt lat="42.92901" lon="2.760616">
        <ele>289.83</ele>
      </trkpt>
      <trkpt lat="42.928995" lon="2.760678">
        <ele>290.56</ele>
      </trkpt>
      <trkpt lat="42.92899" lon="2.76084">
        <ele>291.55</ele>
      </trkpt>
      <trkpt lat="42.928962" lon="2.760935">
        <ele>292.86</ele>
      </trkpt>
      <trkpt lat="42.928918" lon="2.760972">
        <ele>294.3</ele>
      </trkpt>
      <trkpt lat="42.928852" lon="2.760954">
        <ele>296.1</ele>
      </trkpt>
      <trkpt lat="42.928793" lon="2.76089">
        <ele>297.41</ele>
      </trkpt>
      <trkpt lat="42.928761" lon="2.760812">
        <ele>297.89</ele>
      </trkpt>
      <trkpt lat="42.92868" lon="2.760399">
        <ele>297.57</ele>
      </trkpt>
      <trkpt lat="42.928624" lon="2.760187">
        <ele>296.87</ele>
      </trkpt>
      <trkpt lat="42.928489" lon="2.759859">
        <ele>297.62</ele>
      </trkpt>
      <trkpt lat="42.928376" lon="2.759649">
        <ele>299.2</ele>
      </trkpt>
      <trkpt lat="42.928284" lon="2.759539">
        <ele>301.28</ele>
      </trkpt>
      <trkpt lat="42.928103" lon="2.759398">
        <ele>306.49</ele>
      </trkpt>
      <trkpt lat="42.928023" lon="2.7593">
        <ele>308.74</ele>
      </trkpt>
      <trkpt lat="42.927931" lon="2.759136">
        <ele>310.84</ele>
      </trkpt>
      <trkpt lat="42.927865" lon="2.758962">
        <ele>311.81</ele>
      </trkpt>
      <trkpt lat="42.927731" lon="2.758352">
        <ele>308.23</ele>
      </trkpt>
      <trkpt lat="42.927689" lon="2.758203">
        <ele>307.16</ele>
      </trkpt>
      <trkpt lat="42.927617" lon="2.758096">
        <ele>307.42</ele>
      </trkpt>
      <trkpt lat="42.927315" lon="2.757692">
        <ele>306.53</ele>
      </trkpt>
      <trkpt lat="42.927228" lon="2.757635">
        <ele>307.35</ele>
      </trkpt>
      <trkpt lat="42.926769" lon="2.757478">
        <ele>314.38</ele>
      </trkpt>
      <trkpt lat="42.926682" lon="2.757448">
        <ele>315.71</ele>
      </trkpt>
      <trkpt lat="42.926565" lon="2.757384">
        <ele>316.84</ele>
      </trkpt>
      <trkpt lat="42.926447" lon="2.757275">
        <ele>316.85</ele>
      </trkpt>
      <trkpt lat="42.926221" lon="2.757035">
        <ele>316.5</ele>
      </trkpt>
      <trkpt lat="42.926141" lon="2.756967">
        <ele>316.94</ele>
      </trkpt>
      <trkpt lat="42.926053" lon="2.756916">
        <ele>317.92</ele>
      </trkpt>
      <trkpt lat="42.925147" lon="2.756522">
        <ele>327.51</ele>
      </trkpt>
      <trkpt lat="42.925079" lon="2.756465">
        <ele>327.39</ele>
      </trkpt>
      <trkpt lat="42.92499" lon="2.756312">
        <ele>325.4</ele>
      </trkpt>
      <trkpt lat="42.92494" lon="2.756248">
        <ele>324.74</ele>
      </trkpt>
      <trkpt lat="42.924852" lon="2.756182">
        <ele>324.69</ele>
      </trkpt>
      <trkpt lat="42.924302" lon="2.755888">
        <ele>324.39</ele>
      </trkpt>
      <trkpt lat="42.924189" lon="2.755865">
        <ele>324.96</ele>
      </trkpt>
      <trkpt lat="42.924025" lon="2.755858">
        <ele>326.45</ele>
      </trkpt>
      <trkpt lat="42.923734" lon="2.75589">
        <ele>329.79</ele>
      </trkpt>
      <trkpt lat="42.923467" lon="2.7559">
        <ele>331.37</ele>
      </trkpt>
      <trkpt lat="42.923205" lon="2.755863">
        <ele>331.58</ele>
      </trkpt>
      <trkpt lat="42.923095" lon="2.755886">
        <ele>332.76</ele>
      </trkpt>
      <trkpt lat="42.923035" lon="2.755876">
        <ele>332.79</ele>
      </trkpt>
      <trkpt lat="42.922831" lon="2.755774">
        <ele>329.8</ele>
      </trkpt>
      <trkpt lat="42.922707" lon="2.755749">
        <ele>328.88</ele>
      </trkpt>
      <trkpt lat="42.922221" lon="2.755751">
        <ele>328.16</ele>
      </trkpt>
      <trkpt lat="42.922068" lon="2.755735">
        <ele>327.13</ele>
      </trkpt>
      <trkpt lat="42.922006" lon="2.755742">
        <ele>326.96</ele>
      </trkpt>
      <trkpt lat="42.921922" lon="2.755767">
        <ele>327.14</ele>
      </trkpt>
      <trkpt lat="42.921754" lon="2.755885">
        <ele>329.08</ele>
      </trkpt>
      <trkpt lat="42.921488" lon="2.756029">
        <ele>330.6</ele>
      </trkpt>
      <trkpt lat="42.921351" lon="2.756126">
        <ele>331.66</ele>
      </trkpt>
      <trkpt lat="42.921044" lon="2.756405">
        <ele>334.25</ele>
      </trkpt>
      <trkpt lat="42.920889" lon="2.756318">
        <ele>331.66</ele>
      </trkpt>
      <trkpt lat="42.920769" lon="2.756158">
        <ele>328.31</ele>
      </trkpt>
      <trkpt lat="42.920679" lon="2.756126">
        <ele>327.24</ele>
      </trkpt>
      <trkpt lat="42.920571" lon="2.755991">
        <ele>324.79</ele>
      </trkpt>
      <trkpt lat="42.920519" lon="2.755997">
        <ele>324.62</ele>
      </trkpt>
      <trkpt lat="42.920453" lon="2.756055">
        <ele>324.55</ele>
      </trkpt>
      <trkpt lat="42.920416" lon="2.756049">
        <ele>323.81</ele>
      </trkpt>
      <trkpt lat="42.920395" lon="2.75591">
        <ele>321.98</ele>
      </trkpt>
      <trkpt lat="42.920258" lon="2.755875">
        <ele>319.56</ele>
      </trkpt>
      <trkpt lat="42.920218" lon="2.755837">
        <ele>318.67</ele>
      </trkpt>
      <trkpt lat="42.920162" lon="2.755846">
        <ele>317.92</ele>
      </trkpt>
      <trkpt lat="42.920117" lon="2.755801">
        <ele>317</ele>
      </trkpt>
      <trkpt lat="42.920117" lon="2.755718">
        <ele>316.48</ele>
      </trkpt>
      <trkpt lat="42.92003" lon="2.75565">
        <ele>315.07</ele>
      </trkpt>
      <trkpt lat="42.91999" lon="2.755491">
        <ele>313.96</ele>
      </trkpt>
      <trkpt lat="42.919942" lon="2.755606">
        <ele>313.92</ele>
      </trkpt>
      <trkpt lat="42.919924" lon="2.755855">
        <ele>314.49</ele>
      </trkpt>
      <trkpt lat="42.919912" lon="2.756192">
        <ele>315.29</ele>
      </trkpt>
      <trkpt lat="42.919867" lon="2.756446">
        <ele>316.26</ele>
      </trkpt>
      <trkpt lat="42.919841" lon="2.756593">
        <ele>316.82</ele>
      </trkpt>
      <trkpt lat="42.919838" lon="2.756722">
        <ele>317.93</ele>
      </trkpt>
      <trkpt lat="42.919791" lon="2.757062">
        <ele>320.37</ele>
      </trkpt>
      <trkpt lat="42.91978" lon="2.757255">
        <ele>322.71</ele>
      </trkpt>
      <trkpt lat="42.919808" lon="2.757448">
        <ele>325.89</ele>
      </trkpt>
      <trkpt lat="42.919778" lon="2.757576">
        <ele>327.4</ele>
      </trkpt>
      <trkpt lat="42.919701" lon="2.757603">
        <ele>326.96</ele>
      </trkpt>
      <trkpt lat="42.919605" lon="2.757516">
        <ele>326.25</ele>
      </trkpt>
      <trkpt lat="42.919412" lon="2.756949">
        <ele>322.01</ele>
      </trkpt>
      <trkpt lat="42.919266" lon="2.756812">
        <ele>322.46</ele>
      </trkpt>
      <trkpt lat="42.919133" lon="2.756526">
        <ele>318.72</ele>
      </trkpt>
      <trkpt lat="42.91908" lon="2.756329">
        <ele>314.94</ele>
      </trkpt>
      <trkpt lat="42.918995" lon="2.756149">
        <ele>312.59</ele>
      </trkpt>
      <trkpt lat="42.91878" lon="2.755886">
        <ele>308</ele>
      </trkpt>
      <trkpt lat="42.91866" lon="2.755704">
        <ele>303.78</ele>
      </trkpt>
      <trkpt lat="42.918199" lon="2.755409">
        <ele>295.62</ele>
      </trkpt>
      <trkpt lat="42.918052" lon="2.755355">
        <ele>294.53</ele>
      </trkpt>
      <trkpt lat="42.917922" lon="2.75533">
        <ele>293.28</ele>
      </trkpt>
      <trkpt lat="42.917866" lon="2.755335">
        <ele>292.62</ele>
      </trkpt>
      <trkpt lat="42.917227" lon="2.755395">
        <ele>285.16</ele>
      </trkpt>
      <trkpt lat="42.916834" lon="2.755504">
        <ele>281.65</ele>
      </trkpt>
      <trkpt lat="42.916577" lon="2.755709">
        <ele>281.5</ele>
      </trkpt>
      <trkpt lat="42.916402" lon="2.755795">
        <ele>280.01</ele>
      </trkpt>
      <trkpt lat="42.916141" lon="2.75597">
        <ele>278.35</ele>
      </trkpt>
      <trkpt lat="42.915866" lon="2.755981">
        <ele>275.42</ele>
      </trkpt>
      <trkpt lat="42.91554" lon="2.756095">
        <ele>272.16</ele>
      </trkpt>
      <trkpt lat="42.915088" lon="2.756186">
        <ele>269.52</ele>
      </trkpt>
      <trkpt lat="42.915017" lon="2.756212">
        <ele>269.29</ele>
      </trkpt>
      <trkpt lat="42.914667" lon="2.75628">
        <ele>267.96</ele>
      </trkpt>
      <trkpt lat="42.91435" lon="2.756108">
        <ele>262.54</ele>
      </trkpt>
      <trkpt lat="42.913958" lon="2.755943">
        <ele>256.24</ele>
      </trkpt>
      <trkpt lat="42.913767" lon="2.755926">
        <ele>253.64</ele>
      </trkpt>
      <trkpt lat="42.913554" lon="2.755953">
        <ele>250.73</ele>
      </trkpt>
      <trkpt lat="42.913275" lon="2.755989">
        <ele>246.93</ele>
      </trkpt>
      <trkpt lat="42.913115" lon="2.756086">
        <ele>244.52</ele>
      </trkpt>
      <trkpt lat="42.913048" lon="2.756179">
        <ele>243.32</ele>
      </trkpt>
      <trkpt lat="42.912964" lon="2.756168">
        <ele>242.35</ele>
      </trkpt>
      <trkpt lat="42.912915" lon="2.756209">
        <ele>242.43</ele>
      </trkpt>
      <trkpt lat="42.912905" lon="2.756242">
        <ele>242.43</ele>
      </trkpt>
      <trkpt lat="42.912902" lon="2.756367">
        <ele>242.96</ele>
      </trkpt>
      <trkpt lat="42.912929" lon="2.756703">
        <ele>245.17</ele>
      </trkpt>
      <trkpt lat="42.913019" lon="2.756885">
        <ele>246.26</ele>
      </trkpt>
      <trkpt lat="42.913072" lon="2.757117">
        <ele>248.9</ele>
      </trkpt>
      <trkpt lat="42.913149" lon="2.757555">
        <ele>252.8</ele>
      </trkpt>
      <trkpt lat="42.913313" lon="2.757967">
        <ele>256.64</ele>
      </trkpt>
      <trkpt lat="42.913338" lon="2.758031">
        <ele>257.23</ele>
      </trkpt>
      <trkpt lat="42.913481" lon="2.75823">
        <ele>258.9</ele>
      </trkpt>
      <trkpt lat="42.913628" lon="2.758475">
        <ele>258.92</ele>
      </trkpt>
      <trkpt lat="42.913534" lon="2.758516">
        <ele>259.25</ele>
      </trkpt>
      <trkpt lat="42.913076" lon="2.758135">
        <ele>256.27</ele>
      </trkpt>
      <trkpt lat="42.912823" lon="2.7579">
        <ele>256.6</ele>
      </trkpt>
      <trkpt lat="42.912739" lon="2.757698">
        <ele>256.95</ele>
      </trkpt>
      <trkpt lat="42.91248" lon="2.756835">
        <ele>252.82</ele>
      </trkpt>
      <trkpt lat="42.912358" lon="2.756493">
        <ele>248.28</ele>
      </trkpt>
      <trkpt lat="42.912313" lon="2.756367">
        <ele>246.61</ele>
      </trkpt>
      <trkpt lat="42.91209" lon="2.756045">
        <ele>243.8</ele>
      </trkpt>
      <trkpt lat="42.911591" lon="2.75575">
        <ele>249.77</ele>
      </trkpt>
      <trkpt lat="42.911269" lon="2.7555">
        <ele>252.96</ele>
      </trkpt>
      <trkpt lat="42.910826" lon="2.754891">
        <ele>253.48</ele>
      </trkpt>
      <trkpt lat="42.91077" lon="2.754873">
        <ele>254.06</ele>
      </trkpt>
      <trkpt lat="42.91058" lon="2.754964">
        <ele>254.55</ele>
      </trkpt>
      <trkpt lat="42.910504" lon="2.755041">
        <ele>253.94</ele>
      </trkpt>
      <trkpt lat="42.910414" lon="2.755295">
        <ele>249.25</ele>
      </trkpt>
      <trkpt lat="42.910381" lon="2.755363">
        <ele>248.04</ele>
      </trkpt>
      <trkpt lat="42.91025" lon="2.755632">
        <ele>243.21</ele>
      </trkpt>
      <trkpt lat="42.910118" lon="2.755981">
        <ele>239.06</ele>
      </trkpt>
      <trkpt lat="42.910052" lon="2.756081">
        <ele>237.54</ele>
      </trkpt>
      <trkpt lat="42.909999" lon="2.756218">
        <ele>236.02</ele>
      </trkpt>
      <trkpt lat="42.909869" lon="2.756396">
        <ele>234.03</ele>
      </trkpt>
      <trkpt lat="42.909765" lon="2.756626">
        <ele>232.95</ele>
      </trkpt>
      <trkpt lat="42.909605" lon="2.756626">
        <ele>230.94</ele>
      </trkpt>
      <trkpt lat="42.909436" lon="2.756693">
        <ele>229.51</ele>
      </trkpt>
      <trkpt lat="42.909356" lon="2.756687">
        <ele>228.74</ele>
      </trkpt>
      <trkpt lat="42.909302" lon="2.756697">
        <ele>228.29</ele>
      </trkpt>
      <trkpt lat="42.909274" lon="2.756799">
        <ele>228.54</ele>
      </trkpt>
      <trkpt lat="42.909224" lon="2.757086">
        <ele>229.72</ele>
      </trkpt>
      <trkpt lat="42.909196" lon="2.757395">
        <ele>228.52</ele>
      </trkpt>
      <trkpt lat="42.909123" lon="2.757698">
        <ele>226.72</ele>
      </trkpt>
      <trkpt lat="42.909072" lon="2.757793">
        <ele>226.02</ele>
      </trkpt>
      <trkpt lat="42.908893" lon="2.757953">
        <ele>224.39</ele>
      </trkpt>
      <trkpt lat="42.908801" lon="2.758185">
        <ele>220.78</ele>
      </trkpt>
      <trkpt lat="42.908763" lon="2.758189">
        <ele>220.19</ele>
      </trkpt>
      <trkpt lat="42.908351" lon="2.758782">
        <ele>209.72</ele>
      </trkpt>
      <trkpt lat="42.908351" lon="2.758986">
        <ele>209.2</ele>
      </trkpt>
      <trkpt lat="42.908316" lon="2.759033">
        <ele>208.92</ele>
      </trkpt>
      <trkpt lat="42.907957" lon="2.759517">
        <ele>206.03</ele>
      </trkpt>
      <trkpt lat="42.907946" lon="2.759579">
        <ele>205.91</ele>
      </trkpt>
      <trkpt lat="42.907611" lon="2.759818">
        <ele>205.32</ele>
      </trkpt>
      <trkpt lat="42.90722" lon="2.759025">
        <ele>203.35</ele>
      </trkpt>
      <trkpt lat="42.907129" lon="2.758847">
        <ele>203.03</ele>
      </trkpt>
      <trkpt lat="42.906923" lon="2.758482">
        <ele>202.8</ele>
      </trkpt>
      <trkpt lat="42.906068" lon="2.757158">
        <ele>198.9</ele>
      </trkpt>
      <trkpt lat="42.905331" lon="2.756008">
        <ele>196.3</ele>
      </trkpt>
      <trkpt lat="42.904993" lon="2.755415">
        <ele>196.19</ele>
      </trkpt>
      <trkpt lat="42.904927" lon="2.755257">
        <ele>195.86</ele>
      </trkpt>
      <trkpt lat="42.904887" lon="2.755095">
        <ele>195.37</ele>
      </trkpt>
      <trkpt lat="42.904685" lon="2.754028">
        <ele>191.8</ele>
      </trkpt>
      <trkpt lat="42.904608" lon="2.753583">
        <ele>190.5</ele>
      </trkpt>
      <trkpt lat="42.904563" lon="2.753441">
        <ele>190.33</ele>
      </trkpt>
      <trkpt lat="42.904504" lon="2.753318">
        <ele>190.4</ele>
      </trkpt>
      <trkpt lat="42.904424" lon="2.753208">
        <ele>190.75</ele>
      </trkpt>
      <trkpt lat="42.903977" lon="2.752763">
        <ele>193.47</ele>
      </trkpt>
      <trkpt lat="42.903878" lon="2.752647">
        <ele>193.66</ele>
      </trkpt>
      <trkpt lat="42.903807" lon="2.752544">
        <ele>193.81</ele>
      </trkpt>
      <trkpt lat="42.903668" lon="2.75217">
        <ele>196.06</ele>
      </trkpt>
      <trkpt lat="42.903557" lon="2.751738">
        <ele>198.26</ele>
      </trkpt>
      <trkpt lat="42.903424" lon="2.750976">
        <ele>200.76</ele>
      </trkpt>
      <trkpt lat="42.903219" lon="2.74947">
        <ele>196.96</ele>
      </trkpt>
      <trkpt lat="42.903155" lon="2.749173">
        <ele>195.78</ele>
      </trkpt>
      <trkpt lat="42.903088" lon="2.748799">
        <ele>194.58</ele>
      </trkpt>
      <trkpt lat="42.90307" lon="2.748699">
        <ele>194.26</ele>
      </trkpt>
      <trkpt lat="42.902982" lon="2.748357">
        <ele>196.59</ele>
      </trkpt>
      <trkpt lat="42.902956" lon="2.748209">
        <ele>197.58</ele>
      </trkpt>
      <trkpt lat="42.902966" lon="2.748041">
        <ele>197.99</ele>
      </trkpt>
      <trkpt lat="42.903049" lon="2.747635">
        <ele>196.38</ele>
      </trkpt>
      <trkpt lat="42.903046" lon="2.747557">
        <ele>196.28</ele>
      </trkpt>
      <trkpt lat="42.902968" lon="2.746822">
        <ele>193.11</ele>
      </trkpt>
      <trkpt lat="42.902914" lon="2.746525">
        <ele>190.14</ele>
      </trkpt>
      <trkpt lat="42.902862" lon="2.746341">
        <ele>188.09</ele>
      </trkpt>
      <trkpt lat="42.902805" lon="2.746219">
        <ele>187.55</ele>
      </trkpt>
      <trkpt lat="42.902541" lon="2.745851">
        <ele>187.74</ele>
      </trkpt>
      <trkpt lat="42.90237" lon="2.74569">
        <ele>187.77</ele>
      </trkpt>
      <trkpt lat="42.902212" lon="2.745593">
        <ele>187.67</ele>
      </trkpt>
      <trkpt lat="42.902068" lon="2.745544">
        <ele>187.08</ele>
      </trkpt>
      <trkpt lat="42.901936" lon="2.745525">
        <ele>186.12</ele>
      </trkpt>
      <trkpt lat="42.901624" lon="2.745535">
        <ele>183.77</ele>
      </trkpt>
      <trkpt lat="42.901534" lon="2.745515">
        <ele>183.02</ele>
      </trkpt>
      <trkpt lat="42.90135" lon="2.745393">
        <ele>182.22</ele>
      </trkpt>
      <trkpt lat="42.901291" lon="2.745373">
        <ele>182.05</ele>
      </trkpt>
      <trkpt lat="42.900872" lon="2.745309">
        <ele>179.92</ele>
      </trkpt>
      <trkpt lat="42.900655" lon="2.745261">
        <ele>178.59</ele>
      </trkpt>
      <trkpt lat="42.900393" lon="2.745154">
        <ele>177</ele>
      </trkpt>
      <trkpt lat="42.900298" lon="2.745103">
        <ele>176.66</ele>
      </trkpt>
      <trkpt lat="42.900213" lon="2.745025">
        <ele>176.38</ele>
      </trkpt>
      <trkpt lat="42.900109" lon="2.744903">
        <ele>176.02</ele>
      </trkpt>
      <trkpt lat="42.90003" lon="2.745237">
        <ele>175.49</ele>
      </trkpt>
      <trkpt lat="42.900002" lon="2.745267">
        <ele>175.36</ele>
      </trkpt>
      <trkpt lat="42.899962" lon="2.745279">
        <ele>175.2</ele>
      </trkpt>
      <trkpt lat="42.899925" lon="2.745263">
        <ele>175.07</ele>
      </trkpt>
      <trkpt lat="42.899835" lon="2.745162">
        <ele>174.74</ele>
      </trkpt>
      <trkpt lat="42.899703" lon="2.745073">
        <ele>174.22</ele>
      </trkpt>
      <trkpt lat="42.89937" lon="2.744925">
        <ele>173.24</ele>
      </trkpt>
      <trkpt lat="42.899304" lon="2.744909">
        <ele>173.04</ele>
      </trkpt>
      <trkpt lat="42.899218" lon="2.744914">
        <ele>172.81</ele>
      </trkpt>
      <trkpt lat="42.898999" lon="2.744964">
        <ele>172.29</ele>
      </trkpt>
      <trkpt lat="42.898903" lon="2.744968">
        <ele>172.05</ele>
      </trkpt>
      <trkpt lat="42.898513" lon="2.744918">
        <ele>171.6</ele>
      </trkpt>
      <trkpt lat="42.898333" lon="2.744934">
        <ele>171.59</ele>
      </trkpt>
      <trkpt lat="42.898296" lon="2.744923">
        <ele>171.54</ele>
      </trkpt>
      <trkpt lat="42.898249" lon="2.744877">
        <ele>171.34</ele>
      </trkpt>
      <trkpt lat="42.898075" lon="2.744615">
        <ele>170.83</ele>
      </trkpt>
      <trkpt lat="42.897807" lon="2.744211">
        <ele>170.04</ele>
      </trkpt>
      <trkpt lat="42.89777" lon="2.744191">
        <ele>170.11</ele>
      </trkpt>
      <trkpt lat="42.89773" lon="2.744197">
        <ele>170.24</ele>
      </trkpt>
      <trkpt lat="42.897685" lon="2.744238">
        <ele>170.45</ele>
      </trkpt>
      <trkpt lat="42.897337" lon="2.744727">
        <ele>172.82</ele>
      </trkpt>
      <trkpt lat="42.897178" lon="2.744907">
        <ele>174.25</ele>
      </trkpt>
      <trkpt lat="42.897155" lon="2.744955">
        <ele>174.57</ele>
      </trkpt>
      <trkpt lat="42.897152" lon="2.745023">
        <ele>174.91</ele>
      </trkpt>
      <trkpt lat="42.897197" lon="2.745336">
        <ele>176.24</ele>
      </trkpt>
      <trkpt lat="42.897213" lon="2.745602">
        <ele>177.31</ele>
      </trkpt>
      <trkpt lat="42.897207" lon="2.745794">
        <ele>178.03</ele>
      </trkpt>
      <trkpt lat="42.897183" lon="2.745915">
        <ele>178.55</ele>
      </trkpt>
      <trkpt lat="42.897026" lon="2.746291">
        <ele>182.52</ele>
      </trkpt>
      <trkpt lat="42.897008" lon="2.746358">
        <ele>183.3</ele>
      </trkpt>
      <trkpt lat="42.896735" lon="2.746585">
        <ele>191.1</ele>
      </trkpt>
      <trkpt lat="42.896681" lon="2.746731">
        <ele>193.74</ele>
      </trkpt>
      <trkpt lat="42.896623" lon="2.74702">
        <ele>198.15</ele>
      </trkpt>
      <trkpt lat="42.896606" lon="2.747104">
        <ele>199.43</ele>
      </trkpt>
      <trkpt lat="42.896468" lon="2.747426">
        <ele>205.59</ele>
      </trkpt>
      <trkpt lat="42.896217" lon="2.747655">
        <ele>215.54</ele>
      </trkpt>
      <trkpt lat="42.896146" lon="2.747811">
        <ele>219.8</ele>
      </trkpt>
      <trkpt lat="42.896016" lon="2.748255">
        <ele>226.65</ele>
      </trkpt>
      <trkpt lat="42.895967" lon="2.748577">
        <ele>228.51</ele>
      </trkpt>
      <trkpt lat="42.895932" lon="2.748635">
        <ele>230.1</ele>
      </trkpt>
      <trkpt lat="42.895677" lon="2.748667">
        <ele>241.87</ele>
      </trkpt>
      <trkpt lat="42.895603" lon="2.748768">
        <ele>245.35</ele>
      </trkpt>
      <trkpt lat="42.895375" lon="2.749028">
        <ele>250.31</ele>
      </trkpt>
      <trkpt lat="42.895063" lon="2.749271">
        <ele>256.24</ele>
      </trkpt>
      <trkpt lat="42.894832" lon="2.749514">
        <ele>258.64</ele>
      </trkpt>
      <trkpt lat="42.894614" lon="2.749656">
        <ele>261.69</ele>
      </trkpt>
      <trkpt lat="42.894412" lon="2.749715">
        <ele>263.61</ele>
      </trkpt>
      <trkpt lat="42.894017" lon="2.749683">
        <ele>271.46</ele>
      </trkpt>
      <trkpt lat="42.89394" lon="2.749619">
        <ele>274.01</ele>
      </trkpt>
      <trkpt lat="42.893302" lon="2.749495">
        <ele>273.16</ele>
      </trkpt>
      <trkpt lat="42.893159" lon="2.749437">
        <ele>271.71</ele>
      </trkpt>
      <trkpt lat="42.892895" lon="2.749328">
        <ele>269.06</ele>
      </trkpt>
      <trkpt lat="42.892824" lon="2.74933">
        <ele>268.94</ele>
      </trkpt>
      <trkpt lat="42.892695" lon="2.749408">
        <ele>269.49</ele>
      </trkpt>
      <trkpt lat="42.892474" lon="2.749281">
        <ele>267.63</ele>
      </trkpt>
      <trkpt lat="42.892093" lon="2.748982">
        <ele>261.53</ele>
      </trkpt>
      <trkpt lat="42.891917" lon="2.748915">
        <ele>260.88</ele>
      </trkpt>
      <trkpt lat="42.891494" lon="2.748726">
        <ele>261.93</ele>
      </trkpt>
      <trkpt lat="42.89138" lon="2.748633">
        <ele>264.08</ele>
      </trkpt>
      <trkpt lat="42.891353" lon="2.748564">
        <ele>265.42</ele>
      </trkpt>
      <trkpt lat="42.89135" lon="2.748429">
        <ele>267.6</ele>
      </trkpt>
      <trkpt lat="42.891404" lon="2.748232">
        <ele>269.69</ele>
      </trkpt>
      <trkpt lat="42.891593" lon="2.748135">
        <ele>266.98</ele>
      </trkpt>
      <trkpt lat="42.89164" lon="2.748085">
        <ele>266.37</ele>
      </trkpt>
      <trkpt lat="42.891671" lon="2.748036">
        <ele>266.02</ele>
      </trkpt>
      <trkpt lat="42.891727" lon="2.747895">
        <ele>264.49</ele>
      </trkpt>
      <trkpt lat="42.89175" lon="2.747778">
        <ele>262.66</ele>
      </trkpt>
      <trkpt lat="42.891795" lon="2.74744">
        <ele>257.73</ele>
      </trkpt>
      <trkpt lat="42.891797" lon="2.747365">
        <ele>256.85</ele>
      </trkpt>
      <trkpt lat="42.891742" lon="2.746837">
        <ele>248.44</ele>
      </trkpt>
      <trkpt lat="42.891748" lon="2.746794">
        <ele>247.12</ele>
      </trkpt>
      <trkpt lat="42.891768" lon="2.746768">
        <ele>245.89</ele>
      </trkpt>
      <trkpt lat="42.891801" lon="2.746746">
        <ele>244.36</ele>
      </trkpt>
      <trkpt lat="42.89189" lon="2.746716">
        <ele>241.18</ele>
      </trkpt>
      <trkpt lat="42.891936" lon="2.746669">
        <ele>238.86</ele>
      </trkpt>
      <trkpt lat="42.891953" lon="2.746614">
        <ele>237.14</ele>
      </trkpt>
      <trkpt lat="42.891963" lon="2.74652">
        <ele>234.76</ele>
      </trkpt>
      <trkpt lat="42.89196" lon="2.746456">
        <ele>233.38</ele>
      </trkpt>
      <trkpt lat="42.891882" lon="2.7464">
        <ele>233.74</ele>
      </trkpt>
      <trkpt lat="42.891842" lon="2.746329">
        <ele>232.82</ele>
      </trkpt>
      <trkpt lat="42.891807" lon="2.746314">
        <ele>233.15</ele>
      </trkpt>
      <trkpt lat="42.891787" lon="2.746234">
        <ele>231.84</ele>
      </trkpt>
      <trkpt lat="42.891799" lon="2.746089">
        <ele>228.83</ele>
      </trkpt>
      <trkpt lat="42.891887" lon="2.745757">
        <ele>221.56</ele>
      </trkpt>
      <trkpt lat="42.891893" lon="2.745678">
        <ele>220.13</ele>
      </trkpt>
      <trkpt lat="42.891904" lon="2.745531">
        <ele>217.45</ele>
      </trkpt>
      <trkpt lat="42.891892" lon="2.745399">
        <ele>215.49</ele>
      </trkpt>
      <trkpt lat="42.891864" lon="2.745293">
        <ele>214.25</ele>
      </trkpt>
      <trkpt lat="42.891757" lon="2.745033">
        <ele>211.1</ele>
      </trkpt>
      <trkpt lat="42.891675" lon="2.744657">
        <ele>205.9</ele>
      </trkpt>
      <trkpt lat="42.89162" lon="2.744403">
        <ele>201.84</ele>
      </trkpt>
      <trkpt lat="42.891601" lon="2.744003">
        <ele>195.42</ele>
      </trkpt>
      <trkpt lat="42.891522" lon="2.744">
        <ele>195.13</ele>
      </trkpt>
      <trkpt lat="42.891464" lon="2.743979">
        <ele>194.62</ele>
      </trkpt>
      <trkpt lat="42.891449" lon="2.743909">
        <ele>193.43</ele>
      </trkpt>
      <trkpt lat="42.89147" lon="2.743771">
        <ele>191.32</ele>
      </trkpt>
      <trkpt lat="42.891514" lon="2.743618">
        <ele>189.68</ele>
      </trkpt>
      <trkpt lat="42.891521" lon="2.743478">
        <ele>188.08</ele>
      </trkpt>
      <trkpt lat="42.89149" lon="2.743255">
        <ele>185.23</ele>
      </trkpt>
      <trkpt lat="42.89136" lon="2.742972">
        <ele>180.61</ele>
      </trkpt>
      <trkpt lat="42.891295" lon="2.742858">
        <ele>179.7</ele>
      </trkpt>
      <trkpt lat="42.891238" lon="2.742792">
        <ele>179.61</ele>
      </trkpt>
      <trkpt lat="42.891181" lon="2.74276">
        <ele>179.62</ele>
      </trkpt>
      <trkpt lat="42.89113" lon="2.742713">
        <ele>179.53</ele>
      </trkpt>
      <trkpt lat="42.891095" lon="2.742623">
        <ele>179.17</ele>
      </trkpt>
      <trkpt lat="42.891088" lon="2.742555">
        <ele>178.84</ele>
      </trkpt>
      <trkpt lat="42.891094" lon="2.742482">
        <ele>178.48</ele>
      </trkpt>
      <trkpt lat="42.891126" lon="2.742402">
        <ele>178.08</ele>
      </trkpt>
      <trkpt lat="42.891194" lon="2.742307">
        <ele>177.64</ele>
      </trkpt>
      <trkpt lat="42.891218" lon="2.742245">
        <ele>177.39</ele>
      </trkpt>
      <trkpt lat="42.891225" lon="2.742164">
        <ele>177.06</ele>
      </trkpt>
      <trkpt lat="42.891214" lon="2.74207">
        <ele>176.69</ele>
      </trkpt>
      <trkpt lat="42.891177" lon="2.741887">
        <ele>176.03</ele>
      </trkpt>
      <trkpt lat="42.891157" lon="2.741664">
        <ele>175.26</ele>
      </trkpt>
      <trkpt lat="42.891129" lon="2.741489">
        <ele>174.66</ele>
      </trkpt>
      <trkpt lat="42.891009" lon="2.741073">
        <ele>172.63</ele>
      </trkpt>
      <trkpt lat="42.890988" lon="2.740938">
        <ele>171.8</ele>
      </trkpt>
      <trkpt lat="42.890986" lon="2.740711">
        <ele>170.38</ele>
      </trkpt>
      <trkpt lat="42.890966" lon="2.740529">
        <ele>169.28</ele>
      </trkpt>
      <trkpt lat="42.890965" lon="2.740377">
        <ele>168.4</ele>
      </trkpt>
      <trkpt lat="42.891015" lon="2.740101">
        <ele>166.74</ele>
      </trkpt>
      <trkpt lat="42.891024" lon="2.740003">
        <ele>166.17</ele>
      </trkpt>
      <trkpt lat="42.891017" lon="2.739898">
        <ele>165.6</ele>
      </trkpt>
      <trkpt lat="42.890988" lon="2.739812">
        <ele>165.22</ele>
      </trkpt>
      <trkpt lat="42.890936" lon="2.739752">
        <ele>165.06</ele>
      </trkpt>
      <trkpt lat="42.890833" lon="2.739683">
        <ele>165.05</ele>
      </trkpt>
      <trkpt lat="42.890802" lon="2.739623">
        <ele>164.85</ele>
      </trkpt>
      <trkpt lat="42.89079" lon="2.739557">
        <ele>164.63</ele>
      </trkpt>
      <trkpt lat="42.890795" lon="2.739469">
        <ele>164.27</ele>
      </trkpt>
      <trkpt lat="42.891049" lon="2.738373">
        <ele>160.05</ele>
      </trkpt>
      <trkpt lat="42.891166" lon="2.737799">
        <ele>158.32</ele>
      </trkpt>
      <trkpt lat="42.89118" lon="2.7377">
        <ele>158.02</ele>
      </trkpt>
      <trkpt lat="42.891179" lon="2.737614">
        <ele>157.74</ele>
      </trkpt>
      <trkpt lat="42.891146" lon="2.737546">
        <ele>157.52</ele>
      </trkpt>
      <trkpt lat="42.891098" lon="2.737511">
        <ele>157.41</ele>
      </trkpt>
      <trkpt lat="42.890815" lon="2.737483">
        <ele>157.38</ele>
      </trkpt>
      <trkpt lat="42.89076" lon="2.737453">
        <ele>157.33</ele>
      </trkpt>
      <trkpt lat="42.89072" lon="2.737384">
        <ele>157.21</ele>
      </trkpt>
      <trkpt lat="42.89072" lon="2.737263">
        <ele>156.98</ele>
      </trkpt>
      <trkpt lat="42.890851" lon="2.736384">
        <ele>155.18</ele>
      </trkpt>
      <trkpt lat="42.89085" lon="2.736297">
        <ele>155.01</ele>
      </trkpt>
      <trkpt lat="42.890825" lon="2.736236">
        <ele>154.97</ele>
      </trkpt>
      <trkpt lat="42.890085" lon="2.736054">
        <ele>155.21</ele>
      </trkpt>
      <trkpt lat="42.889777" lon="2.735931">
        <ele>155.12</ele>
      </trkpt>
      <trkpt lat="42.889549" lon="2.735852">
        <ele>154.71</ele>
      </trkpt>
      <trkpt lat="42.88867" lon="2.735692">
        <ele>152.52</ele>
      </trkpt>
      <trkpt lat="42.888152" lon="2.735515">
        <ele>152.08</ele>
      </trkpt>
      <trkpt lat="42.888005" lon="2.735528">
        <ele>152.09</ele>
      </trkpt>
      <trkpt lat="42.887106" lon="2.735302">
        <ele>150.78</ele>
      </trkpt>
      <trkpt lat="42.886642" lon="2.735215">
        <ele>149.61</ele>
      </trkpt>
      <trkpt lat="42.886282" lon="2.735204">
        <ele>148.65</ele>
      </trkpt>
      <trkpt lat="42.886152" lon="2.735189">
        <ele>148.42</ele>
      </trkpt>
      <trkpt lat="42.885856" lon="2.735095">
        <ele>147.78</ele>
      </trkpt>
      <trkpt lat="42.885723" lon="2.735065">
        <ele>147.49</ele>
      </trkpt>
      <trkpt lat="42.885566" lon="2.735004">
        <ele>147.07</ele>
      </trkpt>
      <trkpt lat="42.884759" lon="2.73483">
        <ele>145.85</ele>
      </trkpt>
      <trkpt lat="42.884639" lon="2.734796">
        <ele>145.78</ele>
      </trkpt>
      <trkpt lat="42.884568" lon="2.734761">
        <ele>145.75</ele>
      </trkpt>
      <trkpt lat="42.884682" lon="2.734124">
        <ele>146.6</ele>
      </trkpt>
      <trkpt lat="42.884764" lon="2.733617">
        <ele>147.56</ele>
      </trkpt>
      <trkpt lat="42.88477" lon="2.733467">
        <ele>148.05</ele>
      </trkpt>
      <trkpt lat="42.884749" lon="2.732884">
        <ele>149.7</ele>
      </trkpt>
      <trkpt lat="42.884695" lon="2.732975">
        <ele>149.81</ele>
      </trkpt>
      <trkpt lat="42.884749" lon="2.732884">
        <ele>149.7</ele>
      </trkpt>
      <trkpt lat="42.884716" lon="2.732042">
        <ele>148.89</ele>
      </trkpt>
      <trkpt lat="42.884681" lon="2.731631">
        <ele>147.86</ele>
      </trkpt>
      <trkpt lat="42.884561" lon="2.730843">
        <ele>147.42</ele>
      </trkpt>
      <trkpt lat="42.884547" lon="2.730601">
        <ele>147.63</ele>
      </trkpt>
      <trkpt lat="42.884556" lon="2.730404">
        <ele>147.67</ele>
      </trkpt>
      <trkpt lat="42.884593" lon="2.730243">
        <ele>147.38</ele>
      </trkpt>
      <trkpt lat="42.884934" lon="2.729268">
        <ele>146.69</ele>
      </trkpt>
      <trkpt lat="42.884997" lon="2.729059">
        <ele>146.84</ele>
      </trkpt>
      <trkpt lat="42.885076" lon="2.7287">
        <ele>146.97</ele>
      </trkpt>
      <trkpt lat="42.885125" lon="2.728571">
        <ele>147</ele>
      </trkpt>
      <trkpt lat="42.885259" lon="2.728351">
        <ele>147.08</ele>
      </trkpt>
      <trkpt lat="42.885331" lon="2.728214">
        <ele>147.08</ele>
      </trkpt>
      <trkpt lat="42.88555" lon="2.727667">
        <ele>146.45</ele>
      </trkpt>
      <trkpt lat="42.885628" lon="2.727517">
        <ele>146.31</ele>
      </trkpt>
      <trkpt lat="42.885727" lon="2.727383">
        <ele>146.33</ele>
      </trkpt>
      <trkpt lat="42.88597" lon="2.727117">
        <ele>146.76</ele>
      </trkpt>
      <trkpt lat="42.88634" lon="2.726603">
        <ele>148.11</ele>
      </trkpt>
      <trkpt lat="42.886563" lon="2.726184">
        <ele>148.86</ele>
      </trkpt>
      <trkpt lat="42.886622" lon="2.726116">
        <ele>149.03</ele>
      </trkpt>
      <trkpt lat="42.886722" lon="2.726045">
        <ele>149.32</ele>
      </trkpt>
      <trkpt lat="42.886814" lon="2.726">
        <ele>149.59</ele>
      </trkpt>
      <trkpt lat="42.886805" lon="2.725725">
        <ele>149.37</ele>
      </trkpt>
      <trkpt lat="42.886821" lon="2.725411">
        <ele>149.3</ele>
      </trkpt>
      <trkpt lat="42.886815" lon="2.724356">
        <ele>152.52</ele>
      </trkpt>
      <trkpt lat="42.88681" lon="2.723695">
        <ele>156.41</ele>
      </trkpt>
      <trkpt lat="42.886827" lon="2.723366">
        <ele>157.24</ele>
      </trkpt>
      <trkpt lat="42.886881" lon="2.722924">
        <ele>158.32</ele>
      </trkpt>
      <trkpt lat="42.886925" lon="2.722701">
        <ele>158.16</ele>
      </trkpt>
      <trkpt lat="42.886978" lon="2.722489">
        <ele>158.03</ele>
      </trkpt>
      <trkpt lat="42.88705" lon="2.722284">
        <ele>157.96</ele>
      </trkpt>
      <trkpt lat="42.88712" lon="2.722119">
        <ele>157.93</ele>
      </trkpt>
      <trkpt lat="42.887391" lon="2.721585">
        <ele>158.52</ele>
      </trkpt>
      <trkpt lat="42.887581" lon="2.72124">
        <ele>159.05</ele>
      </trkpt>
      <trkpt lat="42.887825" lon="2.72077">
        <ele>159.74</ele>
      </trkpt>
      <trkpt lat="42.888011" lon="2.720413">
        <ele>160.27</ele>
      </trkpt>
      <trkpt lat="42.888207" lon="2.719916">
        <ele>162.47</ele>
      </trkpt>
      <trkpt lat="42.888033" lon="2.71958">
        <ele>162.3</ele>
      </trkpt>
      <trkpt lat="42.888022" lon="2.719537">
        <ele>162.3</ele>
      </trkpt>
      <trkpt lat="42.888032" lon="2.719466">
        <ele>162.44</ele>
      </trkpt>
      <trkpt lat="42.888151" lon="2.719156">
        <ele>163.48</ele>
      </trkpt>
      <trkpt lat="42.888219" lon="2.718956">
        <ele>164.17</ele>
      </trkpt>
      <trkpt lat="42.88824" lon="2.718874">
        <ele>164.41</ele>
      </trkpt>
      <trkpt lat="42.888255" lon="2.718766">
        <ele>164.69</ele>
      </trkpt>
      <trkpt lat="42.88826" lon="2.718658">
        <ele>164.93</ele>
      </trkpt>
      <trkpt lat="42.888216" lon="2.718381">
        <ele>165.24</ele>
      </trkpt>
      <trkpt lat="42.888165" lon="2.718364">
        <ele>165.01</ele>
      </trkpt>
      <trkpt lat="42.888043" lon="2.718221">
        <ele>164.68</ele>
      </trkpt>
      <trkpt lat="42.887997" lon="2.718055">
        <ele>164.84</ele>
      </trkpt>
      <trkpt lat="42.888018" lon="2.71805">
        <ele>164.95</ele>
      </trkpt>
      <trkpt lat="42.887997" lon="2.718055">
        <ele>164.84</ele>
      </trkpt>
      <trkpt lat="42.888002" lon="2.718009">
        <ele>164.97</ele>
      </trkpt>
      <trkpt lat="42.888136" lon="2.717536">
        <ele>166.15</ele>
      </trkpt>
      <trkpt lat="42.888078" lon="2.717432">
        <ele>166.02</ele>
      </trkpt>
      <trkpt lat="42.88802" lon="2.717382">
        <ele>165.84</ele>
      </trkpt>
      <trkpt lat="42.887916" lon="2.717326">
        <ele>165.54</ele>
      </trkpt>
      <trkpt lat="42.88781" lon="2.717286">
        <ele>165.27</ele>
      </trkpt>
      <trkpt lat="42.887331" lon="2.717181">
        <ele>164.19</ele>
      </trkpt>
      <trkpt lat="42.887217" lon="2.717196">
        <ele>163.82</ele>
      </trkpt>
      <trkpt lat="42.887072" lon="2.717199">
        <ele>163.44</ele>
      </trkpt>
      <trkpt lat="42.886784" lon="2.717142">
        <ele>163.02</ele>
      </trkpt>
      <trkpt lat="42.886487" lon="2.717004">
        <ele>163.13</ele>
      </trkpt>
      <trkpt lat="42.886308" lon="2.716894">
        <ele>163.33</ele>
      </trkpt>
      <trkpt lat="42.886296" lon="2.716709">
        <ele>164.41</ele>
      </trkpt>
      <trkpt lat="42.886289" lon="2.71624">
        <ele>167.2</ele>
      </trkpt>
      <trkpt lat="42.886278" lon="2.715545">
        <ele>171.32</ele>
      </trkpt>
      <trkpt lat="42.88629" lon="2.715397">
        <ele>172.11</ele>
      </trkpt>
      <trkpt lat="42.886322" lon="2.715165">
        <ele>173.08</ele>
      </trkpt>
      <trkpt lat="42.886326" lon="2.715009">
        <ele>173.67</ele>
      </trkpt>
      <trkpt lat="42.886316" lon="2.714853">
        <ele>174.17</ele>
      </trkpt>
      <trkpt lat="42.886293" lon="2.714733">
        <ele>174.45</ele>
      </trkpt>
      <trkpt lat="42.886128" lon="2.714256">
        <ele>174</ele>
      </trkpt>
      <trkpt lat="42.885962" lon="2.713931">
        <ele>172.94</ele>
      </trkpt>
      <trkpt lat="42.885838" lon="2.713485">
        <ele>172.98</ele>
      </trkpt>
      <trkpt lat="42.885522" lon="2.712788">
        <ele>171.14</ele>
      </trkpt>
      <trkpt lat="42.885389" lon="2.712593">
        <ele>170.31</ele>
      </trkpt>
      <trkpt lat="42.885361" lon="2.712312">
        <ele>170.93</ele>
      </trkpt>
      <trkpt lat="42.885328" lon="2.712129">
        <ele>171.13</ele>
      </trkpt>
      <trkpt lat="42.885265" lon="2.71166">
        <ele>172.47</ele>
      </trkpt>
      <trkpt lat="42.885115" lon="2.711321">
        <ele>172.02</ele>
      </trkpt>
      <trkpt lat="42.88506" lon="2.71107">
        <ele>173.14</ele>
      </trkpt>
      <trkpt lat="42.884988" lon="2.710583">
        <ele>176.05</ele>
      </trkpt>
      <trkpt lat="42.884938" lon="2.71034">
        <ele>177.73</ele>
      </trkpt>
      <trkpt lat="42.884822" lon="2.709932">
        <ele>181.3</ele>
      </trkpt>
      <trkpt lat="42.884783" lon="2.709844">
        <ele>182.06</ele>
      </trkpt>
      <trkpt lat="42.884668" lon="2.709633">
        <ele>183.94</ele>
      </trkpt>
      <trkpt lat="42.884539" lon="2.709546">
        <ele>185.2</ele>
      </trkpt>
      <trkpt lat="42.884359" lon="2.709481">
        <ele>186.64</ele>
      </trkpt>
      <trkpt lat="42.884283" lon="2.709488">
        <ele>186.93</ele>
      </trkpt>
      <trkpt lat="42.884198" lon="2.70949">
        <ele>187.3</ele>
      </trkpt>
      <trkpt lat="42.883866" lon="2.709394">
        <ele>189.65</ele>
      </trkpt>
      <trkpt lat="42.883782" lon="2.709404">
        <ele>189.68</ele>
      </trkpt>
      <trkpt lat="42.88344" lon="2.70952">
        <ele>187.43</ele>
      </trkpt>
      <trkpt lat="42.883328" lon="2.70951">
        <ele>187.08</ele>
      </trkpt>
      <trkpt lat="42.883178" lon="2.709434">
        <ele>187.09</ele>
      </trkpt>
      <trkpt lat="42.883015" lon="2.709297">
        <ele>187.46</ele>
      </trkpt>
      <trkpt lat="42.882924" lon="2.70916">
        <ele>188.03</ele>
      </trkpt>
      <trkpt lat="42.882786" lon="2.709026">
        <ele>188.33</ele>
      </trkpt>
      <trkpt lat="42.882602" lon="2.708906">
        <ele>188.31</ele>
      </trkpt>
      <trkpt lat="42.882499" lon="2.70886">
        <ele>188.14</ele>
      </trkpt>
      <trkpt lat="42.882203" lon="2.708643">
        <ele>188.13</ele>
      </trkpt>
      <trkpt lat="42.882043" lon="2.708496">
        <ele>188.27</ele>
      </trkpt>
      <trkpt lat="42.881876" lon="2.708308">
        <ele>188.51</ele>
      </trkpt>
      <trkpt lat="42.881764" lon="2.708201">
        <ele>188.48</ele>
      </trkpt>
      <trkpt lat="42.881638" lon="2.708117">
        <ele>188.2</ele>
      </trkpt>
      <trkpt lat="42.881532" lon="2.708079">
        <ele>187.77</ele>
      </trkpt>
      <trkpt lat="42.88118" lon="2.707765">
        <ele>187.17</ele>
      </trkpt>
      <trkpt lat="42.880927" lon="2.707641">
        <ele>186.51</ele>
      </trkpt>
      <trkpt lat="42.880846" lon="2.707568">
        <ele>186.55</ele>
      </trkpt>
      <trkpt lat="42.880775" lon="2.707473">
        <ele>186.81</ele>
      </trkpt>
      <trkpt lat="42.880746" lon="2.707354">
        <ele>187.44</ele>
      </trkpt>
      <trkpt lat="42.88069" lon="2.707049">
        <ele>189.29</ele>
      </trkpt>
      <trkpt lat="42.880631" lon="2.706928">
        <ele>190.05</ele>
      </trkpt>
      <trkpt lat="42.880559" lon="2.70685">
        <ele>190.47</ele>
      </trkpt>
      <trkpt lat="42.880488" lon="2.706854">
        <ele>190.24</ele>
      </trkpt>
      <trkpt lat="42.880369" lon="2.706906">
        <ele>189.08</ele>
      </trkpt>
      <trkpt lat="42.880274" lon="2.706891">
        <ele>188.6</ele>
      </trkpt>
      <trkpt lat="42.879988" lon="2.706617">
        <ele>188.9</ele>
      </trkpt>
      <trkpt lat="42.879774" lon="2.706349">
        <ele>189.44</ele>
      </trkpt>
      <trkpt lat="42.879672" lon="2.706254">
        <ele>189.52</ele>
      </trkpt>
      <trkpt lat="42.879538" lon="2.70618">
        <ele>190.09</ele>
      </trkpt>
      <trkpt lat="42.87906" lon="2.706054">
        <ele>191.1</ele>
      </trkpt>
      <trkpt lat="42.878805" lon="2.705961">
        <ele>191.7</ele>
      </trkpt>
      <trkpt lat="42.878611" lon="2.705876">
        <ele>191.83</ele>
      </trkpt>
      <trkpt lat="42.878362" lon="2.705823">
        <ele>191.43</ele>
      </trkpt>
      <trkpt lat="42.878168" lon="2.705764">
        <ele>191.14</ele>
      </trkpt>
      <trkpt lat="42.878124" lon="2.705727">
        <ele>191.18</ele>
      </trkpt>
      <trkpt lat="42.878038" lon="2.705653">
        <ele>191.26</ele>
      </trkpt>
      <trkpt lat="42.877691" lon="2.705251">
        <ele>190.72</ele>
      </trkpt>
      <trkpt lat="42.877404" lon="2.70488">
        <ele>190.39</ele>
      </trkpt>
      <trkpt lat="42.877154" lon="2.704418">
        <ele>190.53</ele>
      </trkpt>
      <trkpt lat="42.876844" lon="2.703971">
        <ele>189.74</ele>
      </trkpt>
      <trkpt lat="42.876776" lon="2.703847">
        <ele>189.63</ele>
      </trkpt>
      <trkpt lat="42.87672" lon="2.703675">
        <ele>189.83</ele>
      </trkpt>
      <trkpt lat="42.876687" lon="2.703374">
        <ele>190.72</ele>
      </trkpt>
      <trkpt lat="42.87666" lon="2.703283">
        <ele>190.89</ele>
      </trkpt>
      <trkpt lat="42.876113" lon="2.70334">
        <ele>187.74</ele>
      </trkpt>
      <trkpt lat="42.875944" lon="2.703403">
        <ele>186.88</ele>
      </trkpt>
      <trkpt lat="42.875607" lon="2.703584">
        <ele>185.42</ele>
      </trkpt>
      <trkpt lat="42.875487" lon="2.703689">
        <ele>184.52</ele>
      </trkpt>
      <trkpt lat="42.875058" lon="2.704066">
        <ele>181.29</ele>
      </trkpt>
      <trkpt lat="42.875055" lon="2.702465">
        <ele>185.22</ele>
      </trkpt>
      <trkpt lat="42.875061" lon="2.701418">
        <ele>189.43</ele>
      </trkpt>
      <trkpt lat="42.875049" lon="2.7013">
        <ele>189.9</ele>
      </trkpt>
      <trkpt lat="42.875019" lon="2.70119">
        <ele>190.44</ele>
      </trkpt>
      <trkpt lat="42.874959" lon="2.701094">
        <ele>190.83</ele>
      </trkpt>
      <trkpt lat="42.874827" lon="2.700909">
        <ele>191.35</ele>
      </trkpt>
      <trkpt lat="42.874675" lon="2.700697">
        <ele>191.94</ele>
      </trkpt>
      <trkpt lat="42.874602" lon="2.700578">
        <ele>192.18</ele>
      </trkpt>
      <trkpt lat="42.874525" lon="2.700404">
        <ele>192.64</ele>
      </trkpt>
      <trkpt lat="42.874489" lon="2.700276">
        <ele>193.08</ele>
      </trkpt>
      <trkpt lat="42.874465" lon="2.700058">
        <ele>194.02</ele>
      </trkpt>
      <trkpt lat="42.874437" lon="2.699918">
        <ele>194.55</ele>
      </trkpt>
      <trkpt lat="42.874393" lon="2.699802">
        <ele>194.9</ele>
      </trkpt>
      <trkpt lat="42.87432" lon="2.699673">
        <ele>195.16</ele>
      </trkpt>
      <trkpt lat="42.873263" lon="2.698517">
        <ele>195.78</ele>
      </trkpt>
      <trkpt lat="42.873341" lon="2.698396">
        <ele>196.57</ele>
      </trkpt>
      <trkpt lat="42.873406" lon="2.69832">
        <ele>197.23</ele>
      </trkpt>
      <trkpt lat="42.873466" lon="2.69827">
        <ele>197.81</ele>
      </trkpt>
      <trkpt lat="42.873571" lon="2.698218">
        <ele>198.73</ele>
      </trkpt>
      <trkpt lat="42.873882" lon="2.697999">
        <ele>202.04</ele>
      </trkpt>
      <trkpt lat="42.873924" lon="2.697961">
        <ele>202.47</ele>
      </trkpt>
      <trkpt lat="42.874034" lon="2.69781">
        <ele>203.45</ele>
      </trkpt>
      <trkpt lat="42.874135" lon="2.697634">
        <ele>204.66</ele>
      </trkpt>
      <trkpt lat="42.874259" lon="2.697325">
        <ele>206.9</ele>
      </trkpt>
      <trkpt lat="42.87431" lon="2.697153">
        <ele>208.19</ele>
      </trkpt>
      <trkpt lat="42.874424" lon="2.69688">
        <ele>210.46</ele>
      </trkpt>
      <trkpt lat="42.874464" lon="2.696762">
        <ele>211.31</ele>
      </trkpt>
      <trkpt lat="42.874488" lon="2.696646">
        <ele>211.98</ele>
      </trkpt>
      <trkpt lat="42.874513" lon="2.696316">
        <ele>213.45</ele>
      </trkpt>
      <trkpt lat="42.874559" lon="2.696139">
        <ele>214.81</ele>
      </trkpt>
      <trkpt lat="42.874892" lon="2.695018">
        <ele>225.25</ele>
      </trkpt>
      <trkpt lat="42.874898" lon="2.694968">
        <ele>225.79</ele>
      </trkpt>
      <trkpt lat="42.874887" lon="2.694902">
        <ele>226.12</ele>
      </trkpt>
      <trkpt lat="42.874776" lon="2.694684">
        <ele>225.52</ele>
      </trkpt>
      <trkpt lat="42.874635" lon="2.694445">
        <ele>223.87</ele>
      </trkpt>
      <trkpt lat="42.874535" lon="2.694343">
        <ele>223.13</ele>
      </trkpt>
      <trkpt lat="42.874295" lon="2.694129">
        <ele>221.04</ele>
      </trkpt>
      <trkpt lat="42.87405" lon="2.693939">
        <ele>218.62</ele>
      </trkpt>
      <trkpt lat="42.874019" lon="2.693902">
        <ele>218.36</ele>
      </trkpt>
      <trkpt lat="42.874004" lon="2.693871">
        <ele>218.31</ele>
      </trkpt>
      <trkpt lat="42.873984" lon="2.693748">
        <ele>218.76</ele>
      </trkpt>
      <trkpt lat="42.873954" lon="2.693641">
        <ele>219.22</ele>
      </trkpt>
      <trkpt lat="42.873761" lon="2.693235">
        <ele>220.46</ele>
      </trkpt>
      <trkpt lat="42.873553" lon="2.692728">
        <ele>223.75</ele>
      </trkpt>
      <trkpt lat="42.873414" lon="2.692563">
        <ele>224.36</ele>
      </trkpt>
      <trkpt lat="42.873379" lon="2.692586">
        <ele>224.03</ele>
      </trkpt>
      <trkpt lat="42.873355" lon="2.692636">
        <ele>223.57</ele>
      </trkpt>
      <trkpt lat="42.873333" lon="2.692762">
        <ele>222.58</ele>
      </trkpt>
      <trkpt lat="42.873323" lon="2.693317">
        <ele>218.67</ele>
      </trkpt>
      <trkpt lat="42.873264" lon="2.693398">
        <ele>217.96</ele>
      </trkpt>
      <trkpt lat="42.873134" lon="2.69336">
        <ele>217.67</ele>
      </trkpt>
      <trkpt lat="42.872838" lon="2.693275">
        <ele>216.99</ele>
      </trkpt>
      <trkpt lat="42.872713" lon="2.693208">
        <ele>216.41</ele>
      </trkpt>
      <trkpt lat="42.872682" lon="2.693112">
        <ele>216.66</ele>
      </trkpt>
      <trkpt lat="42.872711" lon="2.692986">
        <ele>217.56</ele>
      </trkpt>
      <trkpt lat="42.872933" lon="2.692612">
        <ele>221.75</ele>
      </trkpt>
      <trkpt lat="42.873083" lon="2.692306">
        <ele>224.43</ele>
      </trkpt>
      <trkpt lat="42.873076" lon="2.692207">
        <ele>225.01</ele>
      </trkpt>
      <trkpt lat="42.872963" lon="2.692111">
        <ele>224.99</ele>
      </trkpt>
      <trkpt lat="42.872672" lon="2.691695">
        <ele>226.36</ele>
      </trkpt>
      <trkpt lat="42.872518" lon="2.691516">
        <ele>226.22</ele>
      </trkpt>
      <trkpt lat="42.87236" lon="2.691304">
        <ele>225.74</ele>
      </trkpt>
      <trkpt lat="42.872195" lon="2.691125">
        <ele>224.07</ele>
      </trkpt>
      <trkpt lat="42.872046" lon="2.690882">
        <ele>222.69</ele>
      </trkpt>
      <trkpt lat="42.872006" lon="2.690791">
        <ele>222.29</ele>
      </trkpt>
      <trkpt lat="42.871978" lon="2.690632">
        <ele>221.73</ele>
      </trkpt>
      <trkpt lat="42.87198" lon="2.690543">
        <ele>221.48</ele>
      </trkpt>
      <trkpt lat="42.872003" lon="2.690455">
        <ele>221.33</ele>
      </trkpt>
      <trkpt lat="42.872048" lon="2.690378">
        <ele>221.94</ele>
      </trkpt>
      <trkpt lat="42.872131" lon="2.690287">
        <ele>223.06</ele>
      </trkpt>
      <trkpt lat="42.872301" lon="2.690147">
        <ele>225.98</ele>
      </trkpt>
      <trkpt lat="42.872511" lon="2.689953">
        <ele>230.04</ele>
      </trkpt>
      <trkpt lat="42.872558" lon="2.689892">
        <ele>231.12</ele>
      </trkpt>
      <trkpt lat="42.872581" lon="2.68984">
        <ele>231.85</ele>
      </trkpt>
      <trkpt lat="42.87259" lon="2.689794">
        <ele>232.34</ele>
      </trkpt>
      <trkpt lat="42.872576" lon="2.689744">
        <ele>232.6</ele>
      </trkpt>
      <trkpt lat="42.872546" lon="2.689722">
        <ele>232.4</ele>
      </trkpt>
      <trkpt lat="42.872364" lon="2.689703">
        <ele>230.2</ele>
      </trkpt>
      <trkpt lat="42.872101" lon="2.689725">
        <ele>226.53</ele>
      </trkpt>
      <trkpt lat="42.871812" lon="2.68969">
        <ele>222.22</ele>
      </trkpt>
      <trkpt lat="42.871759" lon="2.689665">
        <ele>221.43</ele>
      </trkpt>
      <trkpt lat="42.871733" lon="2.689593">
        <ele>221.19</ele>
      </trkpt>
      <trkpt lat="42.87168" lon="2.689115">
        <ele>222.84</ele>
      </trkpt>
      <trkpt lat="42.871583" lon="2.688684">
        <ele>223.22</ele>
      </trkpt>
      <trkpt lat="42.871476" lon="2.688308">
        <ele>222.65</ele>
      </trkpt>
      <trkpt lat="42.871396" lon="2.687745">
        <ele>222.27</ele>
      </trkpt>
      <trkpt lat="42.871379" lon="2.687539">
        <ele>221.72</ele>
      </trkpt>
      <trkpt lat="42.871388" lon="2.687328">
        <ele>221.63</ele>
      </trkpt>
      <trkpt lat="42.8714" lon="2.687274">
        <ele>221.78</ele>
      </trkpt>
      <trkpt lat="42.871442" lon="2.687205">
        <ele>222.45</ele>
      </trkpt>
      <trkpt lat="42.871559" lon="2.687145">
        <ele>224.48</ele>
      </trkpt>
      <trkpt lat="42.871635" lon="2.687145">
        <ele>225.86</ele>
      </trkpt>
      <trkpt lat="42.871669" lon="2.687085">
        <ele>226.76</ele>
      </trkpt>
      <trkpt lat="42.871693" lon="2.687016">
        <ele>228</ele>
      </trkpt>
      <trkpt lat="42.871662" lon="2.686899">
        <ele>228.82</ele>
      </trkpt>
      <trkpt lat="42.871548" lon="2.686762">
        <ele>228.54</ele>
      </trkpt>
      <trkpt lat="42.871397" lon="2.686221">
        <ele>232.97</ele>
      </trkpt>
      <trkpt lat="42.871334" lon="2.686105">
        <ele>233.45</ele>
      </trkpt>
      <trkpt lat="42.871289" lon="2.686046">
        <ele>233.48</ele>
      </trkpt>
      <trkpt lat="42.871252" lon="2.685962">
        <ele>233.94</ele>
      </trkpt>
      <trkpt lat="42.871111" lon="2.685709">
        <ele>234.81</ele>
      </trkpt>
      <trkpt lat="42.870988" lon="2.685539">
        <ele>234.89</ele>
      </trkpt>
      <trkpt lat="42.870881" lon="2.685432">
        <ele>234.48</ele>
      </trkpt>
      <trkpt lat="42.870654" lon="2.685292">
        <ele>232.52</ele>
      </trkpt>
      <trkpt lat="42.870617" lon="2.685268">
        <ele>232.2</ele>
      </trkpt>
      <trkpt lat="42.870565" lon="2.685164">
        <ele>232.52</ele>
      </trkpt>
      <trkpt lat="42.870424" lon="2.684944">
        <ele>232.4</ele>
      </trkpt>
      <trkpt lat="42.870245" lon="2.684701">
        <ele>231.4</ele>
      </trkpt>
      <trkpt lat="42.870186" lon="2.684573">
        <ele>231.55</ele>
      </trkpt>
      <trkpt lat="42.870187" lon="2.684489">
        <ele>232.65</ele>
      </trkpt>
      <trkpt lat="42.870209" lon="2.68443">
        <ele>233.86</ele>
      </trkpt>
      <trkpt lat="42.870224" lon="2.684251">
        <ele>236.47</ele>
      </trkpt>
      <trkpt lat="42.870192" lon="2.684183">
        <ele>236.68</ele>
      </trkpt>
      <trkpt lat="42.870106" lon="2.684115">
        <ele>235.72</ele>
      </trkpt>
      <trkpt lat="42.870044" lon="2.684051">
        <ele>235.22</ele>
      </trkpt>
      <trkpt lat="42.86999" lon="2.683887">
        <ele>236.12</ele>
      </trkpt>
      <trkpt lat="42.869884" lon="2.683678">
        <ele>236.94</ele>
      </trkpt>
      <trkpt lat="42.869689" lon="2.683412">
        <ele>236.81</ele>
      </trkpt>
      <trkpt lat="42.869338" lon="2.683023">
        <ele>236.66</ele>
      </trkpt>
      <trkpt lat="42.869053" lon="2.682503">
        <ele>242.05</ele>
      </trkpt>
      <trkpt lat="42.868813" lon="2.682163">
        <ele>244.09</ele>
      </trkpt>
      <trkpt lat="42.868559" lon="2.681896">
        <ele>246.97</ele>
      </trkpt>
      <trkpt lat="42.868274" lon="2.681742">
        <ele>247.12</ele>
      </trkpt>
      <trkpt lat="42.867864" lon="2.681392">
        <ele>252.24</ele>
      </trkpt>
      <trkpt lat="42.867492" lon="2.681205">
        <ele>258.22</ele>
      </trkpt>
      <trkpt lat="42.867441" lon="2.68116">
        <ele>259.79</ele>
      </trkpt>
      <trkpt lat="42.867323" lon="2.681148">
        <ele>260.2</ele>
      </trkpt>
      <trkpt lat="42.867269" lon="2.681119">
        <ele>261.12</ele>
      </trkpt>
      <trkpt lat="42.867198" lon="2.681135">
        <ele>260.56</ele>
      </trkpt>
      <trkpt lat="42.867022" lon="2.681109">
        <ele>260.65</ele>
      </trkpt>
      <trkpt lat="42.866672" lon="2.681159">
        <ele>257.58</ele>
      </trkpt>
      <trkpt lat="42.866394" lon="2.68122">
        <ele>255.23</ele>
      </trkpt>
      <trkpt lat="42.86624" lon="2.681273">
        <ele>252.91</ele>
      </trkpt>
      <trkpt lat="42.86587" lon="2.681373">
        <ele>244.62</ele>
      </trkpt>
      <trkpt lat="42.865692" lon="2.681411">
        <ele>241.08</ele>
      </trkpt>
      <trkpt lat="42.865419" lon="2.681357">
        <ele>236.99</ele>
      </trkpt>
      <trkpt lat="42.865255" lon="2.681298">
        <ele>233.08</ele>
      </trkpt>
      <trkpt lat="42.865137" lon="2.681227">
        <ele>229.69</ele>
      </trkpt>
      <trkpt lat="42.864878" lon="2.681114">
        <ele>222.39</ele>
      </trkpt>
      <trkpt lat="42.864813" lon="2.681076">
        <ele>220.75</ele>
      </trkpt>
      <trkpt lat="42.864781" lon="2.681021">
        <ele>220.1</ele>
      </trkpt>
      <trkpt lat="42.86479" lon="2.680924">
        <ele>220.68</ele>
      </trkpt>
      <trkpt lat="42.864824" lon="2.680814">
        <ele>221.85</ele>
      </trkpt>
      <trkpt lat="42.864874" lon="2.680723">
        <ele>223.21</ele>
      </trkpt>
      <trkpt lat="42.864968" lon="2.68045">
        <ele>225.43</ele>
      </trkpt>
      <trkpt lat="42.865134" lon="2.68003">
        <ele>229.32</ele>
      </trkpt>
      <trkpt lat="42.865168" lon="2.679928">
        <ele>229.37</ele>
      </trkpt>
      <trkpt lat="42.865344" lon="2.679401">
        <ele>229.62</ele>
      </trkpt>
      <trkpt lat="42.865425" lon="2.679006">
        <ele>229.01</ele>
      </trkpt>
      <trkpt lat="42.865475" lon="2.678881">
        <ele>229.11</ele>
      </trkpt>
      <trkpt lat="42.865543" lon="2.678797">
        <ele>229.13</ele>
      </trkpt>
      <trkpt lat="42.865633" lon="2.678738">
        <ele>227.81</ele>
      </trkpt>
      <trkpt lat="42.865675" lon="2.678681">
        <ele>226.01</ele>
      </trkpt>
      <trkpt lat="42.865796" lon="2.678647">
        <ele>225.11</ele>
      </trkpt>
      <trkpt lat="42.865856" lon="2.678602">
        <ele>223.76</ele>
      </trkpt>
      <trkpt lat="42.865966" lon="2.678431">
        <ele>218.62</ele>
      </trkpt>
      <trkpt lat="42.866169" lon="2.678193">
        <ele>211.87</ele>
      </trkpt>
      <trkpt lat="42.866218" lon="2.67803">
        <ele>207.08</ele>
      </trkpt>
      <trkpt lat="42.866306" lon="2.677887">
        <ele>203.54</ele>
      </trkpt>
      <trkpt lat="42.866384" lon="2.677816">
        <ele>204.39</ele>
      </trkpt>
      <trkpt lat="42.866585" lon="2.677794">
        <ele>210.85</ele>
      </trkpt>
      <trkpt lat="42.866675" lon="2.677751">
        <ele>213.05</ele>
      </trkpt>
      <trkpt lat="42.866746" lon="2.677599">
        <ele>212.38</ele>
      </trkpt>
      <trkpt lat="42.866755" lon="2.677488">
        <ele>210.36</ele>
      </trkpt>
      <trkpt lat="42.866705" lon="2.677248">
        <ele>203.47</ele>
      </trkpt>
      <trkpt lat="42.866734" lon="2.677112">
        <ele>201.72</ele>
      </trkpt>
      <trkpt lat="42.866777" lon="2.677003">
        <ele>202.48</ele>
      </trkpt>
      <trkpt lat="42.866827" lon="2.676919">
        <ele>203.76</ele>
      </trkpt>
      <trkpt lat="42.866954" lon="2.676458">
        <ele>205.18</ele>
      </trkpt>
      <trkpt lat="42.867017" lon="2.676183">
        <ele>205.73</ele>
      </trkpt>
      <trkpt lat="42.867024" lon="2.676065">
        <ele>205.06</ele>
      </trkpt>
      <trkpt lat="42.866992" lon="2.675967">
        <ele>202.94</ele>
      </trkpt>
      <trkpt lat="42.866898" lon="2.675869">
        <ele>198.18</ele>
      </trkpt>
      <trkpt lat="42.866876" lon="2.675801">
        <ele>196.75</ele>
      </trkpt>
      <trkpt lat="42.866964" lon="2.675228">
        <ele>196.64</ele>
      </trkpt>
      <trkpt lat="42.866948" lon="2.67443">
        <ele>193.28</ele>
      </trkpt>
      <trkpt lat="42.866952" lon="2.674257">
        <ele>193.08</ele>
      </trkpt>
      <trkpt lat="42.86691" lon="2.673964">
        <ele>192.68</ele>
      </trkpt>
      <trkpt lat="42.866917" lon="2.673789">
        <ele>192.64</ele>
      </trkpt>
      <trkpt lat="42.866938" lon="2.673633">
        <ele>192.34</ele>
      </trkpt>
      <trkpt lat="42.86698" lon="2.673476">
        <ele>191.21</ele>
      </trkpt>
      <trkpt lat="42.86701" lon="2.673278">
        <ele>189.55</ele>
      </trkpt>
      <trkpt lat="42.86708" lon="2.673031">
        <ele>185.07</ele>
      </trkpt>
      <trkpt lat="42.86714" lon="2.672851">
        <ele>184.3</ele>
      </trkpt>
      <trkpt lat="42.867165" lon="2.672683">
        <ele>189.98</ele>
      </trkpt>
      <trkpt lat="42.867216" lon="2.67252">
        <ele>195.56</ele>
      </trkpt>
      <trkpt lat="42.867269" lon="2.672406">
        <ele>198.65</ele>
      </trkpt>
      <trkpt lat="42.867377" lon="2.672272">
        <ele>200.56</ele>
      </trkpt>
      <trkpt lat="42.86744" lon="2.672214">
        <ele>200.44</ele>
      </trkpt>
      <trkpt lat="42.867534" lon="2.672155">
        <ele>199.1</ele>
      </trkpt>
      <trkpt lat="42.867591" lon="2.672089">
        <ele>198.4</ele>
      </trkpt>
      <trkpt lat="42.867623" lon="2.67203">
        <ele>199.09</ele>
      </trkpt>
      <trkpt lat="42.867658" lon="2.671993">
        <ele>199.05</ele>
      </trkpt>
      <trkpt lat="42.867682" lon="2.671932">
        <ele>199.76</ele>
      </trkpt>
      <trkpt lat="42.867684" lon="2.671888">
        <ele>200.66</ele>
      </trkpt>
      <trkpt lat="42.867644" lon="2.671823">
        <ele>203.44</ele>
      </trkpt>
      <trkpt lat="42.867724" lon="2.671574">
        <ele>205.97</ele>
      </trkpt>
      <trkpt lat="42.867771" lon="2.671488">
        <ele>205.67</ele>
      </trkpt>
      <trkpt lat="42.867816" lon="2.671427">
        <ele>204.74</ele>
      </trkpt>
      <trkpt lat="42.867909" lon="2.671322">
        <ele>201.96</ele>
      </trkpt>
      <trkpt lat="42.868318" lon="2.670947">
        <ele>198.42</ele>
      </trkpt>
      <trkpt lat="42.868434" lon="2.670843">
        <ele>197.91</ele>
      </trkpt>
      <trkpt lat="42.86858" lon="2.670607">
        <ele>194.88</ele>
      </trkpt>
      <trkpt lat="42.868611" lon="2.670524">
        <ele>193.83</ele>
      </trkpt>
      <trkpt lat="42.868629" lon="2.670444">
        <ele>193.03</ele>
      </trkpt>
      <trkpt lat="42.86863" lon="2.670381">
        <ele>192.75</ele>
      </trkpt>
      <trkpt lat="42.868658" lon="2.670363">
        <ele>191.98</ele>
      </trkpt>
      <trkpt lat="42.868684" lon="2.670317">
        <ele>191.19</ele>
      </trkpt>
      <trkpt lat="42.868731" lon="2.670158">
        <ele>189.89</ele>
      </trkpt>
      <trkpt lat="42.868799" lon="2.669846">
        <ele>188.85</ele>
      </trkpt>
      <trkpt lat="42.868806" lon="2.669736">
        <ele>188.89</ele>
      </trkpt>
      <trkpt lat="42.868769" lon="2.669532">
        <ele>189.05</ele>
      </trkpt>
      <trkpt lat="42.868723" lon="2.669366">
        <ele>188.99</ele>
      </trkpt>
      <trkpt lat="42.868627" lon="2.669155">
        <ele>188.99</ele>
      </trkpt>
      <trkpt lat="42.868523" lon="2.66901">
        <ele>189.07</ele>
      </trkpt>
      <trkpt lat="42.868439" lon="2.66896">
        <ele>189.21</ele>
      </trkpt>
      <trkpt lat="42.868289" lon="2.66889">
        <ele>189.47</ele>
      </trkpt>
      <trkpt lat="42.86823" lon="2.668825">
        <ele>189.49</ele>
      </trkpt>
      <trkpt lat="42.868213" lon="2.668726">
        <ele>189.55</ele>
      </trkpt>
      <trkpt lat="42.868207" lon="2.668624">
        <ele>189.77</ele>
      </trkpt>
      <trkpt lat="42.868211" lon="2.6685">
        <ele>190.01</ele>
      </trkpt>
      <trkpt lat="42.86826" lon="2.667929">
        <ele>191.02</ele>
      </trkpt>
      <trkpt lat="42.868257" lon="2.667543">
        <ele>191.96</ele>
      </trkpt>
      <trkpt lat="42.868274" lon="2.667009">
        <ele>192.7</ele>
      </trkpt>
      <trkpt lat="42.868302" lon="2.666848">
        <ele>192.26</ele>
      </trkpt>
      <trkpt lat="42.868359" lon="2.666671">
        <ele>191.77</ele>
      </trkpt>
      <trkpt lat="42.868473" lon="2.666483">
        <ele>191.3</ele>
      </trkpt>
      <trkpt lat="42.86861" lon="2.66628">
        <ele>191</ele>
      </trkpt>
      <trkpt lat="42.868849" lon="2.665944">
        <ele>191.03</ele>
      </trkpt>
      <trkpt lat="42.868925" lon="2.665759">
        <ele>191.05</ele>
      </trkpt>
      <trkpt lat="42.869009" lon="2.665601">
        <ele>191.05</ele>
      </trkpt>
      <trkpt lat="42.869169" lon="2.665349">
        <ele>191</ele>
      </trkpt>
      <trkpt lat="42.869182" lon="2.665314">
        <ele>191</ele>
      </trkpt>
      <trkpt lat="42.869229" lon="2.66521">
        <ele>191</ele>
      </trkpt>
      <trkpt lat="42.869353" lon="2.66508">
        <ele>191</ele>
      </trkpt>
      <trkpt lat="42.869553" lon="2.664966">
        <ele>191</ele>
      </trkpt>
      <trkpt lat="42.869675" lon="2.664917">
        <ele>191.06</ele>
      </trkpt>
      <trkpt lat="42.869776" lon="2.664777">
        <ele>191.22</ele>
      </trkpt>
      <trkpt lat="42.869855" lon="2.664611">
        <ele>191.25</ele>
      </trkpt>
      <trkpt lat="42.869735" lon="2.664276">
        <ele>191.06</ele>
      </trkpt>
      <trkpt lat="42.869681" lon="2.664059">
        <ele>191.02</ele>
      </trkpt>
      <trkpt lat="42.869593" lon="2.66382">
        <ele>191.06</ele>
      </trkpt>
      <trkpt lat="42.869544" lon="2.663627">
        <ele>191.34</ele>
      </trkpt>
      <trkpt lat="42.869429" lon="2.663356">
        <ele>192.03</ele>
      </trkpt>
      <trkpt lat="42.869288" lon="2.663052">
        <ele>192.81</ele>
      </trkpt>
      <trkpt lat="42.869043" lon="2.662524">
        <ele>194.17</ele>
      </trkpt>
      <trkpt lat="42.86895" lon="2.662291">
        <ele>194.5</ele>
      </trkpt>
      <trkpt lat="42.868927" lon="2.662207">
        <ele>194.58</ele>
      </trkpt>
      <trkpt lat="42.868884" lon="2.661926">
        <ele>194.54</ele>
      </trkpt>
      <trkpt lat="42.868828" lon="2.661728">
        <ele>194.49</ele>
      </trkpt>
      <trkpt lat="42.868743" lon="2.661554">
        <ele>195.37</ele>
      </trkpt>
      <trkpt lat="42.868663" lon="2.661411">
        <ele>196.44</ele>
      </trkpt>
      <trkpt lat="42.868603" lon="2.66135">
        <ele>197.32</ele>
      </trkpt>
      <trkpt lat="42.868529" lon="2.661214">
        <ele>198.31</ele>
      </trkpt>
      <trkpt lat="42.868465" lon="2.661049">
        <ele>199.02</ele>
      </trkpt>
      <trkpt lat="42.868313" lon="2.660486">
        <ele>200.26</ele>
      </trkpt>
      <trkpt lat="42.868215" lon="2.659979">
        <ele>201.03</ele>
      </trkpt>
      <trkpt lat="42.868176" lon="2.6597">
        <ele>201.26</ele>
      </trkpt>
      <trkpt lat="42.868207" lon="2.659247">
        <ele>200.83</ele>
      </trkpt>
      <trkpt lat="42.868239" lon="2.659051">
        <ele>200.45</ele>
      </trkpt>
      <trkpt lat="42.868286" lon="2.658841">
        <ele>199.9</ele>
      </trkpt>
      <trkpt lat="42.868461" lon="2.657814">
        <ele>200.77</ele>
      </trkpt>
      <trkpt lat="42.868347" lon="2.657753">
        <ele>203.23</ele>
      </trkpt>
      <trkpt lat="42.86811" lon="2.657616">
        <ele>208.67</ele>
      </trkpt>
      <trkpt lat="42.86805" lon="2.657576">
        <ele>210.15</ele>
      </trkpt>
      <trkpt lat="42.868075" lon="2.657461">
        <ele>210.73</ele>
      </trkpt>
      <trkpt lat="42.868147" lon="2.65722">
        <ele>211.38</ele>
      </trkpt>
      <trkpt lat="42.868181" lon="2.657108">
        <ele>211.65</ele>
      </trkpt>
      <trkpt lat="42.868118" lon="2.657051">
        <ele>214.41</ele>
      </trkpt>
      <trkpt lat="42.868034" lon="2.656998">
        <ele>217.83</ele>
      </trkpt>
      <trkpt lat="42.86803" lon="2.656942">
        <ele>219.46</ele>
      </trkpt>
      <trkpt lat="42.867949" lon="2.656924">
        <ele>222.52</ele>
      </trkpt>
      <trkpt lat="42.867886" lon="2.656896">
        <ele>225.89</ele>
      </trkpt>
      <trkpt lat="42.867813" lon="2.656855">
        <ele>229.97</ele>
      </trkpt>
      <trkpt lat="42.86781" lon="2.656811">
        <ele>231.28</ele>
      </trkpt>
      <trkpt lat="42.867736" lon="2.656746">
        <ele>235.93</ele>
      </trkpt>
      <trkpt lat="42.867808" lon="2.656612">
        <ele>236.7</ele>
      </trkpt>
      <trkpt lat="42.867848" lon="2.656484">
        <ele>238.67</ele>
      </trkpt>
      <trkpt lat="42.867842" lon="2.6564">
        <ele>241.2</ele>
      </trkpt>
      <trkpt lat="42.867855" lon="2.65633">
        <ele>242.65</ele>
      </trkpt>
      <trkpt lat="42.867836" lon="2.656315">
        <ele>243.7</ele>
      </trkpt>
      <trkpt lat="42.86774" lon="2.65648">
        <ele>242.69</ele>
      </trkpt>
      <trkpt lat="42.867698" lon="2.656446">
        <ele>245.05</ele>
      </trkpt>
      <trkpt lat="42.86767" lon="2.656423">
        <ele>246.65</ele>
      </trkpt>
      <trkpt lat="42.867629" lon="2.656507">
        <ele>246.02</ele>
      </trkpt>
      <trkpt lat="42.867535" lon="2.656532">
        <ele>248.8</ele>
      </trkpt>
      <trkpt lat="42.867515" lon="2.656562">
        <ele>248.85</ele>
      </trkpt>
      <trkpt lat="42.867485" lon="2.656558">
        <ele>250.05</ele>
      </trkpt>
      <trkpt lat="42.867426" lon="2.656549">
        <ele>252.42</ele>
      </trkpt>
      <trkpt lat="42.867401" lon="2.656597">
        <ele>252.29</ele>
      </trkpt>
      <trkpt lat="42.867346" lon="2.656611">
        <ele>254.05</ele>
      </trkpt>
      <trkpt lat="42.867273" lon="2.656653">
        <ele>255.89</ele>
      </trkpt>
      <trkpt lat="42.867231" lon="2.656695">
        <ele>256.65</ele>
      </trkpt>
      <trkpt lat="42.867165" lon="2.656765">
        <ele>257.81</ele>
      </trkpt>
      <trkpt lat="42.867138" lon="2.656762">
        <ele>259</ele>
      </trkpt>
      <trkpt lat="42.867145" lon="2.656718">
        <ele>259.52</ele>
      </trkpt>
      <trkpt lat="42.86726" lon="2.656522">
        <ele>259.09</ele>
      </trkpt>
      <trkpt lat="42.86726" lon="2.656493">
        <ele>259.68</ele>
      </trkpt>
      <trkpt lat="42.867226" lon="2.656492">
        <ele>260.91</ele>
      </trkpt>
      <trkpt lat="42.866931" lon="2.656653">
        <ele>271.43</ele>
      </trkpt>
      <trkpt lat="42.866927" lon="2.656621">
        <ele>272.26</ele>
      </trkpt>
      <trkpt lat="42.866946" lon="2.656552">
        <ele>272.61</ele>
      </trkpt>
      <trkpt lat="42.866931" lon="2.656542">
        <ele>273.6</ele>
      </trkpt>
      <trkpt lat="42.866908" lon="2.656555">
        <ele>274.47</ele>
      </trkpt>
      <trkpt lat="42.866872" lon="2.656598">
        <ele>275.45</ele>
      </trkpt>
      <trkpt lat="42.866819" lon="2.656585">
        <ele>278.36</ele>
      </trkpt>
      <trkpt lat="42.866784" lon="2.656623">
        <ele>279.32</ele>
      </trkpt>
      <trkpt lat="42.86676" lon="2.656627">
        <ele>280.46</ele>
      </trkpt>
      <trkpt lat="42.866732" lon="2.656597">
        <ele>282.44</ele>
      </trkpt>
      <trkpt lat="42.866706" lon="2.656591">
        <ele>283.83</ele>
      </trkpt>
      <trkpt lat="42.866665" lon="2.656629">
        <ele>285.14</ele>
      </trkpt>
      <trkpt lat="42.866632" lon="2.656629">
        <ele>286.81</ele>
      </trkpt>
      <trkpt lat="42.866604" lon="2.656493">
        <ele>290.89</ele>
      </trkpt>
      <trkpt lat="42.866595" lon="2.656331">
        <ele>294.58</ele>
      </trkpt>
      <trkpt lat="42.8666" lon="2.656287">
        <ele>295.21</ele>
      </trkpt>
      <trkpt lat="42.866652" lon="2.656184">
        <ele>293.4</ele>
      </trkpt>
      <trkpt lat="42.866671" lon="2.656114">
        <ele>292.92</ele>
      </trkpt>
      <trkpt lat="42.866712" lon="2.656056">
        <ele>291.23</ele>
      </trkpt>
      <trkpt lat="42.866776" lon="2.655922">
        <ele>288.93</ele>
      </trkpt>
      <trkpt lat="42.866911" lon="2.655816">
        <ele>282.92</ele>
      </trkpt>
      <trkpt lat="42.866944" lon="2.655756">
        <ele>281.69</ele>
      </trkpt>
      <trkpt lat="42.866949" lon="2.655699">
        <ele>281.83</ele>
      </trkpt>
      <trkpt lat="42.866965" lon="2.655657">
        <ele>281.35</ele>
      </trkpt>
      <trkpt lat="42.866975" lon="2.65554">
        <ele>281.67</ele>
      </trkpt>
      <trkpt lat="42.867018" lon="2.655251">
        <ele>278.83</ele>
      </trkpt>
      <trkpt lat="42.867037" lon="2.655195">
        <ele>277.49</ele>
      </trkpt>
      <trkpt lat="42.867069" lon="2.655097">
        <ele>275.23</ele>
      </trkpt>
      <trkpt lat="42.867051" lon="2.655026">
        <ele>275.63</ele>
      </trkpt>
      <trkpt lat="42.866973" lon="2.654919">
        <ele>278.68</ele>
      </trkpt>
      <trkpt lat="42.866934" lon="2.654827">
        <ele>279.92</ele>
      </trkpt>
      <trkpt lat="42.866854" lon="2.654332">
        <ele>280.22</ele>
      </trkpt>
      <trkpt lat="42.866817" lon="2.653986">
        <ele>279.49</ele>
      </trkpt>
      <trkpt lat="42.866817" lon="2.65387">
        <ele>278.63</ele>
      </trkpt>
      <trkpt lat="42.866865" lon="2.653623">
        <ele>274.77</ele>
      </trkpt>
      <trkpt lat="42.866871" lon="2.653522">
        <ele>274</ele>
      </trkpt>
      <trkpt lat="42.866866" lon="2.653395">
        <ele>273.69</ele>
      </trkpt>
      <trkpt lat="42.86684" lon="2.653294">
        <ele>274.63</ele>
      </trkpt>
      <trkpt lat="42.866839" lon="2.653069">
        <ele>273.68</ele>
      </trkpt>
      <trkpt lat="42.866879" lon="2.652622">
        <ele>269.97</ele>
      </trkpt>
      <trkpt lat="42.866877" lon="2.652485">
        <ele>269.67</ele>
      </trkpt>
      <trkpt lat="42.866833" lon="2.652355">
        <ele>271.6</ele>
      </trkpt>
      <trkpt lat="42.866863" lon="2.652123">
        <ele>269.26</ele>
      </trkpt>
      <trkpt lat="42.866892" lon="2.652038">
        <ele>267.3</ele>
      </trkpt>
      <trkpt lat="42.866894" lon="2.651909">
        <ele>266.55</ele>
      </trkpt>
      <trkpt lat="42.866896" lon="2.651756">
        <ele>265.65</ele>
      </trkpt>
      <trkpt lat="42.866859" lon="2.651497">
        <ele>266.21</ele>
      </trkpt>
      <trkpt lat="42.866866" lon="2.65137">
        <ele>265.17</ele>
      </trkpt>
      <trkpt lat="42.866903" lon="2.651269">
        <ele>262.83</ele>
      </trkpt>
      <trkpt lat="42.866928" lon="2.650973">
        <ele>259.45</ele>
      </trkpt>
      <trkpt lat="42.866882" lon="2.650588">
        <ele>258.99</ele>
      </trkpt>
      <trkpt lat="42.866867" lon="2.650256">
        <ele>257.12</ele>
      </trkpt>
      <trkpt lat="42.866877" lon="2.649988">
        <ele>254.39</ele>
      </trkpt>
      <trkpt lat="42.866872" lon="2.649795">
        <ele>252.97</ele>
      </trkpt>
      <trkpt lat="42.866845" lon="2.649416">
        <ele>249.73</ele>
      </trkpt>
      <trkpt lat="42.866862" lon="2.648948">
        <ele>241.84</ele>
      </trkpt>
      <trkpt lat="42.866841" lon="2.648777">
        <ele>240.23</ele>
      </trkpt>
      <trkpt lat="42.866804" lon="2.648661">
        <ele>240.64</ele>
      </trkpt>
      <trkpt lat="42.866682" lon="2.648463">
        <ele>244.07</ele>
      </trkpt>
      <trkpt lat="42.866616" lon="2.648273">
        <ele>244.94</ele>
      </trkpt>
      <trkpt lat="42.866558" lon="2.648027">
        <ele>244.74</ele>
      </trkpt>
      <trkpt lat="42.866549" lon="2.64726">
        <ele>238.31</ele>
      </trkpt>
      <trkpt lat="42.866485" lon="2.646929">
        <ele>238.08</ele>
      </trkpt>
      <trkpt lat="42.866346" lon="2.646456">
        <ele>239.33</ele>
      </trkpt>
      <trkpt lat="42.8663" lon="2.646263">
        <ele>237.98</ele>
      </trkpt>
      <trkpt lat="42.866243" lon="2.646022">
        <ele>236.3</ele>
      </trkpt>
      <trkpt lat="42.866249" lon="2.645906">
        <ele>234.71</ele>
      </trkpt>
      <trkpt lat="42.866279" lon="2.645909">
        <ele>234.47</ele>
      </trkpt>
      <trkpt lat="42.866119" lon="2.645236">
        <ele>227.65</ele>
      </trkpt>
      <trkpt lat="42.865891" lon="2.644536">
        <ele>223.19</ele>
      </trkpt>
      <trkpt lat="42.865854" lon="2.644292">
        <ele>222.47</ele>
      </trkpt>
      <trkpt lat="42.865795" lon="2.644139">
        <ele>222.62</ele>
      </trkpt>
      <trkpt lat="42.865697" lon="2.644089">
        <ele>223.85</ele>
      </trkpt>
      <trkpt lat="42.865625" lon="2.644096">
        <ele>224.89</ele>
      </trkpt>
      <trkpt lat="42.865568" lon="2.644193">
        <ele>225.8</ele>
      </trkpt>
      <trkpt lat="42.865539" lon="2.644327">
        <ele>226.29</ele>
      </trkpt>
      <trkpt lat="42.86543" lon="2.644532">
        <ele>228.09</ele>
      </trkpt>
      <trkpt lat="42.865187" lon="2.644802">
        <ele>234.75</ele>
      </trkpt>
      <trkpt lat="42.865038" lon="2.645019">
        <ele>238.63</ele>
      </trkpt>
      <trkpt lat="42.864973" lon="2.645079">
        <ele>239.95</ele>
      </trkpt>
      <trkpt lat="42.864839" lon="2.64506">
        <ele>242.17</ele>
      </trkpt>
      <trkpt lat="42.864764" lon="2.644999">
        <ele>243.41</ele>
      </trkpt>
      <trkpt lat="42.864733" lon="2.64496">
        <ele>243.96</ele>
      </trkpt>
      <trkpt lat="42.864713" lon="2.644903">
        <ele>244.35</ele>
      </trkpt>
      <trkpt lat="42.864735" lon="2.64432">
        <ele>244.54</ele>
      </trkpt>
      <trkpt lat="42.864679" lon="2.644099">
        <ele>246.38</ele>
      </trkpt>
      <trkpt lat="42.864678" lon="2.644068">
        <ele>246.47</ele>
      </trkpt>
      <trkpt lat="42.864673" lon="2.643934">
        <ele>246.89</ele>
      </trkpt>
      <trkpt lat="42.864694" lon="2.643749">
        <ele>246.65</ele>
      </trkpt>
      <trkpt lat="42.864654" lon="2.643293">
        <ele>246.04</ele>
      </trkpt>
      <trkpt lat="42.864616" lon="2.643055">
        <ele>246.03</ele>
      </trkpt>
      <trkpt lat="42.864522" lon="2.642811">
        <ele>246.66</ele>
      </trkpt>
      <trkpt lat="42.864275" lon="2.642327">
        <ele>246.35</ele>
      </trkpt>
      <trkpt lat="42.864129" lon="2.642099">
        <ele>245.47</ele>
      </trkpt>
      <trkpt lat="42.864009" lon="2.641879">
        <ele>244.33</ele>
      </trkpt>
      <trkpt lat="42.863842" lon="2.64162">
        <ele>243.38</ele>
      </trkpt>
      <trkpt lat="42.863779" lon="2.64155">
        <ele>243.3</ele>
      </trkpt>
      <trkpt lat="42.863664" lon="2.64146">
        <ele>243.48</ele>
      </trkpt>
      <trkpt lat="42.863538" lon="2.641394">
        <ele>244.11</ele>
      </trkpt>
      <trkpt lat="42.863333" lon="2.641383">
        <ele>246.11</ele>
      </trkpt>
      <trkpt lat="42.863289" lon="2.641376">
        <ele>246.52</ele>
      </trkpt>
      <trkpt lat="42.863144" lon="2.641307">
        <ele>247.46</ele>
      </trkpt>
      <trkpt lat="42.862966" lon="2.641192">
        <ele>248.7</ele>
      </trkpt>
      <trkpt lat="42.862949" lon="2.641091">
        <ele>248.39</ele>
      </trkpt>
      <trkpt lat="42.862947" lon="2.641028">
        <ele>248.03</ele>
      </trkpt>
      <trkpt lat="42.862965" lon="2.640964">
        <ele>247.35</ele>
      </trkpt>
      <trkpt lat="42.862972" lon="2.6409">
        <ele>246.85</ele>
      </trkpt>
      <trkpt lat="42.862961" lon="2.640825">
        <ele>246.59</ele>
      </trkpt>
      <trkpt lat="42.862857" lon="2.640494">
        <ele>246.33</ele>
      </trkpt>
      <trkpt lat="42.862831" lon="2.640352">
        <ele>246.28</ele>
      </trkpt>
      <trkpt lat="42.862814" lon="2.640103">
        <ele>246.01</ele>
      </trkpt>
      <trkpt lat="42.862741" lon="2.639823">
        <ele>246.38</ele>
      </trkpt>
      <trkpt lat="42.862738" lon="2.639701">
        <ele>246.11</ele>
      </trkpt>
      <trkpt lat="42.862772" lon="2.639622">
        <ele>245.5</ele>
      </trkpt>
      <trkpt lat="42.862898" lon="2.6395">
        <ele>244.02</ele>
      </trkpt>
      <trkpt lat="42.863009" lon="2.639347">
        <ele>243.17</ele>
      </trkpt>
      <trkpt lat="42.86297" lon="2.63919">
        <ele>243.57</ele>
      </trkpt>
      <trkpt lat="42.862925" lon="2.639051">
        <ele>244.13</ele>
      </trkpt>
      <trkpt lat="42.862873" lon="2.638943">
        <ele>244.65</ele>
      </trkpt>
      <trkpt lat="42.862819" lon="2.638861">
        <ele>245.12</ele>
      </trkpt>
      <trkpt lat="42.862772" lon="2.63882">
        <ele>245.48</ele>
      </trkpt>
      <trkpt lat="42.862677" lon="2.638766">
        <ele>246.22</ele>
      </trkpt>
      <trkpt lat="42.862574" lon="2.638642">
        <ele>247.78</ele>
      </trkpt>
      <trkpt lat="42.862521" lon="2.638518">
        <ele>248.86</ele>
      </trkpt>
      <trkpt lat="42.862479" lon="2.638341">
        <ele>250.08</ele>
      </trkpt>
      <trkpt lat="42.862397" lon="2.638235">
        <ele>250.84</ele>
      </trkpt>
      <trkpt lat="42.862322" lon="2.638203">
        <ele>251.11</ele>
      </trkpt>
      <trkpt lat="42.862094" lon="2.637842">
        <ele>253.78</ele>
      </trkpt>
      <trkpt lat="42.861951" lon="2.637662">
        <ele>257.25</ele>
      </trkpt>
      <trkpt lat="42.861844" lon="2.637588">
        <ele>258.96</ele>
      </trkpt>
      <trkpt lat="42.861741" lon="2.637584">
        <ele>259.93</ele>
      </trkpt>
      <trkpt lat="42.861634" lon="2.637603">
        <ele>260.79</ele>
      </trkpt>
      <trkpt lat="42.861421" lon="2.637542">
        <ele>263</ele>
      </trkpt>
      <trkpt lat="42.861329" lon="2.637475">
        <ele>263.97</ele>
      </trkpt>
      <trkpt lat="42.861219" lon="2.637319">
        <ele>267.36</ele>
      </trkpt>
      <trkpt lat="42.861141" lon="2.637209">
        <ele>269.76</ele>
      </trkpt>
      <trkpt lat="42.861062" lon="2.637124">
        <ele>272.13</ele>
      </trkpt>
      <trkpt lat="42.860978" lon="2.637056">
        <ele>274.41</ele>
      </trkpt>
      <trkpt lat="42.860904" lon="2.636952">
        <ele>276.16</ele>
      </trkpt>
      <trkpt lat="42.860772" lon="2.636713">
        <ele>278.8</ele>
      </trkpt>
      <trkpt lat="42.860601" lon="2.636473">
        <ele>282.08</ele>
      </trkpt>
      <trkpt lat="42.860517" lon="2.636341">
        <ele>283.44</ele>
      </trkpt>
      <trkpt lat="42.860208" lon="2.635789">
        <ele>289.49</ele>
      </trkpt>
      <trkpt lat="42.860018" lon="2.635396">
        <ele>292.36</ele>
      </trkpt>
      <trkpt lat="42.85989" lon="2.635228">
        <ele>294.11</ele>
      </trkpt>
      <trkpt lat="42.8596" lon="2.634653">
        <ele>290.95</ele>
      </trkpt>
      <trkpt lat="42.859451" lon="2.63441">
        <ele>285.02</ele>
      </trkpt>
      <trkpt lat="42.859213" lon="2.634088">
        <ele>276.85</ele>
      </trkpt>
      <trkpt lat="42.859109" lon="2.634008">
        <ele>274.63</ele>
      </trkpt>
      <trkpt lat="42.859012" lon="2.633988">
        <ele>273.85</ele>
      </trkpt>
      <trkpt lat="42.858935" lon="2.634022">
        <ele>274.4</ele>
      </trkpt>
      <trkpt lat="42.858832" lon="2.634114">
        <ele>276.28</ele>
      </trkpt>
      <trkpt lat="42.858566" lon="2.634182">
        <ele>276.41</ele>
      </trkpt>
      <trkpt lat="42.858368" lon="2.634348">
        <ele>277.75</ele>
      </trkpt>
      <trkpt lat="42.858311" lon="2.634384">
        <ele>277.73</ele>
      </trkpt>
      <trkpt lat="42.858293" lon="2.634462">
        <ele>278.6</ele>
      </trkpt>
      <trkpt lat="42.858352" lon="2.634624">
        <ele>281.59</ele>
      </trkpt>
      <trkpt lat="42.85836" lon="2.634715">
        <ele>282.66</ele>
      </trkpt>
      <trkpt lat="42.858342" lon="2.634796">
        <ele>283.2</ele>
      </trkpt>
      <trkpt lat="42.858338" lon="2.634868">
        <ele>283.87</ele>
      </trkpt>
      <trkpt lat="42.858362" lon="2.634945">
        <ele>285.09</ele>
      </trkpt>
      <trkpt lat="42.858385" lon="2.634989">
        <ele>285.99</ele>
      </trkpt>
      <trkpt lat="42.858395" lon="2.635061">
        <ele>286.95</ele>
      </trkpt>
      <trkpt lat="42.858389" lon="2.635214">
        <ele>288.48</ele>
      </trkpt>
      <trkpt lat="42.858407" lon="2.6353">
        <ele>289.8</ele>
      </trkpt>
      <trkpt lat="42.858484" lon="2.635466">
        <ele>293.43</ele>
      </trkpt>
      <trkpt lat="42.858517" lon="2.635702">
        <ele>296.51</ele>
      </trkpt>
      <trkpt lat="42.858525" lon="2.635869">
        <ele>298.3</ele>
      </trkpt>
      <trkpt lat="42.858556" lon="2.636059">
        <ele>300.8</ele>
      </trkpt>
      <trkpt lat="42.858562" lon="2.636158">
        <ele>301.87</ele>
      </trkpt>
      <trkpt lat="42.85855" lon="2.636223">
        <ele>302.23</ele>
      </trkpt>
      <trkpt lat="42.858505" lon="2.636335">
        <ele>302.84</ele>
      </trkpt>
      <trkpt lat="42.858488" lon="2.636512">
        <ele>305.45</ele>
      </trkpt>
      <trkpt lat="42.858505" lon="2.63655">
        <ele>306.44</ele>
      </trkpt>
      <trkpt lat="42.858531" lon="2.636561">
        <ele>307.14</ele>
      </trkpt>
      <trkpt lat="42.858556" lon="2.636536">
        <ele>307.26</ele>
      </trkpt>
      <trkpt lat="42.858576" lon="2.636477">
        <ele>306.67</ele>
      </trkpt>
      <trkpt lat="42.858712" lon="2.636182">
        <ele>305.2</ele>
      </trkpt>
      <trkpt lat="42.858837" lon="2.636091">
        <ele>306.82</ele>
      </trkpt>
      <trkpt lat="42.858857" lon="2.636113">
        <ele>307.25</ele>
      </trkpt>
      <trkpt lat="42.858863" lon="2.636201">
        <ele>308.08</ele>
      </trkpt>
      <trkpt lat="42.858886" lon="2.636268">
        <ele>308.96</ele>
      </trkpt>
      <trkpt lat="42.858918" lon="2.636508">
        <ele>313.08</ele>
      </trkpt>
      <trkpt lat="42.858891" lon="2.636582">
        <ele>313.98</ele>
      </trkpt>
      <trkpt lat="42.8588" lon="2.636689">
        <ele>314.8</ele>
      </trkpt>
      <trkpt lat="42.858771" lon="2.636783">
        <ele>315.77</ele>
      </trkpt>
      <trkpt lat="42.858735" lon="2.636963">
        <ele>318.07</ele>
      </trkpt>
      <trkpt lat="42.858743" lon="2.637151">
        <ele>321.42</ele>
      </trkpt>
      <trkpt lat="42.858731" lon="2.637194">
        <ele>321.94</ele>
      </trkpt>
      <trkpt lat="42.858704" lon="2.637239">
        <ele>322.23</ele>
      </trkpt>
      <trkpt lat="42.858668" lon="2.637363">
        <ele>323.84</ele>
      </trkpt>
      <trkpt lat="42.858639" lon="2.637405">
        <ele>324.13</ele>
      </trkpt>
      <trkpt lat="42.858594" lon="2.637438">
        <ele>323.98</ele>
      </trkpt>
      <trkpt lat="42.858568" lon="2.637478">
        <ele>324.35</ele>
      </trkpt>
      <trkpt lat="42.858564" lon="2.637548">
        <ele>325.65</ele>
      </trkpt>
      <trkpt lat="42.858548" lon="2.637591">
        <ele>326.26</ele>
      </trkpt>
      <trkpt lat="42.858566" lon="2.637735">
        <ele>329.36</ele>
      </trkpt>
      <trkpt lat="42.858535" lon="2.637969">
        <ele>333.55</ele>
      </trkpt>
      <trkpt lat="42.858515" lon="2.638004">
        <ele>333.99</ele>
      </trkpt>
      <trkpt lat="42.85843" lon="2.638041">
        <ele>334</ele>
      </trkpt>
      <trkpt lat="42.858414" lon="2.638071">
        <ele>334.53</ele>
      </trkpt>
      <trkpt lat="42.858372" lon="2.638151">
        <ele>335.95</ele>
      </trkpt>
      <trkpt lat="42.85833" lon="2.638197">
        <ele>336.79</ele>
      </trkpt>
      <trkpt lat="42.858236" lon="2.638234">
        <ele>337.36</ele>
      </trkpt>
      <trkpt lat="42.858197" lon="2.638277">
        <ele>338.38</ele>
      </trkpt>
      <trkpt lat="42.858155" lon="2.638285">
        <ele>338.52</ele>
      </trkpt>
      <trkpt lat="42.858049" lon="2.638412">
        <ele>342.2</ele>
      </trkpt>
      <trkpt lat="42.85797" lon="2.638521">
        <ele>345.89</ele>
      </trkpt>
      <trkpt lat="42.857892" lon="2.638591">
        <ele>348.71</ele>
      </trkpt>
      <trkpt lat="42.857771" lon="2.638663">
        <ele>351.91</ele>
      </trkpt>
      <trkpt lat="42.85756" lon="2.638736">
        <ele>355.81</ele>
      </trkpt>
      <trkpt lat="42.857185" lon="2.639034">
        <ele>366.69</ele>
      </trkpt>
      <trkpt lat="42.857057" lon="2.639054">
        <ele>369.06</ele>
      </trkpt>
      <trkpt lat="42.857001" lon="2.639022">
        <ele>369</ele>
      </trkpt>
      <trkpt lat="42.856922" lon="2.638998">
        <ele>369.53</ele>
      </trkpt>
      <trkpt lat="42.856825" lon="2.639016">
        <ele>371.5</ele>
      </trkpt>
      <trkpt lat="42.856622" lon="2.639121">
        <ele>377.63</ele>
      </trkpt>
      <trkpt lat="42.856457" lon="2.639208">
        <ele>382.71</ele>
      </trkpt>
      <trkpt lat="42.856288" lon="2.639359">
        <ele>390.25</ele>
      </trkpt>
      <trkpt lat="42.85607" lon="2.639307">
        <ele>395.54</ele>
      </trkpt>
      <trkpt lat="42.85604" lon="2.639316">
        <ele>396.71</ele>
      </trkpt>
      <trkpt lat="42.855963" lon="2.639338">
        <ele>399.7</ele>
      </trkpt>
      <trkpt lat="42.855576" lon="2.639325">
        <ele>411.47</ele>
      </trkpt>
      <trkpt lat="42.855452" lon="2.639302">
        <ele>415.08</ele>
      </trkpt>
      <trkpt lat="42.855284" lon="2.639232">
        <ele>420.67</ele>
      </trkpt>
      <trkpt lat="42.85519" lon="2.639262">
        <ele>425.24</ele>
      </trkpt>
      <trkpt lat="42.85513" lon="2.639323">
        <ele>428.95</ele>
      </trkpt>
      <trkpt lat="42.854994" lon="2.639392">
        <ele>435.79</ele>
      </trkpt>
      <trkpt lat="42.854781" lon="2.639422">
        <ele>444.93</ele>
      </trkpt>
      <trkpt lat="42.854696" lon="2.639327">
        <ele>447.08</ele>
      </trkpt>
      <trkpt lat="42.854628" lon="2.639218">
        <ele>448.6</ele>
      </trkpt>
      <trkpt lat="42.854533" lon="2.639148">
        <ele>452.61</ele>
      </trkpt>
      <trkpt lat="42.85425" lon="2.639054">
        <ele>466.12</ele>
      </trkpt>
      <trkpt lat="42.854197" lon="2.639036">
        <ele>468.64</ele>
      </trkpt>
      <trkpt lat="42.853989" lon="2.638902">
        <ele>477.97</ele>
      </trkpt>
      <trkpt lat="42.853915" lon="2.638875">
        <ele>481.53</ele>
      </trkpt>
      <trkpt lat="42.853804" lon="2.638715">
        <ele>485.92</ele>
      </trkpt>
      <trkpt lat="42.853681" lon="2.638469">
        <ele>489.89</ele>
      </trkpt>
      <trkpt lat="42.853584" lon="2.638309">
        <ele>492.87</ele>
      </trkpt>
      <trkpt lat="42.853527" lon="2.638177">
        <ele>494.22</ele>
      </trkpt>
      <trkpt lat="42.853499" lon="2.638077">
        <ele>494.55</ele>
      </trkpt>
      <trkpt lat="42.853489" lon="2.637883">
        <ele>493.63</ele>
      </trkpt>
      <trkpt lat="42.853474" lon="2.637742">
        <ele>493.52</ele>
      </trkpt>
      <trkpt lat="42.853434" lon="2.6376">
        <ele>494</ele>
      </trkpt>
      <trkpt lat="42.853343" lon="2.637396">
        <ele>495.16</ele>
      </trkpt>
      <trkpt lat="42.853295" lon="2.637244">
        <ele>495.06</ele>
      </trkpt>
      <trkpt lat="42.853282" lon="2.637147">
        <ele>494.48</ele>
      </trkpt>
      <trkpt lat="42.853286" lon="2.636992">
        <ele>492.52</ele>
      </trkpt>
      <trkpt lat="42.853268" lon="2.636943">
        <ele>492.19</ele>
      </trkpt>
      <trkpt lat="42.85323" lon="2.636925">
        <ele>492.62</ele>
      </trkpt>
      <trkpt lat="42.853143" lon="2.636948">
        <ele>494.52</ele>
      </trkpt>
      <trkpt lat="42.853042" lon="2.637016">
        <ele>497.36</ele>
      </trkpt>
      <trkpt lat="42.852941" lon="2.637147">
        <ele>502.15</ele>
      </trkpt>
      <trkpt lat="42.852894" lon="2.63725">
        <ele>505.83</ele>
      </trkpt>
      <trkpt lat="42.852876" lon="2.637331">
        <ele>507.92</ele>
      </trkpt>
      <trkpt lat="42.852853" lon="2.637551">
        <ele>512.45</ele>
      </trkpt>
      <trkpt lat="42.852807" lon="2.63788">
        <ele>519.69</ele>
      </trkpt>
      <trkpt lat="42.852781" lon="2.638062">
        <ele>523.69</ele>
      </trkpt>
      <trkpt lat="42.852813" lon="2.638291">
        <ele>525.06</ele>
      </trkpt>
      <trkpt lat="42.852857" lon="2.638402">
        <ele>524.31</ele>
      </trkpt>
      <trkpt lat="42.852904" lon="2.638548">
        <ele>523.83</ele>
      </trkpt>
      <trkpt lat="42.852853" lon="2.639179">
        <ele>532.65</ele>
      </trkpt>
      <trkpt lat="42.852866" lon="2.639382">
        <ele>533.67</ele>
      </trkpt>
      <trkpt lat="42.852911" lon="2.639661">
        <ele>534.52</ele>
      </trkpt>
      <trkpt lat="42.85298" lon="2.63987">
        <ele>537.02</ele>
      </trkpt>
      <trkpt lat="42.853193" lon="2.64036">
        <ele>540.31</ele>
      </trkpt>
      <trkpt lat="42.853201" lon="2.640401">
        <ele>540.97</ele>
      </trkpt>
      <trkpt lat="42.853183" lon="2.640427">
        <ele>542.71</ele>
      </trkpt>
      <trkpt lat="42.853143" lon="2.640411">
        <ele>544.53</ele>
      </trkpt>
      <trkpt lat="42.853049" lon="2.64028">
        <ele>546.05</ele>
      </trkpt>
      <trkpt lat="42.852935" lon="2.640155">
        <ele>548.08</ele>
      </trkpt>
      <trkpt lat="42.852612" lon="2.639754">
        <ele>556.98</ele>
      </trkpt>
      <trkpt lat="42.85233" lon="2.639403">
        <ele>564.77</ele>
      </trkpt>
      <trkpt lat="42.852167" lon="2.639168">
        <ele>570.27</ele>
      </trkpt>
      <trkpt lat="42.851996" lon="2.638775">
        <ele>567.82</ele>
      </trkpt>
      <trkpt lat="42.851709" lon="2.638264">
        <ele>569.18</ele>
      </trkpt>
      <trkpt lat="42.851581" lon="2.638097">
        <ele>571.77</ele>
      </trkpt>
      <trkpt lat="42.851201" lon="2.637685">
        <ele>577.88</ele>
      </trkpt>
      <trkpt lat="42.851053" lon="2.637475">
        <ele>577.45</ele>
      </trkpt>
      <trkpt lat="42.850966" lon="2.637399">
        <ele>577.88</ele>
      </trkpt>
      <trkpt lat="42.850906" lon="2.637419">
        <ele>578.12</ele>
      </trkpt>
      <trkpt lat="42.850849" lon="2.637484">
        <ele>578.04</ele>
      </trkpt>
      <trkpt lat="42.850827" lon="2.637666">
        <ele>577.01</ele>
      </trkpt>
      <trkpt lat="42.850803" lon="2.638071">
        <ele>574.54</ele>
      </trkpt>
      <trkpt lat="42.850745" lon="2.63833">
        <ele>572.52</ele>
      </trkpt>
      <trkpt lat="42.850695" lon="2.638598">
        <ele>570.25</ele>
      </trkpt>
      <trkpt lat="42.850665" lon="2.638616">
        <ele>569.62</ele>
      </trkpt>
      <trkpt lat="42.850639" lon="2.638591">
        <ele>569.33</ele>
      </trkpt>
      <trkpt lat="42.850619" lon="2.638536">
        <ele>569.37</ele>
      </trkpt>
      <trkpt lat="42.850606" lon="2.638359">
        <ele>570.36</ele>
      </trkpt>
      <trkpt lat="42.850555" lon="2.638072">
        <ele>571.77</ele>
      </trkpt>
      <trkpt lat="42.850518" lon="2.637976">
        <ele>572.13</ele>
      </trkpt>
      <trkpt lat="42.850455" lon="2.637872">
        <ele>572.6</ele>
      </trkpt>
      <trkpt lat="42.850348" lon="2.63776">
        <ele>571.96</ele>
      </trkpt>
      <trkpt lat="42.850166" lon="2.637649">
        <ele>569.75</ele>
      </trkpt>
      <trkpt lat="42.849985" lon="2.637632">
        <ele>566.06</ele>
      </trkpt>
      <trkpt lat="42.849821" lon="2.637588">
        <ele>563.23</ele>
      </trkpt>
      <trkpt lat="42.849666" lon="2.637477">
        <ele>561.85</ele>
      </trkpt>
      <trkpt lat="42.849515" lon="2.637334">
        <ele>561.43</ele>
      </trkpt>
      <trkpt lat="42.849303" lon="2.637092">
        <ele>561.62</ele>
      </trkpt>
      <trkpt lat="42.848947" lon="2.636722">
        <ele>557.07</ele>
      </trkpt>
      <trkpt lat="42.848624" lon="2.636369">
        <ele>553.26</ele>
      </trkpt>
      <trkpt lat="42.848555" lon="2.636263">
        <ele>552.79</ele>
      </trkpt>
      <trkpt lat="42.848473" lon="2.636165">
        <ele>551.13</ele>
      </trkpt>
      <trkpt lat="42.848413" lon="2.63614">
        <ele>550.23</ele>
      </trkpt>
      <trkpt lat="42.848262" lon="2.636119">
        <ele>548.3</ele>
      </trkpt>
      <trkpt lat="42.84816" lon="2.636035">
        <ele>545.82</ele>
      </trkpt>
      <trkpt lat="42.848069" lon="2.635992">
        <ele>543.9</ele>
      </trkpt>
      <trkpt lat="42.847925" lon="2.635962">
        <ele>541.85</ele>
      </trkpt>
      <trkpt lat="42.847496" lon="2.635898">
        <ele>538.88</ele>
      </trkpt>
      <trkpt lat="42.847407" lon="2.635939">
        <ele>539.41</ele>
      </trkpt>
      <trkpt lat="42.847276" lon="2.636056">
        <ele>541.51</ele>
      </trkpt>
      <trkpt lat="42.847189" lon="2.636155">
        <ele>543.46</ele>
      </trkpt>
      <trkpt lat="42.847045" lon="2.636244">
        <ele>544.43</ele>
      </trkpt>
      <trkpt lat="42.846933" lon="2.636267">
        <ele>543.87</ele>
      </trkpt>
      <trkpt lat="42.846726" lon="2.636328">
        <ele>542.12</ele>
      </trkpt>
      <trkpt lat="42.846645" lon="2.636336">
        <ele>541.32</ele>
      </trkpt>
      <trkpt lat="42.84652" lon="2.636321">
        <ele>540.05</ele>
      </trkpt>
      <trkpt lat="42.846441" lon="2.636299">
        <ele>539.28</ele>
      </trkpt>
      <trkpt lat="42.846379" lon="2.636265">
        <ele>538.52</ele>
      </trkpt>
      <trkpt lat="42.846342" lon="2.63618">
        <ele>536.44</ele>
      </trkpt>
      <trkpt lat="42.846351" lon="2.636101">
        <ele>534.89</ele>
      </trkpt>
      <trkpt lat="42.846376" lon="2.635995">
        <ele>532.94</ele>
      </trkpt>
      <trkpt lat="42.846447" lon="2.635877">
        <ele>531.11</ele>
      </trkpt>
      <trkpt lat="42.846509" lon="2.635812">
        <ele>530.27</ele>
      </trkpt>
      <trkpt lat="42.846571" lon="2.635772">
        <ele>529.94</ele>
      </trkpt>
      <trkpt lat="42.846738" lon="2.635705">
        <ele>529.86</ele>
      </trkpt>
      <trkpt lat="42.846895" lon="2.635685">
        <ele>530.66</ele>
      </trkpt>
      <trkpt lat="42.847078" lon="2.635646">
        <ele>531.22</ele>
      </trkpt>
      <trkpt lat="42.847234" lon="2.635559">
        <ele>530.23</ele>
      </trkpt>
      <trkpt lat="42.847403" lon="2.635505">
        <ele>530</ele>
      </trkpt>
      <trkpt lat="42.847772" lon="2.635442">
        <ele>530.97</ele>
      </trkpt>
      <trkpt lat="42.847967" lon="2.6354">
        <ele>531.9</ele>
      </trkpt>
      <trkpt lat="42.8481" lon="2.635355">
        <ele>534.98</ele>
      </trkpt>
      <trkpt lat="42.848154" lon="2.635304">
        <ele>536.32</ele>
      </trkpt>
      <trkpt lat="42.848191" lon="2.635199">
        <ele>537.26</ele>
      </trkpt>
      <trkpt lat="42.84822" lon="2.635036">
        <ele>538.12</ele>
      </trkpt>
      <trkpt lat="42.848225" lon="2.63493">
        <ele>538.32</ele>
      </trkpt>
      <trkpt lat="42.8482" lon="2.634734">
        <ele>537.7</ele>
      </trkpt>
      <trkpt lat="42.848119" lon="2.634358">
        <ele>538.23</ele>
      </trkpt>
      <trkpt lat="42.848031" lon="2.633747">
        <ele>543.4</ele>
      </trkpt>
      <trkpt lat="42.847999" lon="2.633573">
        <ele>544</ele>
      </trkpt>
      <trkpt lat="42.847951" lon="2.633477">
        <ele>543.59</ele>
      </trkpt>
      <trkpt lat="42.847836" lon="2.633339">
        <ele>542.15</ele>
      </trkpt>
      <trkpt lat="42.847754" lon="2.633155">
        <ele>542.24</ele>
      </trkpt>
      <trkpt lat="42.847734" lon="2.633108">
        <ele>542.26</ele>
      </trkpt>
      <trkpt lat="42.847668" lon="2.632798">
        <ele>543.96</ele>
      </trkpt>
      <trkpt lat="42.847622" lon="2.632552">
        <ele>545.31</ele>
      </trkpt>
      <trkpt lat="42.84759" lon="2.632303">
        <ele>547.05</ele>
      </trkpt>
      <trkpt lat="42.847611" lon="2.631956">
        <ele>550.7</ele>
      </trkpt>
      <trkpt lat="42.847618" lon="2.631268">
        <ele>558.77</ele>
      </trkpt>
      <trkpt lat="42.847566" lon="2.630015">
        <ele>575.73</ele>
      </trkpt>
      <trkpt lat="42.847563" lon="2.629577">
        <ele>581.26</ele>
      </trkpt>
      <trkpt lat="42.84758" lon="2.629373">
        <ele>583.49</ele>
      </trkpt>
      <trkpt lat="42.847623" lon="2.629156">
        <ele>585.53</ele>
      </trkpt>
      <trkpt lat="42.847687" lon="2.628985">
        <ele>586.81</ele>
      </trkpt>
      <trkpt lat="42.847823" lon="2.628767">
        <ele>587.85</ele>
      </trkpt>
      <trkpt lat="42.847835" lon="2.628699">
        <ele>588.13</ele>
      </trkpt>
      <trkpt lat="42.847817" lon="2.628624">
        <ele>588.85</ele>
      </trkpt>
      <trkpt lat="42.847767" lon="2.62856">
        <ele>589.89</ele>
      </trkpt>
      <trkpt lat="42.847681" lon="2.628524">
        <ele>591.23</ele>
      </trkpt>
      <trkpt lat="42.84758" lon="2.628536">
        <ele>592.41</ele>
      </trkpt>
      <trkpt lat="42.84741" lon="2.628622">
        <ele>593.9</ele>
      </trkpt>
      <trkpt lat="42.847232" lon="2.628731">
        <ele>595.25</ele>
      </trkpt>
      <trkpt lat="42.846985" lon="2.628975">
        <ele>593.23</ele>
      </trkpt>
      <trkpt lat="42.846758" lon="2.629112">
        <ele>591.23</ele>
      </trkpt>
      <trkpt lat="42.8465" lon="2.629327">
        <ele>588.98</ele>
      </trkpt>
      <trkpt lat="42.846393" lon="2.629439">
        <ele>588.07</ele>
      </trkpt>
      <trkpt lat="42.846306" lon="2.629584">
        <ele>587.09</ele>
      </trkpt>
      <trkpt lat="42.846208" lon="2.629713">
        <ele>584.09</ele>
      </trkpt>
      <trkpt lat="42.846114" lon="2.629751">
        <ele>581.66</ele>
      </trkpt>
      <trkpt lat="42.846045" lon="2.6297">
        <ele>580.24</ele>
      </trkpt>
      <trkpt lat="42.846037" lon="2.629576">
        <ele>580.69</ele>
      </trkpt>
      <trkpt lat="42.846042" lon="2.629416">
        <ele>581.77</ele>
      </trkpt>
      <trkpt lat="42.845852" lon="2.628725">
        <ele>581.06</ele>
      </trkpt>
      <trkpt lat="42.845766" lon="2.628483">
        <ele>579.08</ele>
      </trkpt>
      <trkpt lat="42.845742" lon="2.628284">
        <ele>578.66</ele>
      </trkpt>
      <trkpt lat="42.845764" lon="2.628071">
        <ele>579.17</ele>
      </trkpt>
      <trkpt lat="42.845826" lon="2.627871">
        <ele>580.05</ele>
      </trkpt>
      <trkpt lat="42.845858" lon="2.627715">
        <ele>579.95</ele>
      </trkpt>
      <trkpt lat="42.845892" lon="2.627488">
        <ele>579.62</ele>
      </trkpt>
      <trkpt lat="42.845921" lon="2.626989">
        <ele>577.75</ele>
      </trkpt>
      <trkpt lat="42.845942" lon="2.626762">
        <ele>576.5</ele>
      </trkpt>
      <trkpt lat="42.846135" lon="2.625886">
        <ele>577.07</ele>
      </trkpt>
      <trkpt lat="42.846139" lon="2.625588">
        <ele>577.43</ele>
      </trkpt>
      <trkpt lat="42.84609" lon="2.625242">
        <ele>577.39</ele>
      </trkpt>
      <trkpt lat="42.84595" lon="2.624683">
        <ele>577.05</ele>
      </trkpt>
      <trkpt lat="42.845904" lon="2.624526">
        <ele>576.62</ele>
      </trkpt>
      <trkpt lat="42.845662" lon="2.624091">
        <ele>574.35</ele>
      </trkpt>
      <trkpt lat="42.845285" lon="2.623455">
        <ele>571.65</ele>
      </trkpt>
      <trkpt lat="42.845045" lon="2.62303">
        <ele>570.82</ele>
      </trkpt>
      <trkpt lat="42.844977" lon="2.622896">
        <ele>570.91</ele>
      </trkpt>
      <trkpt lat="42.844915" lon="2.622771">
        <ele>570.98</ele>
      </trkpt>
      <trkpt lat="42.844348" lon="2.621874">
        <ele>573.88</ele>
      </trkpt>
      <trkpt lat="42.84419" lon="2.621682">
        <ele>574.08</ele>
      </trkpt>
      <trkpt lat="42.844069" lon="2.621549">
        <ele>574.94</ele>
      </trkpt>
      <trkpt lat="42.843726" lon="2.621103">
        <ele>581.45</ele>
      </trkpt>
      <trkpt lat="42.843608" lon="2.620976">
        <ele>583.71</ele>
      </trkpt>
      <trkpt lat="42.843497" lon="2.620889">
        <ele>585.59</ele>
      </trkpt>
      <trkpt lat="42.84338" lon="2.620762">
        <ele>588.41</ele>
      </trkpt>
      <trkpt lat="42.843248" lon="2.620636">
        <ele>591.62</ele>
      </trkpt>
      <trkpt lat="42.843137" lon="2.620585">
        <ele>593.47</ele>
      </trkpt>
      <trkpt lat="42.843023" lon="2.620565">
        <ele>594.83</ele>
      </trkpt>
      <trkpt lat="42.842888" lon="2.620572">
        <ele>595.67</ele>
      </trkpt>
      <trkpt lat="42.842724" lon="2.620604">
        <ele>596.13</ele>
      </trkpt>
      <trkpt lat="42.842325" lon="2.620586">
        <ele>599.23</ele>
      </trkpt>
      <trkpt lat="42.842141" lon="2.620612">
        <ele>600.06</ele>
      </trkpt>
      <trkpt lat="42.841827" lon="2.62073">
        <ele>598.22</ele>
      </trkpt>
      <trkpt lat="42.841651" lon="2.620773">
        <ele>597.58</ele>
      </trkpt>
      <trkpt lat="42.841528" lon="2.620735">
        <ele>598.25</ele>
      </trkpt>
      <trkpt lat="42.841405" lon="2.620676">
        <ele>599.24</ele>
      </trkpt>
      <trkpt lat="42.841035" lon="2.620453">
        <ele>606.02</ele>
      </trkpt>
      <trkpt lat="42.840942" lon="2.620458">
        <ele>607.06</ele>
      </trkpt>
      <trkpt lat="42.840831" lon="2.620535">
        <ele>607.23</ele>
      </trkpt>
      <trkpt lat="42.840528" lon="2.620816">
        <ele>606.87</ele>
      </trkpt>
      <trkpt lat="42.840364" lon="2.620954">
        <ele>604.98</ele>
      </trkpt>
      <trkpt lat="42.840203" lon="2.62104">
        <ele>603.39</ele>
      </trkpt>
      <trkpt lat="42.840017" lon="2.621094">
        <ele>602.46</ele>
      </trkpt>
      <trkpt lat="42.839848" lon="2.621122">
        <ele>602.02</ele>
      </trkpt>
      <trkpt lat="42.839669" lon="2.621141">
        <ele>601.73</ele>
      </trkpt>
      <trkpt lat="42.83945" lon="2.621139">
        <ele>599.06</ele>
      </trkpt>
      <trkpt lat="42.839391" lon="2.621153">
        <ele>598.47</ele>
      </trkpt>
      <trkpt lat="42.839077" lon="2.621231">
        <ele>595.32</ele>
      </trkpt>
      <trkpt lat="42.83917" lon="2.621076">
        <ele>594.36</ele>
      </trkpt>
      <trkpt lat="42.839379" lon="2.620662">
        <ele>594.06</ele>
      </trkpt>
      <trkpt lat="42.839529" lon="2.620334">
        <ele>594.9</ele>
      </trkpt>
      <trkpt lat="42.839573" lon="2.620284">
        <ele>595.46</ele>
      </trkpt>
      <trkpt lat="42.83961" lon="2.620151">
        <ele>594.49</ele>
      </trkpt>
      <trkpt lat="42.839637" lon="2.619993">
        <ele>592.96</ele>
      </trkpt>
      <trkpt lat="42.839694" lon="2.619861">
        <ele>592.63</ele>
      </trkpt>
      <trkpt lat="42.839746" lon="2.619651">
        <ele>591.44</ele>
      </trkpt>
      <trkpt lat="42.839852" lon="2.619469">
        <ele>591.74</ele>
      </trkpt>
      <trkpt lat="42.839933" lon="2.619374">
        <ele>592.68</ele>
      </trkpt>
      <trkpt lat="42.84" lon="2.619339">
        <ele>594.49</ele>
      </trkpt>
      <trkpt lat="42.840082" lon="2.619267">
        <ele>596.11</ele>
      </trkpt>
      <trkpt lat="42.840102" lon="2.61923">
        <ele>596.11</ele>
      </trkpt>
      <trkpt lat="42.840142" lon="2.619154">
        <ele>596.1</ele>
      </trkpt>
      <trkpt lat="42.840325" lon="2.618954">
        <ele>599.41</ele>
      </trkpt>
      <trkpt lat="42.840426" lon="2.61889">
        <ele>602.24</ele>
      </trkpt>
      <trkpt lat="42.840618" lon="2.618695">
        <ele>603.55</ele>
      </trkpt>
      <trkpt lat="42.840657" lon="2.618624">
        <ele>603.03</ele>
      </trkpt>
      <trkpt lat="42.840738" lon="2.618555">
        <ele>603.44</ele>
      </trkpt>
      <trkpt lat="42.840827" lon="2.618463">
        <ele>603.64</ele>
      </trkpt>
      <trkpt lat="42.840903" lon="2.618477">
        <ele>605.51</ele>
      </trkpt>
      <trkpt lat="42.840976" lon="2.618462">
        <ele>606.79</ele>
      </trkpt>
      <trkpt lat="42.841058" lon="2.61847">
        <ele>608.68</ele>
      </trkpt>
      <trkpt lat="42.841243" lon="2.618541">
        <ele>613.81</ele>
      </trkpt>
      <trkpt lat="42.841315" lon="2.61866">
        <ele>617.05</ele>
      </trkpt>
      <trkpt lat="42.841401" lon="2.618705">
        <ele>616.83</ele>
      </trkpt>
      <trkpt lat="42.841418" lon="2.618838">
        <ele>617.48</ele>
      </trkpt>
      <trkpt lat="42.841515" lon="2.618907">
        <ele>616.26</ele>
      </trkpt>
      <trkpt lat="42.84155" lon="2.618997">
        <ele>615.65</ele>
      </trkpt>
      <trkpt lat="42.841648" lon="2.619058">
        <ele>614.72</ele>
      </trkpt>
      <trkpt lat="42.841723" lon="2.61915">
        <ele>614.05</ele>
      </trkpt>
      <trkpt lat="42.841713" lon="2.619252">
        <ele>613.98</ele>
      </trkpt>
      <trkpt lat="42.841768" lon="2.619367">
        <ele>613.61</ele>
      </trkpt>
      <trkpt lat="42.84179" lon="2.619506">
        <ele>613.46</ele>
      </trkpt>
      <trkpt lat="42.841878" lon="2.619539">
        <ele>613.28</ele>
      </trkpt>
      <trkpt lat="42.842066" lon="2.61952">
        <ele>612.86</ele>
      </trkpt>
      <trkpt lat="42.842189" lon="2.619585">
        <ele>612.1</ele>
      </trkpt>
      <trkpt lat="42.842276" lon="2.619575">
        <ele>610.57</ele>
      </trkpt>
      <trkpt lat="42.842359" lon="2.619516">
        <ele>608.8</ele>
      </trkpt>
      <trkpt lat="42.842522" lon="2.6196">
        <ele>606.57</ele>
      </trkpt>
      <trkpt lat="42.842594" lon="2.619587">
        <ele>605.24</ele>
      </trkpt>
      <trkpt lat="42.842667" lon="2.619592">
        <ele>604.04</ele>
      </trkpt>
      <trkpt lat="42.84275" lon="2.619556">
        <ele>602.26</ele>
      </trkpt>
      <trkpt lat="42.842839" lon="2.619649">
        <ele>601.13</ele>
      </trkpt>
      <trkpt lat="42.842958" lon="2.619699">
        <ele>599.13</ele>
      </trkpt>
      <trkpt lat="42.843017" lon="2.619692">
        <ele>598.25</ele>
      </trkpt>
      <trkpt lat="42.843078" lon="2.61973">
        <ele>597.32</ele>
      </trkpt>
      <trkpt lat="42.843263" lon="2.619741">
        <ele>594.61</ele>
      </trkpt>
      <trkpt lat="42.843335" lon="2.619715">
        <ele>593.52</ele>
      </trkpt>
      <trkpt lat="42.843382" lon="2.619613">
        <ele>592.66</ele>
      </trkpt>
      <trkpt lat="42.843384" lon="2.619482">
        <ele>590.5</ele>
      </trkpt>
      <trkpt lat="42.843437" lon="2.61938">
        <ele>587.78</ele>
      </trkpt>
      <trkpt lat="42.843438" lon="2.619292">
        <ele>586.21</ele>
      </trkpt>
      <trkpt lat="42.843482" lon="2.61923">
        <ele>584.23</ele>
      </trkpt>
      <trkpt lat="42.84343" lon="2.618926">
        <ele>579.83</ele>
      </trkpt>
      <trkpt lat="42.843443" lon="2.6188">
        <ele>577.29</ele>
      </trkpt>
      <trkpt lat="42.843411" lon="2.618559">
        <ele>571.34</ele>
      </trkpt>
      <trkpt lat="42.843343" lon="2.618287">
        <ele>564.83</ele>
      </trkpt>
      <trkpt lat="42.843353" lon="2.618247">
        <ele>563.45</ele>
      </trkpt>
      <trkpt lat="42.843387" lon="2.618106">
        <ele>558.57</ele>
      </trkpt>
      <trkpt lat="42.843441" lon="2.617962">
        <ele>553.24</ele>
      </trkpt>
      <trkpt lat="42.843443" lon="2.61783">
        <ele>549.03</ele>
      </trkpt>
      <trkpt lat="42.843468" lon="2.617718">
        <ele>544.94</ele>
      </trkpt>
      <trkpt lat="42.843563" lon="2.617523">
        <ele>537.01</ele>
      </trkpt>
      <trkpt lat="42.843577" lon="2.617393">
        <ele>532.67</ele>
      </trkpt>
      <trkpt lat="42.843554" lon="2.617269">
        <ele>529.16</ele>
      </trkpt>
      <trkpt lat="42.843589" lon="2.61719">
        <ele>526.11</ele>
      </trkpt>
      <trkpt lat="42.843574" lon="2.617017">
        <ele>521.13</ele>
      </trkpt>
      <trkpt lat="42.843578" lon="2.616632">
        <ele>509.75</ele>
      </trkpt>
      <trkpt lat="42.843566" lon="2.616563">
        <ele>507.84</ele>
      </trkpt>
      <trkpt lat="42.84352" lon="2.616545">
        <ele>507.69</ele>
      </trkpt>
      <trkpt lat="42.843511" lon="2.616484">
        <ele>505.91</ele>
      </trkpt>
      <trkpt lat="42.843491" lon="2.616469">
        <ele>505.59</ele>
      </trkpt>
      <trkpt lat="42.84349" lon="2.61632">
        <ele>501.06</ele>
      </trkpt>
      <trkpt lat="42.843467" lon="2.616103">
        <ele>495.38</ele>
      </trkpt>
      <trkpt lat="42.843523" lon="2.615981">
        <ele>492.2</ele>
      </trkpt>
      <trkpt lat="42.843542" lon="2.615743">
        <ele>486.29</ele>
      </trkpt>
      <trkpt lat="42.843593" lon="2.615608">
        <ele>483.12</ele>
      </trkpt>
      <trkpt lat="42.843618" lon="2.615159">
        <ele>474.9</ele>
      </trkpt>
      <trkpt lat="42.843499" lon="2.614912">
        <ele>469.14</ele>
      </trkpt>
      <trkpt lat="42.843462" lon="2.614729">
        <ele>465.09</ele>
      </trkpt>
      <trkpt lat="42.843444" lon="2.614532">
        <ele>461.27</ele>
      </trkpt>
      <trkpt lat="42.843471" lon="2.614461">
        <ele>460.92</ele>
      </trkpt>
      <trkpt lat="42.843393" lon="2.61417">
        <ele>454.57</ele>
      </trkpt>
      <trkpt lat="42.843446" lon="2.613992">
        <ele>453.51</ele>
      </trkpt>
      <trkpt lat="42.843449" lon="2.613861">
        <ele>451.7</ele>
      </trkpt>
      <trkpt lat="42.843469" lon="2.613844">
        <ele>452.1</ele>
      </trkpt>
      <trkpt lat="42.843845" lon="2.614106">
        <ele>464.03</ele>
      </trkpt>
      <trkpt lat="42.843803" lon="2.613296">
        <ele>452.77</ele>
      </trkpt>
      <trkpt lat="42.843885" lon="2.612903">
        <ele>441.65</ele>
      </trkpt>
      <trkpt lat="42.843931" lon="2.61285">
        <ele>438.11</ele>
      </trkpt>
      <trkpt lat="42.84391" lon="2.61269">
        <ele>434.48</ele>
      </trkpt>
      <trkpt lat="42.84395" lon="2.612384">
        <ele>424.36</ele>
      </trkpt>
      <trkpt lat="42.843923" lon="2.612277">
        <ele>422.28</ele>
      </trkpt>
      <trkpt lat="42.843897" lon="2.612176">
        <ele>420.3</ele>
      </trkpt>
      <trkpt lat="42.843902" lon="2.611959">
        <ele>413.19</ele>
      </trkpt>
      <trkpt lat="42.843872" lon="2.611796">
        <ele>408.42</ele>
      </trkpt>
      <trkpt lat="42.843949" lon="2.611751">
        <ele>405.09</ele>
      </trkpt>
      <trkpt lat="42.843996" lon="2.6117">
        <ele>402.38</ele>
      </trkpt>
      <trkpt lat="42.844078" lon="2.611709">
        <ele>400.84</ele>
      </trkpt>
      <trkpt lat="42.844095" lon="2.611613">
        <ele>397.65</ele>
      </trkpt>
      <trkpt lat="42.844181" lon="2.611571">
        <ele>394.81</ele>
      </trkpt>
      <trkpt lat="42.844186" lon="2.611479">
        <ele>392.19</ele>
      </trkpt>
      <trkpt lat="42.844308" lon="2.611358">
        <ele>387.19</ele>
      </trkpt>
      <trkpt lat="42.844321" lon="2.61131">
        <ele>385.85</ele>
      </trkpt>
      <trkpt lat="42.844333" lon="2.61109">
        <ele>378.77</ele>
      </trkpt>
      <trkpt lat="42.844359" lon="2.610922">
        <ele>373</ele>
      </trkpt>
      <trkpt lat="42.844396" lon="2.61078">
        <ele>368.09</ele>
      </trkpt>
      <trkpt lat="42.844459" lon="2.610736">
        <ele>366.24</ele>
      </trkpt>
      <trkpt lat="42.844474" lon="2.610671">
        <ele>364.06</ele>
      </trkpt>
      <trkpt lat="42.844556" lon="2.610441">
        <ele>356.49</ele>
      </trkpt>
      <trkpt lat="42.844627" lon="2.610123">
        <ele>348.56</ele>
      </trkpt>
      <trkpt lat="42.844654" lon="2.610036">
        <ele>346.54</ele>
      </trkpt>
      <trkpt lat="42.844681" lon="2.610011">
        <ele>346.15</ele>
      </trkpt>
      <trkpt lat="42.844773" lon="2.609878">
        <ele>343.74</ele>
      </trkpt>
      <trkpt lat="42.844773" lon="2.609848">
        <ele>343.03</ele>
      </trkpt>
      <trkpt lat="42.844754" lon="2.609795">
        <ele>341.59</ele>
      </trkpt>
      <trkpt lat="42.844762" lon="2.609741">
        <ele>340.37</ele>
      </trkpt>
      <trkpt lat="42.844802" lon="2.609706">
        <ele>339.86</ele>
      </trkpt>
      <trkpt lat="42.844853" lon="2.609687">
        <ele>339.84</ele>
      </trkpt>
      <trkpt lat="42.844809" lon="2.609645">
        <ele>338.45</ele>
      </trkpt>
      <trkpt lat="42.844756" lon="2.609612">
        <ele>337.23</ele>
      </trkpt>
      <trkpt lat="42.844733" lon="2.609571">
        <ele>335.95</ele>
      </trkpt>
      <trkpt lat="42.844739" lon="2.609528">
        <ele>334.84</ele>
      </trkpt>
      <trkpt lat="42.844767" lon="2.609517">
        <ele>334.78</ele>
      </trkpt>
      <trkpt lat="42.844815" lon="2.609473">
        <ele>333.97</ele>
      </trkpt>
      <trkpt lat="42.844831" lon="2.609434">
        <ele>333.03</ele>
      </trkpt>
      <trkpt lat="42.84484" lon="2.60936">
        <ele>331.09</ele>
      </trkpt>
      <trkpt lat="42.844835" lon="2.60928">
        <ele>328.87</ele>
      </trkpt>
      <trkpt lat="42.84485" lon="2.609233">
        <ele>327.69</ele>
      </trkpt>
      <trkpt lat="42.844854" lon="2.609147">
        <ele>325.37</ele>
      </trkpt>
      <trkpt lat="42.844868" lon="2.609109">
        <ele>324.44</ele>
      </trkpt>
      <trkpt lat="42.84499" lon="2.608979">
        <ele>321.57</ele>
      </trkpt>
      <trkpt lat="42.844964" lon="2.608863">
        <ele>318.18</ele>
      </trkpt>
      <trkpt lat="42.844986" lon="2.60881">
        <ele>316.84</ele>
      </trkpt>
      <trkpt lat="42.844999" lon="2.608749">
        <ele>315.46</ele>
      </trkpt>
      <trkpt lat="42.845061" lon="2.608706">
        <ele>315.13</ele>
      </trkpt>
      <trkpt lat="42.845059" lon="2.608682">
        <ele>314.77</ele>
      </trkpt>
      <trkpt lat="42.845051" lon="2.608676">
        <ele>314.65</ele>
      </trkpt>
      <trkpt lat="42.845" lon="2.608631">
        <ele>313.87</ele>
      </trkpt>
      <trkpt lat="42.845077" lon="2.608451">
        <ele>311.44</ele>
      </trkpt>
      <trkpt lat="42.845141" lon="2.608399">
        <ele>310.65</ele>
      </trkpt>
      <trkpt lat="42.845146" lon="2.608323">
        <ele>309.45</ele>
      </trkpt>
      <trkpt lat="42.845122" lon="2.608304">
        <ele>309.2</ele>
      </trkpt>
      <trkpt lat="42.844753" lon="2.608305">
        <ele>309.9</ele>
      </trkpt>
      <trkpt lat="42.844727" lon="2.608292">
        <ele>309.82</ele>
      </trkpt>
      <trkpt lat="42.844779" lon="2.608179">
        <ele>308.55</ele>
      </trkpt>
      <trkpt lat="42.844816" lon="2.608063">
        <ele>307.14</ele>
      </trkpt>
      <trkpt lat="42.844726" lon="2.60805">
        <ele>307.5</ele>
      </trkpt>
      <trkpt lat="42.844691" lon="2.608">
        <ele>307.24</ele>
      </trkpt>
      <trkpt lat="42.845089" lon="2.607716">
        <ele>305.03</ele>
      </trkpt>
      <trkpt lat="42.845154" lon="2.607681">
        <ele>304.62</ele>
      </trkpt>
      <trkpt lat="42.845264" lon="2.607695">
        <ele>303.53</ele>
      </trkpt>
      <trkpt lat="42.845567" lon="2.607802">
        <ele>300.47</ele>
      </trkpt>
      <trkpt lat="42.845924" lon="2.608003">
        <ele>297.76</ele>
      </trkpt>
      <trkpt lat="42.846053" lon="2.608064">
        <ele>297.33</ele>
      </trkpt>
      <trkpt lat="42.846428" lon="2.60821">
        <ele>295.2</ele>
      </trkpt>
      <trkpt lat="42.846625" lon="2.608212">
        <ele>293.41</ele>
      </trkpt>
      <trkpt lat="42.846746" lon="2.608236">
        <ele>292.38</ele>
      </trkpt>
      <trkpt lat="42.846815" lon="2.608262">
        <ele>291.64</ele>
      </trkpt>
      <trkpt lat="42.847038" lon="2.608348">
        <ele>289.25</ele>
      </trkpt>
      <trkpt lat="42.847245" lon="2.608573">
        <ele>286.1</ele>
      </trkpt>
      <trkpt lat="42.847416" lon="2.608793">
        <ele>284.12</ele>
      </trkpt>
      <trkpt lat="42.847582" lon="2.609046">
        <ele>283.44</ele>
      </trkpt>
      <trkpt lat="42.847635" lon="2.608932">
        <ele>282.73</ele>
      </trkpt>
      <trkpt lat="42.847652" lon="2.60884">
        <ele>282.44</ele>
      </trkpt>
      <trkpt lat="42.847694" lon="2.608229">
        <ele>283.33</ele>
      </trkpt>
      <trkpt lat="42.847686" lon="2.607955">
        <ele>284.07</ele>
      </trkpt>
      <trkpt lat="42.847715" lon="2.607888">
        <ele>283.94</ele>
      </trkpt>
      <trkpt lat="42.847814" lon="2.607792">
        <ele>283.06</ele>
      </trkpt>
      <trkpt lat="42.848042" lon="2.607688">
        <ele>280.4</ele>
      </trkpt>
      <trkpt lat="42.848581" lon="2.607413">
        <ele>273.63</ele>
      </trkpt>
      <trkpt lat="42.849063" lon="2.60715">
        <ele>270.69</ele>
      </trkpt>
      <trkpt lat="42.849181" lon="2.607115">
        <ele>270.56</ele>
      </trkpt>
      <trkpt lat="42.849277" lon="2.607105">
        <ele>270.44</ele>
      </trkpt>
      <trkpt lat="42.849382" lon="2.607126">
        <ele>270.34</ele>
      </trkpt>
      <trkpt lat="42.849759" lon="2.607255">
        <ele>269.92</ele>
      </trkpt>
      <trkpt lat="42.849885" lon="2.607284">
        <ele>269.5</ele>
      </trkpt>
      <trkpt lat="42.849979" lon="2.607284">
        <ele>269.14</ele>
      </trkpt>
      <trkpt lat="42.850136" lon="2.607257">
        <ele>268.49</ele>
      </trkpt>
      <trkpt lat="42.850182" lon="2.607249">
        <ele>268.3</ele>
      </trkpt>
      <trkpt lat="42.850245" lon="2.607257">
        <ele>268.07</ele>
      </trkpt>
      <trkpt lat="42.850296" lon="2.607295">
        <ele>267.93</ele>
      </trkpt>
      <trkpt lat="42.850564" lon="2.607736">
        <ele>267.67</ele>
      </trkpt>
      <trkpt lat="42.850924" lon="2.607131">
        <ele>270.09</ele>
      </trkpt>
      <trkpt lat="42.85099" lon="2.60712">
        <ele>270.6</ele>
      </trkpt>
      <trkpt lat="42.851065" lon="2.607126">
        <ele>271.09</ele>
      </trkpt>
      <trkpt lat="42.851077" lon="2.607111">
        <ele>271.27</ele>
      </trkpt>
      <trkpt lat="42.851089" lon="2.607063">
        <ele>271.75</ele>
      </trkpt>
      <trkpt lat="42.851132" lon="2.606795">
        <ele>274.43</ele>
      </trkpt>
      <trkpt lat="42.851135" lon="2.606687">
        <ele>275.41</ele>
      </trkpt>
      <trkpt lat="42.851053" lon="2.606221">
        <ele>278.77</ele>
      </trkpt>
      <trkpt lat="42.850989" lon="2.605921">
        <ele>281.32</ele>
      </trkpt>
      <trkpt lat="42.850961" lon="2.605696">
        <ele>283.36</ele>
      </trkpt>
      <trkpt lat="42.850962" lon="2.605593">
        <ele>284.47</ele>
      </trkpt>
      <trkpt lat="42.850999" lon="2.605023">
        <ele>293.06</ele>
      </trkpt>
      <trkpt lat="42.851035" lon="2.604529">
        <ele>301.15</ele>
      </trkpt>
      <trkpt lat="42.85102" lon="2.603999">
        <ele>305.76</ele>
      </trkpt>
      <trkpt lat="42.851014" lon="2.603962">
        <ele>305.9</ele>
      </trkpt>
      <trkpt lat="42.85094" lon="2.603864">
        <ele>304.33</ele>
      </trkpt>
      <trkpt lat="42.850912" lon="2.603808">
        <ele>303.85</ele>
      </trkpt>
      <trkpt lat="42.850873" lon="2.60364">
        <ele>303.22</ele>
      </trkpt>
      <trkpt lat="42.850769" lon="2.603269">
        <ele>300.82</ele>
      </trkpt>
      <trkpt lat="42.850752" lon="2.603146">
        <ele>300.61</ele>
      </trkpt>
      <trkpt lat="42.850719" lon="2.602697">
        <ele>300.55</ele>
      </trkpt>
      <trkpt lat="42.850715" lon="2.602482">
        <ele>300.76</ele>
      </trkpt>
      <trkpt lat="42.850696" lon="2.602264">
        <ele>300.54</ele>
      </trkpt>
      <trkpt lat="42.85066" lon="2.602033">
        <ele>299.92</ele>
      </trkpt>
      <trkpt lat="42.850598" lon="2.601718">
        <ele>298.96</ele>
      </trkpt>
      <trkpt lat="42.850581" lon="2.601629">
        <ele>298.69</ele>
      </trkpt>
      <trkpt lat="42.850563" lon="2.601336">
        <ele>299.01</ele>
      </trkpt>
      <trkpt lat="42.850567" lon="2.600985">
        <ele>299.37</ele>
      </trkpt>
      <trkpt lat="42.850558" lon="2.600858">
        <ele>299.39</ele>
      </trkpt>
      <trkpt lat="42.850589" lon="2.600742">
        <ele>299.56</ele>
      </trkpt>
      <trkpt lat="42.850658" lon="2.600654">
        <ele>299.63</ele>
      </trkpt>
      <trkpt lat="42.850722" lon="2.600595">
        <ele>299.53</ele>
      </trkpt>
      <trkpt lat="42.850768" lon="2.600517">
        <ele>299.24</ele>
      </trkpt>
      <trkpt lat="42.850786" lon="2.600466">
        <ele>299.01</ele>
      </trkpt>
      <trkpt lat="42.850789" lon="2.600391">
        <ele>298.6</ele>
      </trkpt>
      <trkpt lat="42.850775" lon="2.600314">
        <ele>298.18</ele>
      </trkpt>
      <trkpt lat="42.850714" lon="2.600192">
        <ele>297.77</ele>
      </trkpt>
      <trkpt lat="42.850328" lon="2.599745">
        <ele>299.3</ele>
      </trkpt>
      <trkpt lat="42.850238" lon="2.599662">
        <ele>300.4</ele>
      </trkpt>
      <trkpt lat="42.850123" lon="2.599613">
        <ele>302.05</ele>
      </trkpt>
      <trkpt lat="42.849847" lon="2.599585">
        <ele>305.96</ele>
      </trkpt>
      <trkpt lat="42.849788" lon="2.59957">
        <ele>306.73</ele>
      </trkpt>
      <trkpt lat="42.84968" lon="2.599516">
        <ele>307.95</ele>
      </trkpt>
      <trkpt lat="42.849769" lon="2.599132">
        <ele>304.52</ele>
      </trkpt>
      <trkpt lat="42.84978" lon="2.598973">
        <ele>303.49</ele>
      </trkpt>
      <trkpt lat="42.849803" lon="2.598961">
        <ele>303.14</ele>
      </trkpt>
      <trkpt lat="42.849816" lon="2.598917">
        <ele>302.74</ele>
      </trkpt>
      <trkpt lat="42.849816" lon="2.598857">
        <ele>302.4</ele>
      </trkpt>
      <trkpt lat="42.849796" lon="2.598678">
        <ele>301.86</ele>
      </trkpt>
      <trkpt lat="42.849792" lon="2.598495">
        <ele>301.34</ele>
      </trkpt>
      <trkpt lat="42.849844" lon="2.598122">
        <ele>299.63</ele>
      </trkpt>
      <trkpt lat="42.84984" lon="2.597909">
        <ele>299.22</ele>
      </trkpt>
      <trkpt lat="42.849847" lon="2.597854">
        <ele>299.44</ele>
      </trkpt>
      <trkpt lat="42.84988" lon="2.597775">
        <ele>299.53</ele>
      </trkpt>
      <trkpt lat="42.850023" lon="2.597519">
        <ele>299.56</ele>
      </trkpt>
      <trkpt lat="42.850056" lon="2.597461">
        <ele>299.57</ele>
      </trkpt>
      <trkpt lat="42.850153" lon="2.597178">
        <ele>300.27</ele>
      </trkpt>
      <trkpt lat="42.850182" lon="2.597073">
        <ele>300.55</ele>
      </trkpt>
      <trkpt lat="42.850258" lon="2.596578">
        <ele>301.4</ele>
      </trkpt>
      <trkpt lat="42.850274" lon="2.59603">
        <ele>302.79</ele>
      </trkpt>
      <trkpt lat="42.850265" lon="2.595889">
        <ele>303.3</ele>
      </trkpt>
      <trkpt lat="42.8502" lon="2.595326">
        <ele>305.42</ele>
      </trkpt>
      <trkpt lat="42.850212" lon="2.59515">
        <ele>304.87</ele>
      </trkpt>
      <trkpt lat="42.850327" lon="2.594672">
        <ele>302.24</ele>
      </trkpt>
      <trkpt lat="42.850379" lon="2.59449">
        <ele>301.31</ele>
      </trkpt>
      <trkpt lat="42.850455" lon="2.594278">
        <ele>300.24</ele>
      </trkpt>
      <trkpt lat="42.85054" lon="2.59408">
        <ele>299.55</ele>
      </trkpt>
      <trkpt lat="42.85066" lon="2.593865">
        <ele>298.84</ele>
      </trkpt>
      <trkpt lat="42.85079" lon="2.593557">
        <ele>298.52</ele>
      </trkpt>
      <trkpt lat="42.850829" lon="2.593425">
        <ele>298.52</ele>
      </trkpt>
      <trkpt lat="42.850845" lon="2.593329">
        <ele>298.6</ele>
      </trkpt>
      <trkpt lat="42.85085" lon="2.593224">
        <ele>298.76</ele>
      </trkpt>
      <trkpt lat="42.850826" lon="2.593045">
        <ele>299.26</ele>
      </trkpt>
      <trkpt lat="42.850902" lon="2.59287">
        <ele>298.97</ele>
      </trkpt>
      <trkpt lat="42.850944" lon="2.592814">
        <ele>298.71</ele>
      </trkpt>
      <trkpt lat="42.850968" lon="2.592752">
        <ele>298.58</ele>
      </trkpt>
      <trkpt lat="42.850995" lon="2.592417">
        <ele>298.64</ele>
      </trkpt>
      <trkpt lat="42.851028" lon="2.592331">
        <ele>298.5</ele>
      </trkpt>
      <trkpt lat="42.851075" lon="2.592177">
        <ele>298.34</ele>
      </trkpt>
      <trkpt lat="42.851074" lon="2.592075">
        <ele>298.52</ele>
      </trkpt>
      <trkpt lat="42.851038" lon="2.591817">
        <ele>299.86</ele>
      </trkpt>
      <trkpt lat="42.85104" lon="2.59168">
        <ele>300.46</ele>
      </trkpt>
      <trkpt lat="42.851033" lon="2.591572">
        <ele>300.97</ele>
      </trkpt>
      <trkpt lat="42.851015" lon="2.59149">
        <ele>301.43</ele>
      </trkpt>
      <trkpt lat="42.850974" lon="2.591377">
        <ele>302.12</ele>
      </trkpt>
      <trkpt lat="42.850967" lon="2.591301">
        <ele>302.48</ele>
      </trkpt>
      <trkpt lat="42.850975" lon="2.591235">
        <ele>302.67</ele>
      </trkpt>
      <trkpt lat="42.851096" lon="2.590971">
        <ele>302.72</ele>
      </trkpt>
      <trkpt lat="42.851159" lon="2.590872">
        <ele>302.66</ele>
      </trkpt>
      <trkpt lat="42.851321" lon="2.590718">
        <ele>302.3</ele>
      </trkpt>
      <trkpt lat="42.851475" lon="2.590534">
        <ele>302.58</ele>
      </trkpt>
      <trkpt lat="42.851499" lon="2.59052">
        <ele>302.58</ele>
      </trkpt>
      <trkpt lat="42.851639" lon="2.590437">
        <ele>302.59</ele>
      </trkpt>
      <trkpt lat="42.851733" lon="2.590364">
        <ele>302.78</ele>
      </trkpt>
      <trkpt lat="42.851776" lon="2.590317">
        <ele>302.93</ele>
      </trkpt>
      <trkpt lat="42.851827" lon="2.59022">
        <ele>303.3</ele>
      </trkpt>
      <trkpt lat="42.85196" lon="2.589909">
        <ele>304.59</ele>
      </trkpt>
      <trkpt lat="42.85201" lon="2.589861">
        <ele>304.79</ele>
      </trkpt>
      <trkpt lat="42.852065" lon="2.589835">
        <ele>304.89</ele>
      </trkpt>
      <trkpt lat="42.852214" lon="2.589855">
        <ele>305.05</ele>
      </trkpt>
      <trkpt lat="42.852325" lon="2.589839">
        <ele>305.54</ele>
      </trkpt>
      <trkpt lat="42.852375" lon="2.589795">
        <ele>305.88</ele>
      </trkpt>
      <trkpt lat="42.852451" lon="2.589619">
        <ele>306.68</ele>
      </trkpt>
      <trkpt lat="42.852465" lon="2.589469">
        <ele>307.16</ele>
      </trkpt>
      <trkpt lat="42.852472" lon="2.589022">
        <ele>308.46</ele>
      </trkpt>
      <trkpt lat="42.852468" lon="2.58892">
        <ele>308.76</ele>
      </trkpt>
      <trkpt lat="42.852426" lon="2.588709">
        <ele>309.68</ele>
      </trkpt>
      <trkpt lat="42.852412" lon="2.588576">
        <ele>310.57</ele>
      </trkpt>
      <trkpt lat="42.852424" lon="2.588334">
        <ele>312.07</ele>
      </trkpt>
      <trkpt lat="42.8525" lon="2.587988">
        <ele>313.93</ele>
      </trkpt>
      <trkpt lat="42.852547" lon="2.587567">
        <ele>315.6</ele>
      </trkpt>
      <trkpt lat="42.852555" lon="2.58735">
        <ele>316.47</ele>
      </trkpt>
      <trkpt lat="42.852591" lon="2.587093">
        <ele>317.25</ele>
      </trkpt>
      <trkpt lat="42.852679" lon="2.586701">
        <ele>317.95</ele>
      </trkpt>
      <trkpt lat="42.852758" lon="2.586468">
        <ele>317.93</ele>
      </trkpt>
      <trkpt lat="42.852795" lon="2.586328">
        <ele>317.96</ele>
      </trkpt>
      <trkpt lat="42.852819" lon="2.586181">
        <ele>318.24</ele>
      </trkpt>
      <trkpt lat="42.85284" lon="2.585923">
        <ele>319.13</ele>
      </trkpt>
      <trkpt lat="42.852907" lon="2.585547">
        <ele>320.12</ele>
      </trkpt>
      <trkpt lat="42.852976" lon="2.584506">
        <ele>322.11</ele>
      </trkpt>
      <trkpt lat="42.853033" lon="2.582666">
        <ele>326.68</ele>
      </trkpt>
      <trkpt lat="42.853142" lon="2.581274">
        <ele>332.37</ele>
      </trkpt>
      <trkpt lat="42.853147" lon="2.580634">
        <ele>335.59</ele>
      </trkpt>
      <trkpt lat="42.853159" lon="2.58054">
        <ele>336.1</ele>
      </trkpt>
      <trkpt lat="42.853204" lon="2.580344">
        <ele>337.2</ele>
      </trkpt>
      <trkpt lat="42.853219" lon="2.580222">
        <ele>337.76</ele>
      </trkpt>
      <trkpt lat="42.853225" lon="2.580052">
        <ele>338.48</ele>
      </trkpt>
      <trkpt lat="42.85323" lon="2.579937">
        <ele>338.97</ele>
      </trkpt>
      <trkpt lat="42.853271" lon="2.5796">
        <ele>340.28</ele>
      </trkpt>
      <trkpt lat="42.853304" lon="2.5791">
        <ele>344.16</ele>
      </trkpt>
      <trkpt lat="42.853373" lon="2.57846">
        <ele>349.54</ele>
      </trkpt>
      <trkpt lat="42.853446" lon="2.578119">
        <ele>351.94</ele>
      </trkpt>
      <trkpt lat="42.85344" lon="2.578017">
        <ele>353.1</ele>
      </trkpt>
      <trkpt lat="42.853508" lon="2.577996">
        <ele>351.9</ele>
      </trkpt>
      <trkpt lat="42.853561" lon="2.577956">
        <ele>351.15</ele>
      </trkpt>
      <trkpt lat="42.853636" lon="2.577827">
        <ele>350.49</ele>
      </trkpt>
      <trkpt lat="42.8537" lon="2.577761">
        <ele>349.51</ele>
      </trkpt>
      <trkpt lat="42.853737" lon="2.577737">
        <ele>348.8</ele>
      </trkpt>
      <trkpt lat="42.853796" lon="2.577415">
        <ele>349.42</ele>
      </trkpt>
      <trkpt lat="42.853815" lon="2.577352">
        <ele>349.5</ele>
      </trkpt>
      <trkpt lat="42.853825" lon="2.577191">
        <ele>350.49</ele>
      </trkpt>
      <trkpt lat="42.853862" lon="2.577083">
        <ele>351.15</ele>
      </trkpt>
      <trkpt lat="42.853865" lon="2.576942">
        <ele>351.34</ele>
      </trkpt>
      <trkpt lat="42.853908" lon="2.576625">
        <ele>351.49</ele>
      </trkpt>
      <trkpt lat="42.853951" lon="2.576514">
        <ele>351.19</ele>
      </trkpt>
      <trkpt lat="42.854023" lon="2.576164">
        <ele>349.61</ele>
      </trkpt>
      <trkpt lat="42.854041" lon="2.576022">
        <ele>348.54</ele>
      </trkpt>
      <trkpt lat="42.854099" lon="2.575751">
        <ele>346.08</ele>
      </trkpt>
      <trkpt lat="42.854103" lon="2.575681">
        <ele>345.59</ele>
      </trkpt>
      <trkpt lat="42.854075" lon="2.575556">
        <ele>345.29</ele>
      </trkpt>
      <trkpt lat="42.854077" lon="2.57545">
        <ele>344.63</ele>
      </trkpt>
      <trkpt lat="42.854137" lon="2.57545">
        <ele>343.61</ele>
      </trkpt>
      <trkpt lat="42.854675" lon="2.575513">
        <ele>335.25</ele>
      </trkpt>
      <trkpt lat="42.854738" lon="2.575489">
        <ele>334.16</ele>
      </trkpt>
      <trkpt lat="42.855465" lon="2.575068">
        <ele>322.73</ele>
      </trkpt>
      <trkpt lat="42.855544" lon="2.574996">
        <ele>321.94</ele>
      </trkpt>
      <trkpt lat="42.855593" lon="2.574918">
        <ele>321.39</ele>
      </trkpt>
      <trkpt lat="42.85567" lon="2.574746">
        <ele>320.3</ele>
      </trkpt>
      <trkpt lat="42.855774" lon="2.574551">
        <ele>318.94</ele>
      </trkpt>
      <trkpt lat="42.855878" lon="2.574449">
        <ele>318.19</ele>
      </trkpt>
      <trkpt lat="42.85638" lon="2.574098">
        <ele>313.82</ele>
      </trkpt>
      <trkpt lat="42.856511" lon="2.574006">
        <ele>312.67</ele>
      </trkpt>
      <trkpt lat="42.856645" lon="2.573797">
        <ele>311.49</ele>
      </trkpt>
      <trkpt lat="42.856677" lon="2.573692">
        <ele>310.99</ele>
      </trkpt>
      <trkpt lat="42.856865" lon="2.573427">
        <ele>307.72</ele>
      </trkpt>
      <trkpt lat="42.85708" lon="2.573177">
        <ele>303.83</ele>
      </trkpt>
      <trkpt lat="42.857178" lon="2.573014">
        <ele>301.84</ele>
      </trkpt>
      <trkpt lat="42.857314" lon="2.573028">
        <ele>300.07</ele>
      </trkpt>
      <trkpt lat="42.857386" lon="2.573065">
        <ele>299.24</ele>
      </trkpt>
      <trkpt lat="42.857431" lon="2.573125">
        <ele>298.82</ele>
      </trkpt>
      <trkpt lat="42.857466" lon="2.573147">
        <ele>298.42</ele>
      </trkpt>
      <trkpt lat="42.857505" lon="2.573137">
        <ele>297.86</ele>
      </trkpt>
      <trkpt lat="42.857551" lon="2.573093">
        <ele>297.11</ele>
      </trkpt>
      <trkpt lat="42.857618" lon="2.572974">
        <ele>295.87</ele>
      </trkpt>
      <trkpt lat="42.857719" lon="2.572702">
        <ele>294.52</ele>
      </trkpt>
      <trkpt lat="42.857843" lon="2.572329">
        <ele>293.63</ele>
      </trkpt>
      <trkpt lat="42.857884" lon="2.572244">
        <ele>293.41</ele>
      </trkpt>
      <trkpt lat="42.857955" lon="2.572134">
        <ele>293.06</ele>
      </trkpt>
      <trkpt lat="42.858098" lon="2.571984">
        <ele>292.09</ele>
      </trkpt>
      <trkpt lat="42.858208" lon="2.571899">
        <ele>291.22</ele>
      </trkpt>
      <trkpt lat="42.858312" lon="2.571843">
        <ele>290.37</ele>
      </trkpt>
      <trkpt lat="42.85839" lon="2.571786">
        <ele>289.72</ele>
      </trkpt>
      <trkpt lat="42.858512" lon="2.57168">
        <ele>288.68</ele>
      </trkpt>
      <trkpt lat="42.858762" lon="2.571346">
        <ele>286.45</ele>
      </trkpt>
      <trkpt lat="42.858788" lon="2.571339">
        <ele>286.2</ele>
      </trkpt>
      <trkpt lat="42.858827" lon="2.571372">
        <ele>285.99</ele>
      </trkpt>
      <trkpt lat="42.858913" lon="2.571556">
        <ele>285.78</ele>
      </trkpt>
      <trkpt lat="42.858951" lon="2.571601">
        <ele>285.66</ele>
      </trkpt>
      <trkpt lat="42.859004" lon="2.571634">
        <ele>285.48</ele>
      </trkpt>
      <trkpt lat="42.859086" lon="2.571663">
        <ele>285.2</ele>
      </trkpt>
      <trkpt lat="42.859134" lon="2.571667">
        <ele>285.05</ele>
      </trkpt>
      <trkpt lat="42.859178" lon="2.571643">
        <ele>284.99</ele>
      </trkpt>
      <trkpt lat="42.859203" lon="2.571587">
        <ele>285.08</ele>
      </trkpt>
      <trkpt lat="42.859225" lon="2.571412">
        <ele>285.55</ele>
      </trkpt>
      <trkpt lat="42.859245" lon="2.57135">
        <ele>285.72</ele>
      </trkpt>
      <trkpt lat="42.859292" lon="2.571284">
        <ele>285.93</ele>
      </trkpt>
      <trkpt lat="42.859347" lon="2.571241">
        <ele>286.14</ele>
      </trkpt>
      <trkpt lat="42.859407" lon="2.571217">
        <ele>286.34</ele>
      </trkpt>
      <trkpt lat="42.859508" lon="2.571199">
        <ele>286.53</ele>
      </trkpt>
      <trkpt lat="42.859696" lon="2.57121">
        <ele>286.85</ele>
      </trkpt>
      <trkpt lat="42.859637" lon="2.570994">
        <ele>288.55</ele>
      </trkpt>
      <trkpt lat="42.859916" lon="2.570895">
        <ele>292.6</ele>
      </trkpt>
      <trkpt lat="42.86037" lon="2.570825">
        <ele>297.9</ele>
      </trkpt>
      <trkpt lat="42.86062" lon="2.570785">
        <ele>300.38</ele>
      </trkpt>
      <trkpt lat="42.860843" lon="2.570659">
        <ele>301.43</ele>
      </trkpt>
      <trkpt lat="42.861025" lon="2.570459">
        <ele>303.83</ele>
      </trkpt>
      <trkpt lat="42.861403" lon="2.569817">
        <ele>309.82</ele>
      </trkpt>
      <trkpt lat="42.861406" lon="2.569767">
        <ele>310.52</ele>
      </trkpt>
      <trkpt lat="42.861545" lon="2.569499">
        <ele>311.58</ele>
      </trkpt>
      <trkpt lat="42.861645" lon="2.569336">
        <ele>311.68</ele>
      </trkpt>
      <trkpt lat="42.861765" lon="2.56921">
        <ele>311.22</ele>
      </trkpt>
      <trkpt lat="42.861892" lon="2.569114">
        <ele>310.47</ele>
      </trkpt>
      <trkpt lat="42.861993" lon="2.56909">
        <ele>309.23</ele>
      </trkpt>
      <trkpt lat="42.862204" lon="2.569098">
        <ele>307.52</ele>
      </trkpt>
      <trkpt lat="42.862343" lon="2.56913">
        <ele>308.73</ele>
      </trkpt>
      <trkpt lat="42.862691" lon="2.569256">
        <ele>310.49</ele>
      </trkpt>
      <trkpt lat="42.862803" lon="2.569256">
        <ele>311.76</ele>
      </trkpt>
      <trkpt lat="42.862941" lon="2.569229">
        <ele>313.92</ele>
      </trkpt>
      <trkpt lat="42.863019" lon="2.569154">
        <ele>316.41</ele>
      </trkpt>
      <trkpt lat="42.863057" lon="2.569092">
        <ele>318.15</ele>
      </trkpt>
      <trkpt lat="42.863107" lon="2.569048">
        <ele>319.6</ele>
      </trkpt>
      <trkpt lat="42.863332" lon="2.568945">
        <ele>324.04</ele>
      </trkpt>
      <trkpt lat="42.863387" lon="2.568907">
        <ele>325.44</ele>
      </trkpt>
      <trkpt lat="42.863405" lon="2.568856">
        <ele>326.83</ele>
      </trkpt>
      <trkpt lat="42.863389" lon="2.568801">
        <ele>328.01</ele>
      </trkpt>
      <trkpt lat="42.863349" lon="2.568804">
        <ele>327.56</ele>
      </trkpt>
      <trkpt lat="42.863331" lon="2.568789">
        <ele>327.74</ele>
      </trkpt>
      <trkpt lat="42.863318" lon="2.568758">
        <ele>328.34</ele>
      </trkpt>
      <trkpt lat="42.86333" lon="2.568699">
        <ele>329.67</ele>
      </trkpt>
      <trkpt lat="42.863421" lon="2.56842">
        <ele>336.47</ele>
      </trkpt>
      <trkpt lat="42.863404" lon="2.568402">
        <ele>336.67</ele>
      </trkpt>
      <trkpt lat="42.863276" lon="2.568465">
        <ele>333.95</ele>
      </trkpt>
      <trkpt lat="42.863238" lon="2.568463">
        <ele>333.56</ele>
      </trkpt>
      <trkpt lat="42.863223" lon="2.568416">
        <ele>334.35</ele>
      </trkpt>
      <trkpt lat="42.863367" lon="2.568282">
        <ele>338.76</ele>
      </trkpt>
      <trkpt lat="42.863352" lon="2.568249">
        <ele>339.27</ele>
      </trkpt>
      <trkpt lat="42.863361" lon="2.568203">
        <ele>340.33</ele>
      </trkpt>
      <trkpt lat="42.863438" lon="2.568028">
        <ele>344.95</ele>
      </trkpt>
      <trkpt lat="42.8635" lon="2.567906">
        <ele>347.79</ele>
      </trkpt>
      <trkpt lat="42.863659" lon="2.567599">
        <ele>354.95</ele>
      </trkpt>
      <trkpt lat="42.86369" lon="2.567515">
        <ele>356.56</ele>
      </trkpt>
      <trkpt lat="42.863797" lon="2.567342">
        <ele>360.29</ele>
      </trkpt>
      <trkpt lat="42.863826" lon="2.567254">
        <ele>361.33</ele>
      </trkpt>
      <trkpt lat="42.863843" lon="2.567123">
        <ele>362.41</ele>
      </trkpt>
      <trkpt lat="42.863864" lon="2.566893">
        <ele>363.98</ele>
      </trkpt>
      <trkpt lat="42.863815" lon="2.567113">
        <ele>363.65</ele>
      </trkpt>
      <trkpt lat="42.863766" lon="2.567201">
        <ele>362.02</ele>
      </trkpt>
      <trkpt lat="42.863642" lon="2.56734">
        <ele>358.67</ele>
      </trkpt>
      <trkpt lat="42.86366" lon="2.567205">
        <ele>360.9</ele>
      </trkpt>
      <trkpt lat="42.863604" lon="2.567134">
        <ele>361.42</ele>
      </trkpt>
      <trkpt lat="42.863531" lon="2.567041">
        <ele>361.72</ele>
      </trkpt>
      <trkpt lat="42.863445" lon="2.56702">
        <ele>361.09</ele>
      </trkpt>
      <trkpt lat="42.863411" lon="2.566922">
        <ele>361.59</ele>
      </trkpt>
      <trkpt lat="42.863293" lon="2.566478">
        <ele>364.57</ele>
      </trkpt>
      <trkpt lat="42.863261" lon="2.566333">
        <ele>365.71</ele>
      </trkpt>
      <trkpt lat="42.86325" lon="2.566161">
        <ele>367.15</ele>
      </trkpt>
      <trkpt lat="42.862992" lon="2.565961">
        <ele>367.59</ele>
      </trkpt>
      <trkpt lat="42.86294" lon="2.565328">
        <ele>372.69</ele>
      </trkpt>
      <trkpt lat="42.862918" lon="2.56487">
        <ele>377.75</ele>
      </trkpt>
      <trkpt lat="42.862908" lon="2.564649">
        <ele>380.2</ele>
      </trkpt>
      <trkpt lat="42.863009" lon="2.564633">
        <ele>381.68</ele>
      </trkpt>
      <trkpt lat="42.863054" lon="2.564616">
        <ele>382.11</ele>
      </trkpt>
      <trkpt lat="42.863107" lon="2.564571">
        <ele>382.87</ele>
      </trkpt>
      <trkpt lat="42.86348" lon="2.564155">
        <ele>388.09</ele>
      </trkpt>
      <trkpt lat="42.863524" lon="2.564083">
        <ele>388.74</ele>
      </trkpt>
      <trkpt lat="42.863556" lon="2.563996">
        <ele>389.47</ele>
      </trkpt>
      <trkpt lat="42.863657" lon="2.563631">
        <ele>392.92</ele>
      </trkpt>
      <trkpt lat="42.863785" lon="2.563362">
        <ele>396.31</ele>
      </trkpt>
      <trkpt lat="42.863843" lon="2.56328">
        <ele>397.34</ele>
      </trkpt>
      <trkpt lat="42.863916" lon="2.563205">
        <ele>398.29</ele>
      </trkpt>
      <trkpt lat="42.864198" lon="2.563001">
        <ele>400.64</ele>
      </trkpt>
      <trkpt lat="42.864305" lon="2.562914">
        <ele>401.63</ele>
      </trkpt>
      <trkpt lat="42.86439" lon="2.562802">
        <ele>403.35</ele>
      </trkpt>
      <trkpt lat="42.864434" lon="2.562719">
        <ele>404.68</ele>
      </trkpt>
      <trkpt lat="42.864447" lon="2.562631">
        <ele>406.13</ele>
      </trkpt>
      <trkpt lat="42.864441" lon="2.562556">
        <ele>407.38</ele>
      </trkpt>
      <trkpt lat="42.864423" lon="2.562505">
        <ele>408.23</ele>
      </trkpt>
      <trkpt lat="42.864362" lon="2.562428">
        <ele>409.52</ele>
      </trkpt>
      <trkpt lat="42.864261" lon="2.562336">
        <ele>411.05</ele>
      </trkpt>
      <trkpt lat="42.864193" lon="2.562275">
        <ele>412.07</ele>
      </trkpt>
      <trkpt lat="42.864036" lon="2.562182">
        <ele>413.6</ele>
      </trkpt>
      <trkpt lat="42.863704" lon="2.562006">
        <ele>416.65</ele>
      </trkpt>
      <trkpt lat="42.863371" lon="2.561737">
        <ele>421.37</ele>
      </trkpt>
      <trkpt lat="42.863231" lon="2.561562">
        <ele>423.91</ele>
      </trkpt>
      <trkpt lat="42.863173" lon="2.5614">
        <ele>425.95</ele>
      </trkpt>
      <trkpt lat="42.863167" lon="2.561278">
        <ele>427.35</ele>
      </trkpt>
      <trkpt lat="42.863197" lon="2.561167">
        <ele>428.71</ele>
      </trkpt>
      <trkpt lat="42.863246" lon="2.561107">
        <ele>429.43</ele>
      </trkpt>
      <trkpt lat="42.86332" lon="2.561049">
        <ele>430.14</ele>
      </trkpt>
      <trkpt lat="42.863402" lon="2.561036">
        <ele>430.22</ele>
      </trkpt>
      <trkpt lat="42.863615" lon="2.561063">
        <ele>429.56</ele>
      </trkpt>
      <trkpt lat="42.863768" lon="2.561063">
        <ele>429.37</ele>
      </trkpt>
      <trkpt lat="42.864065" lon="2.560999">
        <ele>431.31</ele>
      </trkpt>
      <trkpt lat="42.864149" lon="2.560959">
        <ele>432.29</ele>
      </trkpt>
      <trkpt lat="42.864228" lon="2.560866">
        <ele>434.12</ele>
      </trkpt>
      <trkpt lat="42.864335" lon="2.560696">
        <ele>437.36</ele>
      </trkpt>
      <trkpt lat="42.864405" lon="2.560572">
        <ele>439.71</ele>
      </trkpt>
      <trkpt lat="42.864622" lon="2.560096">
        <ele>445.73</ele>
      </trkpt>
      <trkpt lat="42.864657" lon="2.559978">
        <ele>446.79</ele>
      </trkpt>
      <trkpt lat="42.864669" lon="2.559877">
        <ele>447.64</ele>
      </trkpt>
      <trkpt lat="42.864757" lon="2.559707">
        <ele>449.18</ele>
      </trkpt>
      <trkpt lat="42.864833" lon="2.55941">
        <ele>453.04</ele>
      </trkpt>
      <trkpt lat="42.864871" lon="2.559337">
        <ele>454.18</ele>
      </trkpt>
      <trkpt lat="42.8649" lon="2.559326">
        <ele>454.37</ele>
      </trkpt>
      <trkpt lat="42.864947" lon="2.559337">
        <ele>454.25</ele>
      </trkpt>
      <trkpt lat="42.865006" lon="2.559332">
        <ele>454.38</ele>
      </trkpt>
      <trkpt lat="42.865065" lon="2.55934">
        <ele>454.31</ele>
      </trkpt>
      <trkpt lat="42.865154" lon="2.559227">
        <ele>456.05</ele>
      </trkpt>
      <trkpt lat="42.865181" lon="2.559163">
        <ele>457.03</ele>
      </trkpt>
      <trkpt lat="42.865181" lon="2.559077">
        <ele>458.3</ele>
      </trkpt>
      <trkpt lat="42.865203" lon="2.559005">
        <ele>459.38</ele>
      </trkpt>
      <trkpt lat="42.865207" lon="2.558951">
        <ele>460.17</ele>
      </trkpt>
      <trkpt lat="42.865242" lon="2.558841">
        <ele>461.81</ele>
      </trkpt>
      <trkpt lat="42.865236" lon="2.558771">
        <ele>462.83</ele>
      </trkpt>
      <trkpt lat="42.865248" lon="2.558704">
        <ele>463.65</ele>
      </trkpt>
      <trkpt lat="42.865252" lon="2.558616">
        <ele>464.68</ele>
      </trkpt>
      <trkpt lat="42.865272" lon="2.558524">
        <ele>465.75</ele>
      </trkpt>
      <trkpt lat="42.865299" lon="2.5585">
        <ele>466.05</ele>
      </trkpt>
      <trkpt lat="42.865305" lon="2.558428">
        <ele>466.9</ele>
      </trkpt>
      <trkpt lat="42.865329" lon="2.55838">
        <ele>467.48</ele>
      </trkpt>
      <trkpt lat="42.865323" lon="2.558318">
        <ele>468.2</ele>
      </trkpt>
      <trkpt lat="42.865339" lon="2.558256">
        <ele>468.94</ele>
      </trkpt>
      <trkpt lat="42.865331" lon="2.558205">
        <ele>469.54</ele>
      </trkpt>
      <trkpt lat="42.865305" lon="2.558152">
        <ele>470.15</ele>
      </trkpt>
      <trkpt lat="42.865301" lon="2.558095">
        <ele>470.81</ele>
      </trkpt>
      <trkpt lat="42.865276" lon="2.55805">
        <ele>471.31</ele>
      </trkpt>
      <trkpt lat="42.865252" lon="2.557889">
        <ele>473.11</ele>
      </trkpt>
      <trkpt lat="42.865276" lon="2.55779">
        <ele>474.16</ele>
      </trkpt>
      <trkpt lat="42.865264" lon="2.557653">
        <ele>475.53</ele>
      </trkpt>
      <trkpt lat="42.865232" lon="2.557505">
        <ele>476.96</ele>
      </trkpt>
      <trkpt lat="42.865229" lon="2.557384">
        <ele>478.16</ele>
      </trkpt>
      <trkpt lat="42.865202" lon="2.557261">
        <ele>479.32</ele>
      </trkpt>
      <trkpt lat="42.865179" lon="2.557036">
        <ele>481.33</ele>
      </trkpt>
      <trkpt lat="42.865058" lon="2.556929">
        <ele>481.57</ele>
      </trkpt>
      <trkpt lat="42.864947" lon="2.556784">
        <ele>481.98</ele>
      </trkpt>
      <trkpt lat="42.864907" lon="2.556679">
        <ele>482.4</ele>
      </trkpt>
      <trkpt lat="42.864822" lon="2.556163">
        <ele>485</ele>
      </trkpt>
      <trkpt lat="42.864779" lon="2.555627">
        <ele>488.65</ele>
      </trkpt>
      <trkpt lat="42.864952" lon="2.555362">
        <ele>492.25</ele>
      </trkpt>
      <trkpt lat="42.865025" lon="2.555225">
        <ele>494.34</ele>
      </trkpt>
      <trkpt lat="42.86504" lon="2.555129">
        <ele>495.52</ele>
      </trkpt>
      <trkpt lat="42.86504" lon="2.555027">
        <ele>496.61</ele>
      </trkpt>
      <trkpt lat="42.865009" lon="2.554928">
        <ele>497.37</ele>
      </trkpt>
      <trkpt lat="42.864962" lon="2.554855">
        <ele>497.67</ele>
      </trkpt>
      <trkpt lat="42.864856" lon="2.554767">
        <ele>497.51</ele>
      </trkpt>
      <trkpt lat="42.864759" lon="2.554638">
        <ele>497.79</ele>
      </trkpt>
      <trkpt lat="42.864634" lon="2.554431">
        <ele>498.55</ele>
      </trkpt>
      <trkpt lat="42.864602" lon="2.554362">
        <ele>499.55</ele>
      </trkpt>
      <trkpt lat="42.864572" lon="2.554244">
        <ele>501.13</ele>
      </trkpt>
      <trkpt lat="42.864563" lon="2.554072">
        <ele>502.77</ele>
      </trkpt>
      <trkpt lat="42.864561" lon="2.55386">
        <ele>504.57</ele>
      </trkpt>
      <trkpt lat="42.864594" lon="2.553565">
        <ele>506.05</ele>
      </trkpt>
      <trkpt lat="42.864909" lon="2.55155">
        <ele>522.4</ele>
      </trkpt>
      <trkpt lat="42.86503" lon="2.551046">
        <ele>527.41</ele>
      </trkpt>
      <trkpt lat="42.865207" lon="2.550458">
        <ele>532.62</ele>
      </trkpt>
      <trkpt lat="42.865257" lon="2.550242">
        <ele>534.08</ele>
      </trkpt>
      <trkpt lat="42.86527" lon="2.550011">
        <ele>535.85</ele>
      </trkpt>
      <trkpt lat="42.865275" lon="2.549437">
        <ele>540.49</ele>
      </trkpt>
      <trkpt lat="42.865293" lon="2.549265">
        <ele>541.78</ele>
      </trkpt>
      <trkpt lat="42.865371" lon="2.548974">
        <ele>543.7</ele>
      </trkpt>
      <trkpt lat="42.865406" lon="2.548769">
        <ele>545.33</ele>
      </trkpt>
      <trkpt lat="42.865419" lon="2.548476">
        <ele>549.34</ele>
      </trkpt>
      <trkpt lat="42.865415" lon="2.548245">
        <ele>552.62</ele>
      </trkpt>
      <trkpt lat="42.865437" lon="2.547782">
        <ele>558.77</ele>
      </trkpt>
      <trkpt lat="42.865426" lon="2.54768">
        <ele>559.97</ele>
      </trkpt>
      <trkpt lat="42.865394" lon="2.547586">
        <ele>561.06</ele>
      </trkpt>
      <trkpt lat="42.865377" lon="2.547495">
        <ele>562.08</ele>
      </trkpt>
      <trkpt lat="42.865343" lon="2.547224">
        <ele>565.05</ele>
      </trkpt>
      <trkpt lat="42.865316" lon="2.547087">
        <ele>566.48</ele>
      </trkpt>
      <trkpt lat="42.865257" lon="2.546876">
        <ele>569.32</ele>
      </trkpt>
      <trkpt lat="42.865186" lon="2.546717">
        <ele>570.77</ele>
      </trkpt>
      <trkpt lat="42.865103" lon="2.546589">
        <ele>571.24</ele>
      </trkpt>
      <trkpt lat="42.864781" lon="2.546331">
        <ele>567.65</ele>
      </trkpt>
      <trkpt lat="42.864712" lon="2.546315">
        <ele>566.31</ele>
      </trkpt>
      <trkpt lat="42.864535" lon="2.546366">
        <ele>564.36</ele>
      </trkpt>
      <trkpt lat="42.864474" lon="2.546344">
        <ele>564.1</ele>
      </trkpt>
      <trkpt lat="42.864429" lon="2.546267">
        <ele>563.96</ele>
      </trkpt>
      <trkpt lat="42.864329" lon="2.545966">
        <ele>562.78</ele>
      </trkpt>
      <trkpt lat="42.86425" lon="2.545765">
        <ele>561.46</ele>
      </trkpt>
      <trkpt lat="42.864158" lon="2.54558">
        <ele>559.68</ele>
      </trkpt>
      <trkpt lat="42.864065" lon="2.545365">
        <ele>557.63</ele>
      </trkpt>
      <trkpt lat="42.864034" lon="2.545239">
        <ele>557.06</ele>
      </trkpt>
      <trkpt lat="42.863959" lon="2.544799">
        <ele>555.3</ele>
      </trkpt>
      <trkpt lat="42.863932" lon="2.544703">
        <ele>554.64</ele>
      </trkpt>
      <trkpt lat="42.863882" lon="2.544593">
        <ele>553.47</ele>
      </trkpt>
      <trkpt lat="42.863816" lon="2.544504">
        <ele>553.13</ele>
      </trkpt>
      <trkpt lat="42.863721" lon="2.544327">
        <ele>552.88</ele>
      </trkpt>
      <trkpt lat="42.863696" lon="2.544228">
        <ele>553.31</ele>
      </trkpt>
      <trkpt lat="42.863662" lon="2.54385">
        <ele>556.4</ele>
      </trkpt>
      <trkpt lat="42.863667" lon="2.5437">
        <ele>558.25</ele>
      </trkpt>
      <trkpt lat="42.863668" lon="2.543657">
        <ele>558.78</ele>
      </trkpt>
      <trkpt lat="42.863656" lon="2.543579">
        <ele>559.37</ele>
      </trkpt>
      <trkpt lat="42.863629" lon="2.543477">
        <ele>559.76</ele>
      </trkpt>
      <trkpt lat="42.863454" lon="2.543193">
        <ele>557.93</ele>
      </trkpt>
      <trkpt lat="42.863354" lon="2.543078">
        <ele>556.34</ele>
      </trkpt>
      <trkpt lat="42.863279" lon="2.543032">
        <ele>554.67</ele>
      </trkpt>
      <trkpt lat="42.863228" lon="2.54297">
        <ele>553.92</ele>
      </trkpt>
      <trkpt lat="42.863181" lon="2.542884">
        <ele>553.79</ele>
      </trkpt>
      <trkpt lat="42.863108" lon="2.542622">
        <ele>556.24</ele>
      </trkpt>
      <trkpt lat="42.862992" lon="2.542345">
        <ele>557.83</ele>
      </trkpt>
      <trkpt lat="42.862947" lon="2.542166">
        <ele>559.74</ele>
      </trkpt>
      <trkpt lat="42.862897" lon="2.542029">
        <ele>561.02</ele>
      </trkpt>
      <trkpt lat="42.862819" lon="2.541881">
        <ele>561.86</ele>
      </trkpt>
      <trkpt lat="42.862722" lon="2.541661">
        <ele>563.61</ele>
      </trkpt>
      <trkpt lat="42.862453" lon="2.541305">
        <ele>562.69</ele>
      </trkpt>
      <trkpt lat="42.862435" lon="2.541229">
        <ele>563.59</ele>
      </trkpt>
      <trkpt lat="42.862428" lon="2.541149">
        <ele>564.8</ele>
      </trkpt>
      <trkpt lat="42.862396" lon="2.54106">
        <ele>565.4</ele>
      </trkpt>
      <trkpt lat="42.862339" lon="2.540972">
        <ele>565.22</ele>
      </trkpt>
      <trkpt lat="42.862166" lon="2.54079">
        <ele>563.11</ele>
      </trkpt>
      <trkpt lat="42.862044" lon="2.540596">
        <ele>563.11</ele>
      </trkpt>
      <trkpt lat="42.861916" lon="2.540315">
        <ele>564.87</ele>
      </trkpt>
      <trkpt lat="42.861911" lon="2.540287">
        <ele>565.27</ele>
      </trkpt>
      <trkpt lat="42.861893" lon="2.540189">
        <ele>566.69</ele>
      </trkpt>
      <trkpt lat="42.861886" lon="2.539967">
        <ele>570.86</ele>
      </trkpt>
      <trkpt lat="42.861875" lon="2.539864">
        <ele>572.56</ele>
      </trkpt>
      <trkpt lat="42.861848" lon="2.539752">
        <ele>573.96</ele>
      </trkpt>
      <trkpt lat="42.861806" lon="2.539668">
        <ele>574.35</ele>
      </trkpt>
      <trkpt lat="42.861737" lon="2.539612">
        <ele>573.39</ele>
      </trkpt>
      <trkpt lat="42.861669" lon="2.539591">
        <ele>571.74</ele>
      </trkpt>
      <trkpt lat="42.861623" lon="2.539534">
        <ele>571.77</ele>
      </trkpt>
      <trkpt lat="42.861596" lon="2.539427">
        <ele>573.66</ele>
      </trkpt>
      <trkpt lat="42.861582" lon="2.53932">
        <ele>575.98</ele>
      </trkpt>
      <trkpt lat="42.861545" lon="2.539229">
        <ele>577.34</ele>
      </trkpt>
      <trkpt lat="42.861478" lon="2.539183">
        <ele>576.87</ele>
      </trkpt>
      <trkpt lat="42.861401" lon="2.539148">
        <ele>575.93</ele>
      </trkpt>
      <trkpt lat="42.86125" lon="2.539156">
        <ele>571.13</ele>
      </trkpt>
      <trkpt lat="42.861209" lon="2.539137">
        <ele>570.05</ele>
      </trkpt>
      <trkpt lat="42.861159" lon="2.539094">
        <ele>569.3</ele>
      </trkpt>
      <trkpt lat="42.861106" lon="2.538858">
        <ele>573.65</ele>
      </trkpt>
      <trkpt lat="42.861083" lon="2.538789">
        <ele>574.57</ele>
      </trkpt>
      <trkpt lat="42.861041" lon="2.538754">
        <ele>573.77</ele>
      </trkpt>
      <trkpt lat="42.860971" lon="2.538724">
        <ele>571.43</ele>
      </trkpt>
      <trkpt lat="42.860894" lon="2.538655">
        <ele>569.78</ele>
      </trkpt>
      <trkpt lat="42.860784" lon="2.538461">
        <ele>569.87</ele>
      </trkpt>
      <trkpt lat="42.860617" lon="2.538089">
        <ele>573.1</ele>
      </trkpt>
      <trkpt lat="42.860538" lon="2.537847">
        <ele>576.45</ele>
      </trkpt>
      <trkpt lat="42.860497" lon="2.537689">
        <ele>578.39</ele>
      </trkpt>
      <trkpt lat="42.860416" lon="2.537453">
        <ele>578.6</ele>
      </trkpt>
      <trkpt lat="42.860324" lon="2.537262">
        <ele>576.49</ele>
      </trkpt>
      <trkpt lat="42.860155" lon="2.536997">
        <ele>570.31</ele>
      </trkpt>
      <trkpt lat="42.860045" lon="2.536807">
        <ele>565.76</ele>
      </trkpt>
      <trkpt lat="42.859944" lon="2.536576">
        <ele>562.63</ele>
      </trkpt>
      <trkpt lat="42.859925" lon="2.536478">
        <ele>562.81</ele>
      </trkpt>
      <trkpt lat="42.859889" lon="2.5363">
        <ele>563.14</ele>
      </trkpt>
      <trkpt lat="42.859864" lon="2.536112">
        <ele>562.5</ele>
      </trkpt>
      <trkpt lat="42.859876" lon="2.535653">
        <ele>564.01</ele>
      </trkpt>
      <trkpt lat="42.859868" lon="2.535519">
        <ele>563.86</ele>
      </trkpt>
      <trkpt lat="42.859832" lon="2.535262">
        <ele>561.11</ele>
      </trkpt>
      <trkpt lat="42.859824" lon="2.535034">
        <ele>559.07</ele>
      </trkpt>
      <trkpt lat="42.859864" lon="2.534771">
        <ele>558.9</ele>
      </trkpt>
      <trkpt lat="42.859935" lon="2.534553">
        <ele>561.13</ele>
      </trkpt>
      <trkpt lat="42.860056" lon="2.534272">
        <ele>570.61</ele>
      </trkpt>
      <trkpt lat="42.860141" lon="2.533979">
        <ele>578.43</ele>
      </trkpt>
      <trkpt lat="42.860139" lon="2.533891">
        <ele>579.64</ele>
      </trkpt>
      <trkpt lat="42.860098" lon="2.533808">
        <ele>579.22</ele>
      </trkpt>
      <trkpt lat="42.860029" lon="2.533698">
        <ele>578.53</ele>
      </trkpt>
      <trkpt lat="42.859921" lon="2.533483">
        <ele>579.09</ele>
      </trkpt>
      <trkpt lat="42.859837" lon="2.533369">
        <ele>578.51</ele>
      </trkpt>
      <trkpt lat="42.859627" lon="2.533204">
        <ele>574.72</ele>
      </trkpt>
      <trkpt lat="42.859325" lon="2.532948">
        <ele>571.43</ele>
      </trkpt>
      <trkpt lat="42.859085" lon="2.532574">
        <ele>571.14</ele>
      </trkpt>
      <trkpt lat="42.858887" lon="2.532323">
        <ele>571.12</ele>
      </trkpt>
      <trkpt lat="42.858696" lon="2.532082">
        <ele>571.09</ele>
      </trkpt>
      <trkpt lat="42.858311" lon="2.531524">
        <ele>564.07</ele>
      </trkpt>
      <trkpt lat="42.858234" lon="2.531402">
        <ele>562.44</ele>
      </trkpt>
      <trkpt lat="42.858191" lon="2.531276">
        <ele>561.4</ele>
      </trkpt>
      <trkpt lat="42.858187" lon="2.531185">
        <ele>561.59</ele>
      </trkpt>
      <trkpt lat="42.858234" lon="2.531048">
        <ele>563.21</ele>
      </trkpt>
      <trkpt lat="42.858313" lon="2.530959">
        <ele>565.42</ele>
      </trkpt>
      <trkpt lat="42.858366" lon="2.530916">
        <ele>566.89</ele>
      </trkpt>
      <trkpt lat="42.858419" lon="2.530806">
        <ele>568.81</ele>
      </trkpt>
      <trkpt lat="42.85845" lon="2.530659">
        <ele>570.54</ele>
      </trkpt>
      <trkpt lat="42.858434" lon="2.530581">
        <ele>570.63</ele>
      </trkpt>
      <trkpt lat="42.858303" lon="2.530482">
        <ele>567.69</ele>
      </trkpt>
      <trkpt lat="42.858183" lon="2.530294">
        <ele>566.03</ele>
      </trkpt>
      <trkpt lat="42.858102" lon="2.530066">
        <ele>565.91</ele>
      </trkpt>
      <trkpt lat="42.857955" lon="2.529691">
        <ele>564.8</ele>
      </trkpt>
      <trkpt lat="42.857852" lon="2.529455">
        <ele>565.77</ele>
      </trkpt>
      <trkpt lat="42.857723" lon="2.529133">
        <ele>567.22</ele>
      </trkpt>
      <trkpt lat="42.857654" lon="2.528819">
        <ele>569.34</ele>
      </trkpt>
      <trkpt lat="42.857605" lon="2.52865">
        <ele>570.36</ele>
      </trkpt>
      <trkpt lat="42.857528" lon="2.528438">
        <ele>571.5</ele>
      </trkpt>
      <trkpt lat="42.857468" lon="2.528148">
        <ele>574.02</ele>
      </trkpt>
      <trkpt lat="42.857124" lon="2.527312">
        <ele>578.79</ele>
      </trkpt>
      <trkpt lat="42.857052" lon="2.526992">
        <ele>583.44</ele>
      </trkpt>
      <trkpt lat="42.856805" lon="2.526549">
        <ele>587.17</ele>
      </trkpt>
      <trkpt lat="42.856754" lon="2.526459">
        <ele>587.93</ele>
      </trkpt>
      <trkpt lat="42.856651" lon="2.526316">
        <ele>587.66</ele>
      </trkpt>
      <trkpt lat="42.856541" lon="2.526261">
        <ele>586.12</ele>
      </trkpt>
      <trkpt lat="42.856247" lon="2.526274">
        <ele>579.83</ele>
      </trkpt>
      <trkpt lat="42.856094" lon="2.526323">
        <ele>574.78</ele>
      </trkpt>
      <trkpt lat="42.855846" lon="2.52656">
        <ele>568.78</ele>
      </trkpt>
      <trkpt lat="42.855804" lon="2.526645">
        <ele>568.49</ele>
      </trkpt>
      <trkpt lat="42.855642" lon="2.526712">
        <ele>565.26</ele>
      </trkpt>
      <trkpt lat="42.855521" lon="2.526831">
        <ele>564.33</ele>
      </trkpt>
      <trkpt lat="42.855134" lon="2.527317">
        <ele>561.32</ele>
      </trkpt>
      <trkpt lat="42.854871" lon="2.52762">
        <ele>561.48</ele>
      </trkpt>
      <trkpt lat="42.854789" lon="2.527715">
        <ele>561.53</ele>
      </trkpt>
      <trkpt lat="42.854508" lon="2.527963">
        <ele>562.9</ele>
      </trkpt>
      <trkpt lat="42.854414" lon="2.52802">
        <ele>563</ele>
      </trkpt>
      <trkpt lat="42.854338" lon="2.528088">
        <ele>563.77</ele>
      </trkpt>
      <trkpt lat="42.85419" lon="2.528124">
        <ele>562.3</ele>
      </trkpt>
      <trkpt lat="42.854118" lon="2.528098">
        <ele>560.2</ele>
      </trkpt>
      <trkpt lat="42.85405" lon="2.528005">
        <ele>556</ele>
      </trkpt>
      <trkpt lat="42.853978" lon="2.527984">
        <ele>554.05</ele>
      </trkpt>
      <trkpt lat="42.853871" lon="2.528">
        <ele>552.65</ele>
      </trkpt>
      <trkpt lat="42.853671" lon="2.528103">
        <ele>554.71</ele>
      </trkpt>
      <trkpt lat="42.853398" lon="2.528263">
        <ele>558.23</ele>
      </trkpt>
      <trkpt lat="42.853204" lon="2.528325">
        <ele>558.61</ele>
      </trkpt>
      <trkpt lat="42.853072" lon="2.528424">
        <ele>559.58</ele>
      </trkpt>
      <trkpt lat="42.85282" lon="2.528793">
        <ele>570.83</ele>
      </trkpt>
      <trkpt lat="42.852734" lon="2.52892">
        <ele>574.69</ele>
      </trkpt>
      <trkpt lat="42.852624" lon="2.529008">
        <ele>579.97</ele>
      </trkpt>
      <trkpt lat="42.852556" lon="2.528972">
        <ele>581.63</ele>
      </trkpt>
      <trkpt lat="42.852389" lon="2.528713">
        <ele>582.31</ele>
      </trkpt>
      <trkpt lat="42.852222" lon="2.528341">
        <ele>581.5</ele>
      </trkpt>
      <trkpt lat="42.851873" lon="2.52787">
        <ele>582.87</ele>
      </trkpt>
      <trkpt lat="42.851635" lon="2.527488">
        <ele>581.44</ele>
      </trkpt>
      <trkpt lat="42.851437" lon="2.527234">
        <ele>580.55</ele>
      </trkpt>
      <trkpt lat="42.851193" lon="2.527037">
        <ele>582.2</ele>
      </trkpt>
      <trkpt lat="42.85113" lon="2.527016">
        <ele>583.51</ele>
      </trkpt>
      <trkpt lat="42.850866" lon="2.526991">
        <ele>589.88</ele>
      </trkpt>
      <trkpt lat="42.850652" lon="2.527036">
        <ele>595.9</ele>
      </trkpt>
      <trkpt lat="42.850519" lon="2.526995">
        <ele>598.76</ele>
      </trkpt>
      <trkpt lat="42.850307" lon="2.526855">
        <ele>603.06</ele>
      </trkpt>
      <trkpt lat="42.850102" lon="2.526602">
        <ele>608.37</ele>
      </trkpt>
      <trkpt lat="42.849909" lon="2.526473">
        <ele>615.56</ele>
      </trkpt>
      <trkpt lat="42.84964" lon="2.526452">
        <ele>626.21</ele>
      </trkpt>
      <trkpt lat="42.849325" lon="2.526524">
        <ele>641.64</ele>
      </trkpt>
      <trkpt lat="42.849151" lon="2.526705">
        <ele>648.32</ele>
      </trkpt>
      <trkpt lat="42.849025" lon="2.526979">
        <ele>651</ele>
      </trkpt>
      <trkpt lat="42.84897" lon="2.527075">
        <ele>652.57</ele>
      </trkpt>
      <trkpt lat="42.848878" lon="2.527233">
        <ele>655.16</ele>
      </trkpt>
      <trkpt lat="42.848708" lon="2.527375">
        <ele>661.7</ele>
      </trkpt>
      <trkpt lat="42.848678" lon="2.527478">
        <ele>661.99</ele>
      </trkpt>
      <trkpt lat="42.848667" lon="2.527541">
        <ele>661.74</ele>
      </trkpt>
      <trkpt lat="42.848605" lon="2.527606">
        <ele>664.22</ele>
      </trkpt>
      <trkpt lat="42.848531" lon="2.527594">
        <ele>668.42</ele>
      </trkpt>
      <trkpt lat="42.848435" lon="2.527615">
        <ele>673.36</ele>
      </trkpt>
      <trkpt lat="42.848375" lon="2.527603">
        <ele>676.81</ele>
      </trkpt>
      <trkpt lat="42.84833" lon="2.527547">
        <ele>680</ele>
      </trkpt>
      <trkpt lat="42.848334" lon="2.527455">
        <ele>681.08</ele>
      </trkpt>
      <trkpt lat="42.848383" lon="2.52735">
        <ele>679.82</ele>
      </trkpt>
      <trkpt lat="42.84849" lon="2.527218">
        <ele>675.79</ele>
      </trkpt>
      <trkpt lat="42.848548" lon="2.527095">
        <ele>674.24</ele>
      </trkpt>
      <trkpt lat="42.848587" lon="2.526683">
        <ele>675.71</ele>
      </trkpt>
      <trkpt lat="42.848636" lon="2.526378">
        <ele>676.55</ele>
      </trkpt>
      <trkpt lat="42.848681" lon="2.526271">
        <ele>676.08</ele>
      </trkpt>
      <trkpt lat="42.848692" lon="2.526147">
        <ele>675.76</ele>
      </trkpt>
      <trkpt lat="42.848657" lon="2.525892">
        <ele>676.52</ele>
      </trkpt>
      <trkpt lat="42.848688" lon="2.525685">
        <ele>675.35</ele>
      </trkpt>
      <trkpt lat="42.848735" lon="2.525505">
        <ele>673.9</ele>
      </trkpt>
      <trkpt lat="42.84879" lon="2.525416">
        <ele>672.44</ele>
      </trkpt>
      <trkpt lat="42.848998" lon="2.525218">
        <ele>667.07</ele>
      </trkpt>
      <trkpt lat="42.849063" lon="2.525097">
        <ele>665.81</ele>
      </trkpt>
      <trkpt lat="42.849148" lon="2.524892">
        <ele>664.78</ele>
      </trkpt>
      <trkpt lat="42.849176" lon="2.524761">
        <ele>664.8</ele>
      </trkpt>
      <trkpt lat="42.849176" lon="2.524598">
        <ele>665.31</ele>
      </trkpt>
      <trkpt lat="42.849132" lon="2.524378">
        <ele>665.5</ele>
      </trkpt>
      <trkpt lat="42.849137" lon="2.524211">
        <ele>665.34</ele>
      </trkpt>
      <trkpt lat="42.849244" lon="2.523873">
        <ele>665.04</ele>
      </trkpt>
      <trkpt lat="42.849339" lon="2.523572">
        <ele>664.76</ele>
      </trkpt>
      <trkpt lat="42.849411" lon="2.52337">
        <ele>664.62</ele>
      </trkpt>
      <trkpt lat="42.849419" lon="2.523225">
        <ele>664.49</ele>
      </trkpt>
      <trkpt lat="42.849396" lon="2.523101">
        <ele>664.31</ele>
      </trkpt>
      <trkpt lat="42.849343" lon="2.522936">
        <ele>663.94</ele>
      </trkpt>
      <trkpt lat="42.849301" lon="2.522698">
        <ele>663.67</ele>
      </trkpt>
      <trkpt lat="42.849286" lon="2.522455">
        <ele>663.48</ele>
      </trkpt>
      <trkpt lat="42.849214" lon="2.522217">
        <ele>663.03</ele>
      </trkpt>
      <trkpt lat="42.849165" lon="2.522119">
        <ele>662.73</ele>
      </trkpt>
      <trkpt lat="42.849135" lon="2.521948">
        <ele>661.99</ele>
      </trkpt>
      <trkpt lat="42.849135" lon="2.521777">
        <ele>661.29</ele>
      </trkpt>
      <trkpt lat="42.849173" lon="2.521519">
        <ele>660.53</ele>
      </trkpt>
      <trkpt lat="42.849203" lon="2.520919">
        <ele>657.38</ele>
      </trkpt>
      <trkpt lat="42.849224" lon="2.520736">
        <ele>656.27</ele>
      </trkpt>
      <trkpt lat="42.849245" lon="2.520562">
        <ele>655.21</ele>
      </trkpt>
      <trkpt lat="42.849331" lon="2.520327">
        <ele>654.65</ele>
      </trkpt>
      <trkpt lat="42.849423" lon="2.520205">
        <ele>655</ele>
      </trkpt>
      <trkpt lat="42.84948" lon="2.520112">
        <ele>655.11</ele>
      </trkpt>
      <trkpt lat="42.849597" lon="2.519988">
        <ele>655.55</ele>
      </trkpt>
      <trkpt lat="42.849926" lon="2.519492">
        <ele>660.06</ele>
      </trkpt>
      <trkpt lat="42.849963" lon="2.519357">
        <ele>661.96</ele>
      </trkpt>
      <trkpt lat="42.850056" lon="2.519155">
        <ele>665.09</ele>
      </trkpt>
      <trkpt lat="42.850204" lon="2.518737">
        <ele>670.13</ele>
      </trkpt>
      <trkpt lat="42.850237" lon="2.518504">
        <ele>676.08</ele>
      </trkpt>
      <trkpt lat="42.850351" lon="2.518339">
        <ele>680.98</ele>
      </trkpt>
      <trkpt lat="42.850496" lon="2.518055">
        <ele>688.67</ele>
      </trkpt>
      <trkpt lat="42.850508" lon="2.518013">
        <ele>689.67</ele>
      </trkpt>
      <trkpt lat="42.850561" lon="2.51783">
        <ele>694.02</ele>
      </trkpt>
      <trkpt lat="42.850622" lon="2.51756">
        <ele>701.18</ele>
      </trkpt>
      <trkpt lat="42.850596" lon="2.517488">
        <ele>703.41</ele>
      </trkpt>
      <trkpt lat="42.850601" lon="2.517376">
        <ele>706.51</ele>
      </trkpt>
      <trkpt lat="42.850668" lon="2.517134">
        <ele>712.58</ele>
      </trkpt>
      <trkpt lat="42.850637" lon="2.517041">
        <ele>716.02</ele>
      </trkpt>
      <trkpt lat="42.85066" lon="2.516863">
        <ele>722.67</ele>
      </trkpt>
      <trkpt lat="42.850701" lon="2.516739">
        <ele>726.78</ele>
      </trkpt>
      <trkpt lat="42.850694" lon="2.516605">
        <ele>732.02</ele>
      </trkpt>
      <trkpt lat="42.850716" lon="2.51651">
        <ele>735.21</ele>
      </trkpt>
      <trkpt lat="42.850867" lon="2.51635">
        <ele>737.7</ele>
      </trkpt>
      <trkpt lat="42.850931" lon="2.516205">
        <ele>740.86</ele>
      </trkpt>
      <trkpt lat="42.850885" lon="2.516178">
        <ele>742.8</ele>
      </trkpt>
      <trkpt lat="42.850873" lon="2.516089">
        <ele>745.6</ele>
      </trkpt>
      <trkpt lat="42.850893" lon="2.516004">
        <ele>747.48</ele>
      </trkpt>
      <trkpt lat="42.850848" lon="2.51585">
        <ele>753.04</ele>
      </trkpt>
      <trkpt lat="42.850799" lon="2.515788">
        <ele>756.12</ele>
      </trkpt>
      <trkpt lat="42.850698" lon="2.51574">
        <ele>760.27</ele>
      </trkpt>
      <trkpt lat="42.850632" lon="2.515683">
        <ele>763.74</ele>
      </trkpt>
      <trkpt lat="42.850601" lon="2.515601">
        <ele>767.01</ele>
      </trkpt>
      <trkpt lat="42.850524" lon="2.515612">
        <ele>768.86</ele>
      </trkpt>
      <trkpt lat="42.850486" lon="2.515598">
        <ele>770.35</ele>
      </trkpt>
      <trkpt lat="42.850421" lon="2.515561">
        <ele>770.4</ele>
      </trkpt>
      <trkpt lat="42.850392" lon="2.515525">
        <ele>770.73</ele>
      </trkpt>
      <trkpt lat="42.850349" lon="2.515473">
        <ele>771.21</ele>
      </trkpt>
      <trkpt lat="42.850322" lon="2.515319">
        <ele>775.61</ele>
      </trkpt>
      <trkpt lat="42.850396" lon="2.515163">
        <ele>782.89</ele>
      </trkpt>
      <trkpt lat="42.850369" lon="2.51513">
        <ele>783.35</ele>
      </trkpt>
      <trkpt lat="42.850373" lon="2.514947">
        <ele>789.8</ele>
      </trkpt>
      <trkpt lat="42.850396" lon="2.514901">
        <ele>791.99</ele>
      </trkpt>
      <trkpt lat="42.850389" lon="2.514758">
        <ele>796.75</ele>
      </trkpt>
      <trkpt lat="42.850425" lon="2.514662">
        <ele>801.02</ele>
      </trkpt>
      <trkpt lat="42.850524" lon="2.514551">
        <ele>804.04</ele>
      </trkpt>
      <trkpt lat="42.850533" lon="2.514469">
        <ele>806.44</ele>
      </trkpt>
      <trkpt lat="42.850424" lon="2.514352">
        <ele>812.15</ele>
      </trkpt>
      <trkpt lat="42.850424" lon="2.514263">
        <ele>815.41</ele>
      </trkpt>
      <trkpt lat="42.850455" lon="2.514174">
        <ele>819.37</ele>
      </trkpt>
      <trkpt lat="42.850465" lon="2.513971">
        <ele>826.91</ele>
      </trkpt>
      <trkpt lat="42.85037" lon="2.513884">
        <ele>828.1</ele>
      </trkpt>
      <trkpt lat="42.850398" lon="2.513811">
        <ele>831.38</ele>
      </trkpt>
      <trkpt lat="42.850329" lon="2.513501">
        <ele>843.28</ele>
      </trkpt>
      <trkpt lat="42.850225" lon="2.513446">
        <ele>843.39</ele>
      </trkpt>
      <trkpt lat="42.850158" lon="2.513347">
        <ele>846.09</ele>
      </trkpt>
      <trkpt lat="42.850062" lon="2.51336">
        <ele>843.34</ele>
      </trkpt>
      <trkpt lat="42.849968" lon="2.51328">
        <ele>844.39</ele>
      </trkpt>
      <trkpt lat="42.849956" lon="2.513252">
        <ele>845.23</ele>
      </trkpt>
      <trkpt lat="42.849933" lon="2.513196">
        <ele>846.91</ele>
      </trkpt>
      <trkpt lat="42.849944" lon="2.513123">
        <ele>850.11</ele>
      </trkpt>
      <trkpt lat="42.849924" lon="2.513048">
        <ele>852.62</ele>
      </trkpt>
      <trkpt lat="42.849832" lon="2.512964">
        <ele>853.47</ele>
      </trkpt>
      <trkpt lat="42.849802" lon="2.512862">
        <ele>855.87</ele>
      </trkpt>
      <trkpt lat="42.849728" lon="2.512673">
        <ele>858.76</ele>
      </trkpt>
      <trkpt lat="42.849835" lon="2.512571">
        <ele>864.11</ele>
      </trkpt>
      <trkpt lat="42.849822" lon="2.512488">
        <ele>865.9</ele>
      </trkpt>
      <trkpt lat="42.849899" lon="2.512428">
        <ele>869.33</ele>
      </trkpt>
      <trkpt lat="42.849872" lon="2.512365">
        <ele>870.25</ele>
      </trkpt>
      <trkpt lat="42.849881" lon="2.512314">
        <ele>871.74</ele>
      </trkpt>
      <trkpt lat="42.849859" lon="2.512236">
        <ele>873.18</ele>
      </trkpt>
      <trkpt lat="42.849864" lon="2.512153">
        <ele>875.37</ele>
      </trkpt>
      <trkpt lat="42.849885" lon="2.512058">
        <ele>877.92</ele>
      </trkpt>
      <trkpt lat="42.849968" lon="2.511999">
        <ele>880.64</ele>
      </trkpt>
      <trkpt lat="42.850017" lon="2.511842">
        <ele>883.99</ele>
      </trkpt>
      <trkpt lat="42.850027" lon="2.511761">
        <ele>885.38</ele>
      </trkpt>
      <trkpt lat="42.850046" lon="2.511725">
        <ele>886.38</ele>
      </trkpt>
      <trkpt lat="42.850094" lon="2.511689">
        <ele>888.11</ele>
      </trkpt>
      <trkpt lat="42.850188" lon="2.511637">
        <ele>891.24</ele>
      </trkpt>
      <trkpt lat="42.850246" lon="2.511625">
        <ele>892.89</ele>
      </trkpt>
      <trkpt lat="42.85023" lon="2.511538">
        <ele>893.84</ele>
      </trkpt>
      <trkpt lat="42.85014" lon="2.5114">
        <ele>893.55</ele>
      </trkpt>
      <trkpt lat="42.850098" lon="2.511307">
        <ele>893.79</ele>
      </trkpt>
      <trkpt lat="42.850119" lon="2.511224">
        <ele>895.52</ele>
      </trkpt>
      <trkpt lat="42.850162" lon="2.511191">
        <ele>897.12</ele>
      </trkpt>
      <trkpt lat="42.850196" lon="2.510954">
        <ele>901</ele>
      </trkpt>
      <trkpt lat="42.850121" lon="2.510753">
        <ele>901.64</ele>
      </trkpt>
      <trkpt lat="42.850086" lon="2.510566">
        <ele>903.21</ele>
      </trkpt>
      <trkpt lat="42.8501" lon="2.51038">
        <ele>905.56</ele>
      </trkpt>
      <trkpt lat="42.850084" lon="2.510207">
        <ele>905.77</ele>
      </trkpt>
      <trkpt lat="42.850065" lon="2.510098">
        <ele>905.77</ele>
      </trkpt>
      <trkpt lat="42.850065" lon="2.510003">
        <ele>906.1</ele>
      </trkpt>
      <trkpt lat="42.850006" lon="2.509725">
        <ele>906.43</ele>
      </trkpt>
      <trkpt lat="42.850017" lon="2.509359">
        <ele>902.22</ele>
      </trkpt>
      <trkpt lat="42.850051" lon="2.509239">
        <ele>899.95</ele>
      </trkpt>
      <trkpt lat="42.850041" lon="2.509122">
        <ele>897.3</ele>
      </trkpt>
      <trkpt lat="42.849995" lon="2.509012">
        <ele>894.39</ele>
      </trkpt>
      <trkpt lat="42.849974" lon="2.508928">
        <ele>892.28</ele>
      </trkpt>
      <trkpt lat="42.849912" lon="2.508877">
        <ele>890.37</ele>
      </trkpt>
      <trkpt lat="42.849875" lon="2.508745">
        <ele>886.87</ele>
      </trkpt>
      <trkpt lat="42.849891" lon="2.508608">
        <ele>882.91</ele>
      </trkpt>
      <trkpt lat="42.849878" lon="2.508499">
        <ele>879.36</ele>
      </trkpt>
      <trkpt lat="42.849925" lon="2.508321">
        <ele>874.88</ele>
      </trkpt>
      <trkpt lat="42.850041" lon="2.508312">
        <ele>877.03</ele>
      </trkpt>
      <trkpt lat="42.850177" lon="2.508168">
        <ele>876.17</ele>
      </trkpt>
      <trkpt lat="42.850202" lon="2.508079">
        <ele>874.52</ele>
      </trkpt>
      <trkpt lat="42.850306" lon="2.507975">
        <ele>874.66</ele>
      </trkpt>
      <trkpt lat="42.850371" lon="2.507886">
        <ele>875.01</ele>
      </trkpt>
      <trkpt lat="42.850438" lon="2.507827">
        <ele>876.8</ele>
      </trkpt>
      <trkpt lat="42.850478" lon="2.507732">
        <ele>877.81</ele>
      </trkpt>
      <trkpt lat="42.850507" lon="2.50757">
        <ele>878.15</ele>
      </trkpt>
      <trkpt lat="42.850564" lon="2.507257">
        <ele>878.79</ele>
      </trkpt>
      <trkpt lat="42.850636" lon="2.507041">
        <ele>880.6</ele>
      </trkpt>
      <trkpt lat="42.85066" lon="2.506895">
        <ele>882.83</ele>
      </trkpt>
      <trkpt lat="42.850673" lon="2.506683">
        <ele>885.7</ele>
      </trkpt>
      <trkpt lat="42.850641" lon="2.506617">
        <ele>885.69</ele>
      </trkpt>
      <trkpt lat="42.850598" lon="2.506587">
        <ele>884.93</ele>
      </trkpt>
      <trkpt lat="42.850555" lon="2.506357">
        <ele>886.28</ele>
      </trkpt>
      <trkpt lat="42.850497" lon="2.506255">
        <ele>885.61</ele>
      </trkpt>
      <trkpt lat="42.850427" lon="2.50571">
        <ele>885.51</ele>
      </trkpt>
      <trkpt lat="42.850373" lon="2.50552">
        <ele>884.26</ele>
      </trkpt>
      <trkpt lat="42.850269" lon="2.505381">
        <ele>880.92</ele>
      </trkpt>
      <trkpt lat="42.850253" lon="2.505256">
        <ele>881.45</ele>
      </trkpt>
      <trkpt lat="42.850274" lon="2.505154">
        <ele>883.21</ele>
      </trkpt>
      <trkpt lat="42.850341" lon="2.504989">
        <ele>887.01</ele>
      </trkpt>
      <trkpt lat="42.850387" lon="2.504821">
        <ele>889.8</ele>
      </trkpt>
      <trkpt lat="42.850387" lon="2.504755">
        <ele>890.29</ele>
      </trkpt>
      <trkpt lat="42.850317" lon="2.504595">
        <ele>889.54</ele>
      </trkpt>
      <trkpt lat="42.850306" lon="2.504496">
        <ele>890.78</ele>
      </trkpt>
      <trkpt lat="42.850354" lon="2.504335">
        <ele>894.69</ele>
      </trkpt>
      <trkpt lat="42.850346" lon="2.504211">
        <ele>896.48</ele>
      </trkpt>
      <trkpt lat="42.850312" lon="2.504174">
        <ele>896.17</ele>
      </trkpt>
      <trkpt lat="42.850274" lon="2.504185">
        <ele>895.02</ele>
      </trkpt>
      <trkpt lat="42.850226" lon="2.504159">
        <ele>894.2</ele>
      </trkpt>
      <trkpt lat="42.850212" lon="2.504057">
        <ele>895.57</ele>
      </trkpt>
      <trkpt lat="42.850081" lon="2.503907">
        <ele>894.84</ele>
      </trkpt>
      <trkpt lat="42.85005" lon="2.503765">
        <ele>896.05</ele>
      </trkpt>
      <trkpt lat="42.850022" lon="2.503636">
        <ele>897.16</ele>
      </trkpt>
      <trkpt lat="42.850006" lon="2.503505">
        <ele>897.97</ele>
      </trkpt>
      <trkpt lat="42.84995" lon="2.503355">
        <ele>898.01</ele>
      </trkpt>
      <trkpt lat="42.849939" lon="2.503238">
        <ele>898.83</ele>
      </trkpt>
      <trkpt lat="42.849858" lon="2.503022">
        <ele>898.97</ele>
      </trkpt>
      <trkpt lat="42.849799" lon="2.502898">
        <ele>898.54</ele>
      </trkpt>
      <trkpt lat="42.849714" lon="2.502869">
        <ele>896.48</ele>
      </trkpt>
      <trkpt lat="42.849636" lon="2.502722">
        <ele>894.14</ele>
      </trkpt>
      <trkpt lat="42.849623" lon="2.502649">
        <ele>893.5</ele>
      </trkpt>
      <trkpt lat="42.849577" lon="2.50258">
        <ele>892</ele>
      </trkpt>
      <trkpt lat="42.849502" lon="2.50239">
        <ele>889.44</ele>
      </trkpt>
      <trkpt lat="42.849456" lon="2.502251">
        <ele>887.93</ele>
      </trkpt>
      <trkpt lat="42.84949" lon="2.502061">
        <ele>887.89</ele>
      </trkpt>
      <trkpt lat="42.849539" lon="2.501702">
        <ele>881.46</ele>
      </trkpt>
      <trkpt lat="42.849588" lon="2.501431">
        <ele>876.39</ele>
      </trkpt>
      <trkpt lat="42.849714" lon="2.501208">
        <ele>873.95</ele>
      </trkpt>
      <trkpt lat="42.849762" lon="2.501066">
        <ele>871.47</ele>
      </trkpt>
      <trkpt lat="42.849816" lon="2.500781">
        <ele>865.14</ele>
      </trkpt>
      <trkpt lat="42.849811" lon="2.500679">
        <ele>862.25</ele>
      </trkpt>
      <trkpt lat="42.84981" lon="2.500645">
        <ele>861.3</ele>
      </trkpt>
      <trkpt lat="42.849853" lon="2.500598">
        <ele>861.07</ele>
      </trkpt>
      <trkpt lat="42.849866" lon="2.500521">
        <ele>859.28</ele>
      </trkpt>
      <trkpt lat="42.849826" lon="2.500462">
        <ele>856.68</ele>
      </trkpt>
      <trkpt lat="42.849845" lon="2.500272">
        <ele>852.64</ele>
      </trkpt>
      <trkpt lat="42.849896" lon="2.500206">
        <ele>852.27</ele>
      </trkpt>
      <trkpt lat="42.849936" lon="2.500093">
        <ele>850.51</ele>
      </trkpt>
      <trkpt lat="42.850006" lon="2.499786">
        <ele>844.56</ele>
      </trkpt>
      <trkpt lat="42.850019" lon="2.499687">
        <ele>842.38</ele>
      </trkpt>
      <trkpt lat="42.84993" lon="2.499575">
        <ele>838.3</ele>
      </trkpt>
      <trkpt lat="42.849975" lon="2.499427">
        <ele>835.76</ele>
      </trkpt>
      <trkpt lat="42.849984" lon="2.499285">
        <ele>832.76</ele>
      </trkpt>
      <trkpt lat="42.85006" lon="2.499136">
        <ele>830.59</ele>
      </trkpt>
      <trkpt lat="42.850103" lon="2.498995">
        <ele>828.11</ele>
      </trkpt>
      <trkpt lat="42.850039" lon="2.498902">
        <ele>825.1</ele>
      </trkpt>
      <trkpt lat="42.849875" lon="2.498818">
        <ele>820.86</ele>
      </trkpt>
      <trkpt lat="42.849912" lon="2.498522">
        <ele>813.98</ele>
      </trkpt>
      <trkpt lat="42.849973" lon="2.498418">
        <ele>812.02</ele>
      </trkpt>
      <trkpt lat="42.850098" lon="2.498341">
        <ele>811.41</ele>
      </trkpt>
      <trkpt lat="42.850284" lon="2.498307">
        <ele>812.57</ele>
      </trkpt>
      <trkpt lat="42.850405" lon="2.49832">
        <ele>814.32</ele>
      </trkpt>
      <trkpt lat="42.850519" lon="2.498211">
        <ele>811.95</ele>
      </trkpt>
      <trkpt lat="42.850636" lon="2.498046">
        <ele>807.48</ele>
      </trkpt>
      <trkpt lat="42.850712" lon="2.497979">
        <ele>805.88</ele>
      </trkpt>
      <trkpt lat="42.850906" lon="2.497922">
        <ele>805.21</ele>
      </trkpt>
      <trkpt lat="42.850981" lon="2.497849">
        <ele>803.73</ele>
      </trkpt>
      <trkpt lat="42.851053" lon="2.497699">
        <ele>800.21</ele>
      </trkpt>
      <trkpt lat="42.851106" lon="2.497482">
        <ele>794.82</ele>
      </trkpt>
      <trkpt lat="42.85119" lon="2.497244">
        <ele>788.92</ele>
      </trkpt>
      <trkpt lat="42.851402" lon="2.496794">
        <ele>778.36</ele>
      </trkpt>
      <trkpt lat="42.851552" lon="2.496384">
        <ele>768.93</ele>
      </trkpt>
      <trkpt lat="42.8517" lon="2.496145">
        <ele>764.71</ele>
      </trkpt>
      <trkpt lat="42.85171" lon="2.496128">
        <ele>764.42</ele>
      </trkpt>
      <trkpt lat="42.851757" lon="2.495963">
        <ele>761.78</ele>
      </trkpt>
      <trkpt lat="42.851838" lon="2.495863">
        <ele>761.11</ele>
      </trkpt>
      <trkpt lat="42.85184" lon="2.49579">
        <ele>759.83</ele>
      </trkpt>
      <trkpt lat="42.851772" lon="2.495597">
        <ele>755.01</ele>
      </trkpt>
      <trkpt lat="42.85176" lon="2.495405">
        <ele>751.28</ele>
      </trkpt>
      <trkpt lat="42.85171" lon="2.495326">
        <ele>750.01</ele>
      </trkpt>
      <trkpt lat="42.851617" lon="2.49534">
        <ele>747.8</ele>
      </trkpt>
      <trkpt lat="42.851586" lon="2.49527">
        <ele>746.8</ele>
      </trkpt>
      <trkpt lat="42.851509" lon="2.495235">
        <ele>744.68</ele>
      </trkpt>
      <trkpt lat="42.851364" lon="2.495189">
        <ele>740.57</ele>
      </trkpt>
      <trkpt lat="42.851324" lon="2.495146">
        <ele>739.17</ele>
      </trkpt>
      <trkpt lat="42.851377" lon="2.495042">
        <ele>739.85</ele>
      </trkpt>
      <trkpt lat="42.851378" lon="2.495007">
        <ele>739.65</ele>
      </trkpt>
      <trkpt lat="42.851197" lon="2.494897">
        <ele>736.28</ele>
      </trkpt>
      <trkpt lat="42.85118" lon="2.494735">
        <ele>734.44</ele>
      </trkpt>
      <trkpt lat="42.850943" lon="2.494458">
        <ele>730.75</ele>
      </trkpt>
      <trkpt lat="42.850677" lon="2.494326">
        <ele>726.59</ele>
      </trkpt>
      <trkpt lat="42.850367" lon="2.493944">
        <ele>720.47</ele>
      </trkpt>
      <trkpt lat="42.850049" lon="2.493553">
        <ele>714.2</ele>
      </trkpt>
      <trkpt lat="42.849926" lon="2.493202">
        <ele>710.52</ele>
      </trkpt>
      <trkpt lat="42.849771" lon="2.493132">
        <ele>706.81</ele>
      </trkpt>
      <trkpt lat="42.849633" lon="2.492862">
        <ele>701.96</ele>
      </trkpt>
      <trkpt lat="42.849494" lon="2.492704">
        <ele>702.43</ele>
      </trkpt>
      <trkpt lat="42.849323" lon="2.492579">
        <ele>700.42</ele>
      </trkpt>
      <trkpt lat="42.848859" lon="2.492588">
        <ele>689.59</ele>
      </trkpt>
      <trkpt lat="42.848477" lon="2.49242">
        <ele>691.41</ele>
      </trkpt>
      <trkpt lat="42.848268" lon="2.492127">
        <ele>687.59</ele>
      </trkpt>
      <trkpt lat="42.848118" lon="2.491935">
        <ele>683.94</ele>
      </trkpt>
      <trkpt lat="42.847989" lon="2.491751">
        <ele>678.82</ele>
      </trkpt>
      <trkpt lat="42.847873" lon="2.491464">
        <ele>674.65</ele>
      </trkpt>
      <trkpt lat="42.847762" lon="2.490894">
        <ele>666.39</ele>
      </trkpt>
      <trkpt lat="42.847489" lon="2.490575">
        <ele>663.88</ele>
      </trkpt>
      <trkpt lat="42.847417" lon="2.490361">
        <ele>659.33</ele>
      </trkpt>
      <trkpt lat="42.847275" lon="2.490268">
        <ele>657.66</ele>
      </trkpt>
      <trkpt lat="42.847218" lon="2.490092">
        <ele>652.83</ele>
      </trkpt>
      <trkpt lat="42.847169" lon="2.489946">
        <ele>648.79</ele>
      </trkpt>
      <trkpt lat="42.847192" lon="2.489455">
        <ele>639.08</ele>
      </trkpt>
      <trkpt lat="42.847039" lon="2.488916">
        <ele>635.98</ele>
      </trkpt>
      <trkpt lat="42.846919" lon="2.488767">
        <ele>633.88</ele>
      </trkpt>
      <trkpt lat="42.846815" lon="2.488682">
        <ele>632.15</ele>
      </trkpt>
      <trkpt lat="42.846614" lon="2.488376">
        <ele>628.52</ele>
      </trkpt>
      <trkpt lat="42.846737" lon="2.488359">
        <ele>630.24</ele>
      </trkpt>
      <trkpt lat="42.846838" lon="2.488213">
        <ele>631.36</ele>
      </trkpt>
      <trkpt lat="42.846946" lon="2.488176">
        <ele>632.81</ele>
      </trkpt>
      <trkpt lat="42.847096" lon="2.488066">
        <ele>634.71</ele>
      </trkpt>
      <trkpt lat="42.847251" lon="2.487869">
        <ele>638.6</ele>
      </trkpt>
      <trkpt lat="42.847455" lon="2.487642">
        <ele>648.02</ele>
      </trkpt>
      <trkpt lat="42.847505" lon="2.48754">
        <ele>651.05</ele>
      </trkpt>
      <trkpt lat="42.84753" lon="2.487489">
        <ele>652.57</ele>
      </trkpt>
      <trkpt lat="42.847568" lon="2.487284">
        <ele>657.34</ele>
      </trkpt>
      <trkpt lat="42.847647" lon="2.48709">
        <ele>661.87</ele>
      </trkpt>
      <trkpt lat="42.84769" lon="2.487035">
        <ele>663.65</ele>
      </trkpt>
      <trkpt lat="42.848014" lon="2.48692">
        <ele>668.79</ele>
      </trkpt>
      <trkpt lat="42.848132" lon="2.486923">
        <ele>668.57</ele>
      </trkpt>
      <trkpt lat="42.848371" lon="2.486774">
        <ele>672.33</ele>
      </trkpt>
      <trkpt lat="42.848384" lon="2.486688">
        <ele>674.64</ele>
      </trkpt>
      <trkpt lat="42.848385" lon="2.486537">
        <ele>678.73</ele>
      </trkpt>
      <trkpt lat="42.848436" lon="2.486406">
        <ele>682</ele>
      </trkpt>
      <trkpt lat="42.848419" lon="2.486243">
        <ele>686.43</ele>
      </trkpt>
      <trkpt lat="42.848336" lon="2.486169">
        <ele>688.37</ele>
      </trkpt>
      <trkpt lat="42.848303" lon="2.486045">
        <ele>691.02</ele>
      </trkpt>
      <trkpt lat="42.848355" lon="2.485803">
        <ele>695.35</ele>
      </trkpt>
      <trkpt lat="42.848399" lon="2.485708">
        <ele>696.78</ele>
      </trkpt>
      <trkpt lat="42.848434" lon="2.485605">
        <ele>698.43</ele>
      </trkpt>
      <trkpt lat="42.848435" lon="2.485531">
        <ele>699.81</ele>
      </trkpt>
      <trkpt lat="42.848426" lon="2.485452">
        <ele>701.41</ele>
      </trkpt>
      <trkpt lat="42.848447" lon="2.485351">
        <ele>701.37</ele>
      </trkpt>
      <trkpt lat="42.848464" lon="2.485201">
        <ele>699.9</ele>
      </trkpt>
      <trkpt lat="42.8485" lon="2.484994">
        <ele>697.58</ele>
      </trkpt>
      <trkpt lat="42.848548" lon="2.484906">
        <ele>696.05</ele>
      </trkpt>
      <trkpt lat="42.848583" lon="2.484882">
        <ele>695.25</ele>
      </trkpt>
      <trkpt lat="42.848601" lon="2.484822">
        <ele>694.36</ele>
      </trkpt>
      <trkpt lat="42.848599" lon="2.484752">
        <ele>693.7</ele>
      </trkpt>
      <trkpt lat="42.848576" lon="2.484681">
        <ele>693.42</ele>
      </trkpt>
      <trkpt lat="42.84857" lon="2.484601">
        <ele>692.77</ele>
      </trkpt>
      <trkpt lat="42.848523" lon="2.484484">
        <ele>690.06</ele>
      </trkpt>
      <trkpt lat="42.84849" lon="2.484432">
        <ele>688.83</ele>
      </trkpt>
      <trkpt lat="42.848395" lon="2.484108">
        <ele>678.91</ele>
      </trkpt>
      <trkpt lat="42.848393" lon="2.484045">
        <ele>676.67</ele>
      </trkpt>
      <trkpt lat="42.848418" lon="2.48399">
        <ele>674.31</ele>
      </trkpt>
      <trkpt lat="42.848435" lon="2.483917">
        <ele>671.45</ele>
      </trkpt>
      <trkpt lat="42.848435" lon="2.483843">
        <ele>668.79</ele>
      </trkpt>
      <trkpt lat="42.848389" lon="2.483816">
        <ele>668.51</ele>
      </trkpt>
      <trkpt lat="42.848333" lon="2.483805">
        <ele>668.92</ele>
      </trkpt>
      <trkpt lat="42.848295" lon="2.483773">
        <ele>668.31</ele>
      </trkpt>
      <trkpt lat="42.848287" lon="2.483701">
        <ele>665.4</ele>
      </trkpt>
      <trkpt lat="42.848342" lon="2.483669">
        <ele>663.17</ele>
      </trkpt>
      <trkpt lat="42.848382" lon="2.483616">
        <ele>660.23</ele>
      </trkpt>
      <trkpt lat="42.848395" lon="2.483536">
        <ele>656.44</ele>
      </trkpt>
      <trkpt lat="42.848449" lon="2.483466">
        <ele>652.63</ele>
      </trkpt>
      <trkpt lat="42.848562" lon="2.483214">
        <ele>640.2</ele>
      </trkpt>
      <trkpt lat="42.848771" lon="2.48293">
        <ele>626.02</ele>
      </trkpt>
      <trkpt lat="42.848847" lon="2.4828">
        <ele>623.21</ele>
      </trkpt>
      <trkpt lat="42.848972" lon="2.482589">
        <ele>618.66</ele>
      </trkpt>
      <trkpt lat="42.849048" lon="2.482398">
        <ele>614.25</ele>
      </trkpt>
      <trkpt lat="42.849093" lon="2.482217">
        <ele>609.05</ele>
      </trkpt>
      <trkpt lat="42.849207" lon="2.481927">
        <ele>602.71</ele>
      </trkpt>
      <trkpt lat="42.849233" lon="2.481762">
        <ele>597.46</ele>
      </trkpt>
      <trkpt lat="42.84934" lon="2.481503">
        <ele>592.37</ele>
      </trkpt>
      <trkpt lat="42.849389" lon="2.481467">
        <ele>593.29</ele>
      </trkpt>
      <trkpt lat="42.849601" lon="2.481488">
        <ele>604.05</ele>
      </trkpt>
      <trkpt lat="42.849723" lon="2.481431">
        <ele>605.44</ele>
      </trkpt>
      <trkpt lat="42.850033" lon="2.48142">
        <ele>611.19</ele>
      </trkpt>
      <trkpt lat="42.850117" lon="2.481343">
        <ele>609.57</ele>
      </trkpt>
      <trkpt lat="42.850231" lon="2.481157">
        <ele>604.34</ele>
      </trkpt>
      <trkpt lat="42.850322" lon="2.481053">
        <ele>602.59</ele>
      </trkpt>
      <trkpt lat="42.850568" lon="2.480686">
        <ele>599.01</ele>
      </trkpt>
      <trkpt lat="42.850731" lon="2.480365">
        <ele>598.08</ele>
      </trkpt>
      <trkpt lat="42.850784" lon="2.4802">
        <ele>597.04</ele>
      </trkpt>
      <trkpt lat="42.850837" lon="2.480081">
        <ele>597.17</ele>
      </trkpt>
      <trkpt lat="42.850909" lon="2.480009">
        <ele>599.45</ele>
      </trkpt>
      <trkpt lat="42.850962" lon="2.479915">
        <ele>600.33</ele>
      </trkpt>
      <trkpt lat="42.850971" lon="2.479874">
        <ele>599.95</ele>
      </trkpt>
      <trkpt lat="42.850996" lon="2.47976">
        <ele>598.89</ele>
      </trkpt>
      <trkpt lat="42.851138" lon="2.479476">
        <ele>603.28</ele>
      </trkpt>
      <trkpt lat="42.851171" lon="2.47907">
        <ele>605.94</ele>
      </trkpt>
      <trkpt lat="42.851103" lon="2.478705">
        <ele>601.57</ele>
      </trkpt>
      <trkpt lat="42.851057" lon="2.478411">
        <ele>600.91</ele>
      </trkpt>
      <trkpt lat="42.850974" lon="2.478069">
        <ele>597.78</ele>
      </trkpt>
      <trkpt lat="42.85083" lon="2.477578">
        <ele>593.54</ele>
      </trkpt>
      <trkpt lat="42.85084" lon="2.477359">
        <ele>597.58</ele>
      </trkpt>
      <trkpt lat="42.850863" lon="2.477298">
        <ele>599.85</ele>
      </trkpt>
      <trkpt lat="42.850861" lon="2.476901">
        <ele>603.52</ele>
      </trkpt>
      <trkpt lat="42.85088" lon="2.476821">
        <ele>604.6</ele>
      </trkpt>
      <trkpt lat="42.850906" lon="2.476783">
        <ele>605.83</ele>
      </trkpt>
      <trkpt lat="42.850945" lon="2.476779">
        <ele>607.45</ele>
      </trkpt>
      <trkpt lat="42.850998" lon="2.476728">
        <ele>609.7</ele>
      </trkpt>
      <trkpt lat="42.85104" lon="2.476539">
        <ele>611.24</ele>
      </trkpt>
      <trkpt lat="42.851151" lon="2.476411">
        <ele>614.84</ele>
      </trkpt>
      <trkpt lat="42.851292" lon="2.476318">
        <ele>618.98</ele>
      </trkpt>
      <trkpt lat="42.851379" lon="2.476286">
        <ele>619.49</ele>
      </trkpt>
      <trkpt lat="42.851608" lon="2.476144">
        <ele>616.7</ele>
      </trkpt>
      <trkpt lat="42.85178" lon="2.476097">
        <ele>616.29</ele>
      </trkpt>
      <trkpt lat="42.851898" lon="2.476033">
        <ele>615.45</ele>
      </trkpt>
      <trkpt lat="42.851905" lon="2.476038">
        <ele>615.61</ele>
      </trkpt>
      <trkpt lat="42.851971" lon="2.476088">
        <ele>617.16</ele>
      </trkpt>
      <trkpt lat="42.852108" lon="2.476327">
        <ele>622.34</ele>
      </trkpt>
      <trkpt lat="42.852219" lon="2.476456">
        <ele>622.22</ele>
      </trkpt>
      <trkpt lat="42.852284" lon="2.476554">
        <ele>621.78</ele>
      </trkpt>
      <trkpt lat="42.852388" lon="2.476656">
        <ele>619.98</ele>
      </trkpt>
      <trkpt lat="42.852434" lon="2.476582">
        <ele>617.15</ele>
      </trkpt>
      <trkpt lat="42.852434" lon="2.476423">
        <ele>614.49</ele>
      </trkpt>
      <trkpt lat="42.852471" lon="2.476282">
        <ele>610.94</ele>
      </trkpt>
      <trkpt lat="42.852461" lon="2.476146">
        <ele>608.89</ele>
      </trkpt>
      <trkpt lat="42.852461" lon="2.475949">
        <ele>605.46</ele>
      </trkpt>
      <trkpt lat="42.852481" lon="2.475897">
        <ele>603.92</ele>
      </trkpt>
      <trkpt lat="42.852533" lon="2.475857">
        <ele>601.55</ele>
      </trkpt>
      <trkpt lat="42.852554" lon="2.47579">
        <ele>599.73</ele>
      </trkpt>
      <trkpt lat="42.852552" lon="2.475693">
        <ele>598.09</ele>
      </trkpt>
      <trkpt lat="42.852534" lon="2.475596">
        <ele>596.98</ele>
      </trkpt>
      <trkpt lat="42.852562" lon="2.475399">
        <ele>592.53</ele>
      </trkpt>
      <trkpt lat="42.852544" lon="2.475337">
        <ele>591.41</ele>
      </trkpt>
      <trkpt lat="42.852549" lon="2.475266">
        <ele>589.34</ele>
      </trkpt>
      <trkpt lat="42.8526" lon="2.475131">
        <ele>584.21</ele>
      </trkpt>
      <trkpt lat="42.852603" lon="2.475051">
        <ele>581.97</ele>
      </trkpt>
      <trkpt lat="42.852595" lon="2.474954">
        <ele>579.61</ele>
      </trkpt>
      <trkpt lat="42.852613" lon="2.47481">
        <ele>575.27</ele>
      </trkpt>
      <trkpt lat="42.852611" lon="2.474683">
        <ele>571.95</ele>
      </trkpt>
      <trkpt lat="42.852669" lon="2.474677">
        <ele>570.29</ele>
      </trkpt>
      <trkpt lat="42.852648" lon="2.47456">
        <ele>567.58</ele>
      </trkpt>
      <trkpt lat="42.852611" lon="2.474211">
        <ele>556.41</ele>
      </trkpt>
      <trkpt lat="42.852573" lon="2.474032">
        <ele>550.89</ele>
      </trkpt>
      <trkpt lat="42.852588" lon="2.473901">
        <ele>546.03</ele>
      </trkpt>
      <trkpt lat="42.852683" lon="2.473913">
        <ele>544.85</ele>
      </trkpt>
      <trkpt lat="42.852714" lon="2.473859">
        <ele>542.56</ele>
      </trkpt>
      <trkpt lat="42.852716" lon="2.473791">
        <ele>540.23</ele>
      </trkpt>
      <trkpt lat="42.852697" lon="2.473619">
        <ele>534.02</ele>
      </trkpt>
      <trkpt lat="42.852748" lon="2.473599">
        <ele>532.49</ele>
      </trkpt>
      <trkpt lat="42.852818" lon="2.47361">
        <ele>531.99</ele>
      </trkpt>
      <trkpt lat="42.852875" lon="2.473662">
        <ele>533.19</ele>
      </trkpt>
      <trkpt lat="42.853066" lon="2.473766">
        <ele>533.41</ele>
      </trkpt>
      <trkpt lat="42.853092" lon="2.473722">
        <ele>531.34</ele>
      </trkpt>
      <trkpt lat="42.85308" lon="2.47364">
        <ele>528.55</ele>
      </trkpt>
      <trkpt lat="42.85305" lon="2.473566">
        <ele>526.47</ele>
      </trkpt>
      <trkpt lat="42.852984" lon="2.473335">
        <ele>519.08</ele>
      </trkpt>
      <trkpt lat="42.852975" lon="2.473282">
        <ele>517.19</ele>
      </trkpt>
      <trkpt lat="42.853001" lon="2.473244">
        <ele>515.3</ele>
      </trkpt>
      <trkpt lat="42.853046" lon="2.473247">
        <ele>514.55</ele>
      </trkpt>
      <trkpt lat="42.853099" lon="2.473232">
        <ele>513.06</ele>
      </trkpt>
      <trkpt lat="42.85315" lon="2.473241">
        <ele>512.43</ele>
      </trkpt>
      <trkpt lat="42.853412" lon="2.473358">
        <ele>511.59</ele>
      </trkpt>
      <trkpt lat="42.853449" lon="2.473413">
        <ele>512.67</ele>
      </trkpt>
      <trkpt lat="42.853497" lon="2.473442">
        <ele>512.65</ele>
      </trkpt>
      <trkpt lat="42.853597" lon="2.473553">
        <ele>514.06</ele>
      </trkpt>
      <trkpt lat="42.853629" lon="2.473603">
        <ele>514.89</ele>
      </trkpt>
      <trkpt lat="42.853793" lon="2.473832">
        <ele>517.16</ele>
      </trkpt>
      <trkpt lat="42.853889" lon="2.473925">
        <ele>516.14</ele>
      </trkpt>
      <trkpt lat="42.854042" lon="2.474272">
        <ele>517.69</ele>
      </trkpt>
      <trkpt lat="42.854047" lon="2.474363">
        <ele>519.17</ele>
      </trkpt>
      <trkpt lat="42.854063" lon="2.474452">
        <ele>520.22</ele>
      </trkpt>
      <trkpt lat="42.854093" lon="2.474486">
        <ele>519.77</ele>
      </trkpt>
      <trkpt lat="42.854138" lon="2.474476">
        <ele>517.96</ele>
      </trkpt>
      <trkpt lat="42.854157" lon="2.474413">
        <ele>516.18</ele>
      </trkpt>
      <trkpt lat="42.854145" lon="2.474342">
        <ele>515.36</ele>
      </trkpt>
      <trkpt lat="42.854169" lon="2.474127">
        <ele>510.78</ele>
      </trkpt>
      <trkpt lat="42.854159" lon="2.474034">
        <ele>509.52</ele>
      </trkpt>
      <trkpt lat="42.85417" lon="2.473952">
        <ele>507.73</ele>
      </trkpt>
      <trkpt lat="42.854158" lon="2.47383">
        <ele>506.01</ele>
      </trkpt>
      <trkpt lat="42.854182" lon="2.473692">
        <ele>502.43</ele>
      </trkpt>
      <trkpt lat="42.854198" lon="2.473663">
        <ele>501.17</ele>
      </trkpt>
      <trkpt lat="42.854229" lon="2.473689">
        <ele>500.93</ele>
      </trkpt>
      <trkpt lat="42.854389" lon="2.473938">
        <ele>500.56</ele>
      </trkpt>
      <trkpt lat="42.854439" lon="2.473944">
        <ele>499.07</ele>
      </trkpt>
      <trkpt lat="42.85447" lon="2.473887">
        <ele>497.25</ele>
      </trkpt>
      <trkpt lat="42.854504" lon="2.473761">
        <ele>494.37</ele>
      </trkpt>
      <trkpt lat="42.854507" lon="2.473697">
        <ele>492.92</ele>
      </trkpt>
      <trkpt lat="42.854545" lon="2.473576">
        <ele>488.96</ele>
      </trkpt>
      <trkpt lat="42.854557" lon="2.47348">
        <ele>486.35</ele>
      </trkpt>
      <trkpt lat="42.854609" lon="2.473321">
        <ele>481.23</ele>
      </trkpt>
      <trkpt lat="42.854585" lon="2.473186">
        <ele>478.73</ele>
      </trkpt>
      <trkpt lat="42.854592" lon="2.473108">
        <ele>476.74</ele>
      </trkpt>
      <trkpt lat="42.85458" lon="2.473037">
        <ele>475.42</ele>
      </trkpt>
      <trkpt lat="42.854533" lon="2.472971">
        <ele>474.99</ele>
      </trkpt>
      <trkpt lat="42.854461" lon="2.472826">
        <ele>472.92</ele>
      </trkpt>
      <trkpt lat="42.854362" lon="2.472681">
        <ele>471.06</ele>
      </trkpt>
      <trkpt lat="42.854327" lon="2.472608">
        <ele>469.77</ele>
      </trkpt>
      <trkpt lat="42.854256" lon="2.472513">
        <ele>468.6</ele>
      </trkpt>
      <trkpt lat="42.854199" lon="2.472469">
        <ele>468.55</ele>
      </trkpt>
      <trkpt lat="42.854153" lon="2.472407">
        <ele>467.74</ele>
      </trkpt>
      <trkpt lat="42.854047" lon="2.472312">
        <ele>467.17</ele>
      </trkpt>
      <trkpt lat="42.853989" lon="2.47222">
        <ele>465.64</ele>
      </trkpt>
      <trkpt lat="42.853947" lon="2.472126">
        <ele>463.64</ele>
      </trkpt>
      <trkpt lat="42.853883" lon="2.471929">
        <ele>458.13</ele>
      </trkpt>
      <trkpt lat="42.853801" lon="2.47164">
        <ele>448.68</ele>
      </trkpt>
      <trkpt lat="42.853733" lon="2.471456">
        <ele>441.95</ele>
      </trkpt>
      <trkpt lat="42.853569" lon="2.471184">
        <ele>433.41</ele>
      </trkpt>
      <trkpt lat="42.853498" lon="2.471081">
        <ele>431.87</ele>
      </trkpt>
      <trkpt lat="42.853413" lon="2.471001">
        <ele>430.45</ele>
      </trkpt>
      <trkpt lat="42.853286" lon="2.470911">
        <ele>428.51</ele>
      </trkpt>
      <trkpt lat="42.853198" lon="2.470809">
        <ele>426.18</ele>
      </trkpt>
      <trkpt lat="42.853138" lon="2.470786">
        <ele>425.42</ele>
      </trkpt>
      <trkpt lat="42.853102" lon="2.470743">
        <ele>424.32</ele>
      </trkpt>
      <trkpt lat="42.853" lon="2.470693">
        <ele>422.57</ele>
      </trkpt>
      <trkpt lat="42.852998" lon="2.470639">
        <ele>421.36</ele>
      </trkpt>
      <trkpt lat="42.853045" lon="2.470612">
        <ele>421.12</ele>
      </trkpt>
      <trkpt lat="42.853075" lon="2.470573">
        <ele>420.53</ele>
      </trkpt>
      <trkpt lat="42.853046" lon="2.47053">
        <ele>419.33</ele>
      </trkpt>
      <trkpt lat="42.853" lon="2.470538">
        <ele>419.1</ele>
      </trkpt>
      <trkpt lat="42.852932" lon="2.470527">
        <ele>418.46</ele>
      </trkpt>
      <trkpt lat="42.852897" lon="2.470494">
        <ele>417.54</ele>
      </trkpt>
      <trkpt lat="42.852794" lon="2.470455">
        <ele>416.16</ele>
      </trkpt>
      <trkpt lat="42.852738" lon="2.470481">
        <ele>416.54</ele>
      </trkpt>
      <trkpt lat="42.852673" lon="2.470423">
        <ele>414.83</ele>
      </trkpt>
      <trkpt lat="42.852619" lon="2.470412">
        <ele>414.29</ele>
      </trkpt>
      <trkpt lat="42.852593" lon="2.470345">
        <ele>414.51</ele>
      </trkpt>
      <trkpt lat="42.852524" lon="2.470287">
        <ele>414.54</ele>
      </trkpt>
      <trkpt lat="42.852497" lon="2.470207">
        <ele>414.9</ele>
      </trkpt>
      <trkpt lat="42.852435" lon="2.470165">
        <ele>414.96</ele>
      </trkpt>
      <trkpt lat="42.852397" lon="2.470117">
        <ele>415.16</ele>
      </trkpt>
      <trkpt lat="42.852457" lon="2.469956">
        <ele>416.3</ele>
      </trkpt>
      <trkpt lat="42.852505" lon="2.469693">
        <ele>417.55</ele>
      </trkpt>
      <trkpt lat="42.852567" lon="2.469357">
        <ele>419.13</ele>
      </trkpt>
      <trkpt lat="42.852613" lon="2.469015">
        <ele>419.73</ele>
      </trkpt>
      <trkpt lat="42.853008" lon="2.467017">
        <ele>419.41</ele>
      </trkpt>
      <trkpt lat="42.853083" lon="2.466782">
        <ele>420.57</ele>
      </trkpt>
      <trkpt lat="42.853156" lon="2.466613">
        <ele>421.01</ele>
      </trkpt>
      <trkpt lat="42.85321" lon="2.466531">
        <ele>421</ele>
      </trkpt>
      <trkpt lat="42.853272" lon="2.466484">
        <ele>420.74</ele>
      </trkpt>
      <trkpt lat="42.853356" lon="2.466458">
        <ele>420.24</ele>
      </trkpt>
      <trkpt lat="42.853636" lon="2.466459">
        <ele>418.41</ele>
      </trkpt>
      <trkpt lat="42.853689" lon="2.466449">
        <ele>418.03</ele>
      </trkpt>
      <trkpt lat="42.853745" lon="2.46642">
        <ele>417.51</ele>
      </trkpt>
      <trkpt lat="42.853819" lon="2.466364">
        <ele>416.82</ele>
      </trkpt>
      <trkpt lat="42.85418" lon="2.465976">
        <ele>419.84</ele>
      </trkpt>
      <trkpt lat="42.854572" lon="2.46552">
        <ele>424.82</ele>
      </trkpt>
      <trkpt lat="42.854821" lon="2.465198">
        <ele>427.91</ele>
      </trkpt>
      <trkpt lat="42.85536" lon="2.464686">
        <ele>430.8</ele>
      </trkpt>
      <trkpt lat="42.855454" lon="2.464616">
        <ele>430.95</ele>
      </trkpt>
      <trkpt lat="42.855526" lon="2.464584">
        <ele>430.82</ele>
      </trkpt>
      <trkpt lat="42.855725" lon="2.464588">
        <ele>430.14</ele>
      </trkpt>
      <trkpt lat="42.855831" lon="2.464537">
        <ele>429.96</ele>
      </trkpt>
      <trkpt lat="42.856032" lon="2.464335">
        <ele>429.58</ele>
      </trkpt>
      <trkpt lat="42.856276" lon="2.4639">
        <ele>426.88</ele>
      </trkpt>
      <trkpt lat="42.856666" lon="2.463125">
        <ele>433.66</ele>
      </trkpt>
      <trkpt lat="42.856893" lon="2.462655">
        <ele>438.11</ele>
      </trkpt>
      <trkpt lat="42.857078" lon="2.462381">
        <ele>443.12</ele>
      </trkpt>
      <trkpt lat="42.857186" lon="2.462267">
        <ele>445.17</ele>
      </trkpt>
      <trkpt lat="42.857356" lon="2.462114">
        <ele>446.14</ele>
      </trkpt>
      <trkpt lat="42.857445" lon="2.462051">
        <ele>446.5</ele>
      </trkpt>
      <trkpt lat="42.857766" lon="2.461948">
        <ele>447.08</ele>
      </trkpt>
      <trkpt lat="42.857624" lon="2.461924">
        <ele>448.65</ele>
      </trkpt>
      <trkpt lat="42.857561" lon="2.461877">
        <ele>450.27</ele>
      </trkpt>
      <trkpt lat="42.857508" lon="2.46166">
        <ele>456.26</ele>
      </trkpt>
      <trkpt lat="42.85748" lon="2.461613">
        <ele>457.6</ele>
      </trkpt>
      <trkpt lat="42.857444" lon="2.461595">
        <ele>458.23</ele>
      </trkpt>
      <trkpt lat="42.857406" lon="2.461611">
        <ele>458</ele>
      </trkpt>
      <trkpt lat="42.857332" lon="2.461668">
        <ele>456.91</ele>
      </trkpt>
      <trkpt lat="42.857097" lon="2.461714">
        <ele>456.02</ele>
      </trkpt>
      <trkpt lat="42.85707" lon="2.461709">
        <ele>455.75</ele>
      </trkpt>
      <trkpt lat="42.856962" lon="2.46167">
        <ele>454.97</ele>
      </trkpt>
      <trkpt lat="42.8569" lon="2.461673">
        <ele>453.95</ele>
      </trkpt>
      <trkpt lat="42.856757" lon="2.461706">
        <ele>451.14</ele>
      </trkpt>
      <trkpt lat="42.856685" lon="2.461696">
        <ele>450.24</ele>
      </trkpt>
      <trkpt lat="42.856632" lon="2.461665">
        <ele>449.96</ele>
      </trkpt>
      <trkpt lat="42.856589" lon="2.461611">
        <ele>450.15</ele>
      </trkpt>
      <trkpt lat="42.856547" lon="2.461528">
        <ele>450.75</ele>
      </trkpt>
      <trkpt lat="42.856503" lon="2.461342">
        <ele>452.74</ele>
      </trkpt>
      <trkpt lat="42.856441" lon="2.461166">
        <ele>454.25</ele>
      </trkpt>
      <trkpt lat="42.856285" lon="2.46067">
        <ele>460.32</ele>
      </trkpt>
      <trkpt lat="42.856217" lon="2.460514">
        <ele>462.9</ele>
      </trkpt>
      <trkpt lat="42.85614" lon="2.460276">
        <ele>467.01</ele>
      </trkpt>
      <trkpt lat="42.856102" lon="2.460204">
        <ele>468.21</ele>
      </trkpt>
      <trkpt lat="42.85603" lon="2.460095">
        <ele>469.77</ele>
      </trkpt>
      <trkpt lat="42.855893" lon="2.459938">
        <ele>471.44</ele>
      </trkpt>
      <trkpt lat="42.855772" lon="2.459827">
        <ele>472.06</ele>
      </trkpt>
      <trkpt lat="42.855713" lon="2.459808">
        <ele>471.71</ele>
      </trkpt>
      <trkpt lat="42.85566" lon="2.459806">
        <ele>471.19</ele>
      </trkpt>
      <trkpt lat="42.85559" lon="2.459842">
        <ele>469.97</ele>
      </trkpt>
      <trkpt lat="42.855393" lon="2.46002">
        <ele>464.15</ele>
      </trkpt>
      <trkpt lat="42.855315" lon="2.460072">
        <ele>461.22</ele>
      </trkpt>
      <trkpt lat="42.855161" lon="2.460142">
        <ele>455.93</ele>
      </trkpt>
      <trkpt lat="42.855124" lon="2.460129">
        <ele>454.94</ele>
      </trkpt>
      <trkpt lat="42.855061" lon="2.460049">
        <ele>453.8</ele>
      </trkpt>
      <trkpt lat="42.854898" lon="2.459749">
        <ele>451.23</ele>
      </trkpt>
      <trkpt lat="42.854777" lon="2.459418">
        <ele>448.88</ele>
      </trkpt>
      <trkpt lat="42.854695" lon="2.459144">
        <ele>446.48</ele>
      </trkpt>
      <trkpt lat="42.854665" lon="2.459064">
        <ele>445.47</ele>
      </trkpt>
      <trkpt lat="42.854509" lon="2.458759">
        <ele>442.58</ele>
      </trkpt>
      <trkpt lat="42.854451" lon="2.458676">
        <ele>441.29</ele>
      </trkpt>
      <trkpt lat="42.85439" lon="2.458523">
        <ele>439.78</ele>
      </trkpt>
      <trkpt lat="42.854337" lon="2.458311">
        <ele>438.43</ele>
      </trkpt>
      <trkpt lat="42.854274" lon="2.457939">
        <ele>436.96</ele>
      </trkpt>
      <trkpt lat="42.854269" lon="2.457847">
        <ele>436.69</ele>
      </trkpt>
      <trkpt lat="42.854271" lon="2.457492">
        <ele>435.77</ele>
      </trkpt>
      <trkpt lat="42.854301" lon="2.457197">
        <ele>434.85</ele>
      </trkpt>
      <trkpt lat="42.854322" lon="2.457114">
        <ele>434.44</ele>
      </trkpt>
      <trkpt lat="42.85435" lon="2.457042">
        <ele>434.01</ele>
      </trkpt>
      <trkpt lat="42.854403" lon="2.456951">
        <ele>433.36</ele>
      </trkpt>
      <trkpt lat="42.854418" lon="2.456907">
        <ele>433.11</ele>
      </trkpt>
      <trkpt lat="42.854466" lon="2.456455">
        <ele>431.35</ele>
      </trkpt>
      <trkpt lat="42.854466" lon="2.456325">
        <ele>430.95</ele>
      </trkpt>
      <trkpt lat="42.854449" lon="2.456013">
        <ele>431.22</ele>
      </trkpt>
      <trkpt lat="42.854422" lon="2.455653">
        <ele>431.97</ele>
      </trkpt>
      <trkpt lat="42.854396" lon="2.455472">
        <ele>432.4</ele>
      </trkpt>
      <trkpt lat="42.854354" lon="2.45487">
        <ele>433.63</ele>
      </trkpt>
      <trkpt lat="42.854333" lon="2.454771">
        <ele>433.99</ele>
      </trkpt>
      <trkpt lat="42.854312" lon="2.45471">
        <ele>434.31</ele>
      </trkpt>
      <trkpt lat="42.854283" lon="2.454626">
        <ele>434.78</ele>
      </trkpt>
      <trkpt lat="42.854269" lon="2.454502">
        <ele>435.59</ele>
      </trkpt>
      <trkpt lat="42.854271" lon="2.454451">
        <ele>435.96</ele>
      </trkpt>
      <trkpt lat="42.854222" lon="2.454402">
        <ele>436.9</ele>
      </trkpt>
      <trkpt lat="42.854125" lon="2.454226">
        <ele>439.47</ele>
      </trkpt>
      <trkpt lat="42.854087" lon="2.4542">
        <ele>440.16</ele>
      </trkpt>
      <trkpt lat="42.854034" lon="2.45421">
        <ele>440.73</ele>
      </trkpt>
      <trkpt lat="42.853872" lon="2.454337">
        <ele>441.53</ele>
      </trkpt>
      <trkpt lat="42.853825" lon="2.454373">
        <ele>441.76</ele>
      </trkpt>
      <trkpt lat="42.8537" lon="2.454422">
        <ele>443.5</ele>
      </trkpt>
      <trkpt lat="42.853649" lon="2.454433">
        <ele>444.38</ele>
      </trkpt>
      <trkpt lat="42.853596" lon="2.454412">
        <ele>445.52</ele>
      </trkpt>
      <trkpt lat="42.85352" lon="2.454355">
        <ele>447.28</ele>
      </trkpt>
      <trkpt lat="42.853435" lon="2.454234">
        <ele>449.43</ele>
      </trkpt>
      <trkpt lat="42.85336" lon="2.45396">
        <ele>451.88</ele>
      </trkpt>
      <trkpt lat="42.853202" lon="2.453214">
        <ele>460.6</ele>
      </trkpt>
      <trkpt lat="42.853095" lon="2.452848">
        <ele>465.8</ele>
      </trkpt>
      <trkpt lat="42.852993" lon="2.452417">
        <ele>472.85</ele>
      </trkpt>
      <trkpt lat="42.852939" lon="2.452267">
        <ele>475.58</ele>
      </trkpt>
      <trkpt lat="42.852792" lon="2.451985">
        <ele>481.01</ele>
      </trkpt>
      <trkpt lat="42.852727" lon="2.451931">
        <ele>482.53</ele>
      </trkpt>
      <trkpt lat="42.85269" lon="2.451883">
        <ele>483.72</ele>
      </trkpt>
      <trkpt lat="42.852655" lon="2.451784">
        <ele>485.82</ele>
      </trkpt>
      <trkpt lat="42.852615" lon="2.451565">
        <ele>490.23</ele>
      </trkpt>
      <trkpt lat="42.852572" lon="2.451397">
        <ele>493.92</ele>
      </trkpt>
      <trkpt lat="42.852526" lon="2.451276">
        <ele>496.9</ele>
      </trkpt>
      <trkpt lat="42.852344" lon="2.450929">
        <ele>504</ele>
      </trkpt>
      <trkpt lat="42.852323" lon="2.450753">
        <ele>506.32</ele>
      </trkpt>
      <trkpt lat="42.852277" lon="2.450673">
        <ele>508.12</ele>
      </trkpt>
      <trkpt lat="42.852191" lon="2.45061">
        <ele>510.57</ele>
      </trkpt>
      <trkpt lat="42.852134" lon="2.450543">
        <ele>512.25</ele>
      </trkpt>
      <trkpt lat="42.852105" lon="2.450441">
        <ele>512.98</ele>
      </trkpt>
      <trkpt lat="42.852063" lon="2.45024">
        <ele>514.65</ele>
      </trkpt>
      <trkpt lat="42.851966" lon="2.450051">
        <ele>515.15</ele>
      </trkpt>
      <trkpt lat="42.85191" lon="2.449897">
        <ele>515.89</ele>
      </trkpt>
      <trkpt lat="42.851789" lon="2.449645">
        <ele>516.45</ele>
      </trkpt>
      <trkpt lat="42.851674" lon="2.449353">
        <ele>517.63</ele>
      </trkpt>
      <trkpt lat="42.851502" lon="2.44887">
        <ele>520.89</ele>
      </trkpt>
      <trkpt lat="42.85124" lon="2.448318">
        <ele>524.05</ele>
      </trkpt>
      <trkpt lat="42.851119" lon="2.448102">
        <ele>524.53</ele>
      </trkpt>
      <trkpt lat="42.85099" lon="2.447897">
        <ele>524.29</ele>
      </trkpt>
      <trkpt lat="42.850875" lon="2.44774">
        <ele>522.85</ele>
      </trkpt>
      <trkpt lat="42.850733" lon="2.447641">
        <ele>521.33</ele>
      </trkpt>
      <trkpt lat="42.850679" lon="2.447557">
        <ele>521.23</ele>
      </trkpt>
      <trkpt lat="42.850639" lon="2.447396">
        <ele>522.03</ele>
      </trkpt>
      <trkpt lat="42.850534" lon="2.447122">
        <ele>523.75</ele>
      </trkpt>
      <trkpt lat="42.850534" lon="2.447005">
        <ele>524.88</ele>
      </trkpt>
      <trkpt lat="42.850508" lon="2.446866">
        <ele>526.23</ele>
      </trkpt>
      <trkpt lat="42.850438" lon="2.446705">
        <ele>528.04</ele>
      </trkpt>
      <trkpt lat="42.850146" lon="2.446178">
        <ele>534.08</ele>
      </trkpt>
      <trkpt lat="42.850036" lon="2.445912">
        <ele>539</ele>
      </trkpt>
      <trkpt lat="42.849996" lon="2.445787">
        <ele>541.41</ele>
      </trkpt>
      <trkpt lat="42.849996" lon="2.445667">
        <ele>543.65</ele>
      </trkpt>
      <trkpt lat="42.849878" lon="2.445312">
        <ele>550.52</ele>
      </trkpt>
      <trkpt lat="42.849859" lon="2.44518">
        <ele>552.35</ele>
      </trkpt>
      <trkpt lat="42.849864" lon="2.44503">
        <ele>554.23</ele>
      </trkpt>
      <trkpt lat="42.849902" lon="2.444917">
        <ele>555.28</ele>
      </trkpt>
      <trkpt lat="42.849982" lon="2.444778">
        <ele>556.07</ele>
      </trkpt>
      <trkpt lat="42.850181" lon="2.444526">
        <ele>556.44</ele>
      </trkpt>
      <trkpt lat="42.850317" lon="2.444387">
        <ele>555.86</ele>
      </trkpt>
      <trkpt lat="42.850384" lon="2.444288">
        <ele>555.63</ele>
      </trkpt>
      <trkpt lat="42.850425" lon="2.444149">
        <ele>556.04</ele>
      </trkpt>
      <trkpt lat="42.85049" lon="2.443718">
        <ele>557.81</ele>
      </trkpt>
      <trkpt lat="42.850478" lon="2.443579">
        <ele>559.09</ele>
      </trkpt>
      <trkpt lat="42.850452" lon="2.443452">
        <ele>560.72</ele>
      </trkpt>
      <trkpt lat="42.85041" lon="2.443253">
        <ele>563.29</ele>
      </trkpt>
      <trkpt lat="42.850416" lon="2.443175">
        <ele>563.71</ele>
      </trkpt>
      <trkpt lat="42.850444" lon="2.443124">
        <ele>563.31</ele>
      </trkpt>
      <trkpt lat="42.850538" lon="2.443057">
        <ele>561.72</ele>
      </trkpt>
      <trkpt lat="42.850748" lon="2.442962">
        <ele>558.58</ele>
      </trkpt>
      <trkpt lat="42.850902" lon="2.442938">
        <ele>556</ele>
      </trkpt>
      <trkpt lat="42.85112" lon="2.442889">
        <ele>552.46</ele>
      </trkpt>
      <trkpt lat="42.851317" lon="2.44282">
        <ele>549.38</ele>
      </trkpt>
      <trkpt lat="42.851571" lon="2.442608">
        <ele>549.07</ele>
      </trkpt>
      <trkpt lat="42.851613" lon="2.442587">
        <ele>548.94</ele>
      </trkpt>
      <trkpt lat="42.851765" lon="2.442347">
        <ele>549.12</ele>
      </trkpt>
      <trkpt lat="42.851997" lon="2.442013">
        <ele>548.5</ele>
      </trkpt>
      <trkpt lat="42.852306" lon="2.441698">
        <ele>544.41</ele>
      </trkpt>
      <trkpt lat="42.852471" lon="2.441483">
        <ele>541.37</ele>
      </trkpt>
      <trkpt lat="42.8527" lon="2.441119">
        <ele>535.95</ele>
      </trkpt>
      <trkpt lat="42.852738" lon="2.441031">
        <ele>534.81</ele>
      </trkpt>
      <trkpt lat="42.852764" lon="2.44093">
        <ele>533.67</ele>
      </trkpt>
      <trkpt lat="42.852884" lon="2.440242">
        <ele>528.41</ele>
      </trkpt>
      <trkpt lat="42.852901" lon="2.44003">
        <ele>528.75</ele>
      </trkpt>
      <trkpt lat="42.852926" lon="2.439955">
        <ele>528.66</ele>
      </trkpt>
      <trkpt lat="42.853037" lon="2.43974">
        <ele>528.02</ele>
      </trkpt>
      <trkpt lat="42.853132" lon="2.439301">
        <ele>529.06</ele>
      </trkpt>
      <trkpt lat="42.853199" lon="2.439078">
        <ele>529.33</ele>
      </trkpt>
      <trkpt lat="42.853293" lon="2.438861">
        <ele>528.44</ele>
      </trkpt>
      <trkpt lat="42.853377" lon="2.438709">
        <ele>527.23</ele>
      </trkpt>
      <trkpt lat="42.853399" lon="2.438685">
        <ele>526.94</ele>
      </trkpt>
      <trkpt lat="42.853542" lon="2.438538">
        <ele>525.09</ele>
      </trkpt>
      <trkpt lat="42.853583" lon="2.438471">
        <ele>524.89</ele>
      </trkpt>
      <trkpt lat="42.85375" lon="2.438039">
        <ele>526.5</ele>
      </trkpt>
      <trkpt lat="42.853906" lon="2.437711">
        <ele>525.87</ele>
      </trkpt>
      <trkpt lat="42.853943" lon="2.437656">
        <ele>525.42</ele>
      </trkpt>
      <trkpt lat="42.854025" lon="2.437597">
        <ele>524.34</ele>
      </trkpt>
      <trkpt lat="42.854309" lon="2.437465">
        <ele>520.64</ele>
      </trkpt>
      <trkpt lat="42.854357" lon="2.437424">
        <ele>520.21</ele>
      </trkpt>
      <trkpt lat="42.854397" lon="2.437369">
        <ele>519.99</ele>
      </trkpt>
      <trkpt lat="42.854458" lon="2.437227">
        <ele>520.13</ele>
      </trkpt>
      <trkpt lat="42.854574" lon="2.437152">
        <ele>519.2</ele>
      </trkpt>
      <trkpt lat="42.854657" lon="2.437064">
        <ele>518.68</ele>
      </trkpt>
      <trkpt lat="42.854737" lon="2.436947">
        <ele>516.42</ele>
      </trkpt>
      <trkpt lat="42.854799" lon="2.436813">
        <ele>514.36</ele>
      </trkpt>
      <trkpt lat="42.85485" lon="2.43666">
        <ele>512.42</ele>
      </trkpt>
      <trkpt lat="42.854945" lon="2.436252">
        <ele>508.09</ele>
      </trkpt>
      <trkpt lat="42.854998" lon="2.436102">
        <ele>505.79</ele>
      </trkpt>
      <trkpt lat="42.855057" lon="2.436011">
        <ele>504.2</ele>
      </trkpt>
      <trkpt lat="42.855129" lon="2.435942">
        <ele>502.81</ele>
      </trkpt>
      <trkpt lat="42.855205" lon="2.4359">
        <ele>501.76</ele>
      </trkpt>
      <trkpt lat="42.855296" lon="2.435872">
        <ele>500.76</ele>
      </trkpt>
      <trkpt lat="42.855499" lon="2.435851">
        <ele>499.02</ele>
      </trkpt>
      <trkpt lat="42.855567" lon="2.435825">
        <ele>498.57</ele>
      </trkpt>
      <trkpt lat="42.855647" lon="2.435753">
        <ele>497.95</ele>
      </trkpt>
      <trkpt lat="42.855921" lon="2.435386">
        <ele>496.37</ele>
      </trkpt>
      <trkpt lat="42.856024" lon="2.435233">
        <ele>495.45</ele>
      </trkpt>
      <trkpt lat="42.856102" lon="2.435085">
        <ele>494.51</ele>
      </trkpt>
      <trkpt lat="42.856149" lon="2.434977">
        <ele>493.82</ele>
      </trkpt>
      <trkpt lat="42.856261" lon="2.434659">
        <ele>491.68</ele>
      </trkpt>
      <trkpt lat="42.856308" lon="2.434574">
        <ele>491.01</ele>
      </trkpt>
      <trkpt lat="42.856367" lon="2.434504">
        <ele>490.44</ele>
      </trkpt>
      <trkpt lat="42.856496" lon="2.434419">
        <ele>489.41</ele>
      </trkpt>
      <trkpt lat="42.85653" lon="2.434375">
        <ele>489.13</ele>
      </trkpt>
      <trkpt lat="42.856642" lon="2.434155">
        <ele>488.2</ele>
      </trkpt>
      <trkpt lat="42.856674" lon="2.434124">
        <ele>488.01</ele>
      </trkpt>
      <trkpt lat="42.856822" lon="2.434077">
        <ele>487.22</ele>
      </trkpt>
      <trkpt lat="42.856898" lon="2.434015">
        <ele>486.84</ele>
      </trkpt>
      <trkpt lat="42.857072" lon="2.433816">
        <ele>486.19</ele>
      </trkpt>
      <trkpt lat="42.857129" lon="2.433767">
        <ele>486.02</ele>
      </trkpt>
      <trkpt lat="42.857182" lon="2.433749">
        <ele>486.22</ele>
      </trkpt>
      <trkpt lat="42.857225" lon="2.433754">
        <ele>486.47</ele>
      </trkpt>
      <trkpt lat="42.857574" lon="2.433909">
        <ele>488.07</ele>
      </trkpt>
      <trkpt lat="42.85768" lon="2.433935">
        <ele>488.53</ele>
      </trkpt>
      <trkpt lat="42.857764" lon="2.43394">
        <ele>488.94</ele>
      </trkpt>
      <trkpt lat="42.858113" lon="2.433914">
        <ele>492.63</ele>
      </trkpt>
      <trkpt lat="42.858192" lon="2.433927">
        <ele>494</ele>
      </trkpt>
      <trkpt lat="42.858253" lon="2.433958">
        <ele>494.91</ele>
      </trkpt>
      <trkpt lat="42.858332" lon="2.434023">
        <ele>495.89</ele>
      </trkpt>
      <trkpt lat="42.858418" lon="2.434132">
        <ele>496.59</ele>
      </trkpt>
      <trkpt lat="42.858497" lon="2.434271">
        <ele>496.85</ele>
      </trkpt>
      <trkpt lat="42.858554" lon="2.434406">
        <ele>496.67</ele>
      </trkpt>
      <trkpt lat="42.858642" lon="2.434809">
        <ele>495.28</ele>
      </trkpt>
      <trkpt lat="42.858702" lon="2.43521">
        <ele>493.82</ele>
      </trkpt>
      <trkpt lat="42.858738" lon="2.43529">
        <ele>493.81</ele>
      </trkpt>
      <trkpt lat="42.858791" lon="2.435362">
        <ele>494.03</ele>
      </trkpt>
      <trkpt lat="42.858866" lon="2.435408">
        <ele>494.93</ele>
      </trkpt>
      <trkpt lat="42.859018" lon="2.43543">
        <ele>497.25</ele>
      </trkpt>
      <trkpt lat="42.85901" lon="2.435324">
        <ele>497.88</ele>
      </trkpt>
      <trkpt lat="42.859013" lon="2.434915">
        <ele>500.5</ele>
      </trkpt>
      <trkpt lat="42.858983" lon="2.434165">
        <ele>505.54</ele>
      </trkpt>
      <trkpt lat="42.858946" lon="2.433463">
        <ele>509.46</ele>
      </trkpt>
      <trkpt lat="42.858951" lon="2.43335">
        <ele>509.86</ele>
      </trkpt>
      <trkpt lat="42.858978" lon="2.433273">
        <ele>510.36</ele>
      </trkpt>
      <trkpt lat="42.859013" lon="2.433203">
        <ele>510.89</ele>
      </trkpt>
      <trkpt lat="42.859205" lon="2.433133">
        <ele>512.89</ele>
      </trkpt>
      <trkpt lat="42.859371" lon="2.43303">
        <ele>514.57</ele>
      </trkpt>
      <trkpt lat="42.859618" lon="2.432915">
        <ele>516.78</ele>
      </trkpt>
      <trkpt lat="42.859647" lon="2.432878">
        <ele>517.53</ele>
      </trkpt>
      <trkpt lat="42.859846" lon="2.432504">
        <ele>523.32</ele>
      </trkpt>
      <trkpt lat="42.859904" lon="2.43246">
        <ele>523.5</ele>
      </trkpt>
      <trkpt lat="42.860062" lon="2.432368">
        <ele>523.14</ele>
      </trkpt>
      <trkpt lat="42.860113" lon="2.432273">
        <ele>523.43</ele>
      </trkpt>
      <trkpt lat="42.860233" lon="2.431884">
        <ele>524.62</ele>
      </trkpt>
      <trkpt lat="42.860512" lon="2.430976">
        <ele>527.39</ele>
      </trkpt>
      <trkpt lat="42.860683" lon="2.430522">
        <ele>528.91</ele>
      </trkpt>
      <trkpt lat="42.860876" lon="2.430006">
        <ele>521.31</ele>
      </trkpt>
      <trkpt lat="42.861032" lon="2.429254">
        <ele>514.98</ele>
      </trkpt>
      <trkpt lat="42.861242" lon="2.428588">
        <ele>506.51</ele>
      </trkpt>
      <trkpt lat="42.861311" lon="2.428273">
        <ele>505.52</ele>
      </trkpt>
      <trkpt lat="42.861501" lon="2.42741">
        <ele>502.79</ele>
      </trkpt>
      <trkpt lat="42.861579" lon="2.427155">
        <ele>502.26</ele>
      </trkpt>
      <trkpt lat="42.861639" lon="2.427091">
        <ele>501.61</ele>
      </trkpt>
      <trkpt lat="42.86187" lon="2.427072">
        <ele>498.61</ele>
      </trkpt>
      <trkpt lat="42.862041" lon="2.426962">
        <ele>496.77</ele>
      </trkpt>
      <trkpt lat="42.862418" lon="2.426166">
        <ele>496.94</ele>
      </trkpt>
      <trkpt lat="42.862879" lon="2.425568">
        <ele>494.43</ele>
      </trkpt>
      <trkpt lat="42.863152" lon="2.425209">
        <ele>492.15</ele>
      </trkpt>
      <trkpt lat="42.863074" lon="2.424045">
        <ele>490.84</ele>
      </trkpt>
      <trkpt lat="42.863117" lon="2.423678">
        <ele>492.21</ele>
      </trkpt>
      <trkpt lat="42.863116" lon="2.422998">
        <ele>496.41</ele>
      </trkpt>
      <trkpt lat="42.863247" lon="2.422258">
        <ele>497.82</ele>
      </trkpt>
      <trkpt lat="42.863448" lon="2.421568">
        <ele>496.45</ele>
      </trkpt>
      <trkpt lat="42.863531" lon="2.42135">
        <ele>495.44</ele>
      </trkpt>
      <trkpt lat="42.863793" lon="2.420867">
        <ele>493.53</ele>
      </trkpt>
      <trkpt lat="42.86392" lon="2.420722">
        <ele>494.45</ele>
      </trkpt>
      <trkpt lat="42.864321" lon="2.42015">
        <ele>497.26</ele>
      </trkpt>
      <trkpt lat="42.864705" lon="2.419499">
        <ele>499.67</ele>
      </trkpt>
      <trkpt lat="42.864781" lon="2.419299">
        <ele>500.59</ele>
      </trkpt>
      <trkpt lat="42.864793" lon="2.41922">
        <ele>500.77</ele>
      </trkpt>
      <trkpt lat="42.864782" lon="2.418923">
        <ele>500.97</ele>
      </trkpt>
      <trkpt lat="42.864791" lon="2.418822">
        <ele>501.21</ele>
      </trkpt>
      <trkpt lat="42.86494" lon="2.417541">
        <ele>508.72</ele>
      </trkpt>
      <trkpt lat="42.865012" lon="2.416871">
        <ele>509.04</ele>
      </trkpt>
      <trkpt lat="42.865004" lon="2.41672">
        <ele>509.01</ele>
      </trkpt>
      <trkpt lat="42.864935" lon="2.416384">
        <ele>509.27</ele>
      </trkpt>
      <trkpt lat="42.864875" lon="2.415968">
        <ele>509.38</ele>
      </trkpt>
      <trkpt lat="42.864874" lon="2.415858">
        <ele>509.29</ele>
      </trkpt>
      <trkpt lat="42.864926" lon="2.415247">
        <ele>509.52</ele>
      </trkpt>
      <trkpt lat="42.864891" lon="2.414534">
        <ele>513.55</ele>
      </trkpt>
      <trkpt lat="42.864888" lon="2.414148">
        <ele>514.76</ele>
      </trkpt>
      <trkpt lat="42.864876" lon="2.412998">
        <ele>518.36</ele>
      </trkpt>
      <trkpt lat="42.864946" lon="2.411681">
        <ele>523.31</ele>
      </trkpt>
      <trkpt lat="42.864939" lon="2.411046">
        <ele>525.85</ele>
      </trkpt>
      <trkpt lat="42.864762" lon="2.409736">
        <ele>530.11</ele>
      </trkpt>
      <trkpt lat="42.864706" lon="2.409416">
        <ele>531.66</ele>
      </trkpt>
      <trkpt lat="42.864569" lon="2.40908">
        <ele>533.67</ele>
      </trkpt>
      <trkpt lat="42.864486" lon="2.408874">
        <ele>534.9</ele>
      </trkpt>
      <trkpt lat="42.864389" lon="2.408712">
        <ele>535.76</ele>
      </trkpt>
      <trkpt lat="42.864175" lon="2.408536">
        <ele>536.99</ele>
      </trkpt>
      <trkpt lat="42.864089" lon="2.408478">
        <ele>537.26</ele>
      </trkpt>
      <trkpt lat="42.863992" lon="2.408359">
        <ele>537.6</ele>
      </trkpt>
      <trkpt lat="42.863871" lon="2.408257">
        <ele>537.68</ele>
      </trkpt>
      <trkpt lat="42.863984" lon="2.407966">
        <ele>538.78</ele>
      </trkpt>
      <trkpt lat="42.864071" lon="2.407743">
        <ele>539.63</ele>
      </trkpt>
      <trkpt lat="42.864032" lon="2.407642">
        <ele>539.69</ele>
      </trkpt>
      <trkpt lat="42.864008" lon="2.407545">
        <ele>539.8</ele>
      </trkpt>
      <trkpt lat="42.863981" lon="2.407284">
        <ele>540.3</ele>
      </trkpt>
      <trkpt lat="42.863939" lon="2.406721">
        <ele>542.34</ele>
      </trkpt>
      <trkpt lat="42.863954" lon="2.406071">
        <ele>545.98</ele>
      </trkpt>
      <trkpt lat="42.863972" lon="2.405333">
        <ele>550.12</ele>
      </trkpt>
      <trkpt lat="42.864017" lon="2.404576">
        <ele>556.18</ele>
      </trkpt>
      <trkpt lat="42.86402" lon="2.404169">
        <ele>558.52</ele>
      </trkpt>
      <trkpt lat="42.863998" lon="2.403298">
        <ele>564.21</ele>
      </trkpt>
      <trkpt lat="42.864003" lon="2.402912">
        <ele>567.15</ele>
      </trkpt>
      <trkpt lat="42.864016" lon="2.402658">
        <ele>569.43</ele>
      </trkpt>
      <trkpt lat="42.864073" lon="2.402289">
        <ele>572.72</ele>
      </trkpt>
      <trkpt lat="42.864162" lon="2.401423">
        <ele>581.48</ele>
      </trkpt>
      <trkpt lat="42.864203" lon="2.40102">
        <ele>585.56</ele>
      </trkpt>
      <trkpt lat="42.86425" lon="2.400688">
        <ele>588.29</ele>
      </trkpt>
      <trkpt lat="42.864342" lon="2.40044">
        <ele>590.09</ele>
      </trkpt>
      <trkpt lat="42.864493" lon="2.400232">
        <ele>591.3</ele>
      </trkpt>
      <trkpt lat="42.864596" lon="2.400059">
        <ele>592.48</ele>
      </trkpt>
      <trkpt lat="42.864777" lon="2.399677">
        <ele>595.78</ele>
      </trkpt>
      <trkpt lat="42.864703" lon="2.399356">
        <ele>599.15</ele>
      </trkpt>
      <trkpt lat="42.864585" lon="2.399042">
        <ele>602.75</ele>
      </trkpt>
      <trkpt lat="42.86437" lon="2.398586">
        <ele>607.76</ele>
      </trkpt>
      <trkpt lat="42.864225" lon="2.398359">
        <ele>610.72</ele>
      </trkpt>
      <trkpt lat="42.864091" lon="2.398195">
        <ele>613.09</ele>
      </trkpt>
      <trkpt lat="42.863973" lon="2.398112">
        <ele>614.54</ele>
      </trkpt>
      <trkpt lat="42.863756" lon="2.397959">
        <ele>617.35</ele>
      </trkpt>
      <trkpt lat="42.863597" lon="2.397785">
        <ele>620.21</ele>
      </trkpt>
      <trkpt lat="42.863363" lon="2.397599">
        <ele>623.19</ele>
      </trkpt>
      <trkpt lat="42.863291" lon="2.397493">
        <ele>624.64</ele>
      </trkpt>
      <trkpt lat="42.863029" lon="2.396945">
        <ele>631.66</ele>
      </trkpt>
      <trkpt lat="42.862929" lon="2.39662">
        <ele>637.31</ele>
      </trkpt>
      <trkpt lat="42.862894" lon="2.396555">
        <ele>638.87</ele>
      </trkpt>
      <trkpt lat="42.862836" lon="2.396541">
        <ele>640.13</ele>
      </trkpt>
      <trkpt lat="42.862702" lon="2.396587">
        <ele>641.94</ele>
      </trkpt>
      <trkpt lat="42.862562" lon="2.396558">
        <ele>644.88</ele>
      </trkpt>
      <trkpt lat="42.862472" lon="2.396465">
        <ele>647.64</ele>
      </trkpt>
      <trkpt lat="42.862447" lon="2.396184">
        <ele>651.47</ele>
      </trkpt>
      <trkpt lat="42.862441" lon="2.395961">
        <ele>654.19</ele>
      </trkpt>
      <trkpt lat="42.862417" lon="2.395724">
        <ele>657.3</ele>
      </trkpt>
      <trkpt lat="42.86242" lon="2.395577">
        <ele>658.96</ele>
      </trkpt>
      <trkpt lat="42.862465" lon="2.395427">
        <ele>660.2</ele>
      </trkpt>
      <trkpt lat="42.86251" lon="2.395315">
        <ele>660.77</ele>
      </trkpt>
      <trkpt lat="42.862496" lon="2.395247">
        <ele>661.51</ele>
      </trkpt>
      <trkpt lat="42.862416" lon="2.395244">
        <ele>662.44</ele>
      </trkpt>
      <trkpt lat="42.862239" lon="2.395331">
        <ele>663.61</ele>
      </trkpt>
      <trkpt lat="42.862025" lon="2.395473">
        <ele>668.12</ele>
      </trkpt>
      <trkpt lat="42.861836" lon="2.395516">
        <ele>675.29</ele>
      </trkpt>
      <trkpt lat="42.861701" lon="2.395595">
        <ele>679.81</ele>
      </trkpt>
      <trkpt lat="42.861332" lon="2.395856">
        <ele>691.1</ele>
      </trkpt>
      <trkpt lat="42.861118" lon="2.396034">
        <ele>694.92</ele>
      </trkpt>
      <trkpt lat="42.861023" lon="2.396082">
        <ele>696.82</ele>
      </trkpt>
      <trkpt lat="42.860998" lon="2.396095">
        <ele>697.3</ele>
      </trkpt>
      <trkpt lat="42.860787" lon="2.396137">
        <ele>702.36</ele>
      </trkpt>
      <trkpt lat="42.860743" lon="2.396178">
        <ele>702.89</ele>
      </trkpt>
      <trkpt lat="42.860621" lon="2.396294">
        <ele>704.37</ele>
      </trkpt>
      <trkpt lat="42.860481" lon="2.396489">
        <ele>705.79</ele>
      </trkpt>
      <trkpt lat="42.860389" lon="2.396586">
        <ele>707.59</ele>
      </trkpt>
      <trkpt lat="42.860336" lon="2.396601">
        <ele>709.1</ele>
      </trkpt>
      <trkpt lat="42.8603" lon="2.396497">
        <ele>711.55</ele>
      </trkpt>
      <trkpt lat="42.86028" lon="2.396303">
        <ele>714.72</ele>
      </trkpt>
      <trkpt lat="42.86024" lon="2.396187">
        <ele>717.81</ele>
      </trkpt>
      <trkpt lat="42.860194" lon="2.396149">
        <ele>720.04</ele>
      </trkpt>
      <trkpt lat="42.860068" lon="2.396116">
        <ele>724.89</ele>
      </trkpt>
      <trkpt lat="42.85951" lon="2.396581">
        <ele>736.85</ele>
      </trkpt>
      <trkpt lat="42.859445" lon="2.396554">
        <ele>739.84</ele>
      </trkpt>
      <trkpt lat="42.859426" lon="2.396489">
        <ele>741.63</ele>
      </trkpt>
      <trkpt lat="42.859469" lon="2.396209">
        <ele>744.33</ele>
      </trkpt>
      <trkpt lat="42.859445" lon="2.396136">
        <ele>746.58</ele>
      </trkpt>
      <trkpt lat="42.85941" lon="2.396149">
        <ele>747.72</ele>
      </trkpt>
      <trkpt lat="42.85928" lon="2.396385">
        <ele>749.02</ele>
      </trkpt>
      <trkpt lat="42.859101" lon="2.396583">
        <ele>753.01</ele>
      </trkpt>
      <trkpt lat="42.859032" lon="2.39668">
        <ele>754.23</ele>
      </trkpt>
      <trkpt lat="42.858397" lon="2.397581">
        <ele>767.93</ele>
      </trkpt>
      <trkpt lat="42.858119" lon="2.397912">
        <ele>772.29</ele>
      </trkpt>
      <trkpt lat="42.857848" lon="2.398027">
        <ele>780.29</ele>
      </trkpt>
      <trkpt lat="42.857423" lon="2.398567">
        <ele>787.99</ele>
      </trkpt>
      <trkpt lat="42.857135" lon="2.399055">
        <ele>791.63</ele>
      </trkpt>
      <trkpt lat="42.856712" lon="2.399686">
        <ele>799.37</ele>
      </trkpt>
      <trkpt lat="42.856514" lon="2.399983">
        <ele>803</ele>
      </trkpt>
      <trkpt lat="42.856226" lon="2.400134">
        <ele>811.95</ele>
      </trkpt>
      <trkpt lat="42.855882" lon="2.400597">
        <ele>822.55</ele>
      </trkpt>
      <trkpt lat="42.85578" lon="2.400618">
        <ele>826.92</ele>
      </trkpt>
      <trkpt lat="42.855676" lon="2.400759">
        <ele>828.56</ele>
      </trkpt>
      <trkpt lat="42.855637" lon="2.400743">
        <ele>830.6</ele>
      </trkpt>
      <trkpt lat="42.85558" lon="2.400641">
        <ele>835.6</ele>
      </trkpt>
      <trkpt lat="42.855517" lon="2.400441">
        <ele>843.79</ele>
      </trkpt>
      <trkpt lat="42.855469" lon="2.400188">
        <ele>853.78</ele>
      </trkpt>
      <trkpt lat="42.855299" lon="2.398941">
        <ele>893.05</ele>
      </trkpt>
      <trkpt lat="42.855306" lon="2.39856">
        <ele>900.26</ele>
      </trkpt>
      <trkpt lat="42.855337" lon="2.398292">
        <ele>904.39</ele>
      </trkpt>
      <trkpt lat="42.855321" lon="2.398186">
        <ele>906.73</ele>
      </trkpt>
      <trkpt lat="42.855279" lon="2.39811">
        <ele>908.95</ele>
      </trkpt>
      <trkpt lat="42.855197" lon="2.398327">
        <ele>907.21</ele>
      </trkpt>
      <trkpt lat="42.854981" lon="2.398567">
        <ele>910.36</ele>
      </trkpt>
      <trkpt lat="42.854882" lon="2.398713">
        <ele>912.5</ele>
      </trkpt>
      <trkpt lat="42.854699" lon="2.398831">
        <ele>915.03</ele>
      </trkpt>
      <trkpt lat="42.854364" lon="2.399065">
        <ele>912.55</ele>
      </trkpt>
      <trkpt lat="42.854219" lon="2.399213">
        <ele>909.54</ele>
      </trkpt>
      <trkpt lat="42.854158" lon="2.399298">
        <ele>908.39</ele>
      </trkpt>
      <trkpt lat="42.85403" lon="2.399343">
        <ele>906.91</ele>
      </trkpt>
      <trkpt lat="42.853845" lon="2.399432">
        <ele>905.14</ele>
      </trkpt>
      <trkpt lat="42.853798" lon="2.399422">
        <ele>904.47</ele>
      </trkpt>
      <trkpt lat="42.85375" lon="2.399361">
        <ele>902.91</ele>
      </trkpt>
      <trkpt lat="42.853643" lon="2.399287">
        <ele>899.55</ele>
      </trkpt>
      <trkpt lat="42.853521" lon="2.399267">
        <ele>895.82</ele>
      </trkpt>
      <trkpt lat="42.853346" lon="2.399358">
        <ele>890.31</ele>
      </trkpt>
      <trkpt lat="42.85326" lon="2.399302">
        <ele>887.74</ele>
      </trkpt>
      <trkpt lat="42.853201" lon="2.399306">
        <ele>885.91</ele>
      </trkpt>
      <trkpt lat="42.853141" lon="2.399251">
        <ele>884.19</ele>
      </trkpt>
      <trkpt lat="42.853018" lon="2.399202">
        <ele>880.59</ele>
      </trkpt>
      <trkpt lat="42.852959" lon="2.399134">
        <ele>879.3</ele>
      </trkpt>
      <trkpt lat="42.852853" lon="2.398897">
        <ele>878.85</ele>
      </trkpt>
      <trkpt lat="42.852683" lon="2.398722">
        <ele>877.84</ele>
      </trkpt>
      <trkpt lat="42.85262" lon="2.398696">
        <ele>877.16</ele>
      </trkpt>
      <trkpt lat="42.852385" lon="2.39856">
        <ele>875.03</ele>
      </trkpt>
      <trkpt lat="42.852147" lon="2.398508">
        <ele>873.13</ele>
      </trkpt>
      <trkpt lat="42.852089" lon="2.398471">
        <ele>874</ele>
      </trkpt>
      <trkpt lat="42.852077" lon="2.398355">
        <ele>874.77</ele>
      </trkpt>
      <trkpt lat="42.852099" lon="2.398253">
        <ele>874.96</ele>
      </trkpt>
      <trkpt lat="42.85212" lon="2.398149">
        <ele>875.16</ele>
      </trkpt>
      <trkpt lat="42.85216" lon="2.397866">
        <ele>876.04</ele>
      </trkpt>
      <trkpt lat="42.852243" lon="2.397538">
        <ele>875.82</ele>
      </trkpt>
      <trkpt lat="42.852336" lon="2.397263">
        <ele>875.04</ele>
      </trkpt>
      <trkpt lat="42.852627" lon="2.396824">
        <ele>871.74</ele>
      </trkpt>
      <trkpt lat="42.852689" lon="2.396326">
        <ele>869.18</ele>
      </trkpt>
      <trkpt lat="42.852768" lon="2.395973">
        <ele>865.45</ele>
      </trkpt>
      <trkpt lat="42.852929" lon="2.395387">
        <ele>857.83</ele>
      </trkpt>
      <trkpt lat="42.852964" lon="2.395238">
        <ele>856.44</ele>
      </trkpt>
      <trkpt lat="42.852986" lon="2.39432">
        <ele>850.2</ele>
      </trkpt>
      <trkpt lat="42.852966" lon="2.394147">
        <ele>848.08</ele>
      </trkpt>
      <trkpt lat="42.852869" lon="2.393858">
        <ele>845.47</ele>
      </trkpt>
      <trkpt lat="42.852852" lon="2.393753">
        <ele>844.29</ele>
      </trkpt>
      <trkpt lat="42.852898" lon="2.393161">
        <ele>833.6</ele>
      </trkpt>
      <trkpt lat="42.852894" lon="2.393068">
        <ele>831.98</ele>
      </trkpt>
      <trkpt lat="42.852814" lon="2.392852">
        <ele>828.33</ele>
      </trkpt>
      <trkpt lat="42.852756" lon="2.392588">
        <ele>824.4</ele>
      </trkpt>
      <trkpt lat="42.852738" lon="2.392532">
        <ele>823.54</ele>
      </trkpt>
      <trkpt lat="42.852458" lon="2.392273">
        <ele>818.4</ele>
      </trkpt>
      <trkpt lat="42.852383" lon="2.392184">
        <ele>816.53</ele>
      </trkpt>
      <trkpt lat="42.852276" lon="2.392108">
        <ele>814.59</ele>
      </trkpt>
      <trkpt lat="42.852212" lon="2.392042">
        <ele>813.28</ele>
      </trkpt>
      <trkpt lat="42.852186" lon="2.391898">
        <ele>812.26</ele>
      </trkpt>
      <trkpt lat="42.852187" lon="2.391726">
        <ele>811.24</ele>
      </trkpt>
      <trkpt lat="42.852167" lon="2.391651">
        <ele>810.66</ele>
      </trkpt>
      <trkpt lat="42.852059" lon="2.391479">
        <ele>809.14</ele>
      </trkpt>
      <trkpt lat="42.851919" lon="2.391224">
        <ele>806.92</ele>
      </trkpt>
      <trkpt lat="42.851605" lon="2.39074">
        <ele>804.83</ele>
      </trkpt>
      <trkpt lat="42.851392" lon="2.390531">
        <ele>803.56</ele>
      </trkpt>
      <trkpt lat="42.851333" lon="2.390308">
        <ele>803.33</ele>
      </trkpt>
      <trkpt lat="42.851252" lon="2.390151">
        <ele>804</ele>
      </trkpt>
      <trkpt lat="42.851191" lon="2.389932">
        <ele>805.33</ele>
      </trkpt>
      <trkpt lat="42.851173" lon="2.389928">
        <ele>805.53</ele>
      </trkpt>
      <trkpt lat="42.851164" lon="2.389816">
        <ele>806.13</ele>
      </trkpt>
      <trkpt lat="42.851179" lon="2.38969">
        <ele>806.49</ele>
      </trkpt>
      <trkpt lat="42.85116" lon="2.389605">
        <ele>807.14</ele>
      </trkpt>
      <trkpt lat="42.851142" lon="2.389426">
        <ele>808.89</ele>
      </trkpt>
      <trkpt lat="42.851106" lon="2.389304">
        <ele>810.58</ele>
      </trkpt>
      <trkpt lat="42.851068" lon="2.389044">
        <ele>813.57</ele>
      </trkpt>
      <trkpt lat="42.850942" lon="2.388879">
        <ele>816.94</ele>
      </trkpt>
      <trkpt lat="42.850968" lon="2.38871">
        <ele>817.98</ele>
      </trkpt>
      <trkpt lat="42.850943" lon="2.388563">
        <ele>818.88</ele>
      </trkpt>
      <trkpt lat="42.850917" lon="2.38842">
        <ele>819.75</ele>
      </trkpt>
      <trkpt lat="42.850915" lon="2.388325">
        <ele>820.13</ele>
      </trkpt>
      <trkpt lat="42.850869" lon="2.388196">
        <ele>821.25</ele>
      </trkpt>
      <trkpt lat="42.850881" lon="2.387986">
        <ele>821.84</ele>
      </trkpt>
      <trkpt lat="42.850929" lon="2.387829">
        <ele>821.92</ele>
      </trkpt>
      <trkpt lat="42.850941" lon="2.387614">
        <ele>823.15</ele>
      </trkpt>
      <trkpt lat="42.850884" lon="2.387195">
        <ele>826.76</ele>
      </trkpt>
      <trkpt lat="42.850838" lon="2.387023">
        <ele>828.76</ele>
      </trkpt>
      <trkpt lat="42.850837" lon="2.386878">
        <ele>830.22</ele>
      </trkpt>
      <trkpt lat="42.850849" lon="2.386735">
        <ele>831.46</ele>
      </trkpt>
      <trkpt lat="42.850972" lon="2.386374">
        <ele>833.53</ele>
      </trkpt>
      <trkpt lat="42.851119" lon="2.386142">
        <ele>834.56</ele>
      </trkpt>
      <trkpt lat="42.851218" lon="2.385985">
        <ele>835.63</ele>
      </trkpt>
      <trkpt lat="42.851338" lon="2.385838">
        <ele>836.64</ele>
      </trkpt>
      <trkpt lat="42.851431" lon="2.385609">
        <ele>839.91</ele>
      </trkpt>
      <trkpt lat="42.851421" lon="2.385332">
        <ele>844.61</ele>
      </trkpt>
      <trkpt lat="42.851344" lon="2.385049">
        <ele>851.44</ele>
      </trkpt>
      <trkpt lat="42.85117" lon="2.384878">
        <ele>855.79</ele>
      </trkpt>
      <trkpt lat="42.850977" lon="2.384706">
        <ele>859.28</ele>
      </trkpt>
      <trkpt lat="42.850561" lon="2.384403">
        <ele>862.59</ele>
      </trkpt>
      <trkpt lat="42.850374" lon="2.384245">
        <ele>865.55</ele>
      </trkpt>
      <trkpt lat="42.850288" lon="2.384173">
        <ele>866.92</ele>
      </trkpt>
      <trkpt lat="42.850181" lon="2.384137">
        <ele>868.3</ele>
      </trkpt>
      <trkpt lat="42.850063" lon="2.384215">
        <ele>867.59</ele>
      </trkpt>
      <trkpt lat="42.850084" lon="2.384134">
        <ele>869.09</ele>
      </trkpt>
      <trkpt lat="42.85012" lon="2.383725">
        <ele>876.69</ele>
      </trkpt>
      <trkpt lat="42.850096" lon="2.383475">
        <ele>877.32</ele>
      </trkpt>
      <trkpt lat="42.850122" lon="2.383317">
        <ele>876.99</ele>
      </trkpt>
      <trkpt lat="42.850073" lon="2.383228">
        <ele>878.11</ele>
      </trkpt>
      <trkpt lat="42.850143" lon="2.383047">
        <ele>876.71</ele>
      </trkpt>
      <trkpt lat="42.850184" lon="2.382818">
        <ele>873.61</ele>
      </trkpt>
      <trkpt lat="42.850183" lon="2.382686">
        <ele>870.18</ele>
      </trkpt>
      <trkpt lat="42.850182" lon="2.382631">
        <ele>868.76</ele>
      </trkpt>
      <trkpt lat="42.850115" lon="2.382346">
        <ele>863.54</ele>
      </trkpt>
      <trkpt lat="42.85006" lon="2.382164">
        <ele>860.9</ele>
      </trkpt>
      <trkpt lat="42.849945" lon="2.38203">
        <ele>861.45</ele>
      </trkpt>
      <trkpt lat="42.85001" lon="2.381994">
        <ele>857.69</ele>
      </trkpt>
      <trkpt lat="42.850094" lon="2.382005">
        <ele>855.01</ele>
      </trkpt>
      <trkpt lat="42.850192" lon="2.382057">
        <ele>853.29</ele>
      </trkpt>
      <trkpt lat="42.850294" lon="2.382125">
        <ele>851.43</ele>
      </trkpt>
      <trkpt lat="42.850389" lon="2.382162">
        <ele>849.06</ele>
      </trkpt>
      <trkpt lat="42.850604" lon="2.382158">
        <ele>843.23</ele>
      </trkpt>
      <trkpt lat="42.85078" lon="2.382188">
        <ele>840.61</ele>
      </trkpt>
      <trkpt lat="42.851244" lon="2.382058">
        <ele>827.09</ele>
      </trkpt>
      <trkpt lat="42.851648" lon="2.381826">
        <ele>812.67</ele>
      </trkpt>
      <trkpt lat="42.852244" lon="2.38153">
        <ele>793.03</ele>
      </trkpt>
      <trkpt lat="42.852858" lon="2.381402">
        <ele>787.77</ele>
      </trkpt>
      <trkpt lat="42.853004" lon="2.381339">
        <ele>785.16</ele>
      </trkpt>
      <trkpt lat="42.853132" lon="2.38117">
        <ele>779.11</ele>
      </trkpt>
      <trkpt lat="42.853315" lon="2.381071">
        <ele>776.88</ele>
      </trkpt>
      <trkpt lat="42.853443" lon="2.380965">
        <ele>773.85</ele>
      </trkpt>
      <trkpt lat="42.853606" lon="2.380886">
        <ele>771.95</ele>
      </trkpt>
      <trkpt lat="42.853909" lon="2.380896">
        <ele>774.6</ele>
      </trkpt>
      <trkpt lat="42.854122" lon="2.380735">
        <ele>770.77</ele>
      </trkpt>
      <trkpt lat="42.854234" lon="2.380735">
        <ele>771.95</ele>
      </trkpt>
      <trkpt lat="42.854376" lon="2.380605">
        <ele>769.38</ele>
      </trkpt>
      <trkpt lat="42.85449" lon="2.380524">
        <ele>768.4</ele>
      </trkpt>
      <trkpt lat="42.854518" lon="2.380419">
        <ele>765.71</ele>
      </trkpt>
      <trkpt lat="42.85454" lon="2.380201">
        <ele>761.74</ele>
      </trkpt>
      <trkpt lat="42.85448" lon="2.380195">
        <ele>760.46</ele>
      </trkpt>
      <trkpt lat="42.854424" lon="2.380231">
        <ele>760.12</ele>
      </trkpt>
      <trkpt lat="42.854207" lon="2.380081">
        <ele>752.34</ele>
      </trkpt>
      <trkpt lat="42.854176" lon="2.380023">
        <ele>750.19</ele>
      </trkpt>
      <trkpt lat="42.85417" lon="2.37997">
        <ele>748.7</ele>
      </trkpt>
      <trkpt lat="42.8543" lon="2.379473">
        <ele>741.02</ele>
      </trkpt>
      <trkpt lat="42.854387" lon="2.379329">
        <ele>741.66</ele>
      </trkpt>
      <trkpt lat="42.854736" lon="2.37912">
        <ele>750.2</ele>
      </trkpt>
      <trkpt lat="42.854824" lon="2.379028">
        <ele>752.03</ele>
      </trkpt>
      <trkpt lat="42.854869" lon="2.378935">
        <ele>752.05</ele>
      </trkpt>
      <trkpt lat="42.854923" lon="2.378824">
        <ele>752.06</ele>
      </trkpt>
      <trkpt lat="42.854978" lon="2.378626">
        <ele>750.55</ele>
      </trkpt>
      <trkpt lat="42.855194" lon="2.377951">
        <ele>743.69</ele>
      </trkpt>
      <trkpt lat="42.855403" lon="2.377755">
        <ele>742.99</ele>
      </trkpt>
      <trkpt lat="42.855741" lon="2.377308">
        <ele>739.55</ele>
      </trkpt>
      <trkpt lat="42.855797" lon="2.377202">
        <ele>737.88</ele>
      </trkpt>
      <trkpt lat="42.855812" lon="2.377007">
        <ele>732.75</ele>
      </trkpt>
      <trkpt lat="42.855865" lon="2.376932">
        <ele>731.92</ele>
      </trkpt>
      <trkpt lat="42.855916" lon="2.376834">
        <ele>730.49</ele>
      </trkpt>
      <trkpt lat="42.855986" lon="2.376767">
        <ele>730.36</ele>
      </trkpt>
      <trkpt lat="42.856073" lon="2.376492">
        <ele>725.41</ele>
      </trkpt>
      <trkpt lat="42.856159" lon="2.376314">
        <ele>723.13</ele>
      </trkpt>
      <trkpt lat="42.856232" lon="2.375974">
        <ele>722.88</ele>
      </trkpt>
      <trkpt lat="42.856264" lon="2.375745">
        <ele>723.7</ele>
      </trkpt>
      <trkpt lat="42.856268" lon="2.375576">
        <ele>723.79</ele>
      </trkpt>
      <trkpt lat="42.85622" lon="2.375287">
        <ele>721.79</ele>
      </trkpt>
      <trkpt lat="42.856137" lon="2.375117">
        <ele>718.4</ele>
      </trkpt>
      <trkpt lat="42.856003" lon="2.374857">
        <ele>712.99</ele>
      </trkpt>
      <trkpt lat="42.855977" lon="2.374737">
        <ele>711.54</ele>
      </trkpt>
      <trkpt lat="42.855973" lon="2.374529">
        <ele>710.11</ele>
      </trkpt>
      <trkpt lat="42.856025" lon="2.373981">
        <ele>704.72</ele>
      </trkpt>
      <trkpt lat="42.856043" lon="2.373703">
        <ele>701.41</ele>
      </trkpt>
      <trkpt lat="42.856097" lon="2.373413">
        <ele>696.67</ele>
      </trkpt>
      <trkpt lat="42.856214" lon="2.373156">
        <ele>693.79</ele>
      </trkpt>
      <trkpt lat="42.856243" lon="2.373015">
        <ele>691.3</ele>
      </trkpt>
      <trkpt lat="42.856299" lon="2.372806">
        <ele>687.96</ele>
      </trkpt>
      <trkpt lat="42.856388" lon="2.372627">
        <ele>685.18</ele>
      </trkpt>
      <trkpt lat="42.856436" lon="2.372601">
        <ele>685.03</ele>
      </trkpt>
      <trkpt lat="42.856597" lon="2.372515">
        <ele>684.39</ele>
      </trkpt>
      <trkpt lat="42.856728" lon="2.37234">
        <ele>681.19</ele>
      </trkpt>
      <trkpt lat="42.856749" lon="2.372242">
        <ele>678.94</ele>
      </trkpt>
      <trkpt lat="42.856682" lon="2.372164">
        <ele>676.76</ele>
      </trkpt>
      <trkpt lat="42.85662" lon="2.372134">
        <ele>675.81</ele>
      </trkpt>
      <trkpt lat="42.856502" lon="2.372076">
        <ele>674</ele>
      </trkpt>
      <trkpt lat="42.85642" lon="2.37196">
        <ele>671.53</ele>
      </trkpt>
      <trkpt lat="42.856416" lon="2.37154">
        <ele>663.83</ele>
      </trkpt>
      <trkpt lat="42.856384" lon="2.371336">
        <ele>660.04</ele>
      </trkpt>
      <trkpt lat="42.856411" lon="2.371213">
        <ele>657.92</ele>
      </trkpt>
      <trkpt lat="42.856141" lon="2.37074">
        <ele>651.45</ele>
      </trkpt>
      <trkpt lat="42.85607" lon="2.370542">
        <ele>648.85</ele>
      </trkpt>
      <trkpt lat="42.856075" lon="2.370442">
        <ele>647.71</ele>
      </trkpt>
      <trkpt lat="42.856112" lon="2.370259">
        <ele>645.69</ele>
      </trkpt>
      <trkpt lat="42.856309" lon="2.370089">
        <ele>643.96</ele>
      </trkpt>
      <trkpt lat="42.856389" lon="2.369986">
        <ele>642.03</ele>
      </trkpt>
      <trkpt lat="42.85642" lon="2.369794">
        <ele>639.16</ele>
      </trkpt>
      <trkpt lat="42.856367" lon="2.369572">
        <ele>636.59</ele>
      </trkpt>
      <trkpt lat="42.856401" lon="2.369415">
        <ele>634.34</ele>
      </trkpt>
      <trkpt lat="42.856407" lon="2.369052">
        <ele>629.88</ele>
      </trkpt>
      <trkpt lat="42.856403" lon="2.368837">
        <ele>627.31</ele>
      </trkpt>
      <trkpt lat="42.856382" lon="2.36877">
        <ele>626.72</ele>
      </trkpt>
      <trkpt lat="42.856324" lon="2.368682">
        <ele>626.23</ele>
      </trkpt>
      <trkpt lat="42.856296" lon="2.368637">
        <ele>625.76</ele>
      </trkpt>
      <trkpt lat="42.856091" lon="2.36849">
        <ele>622.78</ele>
      </trkpt>
      <trkpt lat="42.855991" lon="2.368234">
        <ele>617.6</ele>
      </trkpt>
      <trkpt lat="42.855991" lon="2.368148">
        <ele>616.03</ele>
      </trkpt>
      <trkpt lat="42.856092" lon="2.367992">
        <ele>614.49</ele>
      </trkpt>
      <trkpt lat="42.856204" lon="2.367859">
        <ele>613.67</ele>
      </trkpt>
      <trkpt lat="42.856247" lon="2.367751">
        <ele>611.82</ele>
      </trkpt>
      <trkpt lat="42.85625" lon="2.367686">
        <ele>610.38</ele>
      </trkpt>
      <trkpt lat="42.856209" lon="2.367587">
        <ele>607.53</ele>
      </trkpt>
      <trkpt lat="42.856116" lon="2.367463">
        <ele>603.37</ele>
      </trkpt>
      <trkpt lat="42.856089" lon="2.367391">
        <ele>601.34</ele>
      </trkpt>
      <trkpt lat="42.856081" lon="2.367326">
        <ele>599.74</ele>
      </trkpt>
      <trkpt lat="42.856055" lon="2.367263">
        <ele>597.95</ele>
      </trkpt>
      <trkpt lat="42.855967" lon="2.367192">
        <ele>595.06</ele>
      </trkpt>
      <trkpt lat="42.855867" lon="2.367184">
        <ele>593.41</ele>
      </trkpt>
      <trkpt lat="42.855798" lon="2.367131">
        <ele>591.24</ele>
      </trkpt>
      <trkpt lat="42.855729" lon="2.367044">
        <ele>588.48</ele>
      </trkpt>
      <trkpt lat="42.855659" lon="2.366834">
        <ele>585.64</ele>
      </trkpt>
      <trkpt lat="42.855617" lon="2.366754">
        <ele>584.48</ele>
      </trkpt>
      <trkpt lat="42.855573" lon="2.366667">
        <ele>583.22</ele>
      </trkpt>
      <trkpt lat="42.855222" lon="2.366641">
        <ele>585.96</ele>
      </trkpt>
      <trkpt lat="42.855028" lon="2.366517">
        <ele>590.04</ele>
      </trkpt>
      <trkpt lat="42.85489" lon="2.366362">
        <ele>594.83</ele>
      </trkpt>
      <trkpt lat="42.854735" lon="2.366382">
        <ele>598.38</ele>
      </trkpt>
      <trkpt lat="42.854682" lon="2.366287">
        <ele>601.62</ele>
      </trkpt>
      <trkpt lat="42.854594" lon="2.36624">
        <ele>605.7</ele>
      </trkpt>
      <trkpt lat="42.854525" lon="2.366278">
        <ele>607.74</ele>
      </trkpt>
      <trkpt lat="42.85447" lon="2.366229">
        <ele>611.03</ele>
      </trkpt>
      <trkpt lat="42.854471" lon="2.366109">
        <ele>612.96</ele>
      </trkpt>
      <trkpt lat="42.85469" lon="2.365301">
        <ele>617.3</ele>
      </trkpt>
      <trkpt lat="42.854925" lon="2.364849">
        <ele>614.18</ele>
      </trkpt>
      <trkpt lat="42.854994" lon="2.364526">
        <ele>615.76</ele>
      </trkpt>
      <trkpt lat="42.855051" lon="2.364142">
        <ele>619.08</ele>
      </trkpt>
      <trkpt lat="42.855113" lon="2.363947">
        <ele>619.6</ele>
      </trkpt>
      <trkpt lat="42.855182" lon="2.363855">
        <ele>618.48</ele>
      </trkpt>
      <trkpt lat="42.855337" lon="2.363683">
        <ele>615.35</ele>
      </trkpt>
      <trkpt lat="42.855507" lon="2.363319">
        <ele>613.83</ele>
      </trkpt>
      <trkpt lat="42.856031" lon="2.362868">
        <ele>602.88</ele>
      </trkpt>
      <trkpt lat="42.856195" lon="2.362574">
        <ele>599.87</ele>
      </trkpt>
      <trkpt lat="42.856245" lon="2.362413">
        <ele>599.46</ele>
      </trkpt>
      <trkpt lat="42.856314" lon="2.362094">
        <ele>599.64</ele>
      </trkpt>
      <trkpt lat="42.856354" lon="2.362022">
        <ele>599.53</ele>
      </trkpt>
      <trkpt lat="42.856469" lon="2.361981">
        <ele>597.49</ele>
      </trkpt>
      <trkpt lat="42.856531" lon="2.361959">
        <ele>596.38</ele>
      </trkpt>
      <trkpt lat="42.85663" lon="2.361837">
        <ele>596.51</ele>
      </trkpt>
      <trkpt lat="42.856687" lon="2.361401">
        <ele>604.43</ele>
      </trkpt>
      <trkpt lat="42.85684" lon="2.361344">
        <ele>603.04</ele>
      </trkpt>
      <trkpt lat="42.856926" lon="2.361393">
        <ele>600.41</ele>
      </trkpt>
      <trkpt lat="42.8572" lon="2.361468">
        <ele>594.15</ele>
      </trkpt>
      <trkpt lat="42.857345" lon="2.36157">
        <ele>589.94</ele>
      </trkpt>
      <trkpt lat="42.857504" lon="2.361575">
        <ele>588.19</ele>
      </trkpt>
      <trkpt lat="42.857981" lon="2.36186">
        <ele>573.15</ele>
      </trkpt>
      <trkpt lat="42.858151" lon="2.361913">
        <ele>568.53</ele>
      </trkpt>
      <trkpt lat="42.858252" lon="2.361892">
        <ele>567.78</ele>
      </trkpt>
      <trkpt lat="42.858343" lon="2.361755">
        <ele>572.02</ele>
      </trkpt>
      <trkpt lat="42.858409" lon="2.36163">
        <ele>576.68</ele>
      </trkpt>
      <trkpt lat="42.858566" lon="2.361334">
        <ele>587.71</ele>
      </trkpt>
      <trkpt lat="42.858836" lon="2.361033">
        <ele>595.75</ele>
      </trkpt>
      <trkpt lat="42.859042" lon="2.360862">
        <ele>589.28</ele>
      </trkpt>
      <trkpt lat="42.859226" lon="2.360631">
        <ele>586.42</ele>
      </trkpt>
      <trkpt lat="42.859379" lon="2.360491">
        <ele>582.49</ele>
      </trkpt>
      <trkpt lat="42.859626" lon="2.360428">
        <ele>570.74</ele>
      </trkpt>
      <trkpt lat="42.859815" lon="2.360261">
        <ele>568.96</ele>
      </trkpt>
      <trkpt lat="42.860003" lon="2.36021">
        <ele>563.66</ele>
      </trkpt>
      <trkpt lat="42.860171" lon="2.360017">
        <ele>563.88</ele>
      </trkpt>
      <trkpt lat="42.860345" lon="2.359911">
        <ele>561.01</ele>
      </trkpt>
      <trkpt lat="42.860532" lon="2.359952">
        <ele>553.62</ele>
      </trkpt>
      <trkpt lat="42.860654" lon="2.359842">
        <ele>554.27</ele>
      </trkpt>
      <trkpt lat="42.860752" lon="2.359631">
        <ele>558.03</ele>
      </trkpt>
      <trkpt lat="42.86082" lon="2.359586">
        <ele>557.33</ele>
      </trkpt>
      <trkpt lat="42.860971" lon="2.359488">
        <ele>555.78</ele>
      </trkpt>
      <trkpt lat="42.861222" lon="2.359094">
        <ele>558.22</ele>
      </trkpt>
      <trkpt lat="42.862003" lon="2.358576">
        <ele>552.14</ele>
      </trkpt>
      <trkpt lat="42.862162" lon="2.35838">
        <ele>553.38</ele>
      </trkpt>
      <trkpt lat="42.862212" lon="2.358157">
        <ele>557.89</ele>
      </trkpt>
      <trkpt lat="42.862359" lon="2.358006">
        <ele>558.38</ele>
      </trkpt>
      <trkpt lat="42.862544" lon="2.357962">
        <ele>555.3</ele>
      </trkpt>
      <trkpt lat="42.862693" lon="2.357965">
        <ele>551.88</ele>
      </trkpt>
      <trkpt lat="42.862791" lon="2.357887">
        <ele>551.41</ele>
      </trkpt>
      <trkpt lat="42.862914" lon="2.357669">
        <ele>554.53</ele>
      </trkpt>
      <trkpt lat="42.863194" lon="2.357436">
        <ele>554.1</ele>
      </trkpt>
      <trkpt lat="42.863482" lon="2.357255">
        <ele>551.56</ele>
      </trkpt>
      <trkpt lat="42.86375" lon="2.357189">
        <ele>546.32</ele>
      </trkpt>
      <trkpt lat="42.863949" lon="2.357045">
        <ele>544.64</ele>
      </trkpt>
      <trkpt lat="42.864223" lon="2.356946">
        <ele>539.31</ele>
      </trkpt>
      <trkpt lat="42.864271" lon="2.356903">
        <ele>538.81</ele>
      </trkpt>
      <trkpt lat="42.864394" lon="2.356795">
        <ele>537.56</ele>
      </trkpt>
      <trkpt lat="42.864451" lon="2.35668">
        <ele>538.16</ele>
      </trkpt>
      <trkpt lat="42.864555" lon="2.356538">
        <ele>537.89</ele>
      </trkpt>
      <trkpt lat="42.864832" lon="2.356305">
        <ele>533.8</ele>
      </trkpt>
      <trkpt lat="42.865119" lon="2.356079">
        <ele>529.84</ele>
      </trkpt>
      <trkpt lat="42.865312" lon="2.356001">
        <ele>525.95</ele>
      </trkpt>
      <trkpt lat="42.865574" lon="2.355819">
        <ele>523.79</ele>
      </trkpt>
      <trkpt lat="42.866069" lon="2.355688">
        <ele>516.33</ele>
      </trkpt>
      <trkpt lat="42.866401" lon="2.355489">
        <ele>512.54</ele>
      </trkpt>
      <trkpt lat="42.866611" lon="2.355427">
        <ele>509.08</ele>
      </trkpt>
      <trkpt lat="42.867015" lon="2.355337">
        <ele>501.42</ele>
      </trkpt>
      <trkpt lat="42.867304" lon="2.355075">
        <ele>498.55</ele>
      </trkpt>
      <trkpt lat="42.867525" lon="2.354665">
        <ele>497.2</ele>
      </trkpt>
      <trkpt lat="42.867574" lon="2.354643">
        <ele>496.21</ele>
      </trkpt>
      <trkpt lat="42.867631" lon="2.354666">
        <ele>494.76</ele>
      </trkpt>
      <trkpt lat="42.86792" lon="2.354843">
        <ele>487.86</ele>
      </trkpt>
      <trkpt lat="42.868007" lon="2.354877">
        <ele>487.67</ele>
      </trkpt>
      <trkpt lat="42.868471" lon="2.355063">
        <ele>486.67</ele>
      </trkpt>
      <trkpt lat="42.868621" lon="2.355077">
        <ele>486.91</ele>
      </trkpt>
      <trkpt lat="42.869051" lon="2.354945">
        <ele>484.92</ele>
      </trkpt>
      <trkpt lat="42.869366" lon="2.354756">
        <ele>482.61</ele>
      </trkpt>
      <trkpt lat="42.869483" lon="2.354736">
        <ele>482.51</ele>
      </trkpt>
      <trkpt lat="42.869607" lon="2.354738">
        <ele>482.67</ele>
      </trkpt>
      <trkpt lat="42.869772" lon="2.354807">
        <ele>483.27</ele>
      </trkpt>
      <trkpt lat="42.870022" lon="2.354745">
        <ele>482.43</ele>
      </trkpt>
      <trkpt lat="42.870052" lon="2.354738">
        <ele>482.33</ele>
      </trkpt>
      <trkpt lat="42.870182" lon="2.354672">
        <ele>481.53</ele>
      </trkpt>
      <trkpt lat="42.870238" lon="2.354699">
        <ele>481.75</ele>
      </trkpt>
      <trkpt lat="42.87032" lon="2.354719">
        <ele>481.88</ele>
      </trkpt>
      <trkpt lat="42.870574" lon="2.354451">
        <ele>479.94</ele>
      </trkpt>
      <trkpt lat="42.87085" lon="2.354335">
        <ele>479.22</ele>
      </trkpt>
      <trkpt lat="42.870952" lon="2.354336">
        <ele>478.94</ele>
      </trkpt>
      <trkpt lat="42.87111" lon="2.354287">
        <ele>478.33</ele>
      </trkpt>
      <trkpt lat="42.871301" lon="2.354255">
        <ele>477.58</ele>
      </trkpt>
      <trkpt lat="42.871431" lon="2.354212">
        <ele>477.21</ele>
      </trkpt>
      <trkpt lat="42.871494" lon="2.354289">
        <ele>477.56</ele>
      </trkpt>
      <trkpt lat="42.871541" lon="2.354306">
        <ele>477.62</ele>
      </trkpt>
      <trkpt lat="42.871758" lon="2.354258">
        <ele>477.17</ele>
      </trkpt>
      <trkpt lat="42.871918" lon="2.354201">
        <ele>476.66</ele>
      </trkpt>
      <trkpt lat="42.872061" lon="2.35411">
        <ele>475.87</ele>
      </trkpt>
      <trkpt lat="42.872335" lon="2.354087">
        <ele>475.16</ele>
      </trkpt>
      <trkpt lat="42.872917" lon="2.354038">
        <ele>473.63</ele>
      </trkpt>
      <trkpt lat="42.873041" lon="2.353999">
        <ele>473.24</ele>
      </trkpt>
      <trkpt lat="42.873528" lon="2.353699">
        <ele>470.82</ele>
      </trkpt>
      <trkpt lat="42.873912" lon="2.353447">
        <ele>470.22</ele>
      </trkpt>
      <trkpt lat="42.87429" lon="2.353238">
        <ele>470.44</ele>
      </trkpt>
      <trkpt lat="42.874313" lon="2.35316">
        <ele>469.84</ele>
      </trkpt>
      <trkpt lat="42.874581" lon="2.352797">
        <ele>468.15</ele>
      </trkpt>
      <trkpt lat="42.874976" lon="2.352206">
        <ele>466.07</ele>
      </trkpt>
      <trkpt lat="42.87559" lon="2.351246">
        <ele>461.68</ele>
      </trkpt>
      <trkpt lat="42.8755" lon="2.351174">
        <ele>460.96</ele>
      </trkpt>
      <trkpt lat="42.875394" lon="2.351022">
        <ele>461.14</ele>
      </trkpt>
      <trkpt lat="42.874851" lon="2.350238">
        <ele>462.05</ele>
      </trkpt>
      <trkpt lat="42.87479" lon="2.350204">
        <ele>462.49</ele>
      </trkpt>
      <trkpt lat="42.874735" lon="2.350205">
        <ele>462.73</ele>
      </trkpt>
      <trkpt lat="42.874689" lon="2.350226">
        <ele>462.81</ele>
      </trkpt>
      <trkpt lat="42.874455" lon="2.350541">
        <ele>463.48</ele>
      </trkpt>
      <trkpt lat="42.874301" lon="2.350749">
        <ele>463.92</ele>
      </trkpt>
      <trkpt lat="42.874238" lon="2.350771">
        <ele>464.34</ele>
      </trkpt>
      <trkpt lat="42.874163" lon="2.350757">
        <ele>464.99</ele>
      </trkpt>
      <trkpt lat="42.873857" lon="2.350553">
        <ele>468.64</ele>
      </trkpt>
      <trkpt lat="42.873721" lon="2.350505">
        <ele>470.34</ele>
      </trkpt>
      <trkpt lat="42.873589" lon="2.350489">
        <ele>471.89</ele>
      </trkpt>
      <trkpt lat="42.873508" lon="2.350497">
        <ele>472.74</ele>
      </trkpt>
      <trkpt lat="42.873459" lon="2.350523">
        <ele>473.17</ele>
      </trkpt>
      <trkpt lat="42.873356" lon="2.35049">
        <ele>474.47</ele>
      </trkpt>
      <trkpt lat="42.87307" lon="2.350424">
        <ele>477.89</ele>
      </trkpt>
      <trkpt lat="42.872363" lon="2.350349">
        <ele>486.31</ele>
      </trkpt>
      <trkpt lat="42.872298" lon="2.350358">
        <ele>487.15</ele>
      </trkpt>
      <trkpt lat="42.872048" lon="2.350392">
        <ele>490.4</ele>
      </trkpt>
      <trkpt lat="42.871814" lon="2.350568">
        <ele>494.19</ele>
      </trkpt>
      <trkpt lat="42.871534" lon="2.350655">
        <ele>498.43</ele>
      </trkpt>
      <trkpt lat="42.871192" lon="2.350645">
        <ele>502.73</ele>
      </trkpt>
      <trkpt lat="42.870958" lon="2.350751">
        <ele>505.5</ele>
      </trkpt>
      <trkpt lat="42.870609" lon="2.350805">
        <ele>509.56</ele>
      </trkpt>
      <trkpt lat="42.87046" lon="2.350934">
        <ele>512.56</ele>
      </trkpt>
      <trkpt lat="42.870109" lon="2.351103">
        <ele>520.48</ele>
      </trkpt>
      <trkpt lat="42.869639" lon="2.351156">
        <ele>528.96</ele>
      </trkpt>
      <trkpt lat="42.869176" lon="2.351227">
        <ele>532.35</ele>
      </trkpt>
      <trkpt lat="42.869085" lon="2.351208">
        <ele>533.11</ele>
      </trkpt>
      <trkpt lat="42.868875" lon="2.351111">
        <ele>535.29</ele>
      </trkpt>
      <trkpt lat="42.868617" lon="2.350946">
        <ele>540.2</ele>
      </trkpt>
      <trkpt lat="42.86832" lon="2.350671">
        <ele>547.79</ele>
      </trkpt>
      <trkpt lat="42.867879" lon="2.350264">
        <ele>559.04</ele>
      </trkpt>
      <trkpt lat="42.867759" lon="2.350211">
        <ele>561.3</ele>
      </trkpt>
      <trkpt lat="42.867469" lon="2.350122">
        <ele>567.78</ele>
      </trkpt>
      <trkpt lat="42.867327" lon="2.35005">
        <ele>571.59</ele>
      </trkpt>
      <trkpt lat="42.866917" lon="2.349688">
        <ele>593.04</ele>
      </trkpt>
      <trkpt lat="42.866749" lon="2.349431">
        <ele>607.93</ele>
      </trkpt>
      <trkpt lat="42.866679" lon="2.349104">
        <ele>619.01</ele>
      </trkpt>
      <trkpt lat="42.866678" lon="2.348778">
        <ele>625.99</ele>
      </trkpt>
      <trkpt lat="42.866725" lon="2.34816">
        <ele>636.68</ele>
      </trkpt>
      <trkpt lat="42.866835" lon="2.347909">
        <ele>637.3</ele>
      </trkpt>
      <trkpt lat="42.867142" lon="2.347527">
        <ele>634.16</ele>
      </trkpt>
      <trkpt lat="42.867266" lon="2.347303">
        <ele>634.36</ele>
      </trkpt>
      <trkpt lat="42.867409" lon="2.347045">
        <ele>634.58</ele>
      </trkpt>
      <trkpt lat="42.867731" lon="2.346068">
        <ele>639.54</ele>
      </trkpt>
      <trkpt lat="42.867779" lon="2.34557">
        <ele>645.87</ele>
      </trkpt>
      <trkpt lat="42.867889" lon="2.345189">
        <ele>648.32</ele>
      </trkpt>
      <trkpt lat="42.867968" lon="2.344776">
        <ele>653.18</ele>
      </trkpt>
      <trkpt lat="42.867961" lon="2.344373">
        <ele>659.84</ele>
      </trkpt>
      <trkpt lat="42.867826" lon="2.344492">
        <ele>663.11</ele>
      </trkpt>
      <trkpt lat="42.867706" lon="2.344666">
        <ele>664.57</ele>
      </trkpt>
      <trkpt lat="42.867554" lon="2.344712">
        <ele>669.16</ele>
      </trkpt>
      <trkpt lat="42.867386" lon="2.3448">
        <ele>673.75</ele>
      </trkpt>
      <trkpt lat="42.867103" lon="2.344865">
        <ele>683.66</ele>
      </trkpt>
      <trkpt lat="42.866807" lon="2.34505">
        <ele>695.99</ele>
      </trkpt>
      <trkpt lat="42.866662" lon="2.345094">
        <ele>702.74</ele>
      </trkpt>
      <trkpt lat="42.866548" lon="2.345222">
        <ele>706.92</ele>
      </trkpt>
      <trkpt lat="42.866506" lon="2.344998">
        <ele>711.86</ele>
      </trkpt>
      <trkpt lat="42.86641" lon="2.344999">
        <ele>716.72</ele>
      </trkpt>
      <trkpt lat="42.866183" lon="2.345339">
        <ele>723.98</ele>
      </trkpt>
      <trkpt lat="42.865731" lon="2.345841">
        <ele>732.85</ele>
      </trkpt>
      <trkpt lat="42.865309" lon="2.346049">
        <ele>743.81</ele>
      </trkpt>
      <trkpt lat="42.86528" lon="2.346023">
        <ele>745.48</ele>
      </trkpt>
      <trkpt lat="42.865474" lon="2.345545">
        <ele>753.51</ele>
      </trkpt>
      <trkpt lat="42.865449" lon="2.345409">
        <ele>758.32</ele>
      </trkpt>
      <trkpt lat="42.86549" lon="2.345314">
        <ele>758.89</ele>
      </trkpt>
      <trkpt lat="42.865559" lon="2.34507">
        <ele>759.94</ele>
      </trkpt>
      <trkpt lat="42.86565" lon="2.344833">
        <ele>759.4</ele>
      </trkpt>
      <trkpt lat="42.865793" lon="2.344372">
        <ele>758.76</ele>
      </trkpt>
      <trkpt lat="42.86587" lon="2.343928">
        <ele>760.85</ele>
      </trkpt>
      <trkpt lat="42.866109" lon="2.34274">
        <ele>763.69</ele>
      </trkpt>
      <trkpt lat="42.866183" lon="2.342407">
        <ele>762.95</ele>
      </trkpt>
      <trkpt lat="42.866283" lon="2.342087">
        <ele>761.01</ele>
      </trkpt>
      <trkpt lat="42.866336" lon="2.341629">
        <ele>760.32</ele>
      </trkpt>
      <trkpt lat="42.866342" lon="2.341321">
        <ele>761.2</ele>
      </trkpt>
      <trkpt lat="42.866376" lon="2.340759">
        <ele>755.11</ele>
      </trkpt>
      <trkpt lat="42.866377" lon="2.340418">
        <ele>751.52</ele>
      </trkpt>
      <trkpt lat="42.866327" lon="2.340223">
        <ele>748.75</ele>
      </trkpt>
      <trkpt lat="42.866176" lon="2.339999">
        <ele>747.68</ele>
      </trkpt>
      <trkpt lat="42.8661" lon="2.339939">
        <ele>748.49</ele>
      </trkpt>
      <trkpt lat="42.86589" lon="2.339811">
        <ele>751.79</ele>
      </trkpt>
      <trkpt lat="42.865629" lon="2.339447">
        <ele>750.17</ele>
      </trkpt>
      <trkpt lat="42.865518" lon="2.339338">
        <ele>750.9</ele>
      </trkpt>
      <trkpt lat="42.865052" lon="2.339166">
        <ele>762.28</ele>
      </trkpt>
      <trkpt lat="42.86495" lon="2.339129">
        <ele>764.77</ele>
      </trkpt>
      <trkpt lat="42.864584" lon="2.338863">
        <ele>770.96</ele>
      </trkpt>
      <trkpt lat="42.864371" lon="2.338555">
        <ele>773.89</ele>
      </trkpt>
      <trkpt lat="42.864071" lon="2.338043">
        <ele>780.68</ele>
      </trkpt>
      <trkpt lat="42.863915" lon="2.337759">
        <ele>784.3</ele>
      </trkpt>
      <trkpt lat="42.863756" lon="2.337146">
        <ele>783.62</ele>
      </trkpt>
      <trkpt lat="42.863655" lon="2.336629">
        <ele>785.2</ele>
      </trkpt>
      <trkpt lat="42.863487" lon="2.336212">
        <ele>788.41</ele>
      </trkpt>
      <trkpt lat="42.863334" lon="2.33567">
        <ele>793.22</ele>
      </trkpt>
      <trkpt lat="42.863325" lon="2.33532">
        <ele>795.7</ele>
      </trkpt>
      <trkpt lat="42.863458" lon="2.334753">
        <ele>801.34</ele>
      </trkpt>
      <trkpt lat="42.863617" lon="2.334288">
        <ele>807.39</ele>
      </trkpt>
      <trkpt lat="42.86373" lon="2.333843">
        <ele>812.6</ele>
      </trkpt>
      <trkpt lat="42.863788" lon="2.333533">
        <ele>816.85</ele>
      </trkpt>
      <trkpt lat="42.86386" lon="2.332868">
        <ele>822.63</ele>
      </trkpt>
      <trkpt lat="42.863866" lon="2.332803">
        <ele>823.05</ele>
      </trkpt>
      <trkpt lat="42.863868" lon="2.332495">
        <ele>825.23</ele>
      </trkpt>
      <trkpt lat="42.864023" lon="2.330332">
        <ele>828.07</ele>
      </trkpt>
      <trkpt lat="42.864039" lon="2.32986">
        <ele>820.8</ele>
      </trkpt>
      <trkpt lat="42.863993" lon="2.329703">
        <ele>820.3</ele>
      </trkpt>
      <trkpt lat="42.863359" lon="2.329231">
        <ele>824.22</ele>
      </trkpt>
      <trkpt lat="42.863146" lon="2.328991">
        <ele>824.4</ele>
      </trkpt>
      <trkpt lat="42.862937" lon="2.328616">
        <ele>824.31</ele>
      </trkpt>
      <trkpt lat="42.862806" lon="2.328211">
        <ele>822.38</ele>
      </trkpt>
      <trkpt lat="42.862713" lon="2.328029">
        <ele>820.32</ele>
      </trkpt>
      <trkpt lat="42.862648" lon="2.327954">
        <ele>818.57</ele>
      </trkpt>
      <trkpt lat="42.862559" lon="2.327938">
        <ele>815.67</ele>
      </trkpt>
      <trkpt lat="42.862742" lon="2.327642">
        <ele>824.51</ele>
      </trkpt>
      <trkpt lat="42.862876" lon="2.327352">
        <ele>827.94</ele>
      </trkpt>
      <trkpt lat="42.863239" lon="2.32656">
        <ele>837.28</ele>
      </trkpt>
      <trkpt lat="42.863441" lon="2.325654">
        <ele>839.58</ele>
      </trkpt>
      <trkpt lat="42.863592" lon="2.324724">
        <ele>843.96</ele>
      </trkpt>
      <trkpt lat="42.863872" lon="2.323712">
        <ele>846.39</ele>
      </trkpt>
      <trkpt lat="42.863919" lon="2.323448">
        <ele>841.76</ele>
      </trkpt>
      <trkpt lat="42.863951" lon="2.322601">
        <ele>835.95</ele>
      </trkpt>
      <trkpt lat="42.864003" lon="2.320873">
        <ele>836.12</ele>
      </trkpt>
      <trkpt lat="42.863988" lon="2.319945">
        <ele>833.41</ele>
      </trkpt>
      <trkpt lat="42.863912" lon="2.319335">
        <ele>836.78</ele>
      </trkpt>
      <trkpt lat="42.863877" lon="2.318901">
        <ele>840.55</ele>
      </trkpt>
      <trkpt lat="42.863879" lon="2.318851">
        <ele>840.6</ele>
      </trkpt>
      <trkpt lat="42.863898" lon="2.318494">
        <ele>840.96</ele>
      </trkpt>
      <trkpt lat="42.864005" lon="2.317978">
        <ele>835.82</ele>
      </trkpt>
      <trkpt lat="42.864029" lon="2.317535">
        <ele>834.79</ele>
      </trkpt>
      <trkpt lat="42.86396" lon="2.317">
        <ele>841.1</ele>
      </trkpt>
      <trkpt lat="42.863974" lon="2.316778">
        <ele>843.66</ele>
      </trkpt>
      <trkpt lat="42.864053" lon="2.3164">
        <ele>844.54</ele>
      </trkpt>
      <trkpt lat="42.864268" lon="2.31579">
        <ele>845.21</ele>
      </trkpt>
      <trkpt lat="42.864436" lon="2.31554">
        <ele>842.22</ele>
      </trkpt>
      <trkpt lat="42.864843" lon="2.314871">
        <ele>836.85</ele>
      </trkpt>
      <trkpt lat="42.865445" lon="2.313804">
        <ele>824.99</ele>
      </trkpt>
      <trkpt lat="42.865655" lon="2.313221">
        <ele>823.89</ele>
      </trkpt>
      <trkpt lat="42.865843" lon="2.312584">
        <ele>820.67</ele>
      </trkpt>
      <trkpt lat="42.866094" lon="2.311518">
        <ele>817.35</ele>
      </trkpt>
      <trkpt lat="42.866385" lon="2.310874">
        <ele>811.02</ele>
      </trkpt>
      <trkpt lat="42.866598" lon="2.310285">
        <ele>810.07</ele>
      </trkpt>
      <trkpt lat="42.86667" lon="2.30985">
        <ele>811.95</ele>
      </trkpt>
      <trkpt lat="42.866763" lon="2.309547">
        <ele>809.83</ele>
      </trkpt>
      <trkpt lat="42.866906" lon="2.30937">
        <ele>803.38</ele>
      </trkpt>
      <trkpt lat="42.866919" lon="2.309353">
        <ele>802.79</ele>
      </trkpt>
      <trkpt lat="42.866972" lon="2.30922">
        <ele>802.36</ele>
      </trkpt>
      <trkpt lat="42.866982" lon="2.30906">
        <ele>806.11</ele>
      </trkpt>
      <trkpt lat="42.867059" lon="2.308721">
        <ele>809.68</ele>
      </trkpt>
      <trkpt lat="42.867269" lon="2.308455">
        <ele>803.53</ele>
      </trkpt>
      <trkpt lat="42.86751" lon="2.308228">
        <ele>793.3</ele>
      </trkpt>
      <trkpt lat="42.867582" lon="2.308065">
        <ele>792.48</ele>
      </trkpt>
      <trkpt lat="42.867792" lon="2.30714">
        <ele>790.48</ele>
      </trkpt>
      <trkpt lat="42.867835" lon="2.306775">
        <ele>789.75</ele>
      </trkpt>
      <trkpt lat="42.867821" lon="2.306243">
        <ele>794.27</ele>
      </trkpt>
      <trkpt lat="42.867842" lon="2.306005">
        <ele>797.88</ele>
      </trkpt>
      <trkpt lat="42.867969" lon="2.305692">
        <ele>794.77</ele>
      </trkpt>
      <trkpt lat="42.868081" lon="2.305442">
        <ele>794.52</ele>
      </trkpt>
      <trkpt lat="42.868176" lon="2.305319">
        <ele>794.24</ele>
      </trkpt>
      <trkpt lat="42.868327" lon="2.305249">
        <ele>790.03</ele>
      </trkpt>
      <trkpt lat="42.86856" lon="2.305206">
        <ele>780.7</ele>
      </trkpt>
      <trkpt lat="42.868769" lon="2.305099">
        <ele>775.73</ele>
      </trkpt>
      <trkpt lat="42.869011" lon="2.305064">
        <ele>768.99</ele>
      </trkpt>
      <trkpt lat="42.869262" lon="2.305115">
        <ele>758.96</ele>
      </trkpt>
      <trkpt lat="42.869421" lon="2.305104">
        <ele>754.42</ele>
      </trkpt>
      <trkpt lat="42.869557" lon="2.305012">
        <ele>753.09</ele>
      </trkpt>
      <trkpt lat="42.869648" lon="2.304817">
        <ele>755.91</ele>
      </trkpt>
      <trkpt lat="42.869676" lon="2.304569">
        <ele>762.21</ele>
      </trkpt>
      <trkpt lat="42.869796" lon="2.304364">
        <ele>762.06</ele>
      </trkpt>
      <trkpt lat="42.869906" lon="2.30397">
        <ele>765.96</ele>
      </trkpt>
      <trkpt lat="42.870001" lon="2.303904">
        <ele>763</ele>
      </trkpt>
      <trkpt lat="42.870122" lon="2.303663">
        <ele>761.89</ele>
      </trkpt>
      <trkpt lat="42.870239" lon="2.303536">
        <ele>758.06</ele>
      </trkpt>
      <trkpt lat="42.870553" lon="2.302819">
        <ele>753.58</ele>
      </trkpt>
      <trkpt lat="42.87055" lon="2.302558">
        <ele>759.23</ele>
      </trkpt>
      <trkpt lat="42.870617" lon="2.302407">
        <ele>759.68</ele>
      </trkpt>
      <trkpt lat="42.870713" lon="2.302292">
        <ele>758.07</ele>
      </trkpt>
      <trkpt lat="42.870818" lon="2.302012">
        <ele>759.35</ele>
      </trkpt>
      <trkpt lat="42.870933" lon="2.301851">
        <ele>758.48</ele>
      </trkpt>
      <trkpt lat="42.871114" lon="2.301698">
        <ele>754.31</ele>
      </trkpt>
      <trkpt lat="42.871453" lon="2.301294">
        <ele>749.15</ele>
      </trkpt>
      <trkpt lat="42.871549" lon="2.301121">
        <ele>748.56</ele>
      </trkpt>
      <trkpt lat="42.871762" lon="2.300641">
        <ele>747.86</ele>
      </trkpt>
      <trkpt lat="42.871987" lon="2.300204">
        <ele>746.19</ele>
      </trkpt>
      <trkpt lat="42.872114" lon="2.300023">
        <ele>744.27</ele>
      </trkpt>
      <trkpt lat="42.872385" lon="2.299697">
        <ele>741.26</ele>
      </trkpt>
      <trkpt lat="42.872477" lon="2.299572">
        <ele>740.59</ele>
      </trkpt>
      <trkpt lat="42.872578" lon="2.299503">
        <ele>738.44</ele>
      </trkpt>
      <trkpt lat="42.872819" lon="2.299416">
        <ele>731.24</ele>
      </trkpt>
      <trkpt lat="42.872931" lon="2.299359">
        <ele>728.02</ele>
      </trkpt>
      <trkpt lat="42.873119" lon="2.299146">
        <ele>725.17</ele>
      </trkpt>
      <trkpt lat="42.873222" lon="2.298844">
        <ele>726.31</ele>
      </trkpt>
      <trkpt lat="42.873253" lon="2.298516">
        <ele>730.91</ele>
      </trkpt>
      <trkpt lat="42.873332" lon="2.298194">
        <ele>734.05</ele>
      </trkpt>
      <trkpt lat="42.873349" lon="2.298007">
        <ele>736.91</ele>
      </trkpt>
      <trkpt lat="42.873431" lon="2.297875">
        <ele>736.36</ele>
      </trkpt>
      <trkpt lat="42.873509" lon="2.297831">
        <ele>734.48</ele>
      </trkpt>
      <trkpt lat="42.873624" lon="2.297792">
        <ele>731.02</ele>
      </trkpt>
      <trkpt lat="42.873883" lon="2.297634">
        <ele>724.86</ele>
      </trkpt>
      <trkpt lat="42.874088" lon="2.297337">
        <ele>723.7</ele>
      </trkpt>
      <trkpt lat="42.87429" lon="2.296786">
        <ele>726.15</ele>
      </trkpt>
      <trkpt lat="42.874342" lon="2.296717">
        <ele>725.63</ele>
      </trkpt>
      <trkpt lat="42.874953" lon="2.295901">
        <ele>719.51</ele>
      </trkpt>
      <trkpt lat="42.875225" lon="2.295715">
        <ele>714.42</ele>
      </trkpt>
      <trkpt lat="42.875393" lon="2.295628">
        <ele>710.21</ele>
      </trkpt>
      <trkpt lat="42.875655" lon="2.29551">
        <ele>704.62</ele>
      </trkpt>
      <trkpt lat="42.875959" lon="2.295455">
        <ele>697.38</ele>
      </trkpt>
      <trkpt lat="42.876271" lon="2.295169">
        <ele>694.83</ele>
      </trkpt>
      <trkpt lat="42.876818" lon="2.294542">
        <ele>694.44</ele>
      </trkpt>
      <trkpt lat="42.876952" lon="2.294256">
        <ele>697.16</ele>
      </trkpt>
      <trkpt lat="42.877057" lon="2.294148">
        <ele>696.85</ele>
      </trkpt>
      <trkpt lat="42.877189" lon="2.294113">
        <ele>694.53</ele>
      </trkpt>
      <trkpt lat="42.877336" lon="2.294154">
        <ele>690.57</ele>
      </trkpt>
      <trkpt lat="42.877443" lon="2.294107">
        <ele>689.29</ele>
      </trkpt>
      <trkpt lat="42.877801" lon="2.293709">
        <ele>689.26</ele>
      </trkpt>
      <trkpt lat="42.877927" lon="2.293619">
        <ele>688.69</ele>
      </trkpt>
      <trkpt lat="42.878073" lon="2.29353">
        <ele>688.17</ele>
      </trkpt>
      <trkpt lat="42.878437" lon="2.293519">
        <ele>682.47</ele>
      </trkpt>
      <trkpt lat="42.878621" lon="2.293487">
        <ele>680.05</ele>
      </trkpt>
      <trkpt lat="42.87888" lon="2.293355">
        <ele>678.11</ele>
      </trkpt>
      <trkpt lat="42.879252" lon="2.293009">
        <ele>677.01</ele>
      </trkpt>
      <trkpt lat="42.87965" lon="2.292701">
        <ele>673.15</ele>
      </trkpt>
      <trkpt lat="42.881443" lon="2.291549">
        <ele>667.89</ele>
      </trkpt>
      <trkpt lat="42.881611" lon="2.291472">
        <ele>667.51</ele>
      </trkpt>
      <trkpt lat="42.881838" lon="2.291412">
        <ele>666.76</ele>
      </trkpt>
      <trkpt lat="42.882082" lon="2.291407">
        <ele>665.91</ele>
      </trkpt>
      <trkpt lat="42.882156" lon="2.291393">
        <ele>665.56</ele>
      </trkpt>
      <trkpt lat="42.882246" lon="2.291375">
        <ele>664.68</ele>
      </trkpt>
      <trkpt lat="42.882397" lon="2.291304">
        <ele>662.88</ele>
      </trkpt>
      <trkpt lat="42.882575" lon="2.291174">
        <ele>660.26</ele>
      </trkpt>
      <trkpt lat="42.882685" lon="2.29105">
        <ele>658.49</ele>
      </trkpt>
      <trkpt lat="42.882764" lon="2.291011">
        <ele>657.31</ele>
      </trkpt>
      <trkpt lat="42.882918" lon="2.290958">
        <ele>654.99</ele>
      </trkpt>
      <trkpt lat="42.882998" lon="2.29086">
        <ele>653.55</ele>
      </trkpt>
      <trkpt lat="42.883042" lon="2.290745">
        <ele>652.91</ele>
      </trkpt>
      <trkpt lat="42.883086" lon="2.290568">
        <ele>651.67</ele>
      </trkpt>
      <trkpt lat="42.883163" lon="2.290396">
        <ele>650.34</ele>
      </trkpt>
      <trkpt lat="42.883396" lon="2.290125">
        <ele>650.81</ele>
      </trkpt>
      <trkpt lat="42.883816" lon="2.289728">
        <ele>645.53</ele>
      </trkpt>
      <trkpt lat="42.88394" lon="2.289589">
        <ele>645.03</ele>
      </trkpt>
      <trkpt lat="42.884031" lon="2.289421">
        <ele>644.19</ele>
      </trkpt>
      <trkpt lat="42.884351" lon="2.289055">
        <ele>641.92</ele>
      </trkpt>
      <trkpt lat="42.884659" lon="2.288652">
        <ele>637.6</ele>
      </trkpt>
      <trkpt lat="42.884968" lon="2.288183">
        <ele>638.31</ele>
      </trkpt>
      <trkpt lat="42.885126" lon="2.287943">
        <ele>638.67</ele>
      </trkpt>
      <trkpt lat="42.885304" lon="2.287615">
        <ele>639.24</ele>
      </trkpt>
      <trkpt lat="42.885347" lon="2.287455">
        <ele>638.85</ele>
      </trkpt>
      <trkpt lat="42.885409" lon="2.287159">
        <ele>637.75</ele>
      </trkpt>
      <trkpt lat="42.885569" lon="2.286782">
        <ele>638.44</ele>
      </trkpt>
      <trkpt lat="42.885782" lon="2.286116">
        <ele>640.43</ele>
      </trkpt>
      <trkpt lat="42.885801" lon="2.28593">
        <ele>639.91</ele>
      </trkpt>
      <trkpt lat="42.885797" lon="2.285528">
        <ele>637.38</ele>
      </trkpt>
      <trkpt lat="42.885865" lon="2.285113">
        <ele>636.78</ele>
      </trkpt>
      <trkpt lat="42.885981" lon="2.284875">
        <ele>638.47</ele>
      </trkpt>
      <trkpt lat="42.886094" lon="2.284736">
        <ele>640.59</ele>
      </trkpt>
      <trkpt lat="42.886191" lon="2.284685">
        <ele>642.81</ele>
      </trkpt>
      <trkpt lat="42.886394" lon="2.28463">
        <ele>646.38</ele>
      </trkpt>
      <trkpt lat="42.886495" lon="2.28458">
        <ele>646.8</ele>
      </trkpt>
      <trkpt lat="42.886629" lon="2.284471">
        <ele>647.79</ele>
      </trkpt>
      <trkpt lat="42.886821" lon="2.2842">
        <ele>649.83</ele>
      </trkpt>
      <trkpt lat="42.886845" lon="2.284135">
        <ele>650.13</ele>
      </trkpt>
      <trkpt lat="42.886691" lon="2.284001">
        <ele>649.21</ele>
      </trkpt>
      <trkpt lat="42.886491" lon="2.283828">
        <ele>648.03</ele>
      </trkpt>
      <trkpt lat="42.8861" lon="2.283457">
        <ele>648.24</ele>
      </trkpt>
      <trkpt lat="42.885698" lon="2.283193">
        <ele>644.97</ele>
      </trkpt>
      <trkpt lat="42.885233" lon="2.28298">
        <ele>635.73</ele>
      </trkpt>
      <trkpt lat="42.885133" lon="2.282935">
        <ele>633.75</ele>
      </trkpt>
      <trkpt lat="42.885003" lon="2.282809">
        <ele>629.49</ele>
      </trkpt>
      <trkpt lat="42.884887" lon="2.282713">
        <ele>624.86</ele>
      </trkpt>
      <trkpt lat="42.884748" lon="2.28267">
        <ele>619.83</ele>
      </trkpt>
      <trkpt lat="42.884695" lon="2.282681">
        <ele>618.18</ele>
      </trkpt>
      <trkpt lat="42.884659" lon="2.282711">
        <ele>617.35</ele>
      </trkpt>
      <trkpt lat="42.88464" lon="2.282769">
        <ele>617.57</ele>
      </trkpt>
      <trkpt lat="42.88455" lon="2.282891">
        <ele>617.75</ele>
      </trkpt>
      <trkpt lat="42.884483" lon="2.282866">
        <ele>616.67</ele>
      </trkpt>
      <trkpt lat="42.884443" lon="2.282882">
        <ele>616.31</ele>
      </trkpt>
      <trkpt lat="42.884448" lon="2.282971">
        <ele>616.8</ele>
      </trkpt>
      <trkpt lat="42.884462" lon="2.283017">
        <ele>617.15</ele>
      </trkpt>
      <trkpt lat="42.884496" lon="2.283136">
        <ele>618.06</ele>
      </trkpt>
      <trkpt lat="42.884467" lon="2.283309">
        <ele>618.54</ele>
      </trkpt>
      <trkpt lat="42.884426" lon="2.283391">
        <ele>618.6</ele>
      </trkpt>
      <trkpt lat="42.884486" lon="2.28348">
        <ele>619.42</ele>
      </trkpt>
      <trkpt lat="42.884499" lon="2.283525">
        <ele>619.69</ele>
      </trkpt>
      <trkpt lat="42.884472" lon="2.283527">
        <ele>619.54</ele>
      </trkpt>
      <trkpt lat="42.884325" lon="2.283537">
        <ele>618.76</ele>
      </trkpt>
      <trkpt lat="42.884244" lon="2.283543">
        <ele>618.34</ele>
      </trkpt>
      <trkpt lat="42.884129" lon="2.283498">
        <ele>617.33</ele>
      </trkpt>
      <trkpt lat="42.883976" lon="2.283328">
        <ele>614.68</ele>
      </trkpt>
      <trkpt lat="42.883904" lon="2.283179">
        <ele>612.46</ele>
      </trkpt>
      <trkpt lat="42.88386" lon="2.283024">
        <ele>610.26</ele>
      </trkpt>
      <trkpt lat="42.88383" lon="2.282744">
        <ele>607.38</ele>
      </trkpt>
      <trkpt lat="42.883828" lon="2.282538">
        <ele>606.1</ele>
      </trkpt>
      <trkpt lat="42.883919" lon="2.282028">
        <ele>603.74</ele>
      </trkpt>
      <trkpt lat="42.883964" lon="2.281487">
        <ele>603.42</ele>
      </trkpt>
      <trkpt lat="42.88401" lon="2.280693">
        <ele>599.6</ele>
      </trkpt>
      <trkpt lat="42.884016" lon="2.280596">
        <ele>599.13</ele>
      </trkpt>
      <trkpt lat="42.884045" lon="2.280405">
        <ele>597.56</ele>
      </trkpt>
      <trkpt lat="42.884168" lon="2.280058">
        <ele>592.44</ele>
      </trkpt>
      <trkpt lat="42.884225" lon="2.279788">
        <ele>588.92</ele>
      </trkpt>
      <trkpt lat="42.884234" lon="2.279566">
        <ele>586.63</ele>
      </trkpt>
      <trkpt lat="42.884181" lon="2.279123">
        <ele>585.53</ele>
      </trkpt>
      <trkpt lat="42.884193" lon="2.278988">
        <ele>584.74</ele>
      </trkpt>
      <trkpt lat="42.884295" lon="2.27851">
        <ele>581.24</ele>
      </trkpt>
      <trkpt lat="42.884351" lon="2.278121">
        <ele>578.51</ele>
      </trkpt>
      <trkpt lat="42.884381" lon="2.277998">
        <ele>577.33</ele>
      </trkpt>
      <trkpt lat="42.884423" lon="2.277884">
        <ele>575.86</ele>
      </trkpt>
      <trkpt lat="42.884545" lon="2.277621">
        <ele>571.54</ele>
      </trkpt>
      <trkpt lat="42.884601" lon="2.277403">
        <ele>568.73</ele>
      </trkpt>
      <trkpt lat="42.884646" lon="2.277152">
        <ele>565.79</ele>
      </trkpt>
      <trkpt lat="42.884749" lon="2.276767">
        <ele>566.06</ele>
      </trkpt>
      <trkpt lat="42.884763" lon="2.276646">
        <ele>566.19</ele>
      </trkpt>
      <trkpt lat="42.884768" lon="2.276438">
        <ele>566.25</ele>
      </trkpt>
      <trkpt lat="42.884774" lon="2.276218">
        <ele>566.3</ele>
      </trkpt>
      <trkpt lat="42.884803" lon="2.276014">
        <ele>565.73</ele>
      </trkpt>
      <trkpt lat="42.884831" lon="2.275897">
        <ele>565.31</ele>
      </trkpt>
      <trkpt lat="42.88491" lon="2.275732">
        <ele>564.42</ele>
      </trkpt>
      <trkpt lat="42.884938" lon="2.275624">
        <ele>563.77</ele>
      </trkpt>
      <trkpt lat="42.884958" lon="2.275489">
        <ele>562.96</ele>
      </trkpt>
      <trkpt lat="42.884937" lon="2.27519">
        <ele>560.29</ele>
      </trkpt>
      <trkpt lat="42.884903" lon="2.275004">
        <ele>558.39</ele>
      </trkpt>
      <trkpt lat="42.884856" lon="2.274807">
        <ele>556.56</ele>
      </trkpt>
      <trkpt lat="42.884779" lon="2.27458">
        <ele>554.81</ele>
      </trkpt>
      <trkpt lat="42.884695" lon="2.274429">
        <ele>554.71</ele>
      </trkpt>
      <trkpt lat="42.884627" lon="2.274335">
        <ele>555.2</ele>
      </trkpt>
      <trkpt lat="42.884431" lon="2.274143">
        <ele>558.65</ele>
      </trkpt>
      <trkpt lat="42.884371" lon="2.274043">
        <ele>559.48</ele>
      </trkpt>
      <trkpt lat="42.884337" lon="2.273939">
        <ele>559.72</ele>
      </trkpt>
      <trkpt lat="42.884325" lon="2.273546">
        <ele>558.32</ele>
      </trkpt>
      <trkpt lat="42.884308" lon="2.273413">
        <ele>558.32</ele>
      </trkpt>
      <trkpt lat="42.884271" lon="2.273281">
        <ele>558.68</ele>
      </trkpt>
      <trkpt lat="42.884214" lon="2.273167">
        <ele>559.33</ele>
      </trkpt>
      <trkpt lat="42.884087" lon="2.272987">
        <ele>560.65</ele>
      </trkpt>
      <trkpt lat="42.883758" lon="2.27257">
        <ele>565.88</ele>
      </trkpt>
      <trkpt lat="42.883689" lon="2.272442">
        <ele>567.33</ele>
      </trkpt>
      <trkpt lat="42.883669" lon="2.272359">
        <ele>567.71</ele>
      </trkpt>
      <trkpt lat="42.88366" lon="2.272255">
        <ele>567.85</ele>
      </trkpt>
      <trkpt lat="42.883675" lon="2.272115">
        <ele>567.65</ele>
      </trkpt>
      <trkpt lat="42.883707" lon="2.27199">
        <ele>566.66</ele>
      </trkpt>
      <trkpt lat="42.883754" lon="2.271866">
        <ele>564.73</ele>
      </trkpt>
      <trkpt lat="42.883822" lon="2.271768">
        <ele>563.02</ele>
      </trkpt>
      <trkpt lat="42.884066" lon="2.271565">
        <ele>562.7</ele>
      </trkpt>
      <trkpt lat="42.88377" lon="2.271255">
        <ele>558.77</ele>
      </trkpt>
      <trkpt lat="42.883656" lon="2.271135">
        <ele>557.26</ele>
      </trkpt>
      <trkpt lat="42.883407" lon="2.27097">
        <ele>557.22</ele>
      </trkpt>
      <trkpt lat="42.883342" lon="2.270951">
        <ele>557.56</ele>
      </trkpt>
      <trkpt lat="42.883259" lon="2.270948">
        <ele>558.28</ele>
      </trkpt>
      <trkpt lat="42.883001" lon="2.270993">
        <ele>561.19</ele>
      </trkpt>
      <trkpt lat="42.882912" lon="2.270988">
        <ele>561.83</ele>
      </trkpt>
      <trkpt lat="42.882832" lon="2.270961">
        <ele>562.11</ele>
      </trkpt>
      <trkpt lat="42.882784" lon="2.270923">
        <ele>562.02</ele>
      </trkpt>
      <trkpt lat="42.882556" lon="2.270648">
        <ele>560.64</ele>
      </trkpt>
      <trkpt lat="42.882498" lon="2.270605">
        <ele>560.61</ele>
      </trkpt>
      <trkpt lat="42.88244" lon="2.270582">
        <ele>560.82</ele>
      </trkpt>
      <trkpt lat="42.882208" lon="2.270554">
        <ele>562.41</ele>
      </trkpt>
      <trkpt lat="42.882034" lon="2.270499">
        <ele>563.72</ele>
      </trkpt>
      <trkpt lat="42.881991" lon="2.270473">
        <ele>564.01</ele>
      </trkpt>
      <trkpt lat="42.881962" lon="2.270434">
        <ele>563.99</ele>
      </trkpt>
      <trkpt lat="42.881783" lon="2.270048">
        <ele>562.59</ele>
      </trkpt>
      <trkpt lat="42.881692" lon="2.269906">
        <ele>562.53</ele>
      </trkpt>
      <trkpt lat="42.881557" lon="2.269725">
        <ele>562.84</ele>
      </trkpt>
      <trkpt lat="42.88139" lon="2.269771">
        <ele>565.75</ele>
      </trkpt>
      <trkpt lat="42.881274" lon="2.269714">
        <ele>566.4</ele>
      </trkpt>
      <trkpt lat="42.880979" lon="2.26957">
        <ele>568.04</ele>
      </trkpt>
      <trkpt lat="42.880937" lon="2.269458">
        <ele>567.29</ele>
      </trkpt>
      <trkpt lat="42.880942" lon="2.26919">
        <ele>564.56</ele>
      </trkpt>
      <trkpt lat="42.880862" lon="2.269001">
        <ele>563.16</ele>
      </trkpt>
      <trkpt lat="42.880678" lon="2.268636">
        <ele>560.21</ele>
      </trkpt>
      <trkpt lat="42.880447" lon="2.268472">
        <ele>559.39</ele>
      </trkpt>
      <trkpt lat="42.880343" lon="2.268427">
        <ele>559.69</ele>
      </trkpt>
      <trkpt lat="42.880261" lon="2.268479">
        <ele>560.94</ele>
      </trkpt>
      <trkpt lat="42.879941" lon="2.268465">
        <ele>563.3</ele>
      </trkpt>
      <trkpt lat="42.87971" lon="2.268295">
        <ele>563.48</ele>
      </trkpt>
      <trkpt lat="42.879694" lon="2.268283">
        <ele>563.49</ele>
      </trkpt>
      <trkpt lat="42.879639" lon="2.26819">
        <ele>563.14</ele>
      </trkpt>
      <trkpt lat="42.879634" lon="2.268144">
        <ele>562.77</ele>
      </trkpt>
      <trkpt lat="42.879553" lon="2.268076">
        <ele>563.47</ele>
      </trkpt>
      <trkpt lat="42.879475" lon="2.267978">
        <ele>563.74</ele>
      </trkpt>
      <trkpt lat="42.879402" lon="2.267862">
        <ele>563.66</ele>
      </trkpt>
      <trkpt lat="42.879278" lon="2.26755">
        <ele>562.55</ele>
      </trkpt>
      <trkpt lat="42.879209" lon="2.267423">
        <ele>562.48</ele>
      </trkpt>
      <trkpt lat="42.879282" lon="2.267327">
        <ele>560.3</ele>
      </trkpt>
      <trkpt lat="42.879136" lon="2.267032">
        <ele>560</ele>
      </trkpt>
      <trkpt lat="42.87906" lon="2.2668">
        <ele>558.47</ele>
      </trkpt>
      <trkpt lat="42.879021" lon="2.26674">
        <ele>558.32</ele>
      </trkpt>
      <trkpt lat="42.878962" lon="2.266813">
        <ele>560.24</ele>
      </trkpt>
      <trkpt lat="42.878921" lon="2.266659">
        <ele>558.81</ele>
      </trkpt>
      <trkpt lat="42.878746" lon="2.266188">
        <ele>555.85</ele>
      </trkpt>
      <trkpt lat="42.878701" lon="2.265961">
        <ele>555.7</ele>
      </trkpt>
      <trkpt lat="42.878635" lon="2.265635">
        <ele>555.48</ele>
      </trkpt>
      <trkpt lat="42.878656" lon="2.265343">
        <ele>552.8</ele>
      </trkpt>
      <trkpt lat="42.878635" lon="2.264848">
        <ele>549.18</ele>
      </trkpt>
      <trkpt lat="42.878538" lon="2.264658">
        <ele>550.6</ele>
      </trkpt>
      <trkpt lat="42.878324" lon="2.264321">
        <ele>554.14</ele>
      </trkpt>
      <trkpt lat="42.878234" lon="2.26401">
        <ele>553.65</ele>
      </trkpt>
      <trkpt lat="42.878162" lon="2.263357">
        <ele>547.45</ele>
      </trkpt>
      <trkpt lat="42.878175" lon="2.263069">
        <ele>543.16</ele>
      </trkpt>
      <trkpt lat="42.878162" lon="2.262827">
        <ele>540.2</ele>
      </trkpt>
      <trkpt lat="42.87814" lon="2.262721">
        <ele>539.47</ele>
      </trkpt>
      <trkpt lat="42.878113" lon="2.262595">
        <ele>538.54</ele>
      </trkpt>
      <trkpt lat="42.878056" lon="2.262084">
        <ele>533.63</ele>
      </trkpt>
      <trkpt lat="42.87809" lon="2.261715">
        <ele>530.31</ele>
      </trkpt>
      <trkpt lat="42.878208" lon="2.261424">
        <ele>527.34</ele>
      </trkpt>
      <trkpt lat="42.878324" lon="2.261223">
        <ele>525.43</ele>
      </trkpt>
      <trkpt lat="42.878334" lon="2.260892">
        <ele>522.93</ele>
      </trkpt>
      <trkpt lat="42.878357" lon="2.260098">
        <ele>516.96</ele>
      </trkpt>
      <trkpt lat="42.878352" lon="2.259771">
        <ele>514.5</ele>
      </trkpt>
      <trkpt lat="42.878311" lon="2.259093">
        <ele>509.88</ele>
      </trkpt>
      <trkpt lat="42.878106" lon="2.258101">
        <ele>503.76</ele>
      </trkpt>
      <trkpt lat="42.878045" lon="2.257992">
        <ele>502.94</ele>
      </trkpt>
      <trkpt lat="42.877857" lon="2.257384">
        <ele>494.21</ele>
      </trkpt>
      <trkpt lat="42.877792" lon="2.257035">
        <ele>488.59</ele>
      </trkpt>
      <trkpt lat="42.877569" lon="2.256825">
        <ele>484.7</ele>
      </trkpt>
      <trkpt lat="42.877531" lon="2.256508">
        <ele>480.75</ele>
      </trkpt>
      <trkpt lat="42.877607" lon="2.25623">
        <ele>479.05</ele>
      </trkpt>
      <trkpt lat="42.877632" lon="2.256096">
        <ele>478.97</ele>
      </trkpt>
      <trkpt lat="42.877675" lon="2.255866">
        <ele>478.83</ele>
      </trkpt>
      <trkpt lat="42.877641" lon="2.255492">
        <ele>476.54</ele>
      </trkpt>
      <trkpt lat="42.877504" lon="2.254952">
        <ele>469.96</ele>
      </trkpt>
      <trkpt lat="42.877467" lon="2.254864">
        <ele>468.36</ele>
      </trkpt>
      <trkpt lat="42.877142" lon="2.254186">
        <ele>452.08</ele>
      </trkpt>
      <trkpt lat="42.876724" lon="2.253239">
        <ele>435.99</ele>
      </trkpt>
      <trkpt lat="42.876466" lon="2.252314">
        <ele>422.49</ele>
      </trkpt>
      <trkpt lat="42.876239" lon="2.251872">
        <ele>415.2</ele>
      </trkpt>
      <trkpt lat="42.876174" lon="2.251691">
        <ele>414.42</ele>
      </trkpt>
      <trkpt lat="42.876146" lon="2.251467">
        <ele>413.21</ele>
      </trkpt>
      <trkpt lat="42.876076" lon="2.251323">
        <ele>412.94</ele>
      </trkpt>
      <trkpt lat="42.876017" lon="2.251286">
        <ele>413.27</ele>
      </trkpt>
      <trkpt lat="42.875906" lon="2.251327">
        <ele>414.47</ele>
      </trkpt>
      <trkpt lat="42.875862" lon="2.251306">
        <ele>414.77</ele>
      </trkpt>
      <trkpt lat="42.875939" lon="2.250956">
        <ele>411.47</ele>
      </trkpt>
      <trkpt lat="42.875934" lon="2.250811">
        <ele>410.3</ele>
      </trkpt>
      <trkpt lat="42.875932" lon="2.250755">
        <ele>409.84</ele>
      </trkpt>
      <trkpt lat="42.875898" lon="2.250555">
        <ele>408.49</ele>
      </trkpt>
      <trkpt lat="42.875927" lon="2.250461">
        <ele>407.42</ele>
      </trkpt>
      <trkpt lat="42.875943" lon="2.250361">
        <ele>406.44</ele>
      </trkpt>
      <trkpt lat="42.875951" lon="2.250234">
        <ele>405.38</ele>
      </trkpt>
      <trkpt lat="42.875997" lon="2.250139">
        <ele>404.23</ele>
      </trkpt>
      <trkpt lat="42.875999" lon="2.250076">
        <ele>403.73</ele>
      </trkpt>
      <trkpt lat="42.875966" lon="2.250044">
        <ele>403.78</ele>
      </trkpt>
      <trkpt lat="42.875917" lon="2.25006">
        <ele>404.35</ele>
      </trkpt>
      <trkpt lat="42.875874" lon="2.250118">
        <ele>405.2</ele>
      </trkpt>
      <trkpt lat="42.875841" lon="2.250228">
        <ele>406.36</ele>
      </trkpt>
      <trkpt lat="42.875796" lon="2.250279">
        <ele>407.19</ele>
      </trkpt>
      <trkpt lat="42.875686" lon="2.250243">
        <ele>407.95</ele>
      </trkpt>
      <trkpt lat="42.875475" lon="2.250058">
        <ele>408.33</ele>
      </trkpt>
      <trkpt lat="42.875404" lon="2.249848">
        <ele>406.27</ele>
      </trkpt>
      <trkpt lat="42.87539" lon="2.249637">
        <ele>404.18</ele>
      </trkpt>
      <trkpt lat="42.875365" lon="2.249401">
        <ele>401.37</ele>
      </trkpt>
      <trkpt lat="42.875378" lon="2.248923">
        <ele>395.71</ele>
      </trkpt>
      <trkpt lat="42.875338" lon="2.248588">
        <ele>393.2</ele>
      </trkpt>
      <trkpt lat="42.875287" lon="2.248491">
        <ele>393.59</ele>
      </trkpt>
      <trkpt lat="42.875228" lon="2.248468">
        <ele>394.09</ele>
      </trkpt>
      <trkpt lat="42.874966" lon="2.248459">
        <ele>396.22</ele>
      </trkpt>
      <trkpt lat="42.874586" lon="2.248396">
        <ele>401.15</ele>
      </trkpt>
      <trkpt lat="42.874517" lon="2.248466">
        <ele>401.09</ele>
      </trkpt>
      <trkpt lat="42.87438" lon="2.248646">
        <ele>401.12</ele>
      </trkpt>
      <trkpt lat="42.874215" lon="2.248862">
        <ele>401.16</ele>
      </trkpt>
      <trkpt lat="42.874146" lon="2.248941">
        <ele>401.83</ele>
      </trkpt>
      <trkpt lat="42.874011" lon="2.248921">
        <ele>403.86</ele>
      </trkpt>
      <trkpt lat="42.873905" lon="2.248806">
        <ele>406.43</ele>
      </trkpt>
      <trkpt lat="42.873768" lon="2.248554">
        <ele>412.61</ele>
      </trkpt>
      <trkpt lat="42.873695" lon="2.248364">
        <ele>416.92</ele>
      </trkpt>
      <trkpt lat="42.873661" lon="2.248327">
        <ele>417.73</ele>
      </trkpt>
      <trkpt lat="42.873585" lon="2.248327">
        <ele>417.76</ele>
      </trkpt>
      <trkpt lat="42.873308" lon="2.248529">
        <ele>414.13</ele>
      </trkpt>
      <trkpt lat="42.873133" lon="2.248536">
        <ele>414.37</ele>
      </trkpt>
      <trkpt lat="42.872755" lon="2.24823">
        <ele>419.03</ele>
      </trkpt>
      <trkpt lat="42.872295" lon="2.247765">
        <ele>420</ele>
      </trkpt>
      <trkpt lat="42.871695" lon="2.247192">
        <ele>422.99</ele>
      </trkpt>
      <trkpt lat="42.871368" lon="2.246914">
        <ele>426.23</ele>
      </trkpt>
      <trkpt lat="42.870242" lon="2.246033">
        <ele>438.99</ele>
      </trkpt>
      <trkpt lat="42.869981" lon="2.24605">
        <ele>442.18</ele>
      </trkpt>
      <trkpt lat="42.869898" lon="2.246056">
        <ele>443.19</ele>
      </trkpt>
      <trkpt lat="42.869373" lon="2.24602">
        <ele>449.14</ele>
      </trkpt>
      <trkpt lat="42.869246" lon="2.246043">
        <ele>450.32</ele>
      </trkpt>
      <trkpt lat="42.869042" lon="2.246157">
        <ele>451.95</ele>
      </trkpt>
      <trkpt lat="42.868966" lon="2.246131">
        <ele>452.78</ele>
      </trkpt>
      <trkpt lat="42.868847" lon="2.246056">
        <ele>453.72</ele>
      </trkpt>
      <trkpt lat="42.86871" lon="2.245971">
        <ele>454.37</ele>
      </trkpt>
      <trkpt lat="42.868533" lon="2.245933">
        <ele>453.55</ele>
      </trkpt>
      <trkpt lat="42.868502" lon="2.245936">
        <ele>453.39</ele>
      </trkpt>
      <trkpt lat="42.86845" lon="2.246107">
        <ele>453.13</ele>
      </trkpt>
      <trkpt lat="42.868357" lon="2.246259">
        <ele>453.2</ele>
      </trkpt>
      <trkpt lat="42.868314" lon="2.246304">
        <ele>453.4</ele>
      </trkpt>
      <trkpt lat="42.867955" lon="2.246394">
        <ele>453.93</ele>
      </trkpt>
      <trkpt lat="42.867677" lon="2.246547">
        <ele>457.06</ele>
      </trkpt>
      <trkpt lat="42.867294" lon="2.246797">
        <ele>461.76</ele>
      </trkpt>
      <trkpt lat="42.867237" lon="2.246815">
        <ele>462.27</ele>
      </trkpt>
      <trkpt lat="42.867194" lon="2.246792">
        <ele>462.31</ele>
      </trkpt>
      <trkpt lat="42.867153" lon="2.246753">
        <ele>462.18</ele>
      </trkpt>
      <trkpt lat="42.866835" lon="2.24639">
        <ele>461.36</ele>
      </trkpt>
      <trkpt lat="42.866622" lon="2.246146">
        <ele>460.81</ele>
      </trkpt>
      <trkpt lat="42.866451" lon="2.245882">
        <ele>459.51</ele>
      </trkpt>
      <trkpt lat="42.866296" lon="2.245711">
        <ele>458.79</ele>
      </trkpt>
      <trkpt lat="42.866032" lon="2.245605">
        <ele>460.2</ele>
      </trkpt>
      <trkpt lat="42.865942" lon="2.245551">
        <ele>460.38</ele>
      </trkpt>
      <trkpt lat="42.865778" lon="2.245558">
        <ele>462.03</ele>
      </trkpt>
      <trkpt lat="42.865611" lon="2.245519">
        <ele>463.02</ele>
      </trkpt>
      <trkpt lat="42.865174" lon="2.245263">
        <ele>462.99</ele>
      </trkpt>
      <trkpt lat="42.865089" lon="2.245114">
        <ele>461.66</ele>
      </trkpt>
      <trkpt lat="42.864974" lon="2.244749">
        <ele>457.68</ele>
      </trkpt>
      <trkpt lat="42.864801" lon="2.244307">
        <ele>453.27</ele>
      </trkpt>
      <trkpt lat="42.864733" lon="2.244155">
        <ele>452.12</ele>
      </trkpt>
      <trkpt lat="42.864614" lon="2.24402">
        <ele>451.57</ele>
      </trkpt>
      <trkpt lat="42.864614" lon="2.243983">
        <ele>451.12</ele>
      </trkpt>
      <trkpt lat="42.864542" lon="2.243951">
        <ele>450.31</ele>
      </trkpt>
      <trkpt lat="42.86437" lon="2.243815">
        <ele>447.65</ele>
      </trkpt>
      <trkpt lat="42.864317" lon="2.243758">
        <ele>446.64</ele>
      </trkpt>
      <trkpt lat="42.864278" lon="2.243716">
        <ele>445.9</ele>
      </trkpt>
      <trkpt lat="42.864227" lon="2.243554">
        <ele>444.48</ele>
      </trkpt>
      <trkpt lat="42.864219" lon="2.243388">
        <ele>443.34</ele>
      </trkpt>
      <trkpt lat="42.864272" lon="2.24316">
        <ele>442.21</ele>
      </trkpt>
      <trkpt lat="42.864308" lon="2.243009">
        <ele>441.45</ele>
      </trkpt>
      <trkpt lat="42.864321" lon="2.242861">
        <ele>440.55</ele>
      </trkpt>
      <trkpt lat="42.864284" lon="2.242696">
        <ele>438.66</ele>
      </trkpt>
      <trkpt lat="42.86413" lon="2.242397">
        <ele>434.86</ele>
      </trkpt>
      <trkpt lat="42.863968" lon="2.242375">
        <ele>433.72</ele>
      </trkpt>
      <trkpt lat="42.863868" lon="2.242335">
        <ele>432.8</ele>
      </trkpt>
      <trkpt lat="42.863658" lon="2.242188">
        <ele>430.56</ele>
      </trkpt>
      <trkpt lat="42.863372" lon="2.242029">
        <ele>428.32</ele>
      </trkpt>
      <trkpt lat="42.863185" lon="2.241886">
        <ele>426.77</ele>
      </trkpt>
      <trkpt lat="42.863104" lon="2.241801">
        <ele>426.2</ele>
      </trkpt>
      <trkpt lat="42.863031" lon="2.241672">
        <ele>425.61</ele>
      </trkpt>
      <trkpt lat="42.862991" lon="2.241518">
        <ele>425.07</ele>
      </trkpt>
      <trkpt lat="42.862975" lon="2.241227">
        <ele>424.04</ele>
      </trkpt>
      <trkpt lat="42.862861" lon="2.240512">
        <ele>418.14</ele>
      </trkpt>
      <trkpt lat="42.862691" lon="2.239918">
        <ele>410.71</ele>
      </trkpt>
      <trkpt lat="42.862627" lon="2.239691">
        <ele>407.88</ele>
      </trkpt>
      <trkpt lat="42.862554" lon="2.239566">
        <ele>406.82</ele>
      </trkpt>
      <trkpt lat="42.862276" lon="2.239305">
        <ele>406.25</ele>
      </trkpt>
      <trkpt lat="42.862149" lon="2.239117">
        <ele>405.9</ele>
      </trkpt>
      <trkpt lat="42.862036" lon="2.238841">
        <ele>402.76</ele>
      </trkpt>
      <trkpt lat="42.861957" lon="2.23855">
        <ele>399.36</ele>
      </trkpt>
      <trkpt lat="42.861885" lon="2.238373">
        <ele>396.95</ele>
      </trkpt>
      <trkpt lat="42.861782" lon="2.238222">
        <ele>394.8</ele>
      </trkpt>
      <trkpt lat="42.861504" lon="2.237928">
        <ele>391.05</ele>
      </trkpt>
      <trkpt lat="42.861226" lon="2.237688">
        <ele>388.07</ele>
      </trkpt>
      <trkpt lat="42.86114" lon="2.237596">
        <ele>386.27</ele>
      </trkpt>
      <trkpt lat="42.861064" lon="2.23742">
        <ele>384.3</ele>
      </trkpt>
      <trkpt lat="42.86097" lon="2.237236">
        <ele>381.81</ele>
      </trkpt>
      <trkpt lat="42.860851" lon="2.23686">
        <ele>378.27</ele>
      </trkpt>
      <trkpt lat="42.860805" lon="2.236834">
        <ele>377.36</ele>
      </trkpt>
      <trkpt lat="42.860759" lon="2.236867">
        <ele>376.55</ele>
      </trkpt>
      <trkpt lat="42.860729" lon="2.236945">
        <ele>376.06</ele>
      </trkpt>
      <trkpt lat="42.860738" lon="2.237184">
        <ele>377.02</ele>
      </trkpt>
      <trkpt lat="42.860719" lon="2.237401">
        <ele>377.72</ele>
      </trkpt>
      <trkpt lat="42.860719" lon="2.237649">
        <ele>378.95</ele>
      </trkpt>
      <trkpt lat="42.860719" lon="2.237762">
        <ele>379.51</ele>
      </trkpt>
      <trkpt lat="42.860705" lon="2.237906">
        <ele>380.02</ele>
      </trkpt>
      <trkpt lat="42.860622" lon="2.238082">
        <ele>379.64</ele>
      </trkpt>
      <trkpt lat="42.860398" lon="2.238384">
        <ele>378.72</ele>
      </trkpt>
      <trkpt lat="42.860325" lon="2.238421">
        <ele>378.62</ele>
      </trkpt>
      <trkpt lat="42.860257" lon="2.238384">
        <ele>378.12</ele>
      </trkpt>
      <trkpt lat="42.860174" lon="2.23827">
        <ele>377.12</ele>
      </trkpt>
      <trkpt lat="42.860109" lon="2.238152">
        <ele>376.2</ele>
      </trkpt>
      <trkpt lat="42.860039" lon="2.238123">
        <ele>375.77</ele>
      </trkpt>
      <trkpt lat="42.859955" lon="2.238152">
        <ele>375.59</ele>
      </trkpt>
      <trkpt lat="42.859634" lon="2.238425">
        <ele>375.76</ele>
      </trkpt>
      <trkpt lat="42.859442" lon="2.23855">
        <ele>378.2</ele>
      </trkpt>
      <trkpt lat="42.859291" lon="2.238668">
        <ele>379.57</ele>
      </trkpt>
      <trkpt lat="42.859197" lon="2.238727">
        <ele>380.26</ele>
      </trkpt>
      <trkpt lat="42.859083" lon="2.238727">
        <ele>381.06</ele>
      </trkpt>
      <trkpt lat="42.858975" lon="2.238675">
        <ele>381.99</ele>
      </trkpt>
      <trkpt lat="42.858821" lon="2.238521">
        <ele>384.44</ele>
      </trkpt>
      <trkpt lat="42.858616" lon="2.238134">
        <ele>390.51</ele>
      </trkpt>
      <trkpt lat="42.858527" lon="2.238001">
        <ele>392.76</ele>
      </trkpt>
      <trkpt lat="42.858425" lon="2.23792">
        <ele>394.74</ele>
      </trkpt>
      <trkpt lat="42.858314" lon="2.237924">
        <ele>396.19</ele>
      </trkpt>
      <trkpt lat="42.858201" lon="2.237994">
        <ele>397.24</ele>
      </trkpt>
      <trkpt lat="42.858098" lon="2.238105">
        <ele>397.92</ele>
      </trkpt>
      <trkpt lat="42.857979" lon="2.238296">
        <ele>398.42</ele>
      </trkpt>
      <trkpt lat="42.857899" lon="2.238377">
        <ele>400.22</ele>
      </trkpt>
      <trkpt lat="42.857718" lon="2.238454">
        <ele>405.09</ele>
      </trkpt>
      <trkpt lat="42.857612" lon="2.238539">
        <ele>407.75</ele>
      </trkpt>
      <trkpt lat="42.857464" lon="2.23873">
        <ele>411.04</ele>
      </trkpt>
      <trkpt lat="42.857046" lon="2.239224">
        <ele>415.53</ele>
      </trkpt>
      <trkpt lat="42.856854" lon="2.239621">
        <ele>415.03</ele>
      </trkpt>
      <trkpt lat="42.856749" lon="2.239754">
        <ele>416.14</ele>
      </trkpt>
      <trkpt lat="42.856598" lon="2.23982">
        <ele>419.16</ele>
      </trkpt>
      <trkpt lat="42.856476" lon="2.239813">
        <ele>422.25</ele>
      </trkpt>
      <trkpt lat="42.856409" lon="2.239769">
        <ele>424.36</ele>
      </trkpt>
      <trkpt lat="42.856387" lon="2.239684">
        <ele>425.72</ele>
      </trkpt>
      <trkpt lat="42.856411" lon="2.239599">
        <ele>425.97</ele>
      </trkpt>
      <trkpt lat="42.856527" lon="2.23947">
        <ele>424.28</ele>
      </trkpt>
      <trkpt lat="42.856784" lon="2.239062">
        <ele>422.53</ele>
      </trkpt>
      <trkpt lat="42.856989" lon="2.238653">
        <ele>423.51</ele>
      </trkpt>
      <trkpt lat="42.857029" lon="2.238454">
        <ele>423.87</ele>
      </trkpt>
      <trkpt lat="42.857035" lon="2.238248">
        <ele>424.78</ele>
      </trkpt>
      <trkpt lat="42.856997" lon="2.238075">
        <ele>426.44</ele>
      </trkpt>
      <trkpt lat="42.856932" lon="2.237939">
        <ele>428.66</ele>
      </trkpt>
      <trkpt lat="42.856859" lon="2.237906">
        <ele>430.58</ele>
      </trkpt>
      <trkpt lat="42.856761" lon="2.23793">
        <ele>432.71</ele>
      </trkpt>
      <trkpt lat="42.856333" lon="2.238292">
        <ele>438.02</ele>
      </trkpt>
      <trkpt lat="42.856203" lon="2.238355">
        <ele>439.52</ele>
      </trkpt>
      <trkpt lat="42.856093" lon="2.238359">
        <ele>441.42</ele>
      </trkpt>
      <trkpt lat="42.855952" lon="2.238292">
        <ele>444.68</ele>
      </trkpt>
      <trkpt lat="42.855625" lon="2.238095">
        <ele>452.39</ele>
      </trkpt>
      <trkpt lat="42.85577" lon="2.238069">
        <ele>450.28</ele>
      </trkpt>
      <trkpt lat="42.855869" lon="2.238027">
        <ele>449.14</ele>
      </trkpt>
      <trkpt lat="42.855988" lon="2.237915">
        <ele>448.53</ele>
      </trkpt>
      <trkpt lat="42.85694" lon="2.236213">
        <ele>448.51</ele>
      </trkpt>
      <trkpt lat="42.85704" lon="2.235994">
        <ele>448.45</ele>
      </trkpt>
      <trkpt lat="42.857493" lon="2.235">
        <ele>448.16</ele>
      </trkpt>
      <trkpt lat="42.85838" lon="2.234071">
        <ele>439.57</ele>
      </trkpt>
      <trkpt lat="42.859649" lon="2.232415">
        <ele>417.77</ele>
      </trkpt>
      <trkpt lat="42.860206" lon="2.231561">
        <ele>403.55</ele>
      </trkpt>
      <trkpt lat="42.860264" lon="2.231461">
        <ele>402.12</ele>
      </trkpt>
      <trkpt lat="42.860294" lon="2.231362">
        <ele>401.19</ele>
      </trkpt>
      <trkpt lat="42.860298" lon="2.231252">
        <ele>400.58</ele>
      </trkpt>
      <trkpt lat="42.860283" lon="2.231142">
        <ele>400.53</ele>
      </trkpt>
      <trkpt lat="42.860047" lon="2.230474">
        <ele>405.18</ele>
      </trkpt>
      <trkpt lat="42.859999" lon="2.230291">
        <ele>406.98</ele>
      </trkpt>
      <trkpt lat="42.859983" lon="2.230137">
        <ele>408.62</ele>
      </trkpt>
      <trkpt lat="42.859991" lon="2.229981">
        <ele>409.72</ele>
      </trkpt>
      <trkpt lat="42.860015" lon="2.229785">
        <ele>410.74</ele>
      </trkpt>
      <trkpt lat="42.860062" lon="2.229567">
        <ele>411.23</ele>
      </trkpt>
      <trkpt lat="42.860322" lon="2.228721">
        <ele>401.51</ele>
      </trkpt>
      <trkpt lat="42.860364" lon="2.228639">
        <ele>400.29</ele>
      </trkpt>
      <trkpt lat="42.860439" lon="2.228552">
        <ele>398.23</ele>
      </trkpt>
      <trkpt lat="42.860683" lon="2.228349">
        <ele>395.44</ele>
      </trkpt>
      <trkpt lat="42.860648" lon="2.22818">
        <ele>396.56</ele>
      </trkpt>
      <trkpt lat="42.860554" lon="2.227746">
        <ele>399.54</ele>
      </trkpt>
      <trkpt lat="42.860524" lon="2.227641">
        <ele>400.8</ele>
      </trkpt>
      <trkpt lat="42.860486" lon="2.227569">
        <ele>401.64</ele>
      </trkpt>
      <trkpt lat="42.860441" lon="2.227514">
        <ele>402.92</ele>
      </trkpt>
      <trkpt lat="42.860359" lon="2.227479">
        <ele>404.66</ele>
      </trkpt>
      <trkpt lat="42.860203" lon="2.227513">
        <ele>407.04</ele>
      </trkpt>
      <trkpt lat="42.860057" lon="2.227612">
        <ele>409.15</ele>
      </trkpt>
      <trkpt lat="42.859972" lon="2.227622">
        <ele>410.76</ele>
      </trkpt>
      <trkpt lat="42.859874" lon="2.22753">
        <ele>412.71</ele>
      </trkpt>
      <trkpt lat="42.859774" lon="2.227293">
        <ele>413.93</ele>
      </trkpt>
      <trkpt lat="42.859714" lon="2.22715">
        <ele>414.66</ele>
      </trkpt>
      <trkpt lat="42.859703" lon="2.227012">
        <ele>414.65</ele>
      </trkpt>
      <trkpt lat="42.859742" lon="2.226955">
        <ele>414.71</ele>
      </trkpt>
      <trkpt lat="42.859918" lon="2.227025">
        <ele>412.82</ele>
      </trkpt>
      <trkpt lat="42.860015" lon="2.22703">
        <ele>411.97</ele>
      </trkpt>
      <trkpt lat="42.860068" lon="2.226994">
        <ele>411.96</ele>
      </trkpt>
      <trkpt lat="42.860089" lon="2.226897">
        <ele>413.02</ele>
      </trkpt>
      <trkpt lat="42.860051" lon="2.226851">
        <ele>413.78</ele>
      </trkpt>
      <trkpt lat="42.859835" lon="2.226791">
        <ele>415.39</ele>
      </trkpt>
      <trkpt lat="42.859713" lon="2.22663">
        <ele>416.87</ele>
      </trkpt>
      <trkpt lat="42.859579" lon="2.226501">
        <ele>419.34</ele>
      </trkpt>
      <trkpt lat="42.859438" lon="2.226302">
        <ele>423.69</ele>
      </trkpt>
      <trkpt lat="42.859413" lon="2.2262">
        <ele>424.58</ele>
      </trkpt>
      <trkpt lat="42.859435" lon="2.226146">
        <ele>424.69</ele>
      </trkpt>
      <trkpt lat="42.859506" lon="2.226175">
        <ele>422.68</ele>
      </trkpt>
      <trkpt lat="42.859664" lon="2.226356">
        <ele>418.34</ele>
      </trkpt>
      <trkpt lat="42.85982" lon="2.226433">
        <ele>418.27</ele>
      </trkpt>
      <trkpt lat="42.859895" lon="2.226434">
        <ele>418.41</ele>
      </trkpt>
      <trkpt lat="42.860145" lon="2.226248">
        <ele>421.43</ele>
      </trkpt>
      <trkpt lat="42.860178" lon="2.226197">
        <ele>422.32</ele>
      </trkpt>
      <trkpt lat="42.860142" lon="2.226145">
        <ele>422.88</ele>
      </trkpt>
      <trkpt lat="42.859914" lon="2.226186">
        <ele>420.91</ele>
      </trkpt>
      <trkpt lat="42.859848" lon="2.226159">
        <ele>420.92</ele>
      </trkpt>
      <trkpt lat="42.859722" lon="2.225991">
        <ele>422.77</ele>
      </trkpt>
      <trkpt lat="42.859641" lon="2.225786">
        <ele>425.57</ele>
      </trkpt>
      <trkpt lat="42.859601" lon="2.225642">
        <ele>428.35</ele>
      </trkpt>
      <trkpt lat="42.859608" lon="2.225554">
        <ele>429.55</ele>
      </trkpt>
      <trkpt lat="42.859663" lon="2.225541">
        <ele>429.44</ele>
      </trkpt>
      <trkpt lat="42.859719" lon="2.225638">
        <ele>428.23</ele>
      </trkpt>
      <trkpt lat="42.859786" lon="2.22585">
        <ele>425.31</ele>
      </trkpt>
      <trkpt lat="42.859828" lon="2.225901">
        <ele>424.77</ele>
      </trkpt>
      <trkpt lat="42.859885" lon="2.225907">
        <ele>424.98</ele>
      </trkpt>
      <trkpt lat="42.859959" lon="2.225856">
        <ele>426.18</ele>
      </trkpt>
      <trkpt lat="42.860032" lon="2.225742">
        <ele>428.28</ele>
      </trkpt>
      <trkpt lat="42.860189" lon="2.225338">
        <ele>435.26</ele>
      </trkpt>
      <trkpt lat="42.860187" lon="2.225278">
        <ele>436.44</ele>
      </trkpt>
      <trkpt lat="42.860151" lon="2.225247">
        <ele>436.95</ele>
      </trkpt>
      <trkpt lat="42.860019" lon="2.225394">
        <ele>433.46</ele>
      </trkpt>
      <trkpt lat="42.859965" lon="2.225422">
        <ele>432.77</ele>
      </trkpt>
      <trkpt lat="42.859915" lon="2.225398">
        <ele>432.9</ele>
      </trkpt>
      <trkpt lat="42.859863" lon="2.225261">
        <ele>435.73</ele>
      </trkpt>
      <trkpt lat="42.85984" lon="2.22486">
        <ele>445.59</ele>
      </trkpt>
      <trkpt lat="42.859744" lon="2.224446">
        <ele>456.92</ele>
      </trkpt>
      <trkpt lat="42.859731" lon="2.224386">
        <ele>458.55</ele>
      </trkpt>
      <trkpt lat="42.859644" lon="2.224273">
        <ele>462.62</ele>
      </trkpt>
      <trkpt lat="42.85957" lon="2.224232">
        <ele>464.12</ele>
      </trkpt>
      <trkpt lat="42.859461" lon="2.22424">
        <ele>464.41</ele>
      </trkpt>
      <trkpt lat="42.859308" lon="2.224412">
        <ele>459.73</ele>
      </trkpt>
      <trkpt lat="42.859189" lon="2.224441">
        <ele>459.2</ele>
      </trkpt>
      <trkpt lat="42.859093" lon="2.224403">
        <ele>460.73</ele>
      </trkpt>
      <trkpt lat="42.859005" lon="2.224279">
        <ele>465.16</ele>
      </trkpt>
      <trkpt lat="42.858887" lon="2.224242">
        <ele>466.95</ele>
      </trkpt>
      <trkpt lat="42.858569" lon="2.224289">
        <ele>465.34</ele>
      </trkpt>
      <trkpt lat="42.858397" lon="2.224262">
        <ele>466.08</ele>
      </trkpt>
      <trkpt lat="42.857946" lon="2.224051">
        <ele>473.18</ele>
      </trkpt>
      <trkpt lat="42.85786" lon="2.223976">
        <ele>476.36</ele>
      </trkpt>
      <trkpt lat="42.857875" lon="2.223905">
        <ele>478.57</ele>
      </trkpt>
      <trkpt lat="42.858048" lon="2.223931">
        <ele>477.17</ele>
      </trkpt>
      <trkpt lat="42.858778" lon="2.223814">
        <ele>482.14</ele>
      </trkpt>
      <trkpt lat="42.859179" lon="2.22368">
        <ele>483.66</ele>
      </trkpt>
      <trkpt lat="42.859438" lon="2.223433">
        <ele>488.26</ele>
      </trkpt>
      <trkpt lat="42.859745" lon="2.223193">
        <ele>488.95</ele>
      </trkpt>
      <trkpt lat="42.859858" lon="2.222926">
        <ele>491.09</ele>
      </trkpt>
      <trkpt lat="42.859901" lon="2.222738">
        <ele>492.17</ele>
      </trkpt>
      <trkpt lat="42.859939" lon="2.222423">
        <ele>494.19</ele>
      </trkpt>
      <trkpt lat="42.859933" lon="2.222099">
        <ele>497.93</ele>
      </trkpt>
      <trkpt lat="42.859983" lon="2.221806">
        <ele>497.65</ele>
      </trkpt>
      <trkpt lat="42.860065" lon="2.221536">
        <ele>495.31</ele>
      </trkpt>
      <trkpt lat="42.860035" lon="2.221476">
        <ele>496.74</ele>
      </trkpt>
      <trkpt lat="42.859976" lon="2.221486">
        <ele>499.16</ele>
      </trkpt>
      <trkpt lat="42.859933" lon="2.22167">
        <ele>500.16</ele>
      </trkpt>
      <trkpt lat="42.859727" lon="2.222224">
        <ele>503.97</ele>
      </trkpt>
      <trkpt lat="42.85962" lon="2.222375">
        <ele>506.11</ele>
      </trkpt>
      <trkpt lat="42.859386" lon="2.22258">
        <ele>510.01</ele>
      </trkpt>
      <trkpt lat="42.858928" lon="2.222908">
        <ele>512.45</ele>
      </trkpt>
      <trkpt lat="42.85885" lon="2.222855">
        <ele>515.71</ele>
      </trkpt>
      <trkpt lat="42.858863" lon="2.222784">
        <ele>517.67</ele>
      </trkpt>
      <trkpt lat="42.859064" lon="2.222641">
        <ele>517.03</ele>
      </trkpt>
      <trkpt lat="42.859182" lon="2.222469">
        <ele>517.98</ele>
      </trkpt>
      <trkpt lat="42.859332" lon="2.222192">
        <ele>518.76</ele>
      </trkpt>
      <trkpt lat="42.859533" lon="2.221694">
        <ele>516.9</ele>
      </trkpt>
      <trkpt lat="42.859562" lon="2.221534">
        <ele>516.96</ele>
      </trkpt>
      <trkpt lat="42.859525" lon="2.221395">
        <ele>520.34</ele>
      </trkpt>
      <trkpt lat="42.859388" lon="2.221194">
        <ele>530.79</ele>
      </trkpt>
      <trkpt lat="42.859293" lon="2.22108">
        <ele>538.56</ele>
      </trkpt>
      <trkpt lat="42.859249" lon="2.220924">
        <ele>543.9</ele>
      </trkpt>
      <trkpt lat="42.859254" lon="2.220807">
        <ele>545.55</ele>
      </trkpt>
      <trkpt lat="42.859337" lon="2.220622">
        <ele>544.08</ele>
      </trkpt>
      <trkpt lat="42.859402" lon="2.220431">
        <ele>543.91</ele>
      </trkpt>
      <trkpt lat="42.859552" lon="2.22023">
        <ele>539.14</ele>
      </trkpt>
      <trkpt lat="42.859618" lon="2.220185">
        <ele>536.29</ele>
      </trkpt>
      <trkpt lat="42.859672" lon="2.220124">
        <ele>534.23</ele>
      </trkpt>
      <trkpt lat="42.859691" lon="2.219976">
        <ele>535.48</ele>
      </trkpt>
      <trkpt lat="42.859667" lon="2.219808">
        <ele>539.41</ele>
      </trkpt>
      <trkpt lat="42.859673" lon="2.219539">
        <ele>543.3</ele>
      </trkpt>
      <trkpt lat="42.859654" lon="2.219281">
        <ele>548.12</ele>
      </trkpt>
      <trkpt lat="42.859693" lon="2.219058">
        <ele>549.29</ele>
      </trkpt>
      <trkpt lat="42.859784" lon="2.218669">
        <ele>551.08</ele>
      </trkpt>
      <trkpt lat="42.859751" lon="2.218512">
        <ele>557.29</ele>
      </trkpt>
      <trkpt lat="42.859712" lon="2.218414">
        <ele>562.15</ele>
      </trkpt>
      <trkpt lat="42.859733" lon="2.218299">
        <ele>564.45</ele>
      </trkpt>
      <trkpt lat="42.8599" lon="2.218073">
        <ele>562.13</ele>
      </trkpt>
      <trkpt lat="42.859924" lon="2.21801">
        <ele>562.75</ele>
      </trkpt>
      <trkpt lat="42.86002" lon="2.217759">
        <ele>565.17</ele>
      </trkpt>
      <trkpt lat="42.860092" lon="2.217675">
        <ele>564.25</ele>
      </trkpt>
      <trkpt lat="42.860289" lon="2.217751">
        <ele>550.6</ele>
      </trkpt>
      <trkpt lat="42.860367" lon="2.217726">
        <ele>547.24</ele>
      </trkpt>
      <trkpt lat="42.860457" lon="2.217602">
        <ele>546.7</ele>
      </trkpt>
      <trkpt lat="42.860645" lon="2.217279">
        <ele>550.34</ele>
      </trkpt>
      <trkpt lat="42.860789" lon="2.216942">
        <ele>553.99</ele>
      </trkpt>
      <trkpt lat="42.860943" lon="2.216479">
        <ele>556.22</ele>
      </trkpt>
      <trkpt lat="42.861042" lon="2.216014">
        <ele>558.36</ele>
      </trkpt>
      <trkpt lat="42.861127" lon="2.215352">
        <ele>561.76</ele>
      </trkpt>
      <trkpt lat="42.861188" lon="2.214248">
        <ele>573.26</ele>
      </trkpt>
      <trkpt lat="42.861244" lon="2.213908">
        <ele>574.51</ele>
      </trkpt>
      <trkpt lat="42.861327" lon="2.213579">
        <ele>573.36</ele>
      </trkpt>
      <trkpt lat="42.861392" lon="2.213391">
        <ele>571.62</ele>
      </trkpt>
      <trkpt lat="42.861564" lon="2.213011">
        <ele>566.23</ele>
      </trkpt>
      <trkpt lat="42.861703" lon="2.212601">
        <ele>560.15</ele>
      </trkpt>
      <trkpt lat="42.86178" lon="2.21222">
        <ele>555.82</ele>
      </trkpt>
      <trkpt lat="42.861814" lon="2.211673">
        <ele>546.6</ele>
      </trkpt>
      <trkpt lat="42.861799" lon="2.211483">
        <ele>543.54</ele>
      </trkpt>
      <trkpt lat="42.86173" lon="2.211341">
        <ele>544.57</ele>
      </trkpt>
      <trkpt lat="42.861657" lon="2.211309">
        <ele>548.1</ele>
      </trkpt>
      <trkpt lat="42.861495" lon="2.211331">
        <ele>557.68</ele>
      </trkpt>
      <trkpt lat="42.861365" lon="2.211271">
        <ele>564.01</ele>
      </trkpt>
      <trkpt lat="42.861286" lon="2.211193">
        <ele>568.16</ele>
      </trkpt>
      <trkpt lat="42.861239" lon="2.211146">
        <ele>570.63</ele>
      </trkpt>
      <trkpt lat="42.861107" lon="2.210887">
        <ele>577.72</ele>
      </trkpt>
      <trkpt lat="42.860962" lon="2.210081">
        <ele>583.72</ele>
      </trkpt>
      <trkpt lat="42.860979" lon="2.209719">
        <ele>583.68</ele>
      </trkpt>
      <trkpt lat="42.861031" lon="2.209149">
        <ele>584.93</ele>
      </trkpt>
      <trkpt lat="42.861054" lon="2.20859">
        <ele>589.42</ele>
      </trkpt>
      <trkpt lat="42.861091" lon="2.208448">
        <ele>588.63</ele>
      </trkpt>
      <trkpt lat="42.861178" lon="2.208307">
        <ele>585.33</ele>
      </trkpt>
      <trkpt lat="42.861495" lon="2.20801">
        <ele>570.32</ele>
      </trkpt>
      <trkpt lat="42.861667" lon="2.207938">
        <ele>560.72</ele>
      </trkpt>
      <trkpt lat="42.86169" lon="2.207896">
        <ele>559.52</ele>
      </trkpt>
      <trkpt lat="42.861694" lon="2.207851">
        <ele>559.33</ele>
      </trkpt>
      <trkpt lat="42.861663" lon="2.207797">
        <ele>560.95</ele>
      </trkpt>
      <trkpt lat="42.861578" lon="2.207766">
        <ele>565.98</ele>
      </trkpt>
      <trkpt lat="42.861532" lon="2.207726">
        <ele>568.67</ele>
      </trkpt>
      <trkpt lat="42.861309" lon="2.20743">
        <ele>583.1</ele>
      </trkpt>
      <trkpt lat="42.861143" lon="2.207113">
        <ele>591.31</ele>
      </trkpt>
      <trkpt lat="42.861045" lon="2.206559">
        <ele>594.7</ele>
      </trkpt>
      <trkpt lat="42.861058" lon="2.206416">
        <ele>594.17</ele>
      </trkpt>
      <trkpt lat="42.861462" lon="2.205088">
        <ele>579.93</ele>
      </trkpt>
      <trkpt lat="42.861485" lon="2.204923">
        <ele>576.51</ele>
      </trkpt>
      <trkpt lat="42.8615" lon="2.204467">
        <ele>569.9</ele>
      </trkpt>
      <trkpt lat="42.861448" lon="2.204014">
        <ele>565.16</ele>
      </trkpt>
      <trkpt lat="42.861463" lon="2.203559">
        <ele>556.77</ele>
      </trkpt>
      <trkpt lat="42.861467" lon="2.203439">
        <ele>554.55</ele>
      </trkpt>
      <trkpt lat="42.861442" lon="2.203059">
        <ele>547.23</ele>
      </trkpt>
      <trkpt lat="42.861451" lon="2.202591">
        <ele>536.56</ele>
      </trkpt>
      <trkpt lat="42.861471" lon="2.202377">
        <ele>531.73</ele>
      </trkpt>
      <trkpt lat="42.861543" lon="2.201873">
        <ele>523.02</ele>
      </trkpt>
      <trkpt lat="42.861664" lon="2.201439">
        <ele>520.8</ele>
      </trkpt>
      <trkpt lat="42.861704" lon="2.201345">
        <ele>521.36</ele>
      </trkpt>
      <trkpt lat="42.861877" lon="2.201147">
        <ele>527.8</ele>
      </trkpt>
      <trkpt lat="42.862237" lon="2.200853">
        <ele>537.99</ele>
      </trkpt>
      <trkpt lat="42.862522" lon="2.200712">
        <ele>539.72</ele>
      </trkpt>
      <trkpt lat="42.862937" lon="2.200381">
        <ele>546.04</ele>
      </trkpt>
      <trkpt lat="42.863248" lon="2.200165">
        <ele>538.22</ele>
      </trkpt>
      <trkpt lat="42.863395" lon="2.200097">
        <ele>536.21</ele>
      </trkpt>
      <trkpt lat="42.863936" lon="2.199908">
        <ele>537.19</ele>
      </trkpt>
      <trkpt lat="42.864177" lon="2.199858">
        <ele>542.34</ele>
      </trkpt>
      <trkpt lat="42.864292" lon="2.199879">
        <ele>544.94</ele>
      </trkpt>
      <trkpt lat="42.864427" lon="2.199961">
        <ele>547.5</ele>
      </trkpt>
      <trkpt lat="42.864523" lon="2.200045">
        <ele>548.72</ele>
      </trkpt>
      <trkpt lat="42.864603" lon="2.200075">
        <ele>549.81</ele>
      </trkpt>
      <trkpt lat="42.864769" lon="2.200048">
        <ele>549.35</ele>
      </trkpt>
      <trkpt lat="42.865067" lon="2.199954">
        <ele>545.91</ele>
      </trkpt>
      <trkpt lat="42.865374" lon="2.199935">
        <ele>541.39</ele>
      </trkpt>
      <trkpt lat="42.865463" lon="2.199869">
        <ele>539.46</ele>
      </trkpt>
      <trkpt lat="42.865557" lon="2.199524">
        <ele>535.32</ele>
      </trkpt>
      <trkpt lat="42.865634" lon="2.199404">
        <ele>531.15</ele>
      </trkpt>
      <trkpt lat="42.865733" lon="2.199336">
        <ele>528.48</ele>
      </trkpt>
      <trkpt lat="42.865916" lon="2.199255">
        <ele>524.86</ele>
      </trkpt>
      <trkpt lat="42.866177" lon="2.198972">
        <ele>514.03</ele>
      </trkpt>
      <trkpt lat="42.866327" lon="2.198766">
        <ele>506.65</ele>
      </trkpt>
      <trkpt lat="42.866691" lon="2.198198">
        <ele>493.27</ele>
      </trkpt>
      <trkpt lat="42.866922" lon="2.197729">
        <ele>480.49</ele>
      </trkpt>
      <trkpt lat="42.86722" lon="2.197187">
        <ele>469.13</ele>
      </trkpt>
      <trkpt lat="42.867292" lon="2.197142">
        <ele>469.09</ele>
      </trkpt>
      <trkpt lat="42.867589" lon="2.197033">
        <ele>471.06</ele>
      </trkpt>
      <trkpt lat="42.867732" lon="2.196931">
        <ele>469.99</ele>
      </trkpt>
      <trkpt lat="42.867867" lon="2.196933">
        <ele>472.47</ele>
      </trkpt>
      <trkpt lat="42.867978" lon="2.196901">
        <ele>472.99</ele>
      </trkpt>
      <trkpt lat="42.868178" lon="2.196794">
        <ele>469.82</ele>
      </trkpt>
      <trkpt lat="42.868399" lon="2.196849">
        <ele>474.3</ele>
      </trkpt>
      <trkpt lat="42.868614" lon="2.196756">
        <ele>471.71</ele>
      </trkpt>
      <trkpt lat="42.86863" lon="2.196691">
        <ele>468.69</ele>
      </trkpt>
      <trkpt lat="42.868736" lon="2.196562">
        <ele>463.28</ele>
      </trkpt>
      <trkpt lat="42.869041" lon="2.196363">
        <ele>458.46</ele>
      </trkpt>
      <trkpt lat="42.869091" lon="2.196258">
        <ele>454.45</ele>
      </trkpt>
      <trkpt lat="42.869319" lon="2.195952">
        <ele>449.55</ele>
      </trkpt>
      <trkpt lat="42.86946" lon="2.195741">
        <ele>447.07</ele>
      </trkpt>
      <trkpt lat="42.869543" lon="2.195671">
        <ele>447.22</ele>
      </trkpt>
      <trkpt lat="42.869735" lon="2.195596">
        <ele>449.11</ele>
      </trkpt>
      <trkpt lat="42.869816" lon="2.195515">
        <ele>448.67</ele>
      </trkpt>
      <trkpt lat="42.870069" lon="2.194975">
        <ele>450.76</ele>
      </trkpt>
      <trkpt lat="42.870283" lon="2.19471">
        <ele>458.33</ele>
      </trkpt>
      <trkpt lat="42.870617" lon="2.194547">
        <ele>462.2</ele>
      </trkpt>
      <trkpt lat="42.870706" lon="2.194475">
        <ele>459.53</ele>
      </trkpt>
      <trkpt lat="42.870727" lon="2.194238">
        <ele>459.76</ele>
      </trkpt>
      <trkpt lat="42.870745" lon="2.194023">
        <ele>459.97</ele>
      </trkpt>
      <trkpt lat="42.870856" lon="2.193491">
        <ele>456.02</ele>
      </trkpt>
      <trkpt lat="42.870901" lon="2.193327">
        <ele>453.35</ele>
      </trkpt>
      <trkpt lat="42.870961" lon="2.19324">
        <ele>452.15</ele>
      </trkpt>
      <trkpt lat="42.871157" lon="2.193081">
        <ele>451.55</ele>
      </trkpt>
      <trkpt lat="42.871281" lon="2.192916">
        <ele>452.49</ele>
      </trkpt>
      <trkpt lat="42.87146" lon="2.192777">
        <ele>443.12</ele>
      </trkpt>
      <trkpt lat="42.871552" lon="2.192579">
        <ele>434.85</ele>
      </trkpt>
      <trkpt lat="42.87162" lon="2.192289">
        <ele>427.29</ele>
      </trkpt>
      <trkpt lat="42.871753" lon="2.192132">
        <ele>421</ele>
      </trkpt>
      <trkpt lat="42.872061" lon="2.192017">
        <ele>411.82</ele>
      </trkpt>
      <trkpt lat="42.872153" lon="2.19192">
        <ele>407.9</ele>
      </trkpt>
      <trkpt lat="42.872349" lon="2.191887">
        <ele>401.56</ele>
      </trkpt>
      <trkpt lat="42.872617" lon="2.191789">
        <ele>392.11</ele>
      </trkpt>
      <trkpt lat="42.872842" lon="2.191589">
        <ele>382.56</ele>
      </trkpt>
      <trkpt lat="42.872899" lon="2.19152">
        <ele>379.91</ele>
      </trkpt>
      <trkpt lat="42.872913" lon="2.191422">
        <ele>378.08</ele>
      </trkpt>
      <trkpt lat="42.872905" lon="2.191373">
        <ele>377.58</ele>
      </trkpt>
      <trkpt lat="42.872839" lon="2.19116">
        <ele>375.98</ele>
      </trkpt>
      <trkpt lat="42.872854" lon="2.191137">
        <ele>375.06</ele>
      </trkpt>
      <trkpt lat="42.872982" lon="2.191244">
        <ele>373.6</ele>
      </trkpt>
      <trkpt lat="42.873181" lon="2.191507">
        <ele>373.33</ele>
      </trkpt>
      <trkpt lat="42.87323" lon="2.191615">
        <ele>373.57</ele>
      </trkpt>
      <trkpt lat="42.873247" lon="2.191582">
        <ele>372.84</ele>
      </trkpt>
      <trkpt lat="42.873331" lon="2.191234">
        <ele>367.45</ele>
      </trkpt>
      <trkpt lat="42.873363" lon="2.191172">
        <ele>366.13</ele>
      </trkpt>
      <trkpt lat="42.87357" lon="2.191042">
        <ele>360.95</ele>
      </trkpt>
      <trkpt lat="42.873748" lon="2.190834">
        <ele>355.88</ele>
      </trkpt>
      <trkpt lat="42.874043" lon="2.190676">
        <ele>350.18</ele>
      </trkpt>
      <trkpt lat="42.874158" lon="2.190614">
        <ele>347.96</ele>
      </trkpt>
      <trkpt lat="42.87421" lon="2.190639">
        <ele>347.41</ele>
      </trkpt>
      <trkpt lat="42.874287" lon="2.190842">
        <ele>347.42</ele>
      </trkpt>
      <trkpt lat="42.874342" lon="2.190866">
        <ele>346.63</ele>
      </trkpt>
      <trkpt lat="42.874468" lon="2.190805">
        <ele>344.34</ele>
      </trkpt>
      <trkpt lat="42.874511" lon="2.190718">
        <ele>343.43</ele>
      </trkpt>
      <trkpt lat="42.874584" lon="2.190639">
        <ele>342.19</ele>
      </trkpt>
      <trkpt lat="42.87477" lon="2.190351">
        <ele>339.18</ele>
      </trkpt>
      <trkpt lat="42.874857" lon="2.190327">
        <ele>337.89</ele>
      </trkpt>
      <trkpt lat="42.874921" lon="2.190275">
        <ele>336.86</ele>
      </trkpt>
      <trkpt lat="42.874948" lon="2.190141">
        <ele>336.21</ele>
      </trkpt>
      <trkpt lat="42.874893" lon="2.189608">
        <ele>335.89</ele>
      </trkpt>
      <trkpt lat="42.874961" lon="2.189231">
        <ele>331.5</ele>
      </trkpt>
      <trkpt lat="42.875069" lon="2.188805">
        <ele>325.58</ele>
      </trkpt>
      <trkpt lat="42.875137" lon="2.188628">
        <ele>322.81</ele>
      </trkpt>
      <trkpt lat="42.87531" lon="2.188445">
        <ele>318.85</ele>
      </trkpt>
      <trkpt lat="42.875325" lon="2.1884">
        <ele>318.18</ele>
      </trkpt>
      <trkpt lat="42.875334" lon="2.188345">
        <ele>317.45</ele>
      </trkpt>
      <trkpt lat="42.875332" lon="2.188286">
        <ele>316.79</ele>
      </trkpt>
      <trkpt lat="42.875268" lon="2.187996">
        <ele>313.84</ele>
      </trkpt>
      <trkpt lat="42.875258" lon="2.187879">
        <ele>312.49</ele>
      </trkpt>
      <trkpt lat="42.875162" lon="2.187515">
        <ele>307.66</ele>
      </trkpt>
      <trkpt lat="42.874982" lon="2.186834">
        <ele>298.61</ele>
      </trkpt>
      <trkpt lat="42.874887" lon="2.18658">
        <ele>295.22</ele>
      </trkpt>
      <trkpt lat="42.874837" lon="2.186487">
        <ele>294.06</ele>
      </trkpt>
      <trkpt lat="42.874806" lon="2.186456">
        <ele>293.71</ele>
      </trkpt>
      <trkpt lat="42.874771" lon="2.186441">
        <ele>293.55</ele>
      </trkpt>
      <trkpt lat="42.874659" lon="2.186423">
        <ele>293.42</ele>
      </trkpt>
      <trkpt lat="42.874582" lon="2.186429">
        <ele>293.26</ele>
      </trkpt>
      <trkpt lat="42.874336" lon="2.186566">
        <ele>293.58</ele>
      </trkpt>
      <trkpt lat="42.874316" lon="2.186532">
        <ele>293.19</ele>
      </trkpt>
      <trkpt lat="42.87449" lon="2.186375">
        <ele>292.38</ele>
      </trkpt>
      <trkpt lat="42.87457" lon="2.186284">
        <ele>291.71</ele>
      </trkpt>
      <trkpt lat="42.874602" lon="2.186236">
        <ele>291.3</ele>
      </trkpt>
      <trkpt lat="42.874627" lon="2.186139">
        <ele>290.96</ele>
      </trkpt>
      <trkpt lat="42.87445" lon="2.186227">
        <ele>290.81</ele>
      </trkpt>
      <trkpt lat="42.87428" lon="2.186284">
        <ele>290.87</ele>
      </trkpt>
      <trkpt lat="42.874128" lon="2.18627">
        <ele>290.33</ele>
      </trkpt>
      <trkpt lat="42.874011" lon="2.18626">
        <ele>289.92</ele>
      </trkpt>
      <trkpt lat="42.872926" lon="2.185693">
        <ele>287.5</ele>
      </trkpt>
      <trkpt lat="42.872751" lon="2.185635">
        <ele>287.78</ele>
      </trkpt>
      <trkpt lat="42.872664" lon="2.185623">
        <ele>287.95</ele>
      </trkpt>
      <trkpt lat="42.872682" lon="2.185476">
        <ele>287.82</ele>
      </trkpt>
      <trkpt lat="42.872704" lon="2.18529">
        <ele>287.66</ele>
      </trkpt>
      <trkpt lat="42.872687" lon="2.185047">
        <ele>287.7</ele>
      </trkpt>
      <trkpt lat="42.872706" lon="2.184874">
        <ele>287.66</ele>
      </trkpt>
      <trkpt lat="42.873045" lon="2.184581">
        <ele>287.16</ele>
      </trkpt>
      <trkpt lat="42.873366" lon="2.184271">
        <ele>288.1</ele>
      </trkpt>
      <trkpt lat="42.873592" lon="2.184051">
        <ele>288.78</ele>
      </trkpt>
      <trkpt lat="42.873673" lon="2.184033">
        <ele>288.86</ele>
      </trkpt>
      <trkpt lat="42.873547" lon="2.183352">
        <ele>290.11</ele>
      </trkpt>
      <trkpt lat="42.873445" lon="2.182722">
        <ele>291.8</ele>
      </trkpt>
      <trkpt lat="42.873816" lon="2.182651">
        <ele>292.23</ele>
      </trkpt>
      <trkpt lat="42.8746" lon="2.182496">
        <ele>292.55</ele>
      </trkpt>
      <trkpt lat="42.875117" lon="2.18238">
        <ele>291.85</ele>
      </trkpt>
      <trkpt lat="42.875507" lon="2.182316">
        <ele>291.34</ele>
      </trkpt>
      <trkpt lat="42.875482" lon="2.181972">
        <ele>291.12</ele>
      </trkpt>
      <trkpt lat="42.875417" lon="2.181321">
        <ele>291.86</ele>
      </trkpt>
      <trkpt lat="42.875381" lon="2.181134">
        <ele>292.14</ele>
      </trkpt>
      <trkpt lat="42.875315" lon="2.180868">
        <ele>292.71</ele>
      </trkpt>
      <trkpt lat="42.875243" lon="2.18084">
        <ele>292.74</ele>
      </trkpt>
      <trkpt lat="42.875172" lon="2.180838">
        <ele>292.7</ele>
      </trkpt>
      <trkpt lat="42.875098" lon="2.180852">
        <ele>292.64</ele>
      </trkpt>
      <trkpt lat="42.875007" lon="2.180889">
        <ele>292.57</ele>
      </trkpt>
      <trkpt lat="42.874576" lon="2.181066">
        <ele>292.25</ele>
      </trkpt>
      <trkpt lat="42.874465" lon="2.181097">
        <ele>292.36</ele>
      </trkpt>
      <trkpt lat="42.87385" lon="2.181203">
        <ele>292.95</ele>
      </trkpt>
      <trkpt lat="42.873538" lon="2.181275">
        <ele>293.9</ele>
      </trkpt>
      <trkpt lat="42.873306" lon="2.181302">
        <ele>294.59</ele>
      </trkpt>
      <trkpt lat="42.872865" lon="2.181392">
        <ele>295.06</ele>
      </trkpt>
      <trkpt lat="42.872234" lon="2.181538">
        <ele>293.35</ele>
      </trkpt>
      <trkpt lat="42.871724" lon="2.18162">
        <ele>294.23</ele>
      </trkpt>
      <trkpt lat="42.871543" lon="2.181143">
        <ele>299.26</ele>
      </trkpt>
      <trkpt lat="42.871328" lon="2.180578">
        <ele>305.21</ele>
      </trkpt>
      <trkpt lat="42.871126" lon="2.180761">
        <ele>304.33</ele>
      </trkpt>
      <trkpt lat="42.87103" lon="2.180773">
        <ele>304.78</ele>
      </trkpt>
      <trkpt lat="42.870955" lon="2.180696">
        <ele>306.07</ele>
      </trkpt>
      <trkpt lat="42.870947" lon="2.180575">
        <ele>307.44</ele>
      </trkpt>
      <trkpt lat="42.870976" lon="2.180483">
        <ele>308.3</ele>
      </trkpt>
      <trkpt lat="42.871156" lon="2.180184">
        <ele>309.01</ele>
      </trkpt>
      <trkpt lat="42.871147" lon="2.180077">
        <ele>309.2</ele>
      </trkpt>
      <trkpt lat="42.870819" lon="2.179197">
        <ele>311.7</ele>
      </trkpt>
      <trkpt lat="42.870423" lon="2.178549">
        <ele>314.87</ele>
      </trkpt>
      <trkpt lat="42.870375" lon="2.178529">
        <ele>314.78</ele>
      </trkpt>
      <trkpt lat="42.870259" lon="2.178546">
        <ele>314.49</ele>
      </trkpt>
      <trkpt lat="42.87021" lon="2.178529">
        <ele>314.44</ele>
      </trkpt>
      <trkpt lat="42.870114" lon="2.178494">
        <ele>314.32</ele>
      </trkpt>
      <trkpt lat="42.869411" lon="2.177643">
        <ele>319.21</ele>
      </trkpt>
      <trkpt lat="42.869379" lon="2.177572">
        <ele>319.62</ele>
      </trkpt>
      <trkpt lat="42.86937" lon="2.17747">
        <ele>320.2</ele>
      </trkpt>
      <trkpt lat="42.8694" lon="2.176811">
        <ele>323.72</ele>
      </trkpt>
      <trkpt lat="42.869358" lon="2.176738">
        <ele>324.21</ele>
      </trkpt>
      <trkpt lat="42.86919" lon="2.1766">
        <ele>325.43</ele>
      </trkpt>
      <trkpt lat="42.868939" lon="2.176171">
        <ele>328.54</ele>
      </trkpt>
      <trkpt lat="42.868463" lon="2.17523">
        <ele>330.3</ele>
      </trkpt>
      <trkpt lat="42.868266" lon="2.17504">
        <ele>330.64</ele>
      </trkpt>
      <trkpt lat="42.868033" lon="2.174796">
        <ele>331.01</ele>
      </trkpt>
      <trkpt lat="42.867265" lon="2.173964">
        <ele>332.43</ele>
      </trkpt>
      <trkpt lat="42.86702" lon="2.173564">
        <ele>334.83</ele>
      </trkpt>
      <trkpt lat="42.866784" lon="2.173029">
        <ele>339.08</ele>
      </trkpt>
      <trkpt lat="42.86662" lon="2.172771">
        <ele>340.82</ele>
      </trkpt>
      <trkpt lat="42.866443" lon="2.172575">
        <ele>341.6</ele>
      </trkpt>
      <trkpt lat="42.86622" lon="2.172328">
        <ele>342.57</ele>
      </trkpt>
      <trkpt lat="42.865863" lon="2.172002">
        <ele>339.68</ele>
      </trkpt>
      <trkpt lat="42.866159" lon="2.170473">
        <ele>351.43</ele>
      </trkpt>
      <trkpt lat="42.866431" lon="2.169703">
        <ele>359.45</ele>
      </trkpt>
      <trkpt lat="42.866494" lon="2.169391">
        <ele>362.77</ele>
      </trkpt>
      <trkpt lat="42.866601" lon="2.169055">
        <ele>366.29</ele>
      </trkpt>
      <trkpt lat="42.866753" lon="2.168846">
        <ele>368.06</ele>
      </trkpt>
      <trkpt lat="42.866911" lon="2.16858">
        <ele>369.53</ele>
      </trkpt>
      <trkpt lat="42.867137" lon="2.168118">
        <ele>368.77</ele>
      </trkpt>
      <trkpt lat="42.86721" lon="2.167821">
        <ele>366.89</ele>
      </trkpt>
      <trkpt lat="42.867243" lon="2.167478">
        <ele>364.14</ele>
      </trkpt>
      <trkpt lat="42.867238" lon="2.167259">
        <ele>363.11</ele>
      </trkpt>
      <trkpt lat="42.867244" lon="2.167072">
        <ele>361.96</ele>
      </trkpt>
      <trkpt lat="42.867274" lon="2.166873">
        <ele>359.78</ele>
      </trkpt>
      <trkpt lat="42.867276" lon="2.166289">
        <ele>354.94</ele>
      </trkpt>
      <trkpt lat="42.86725" lon="2.166073">
        <ele>352.86</ele>
      </trkpt>
      <trkpt lat="42.867156" lon="2.165847">
        <ele>350.96</ele>
      </trkpt>
      <trkpt lat="42.867011" lon="2.165651">
        <ele>351.22</ele>
      </trkpt>
      <trkpt lat="42.866909" lon="2.165372">
        <ele>349.38</ele>
      </trkpt>
      <trkpt lat="42.866839" lon="2.16509">
        <ele>348.48</ele>
      </trkpt>
      <trkpt lat="42.866809" lon="2.164771">
        <ele>346.04</ele>
      </trkpt>
      <trkpt lat="42.866827" lon="2.164596">
        <ele>343.99</ele>
      </trkpt>
      <trkpt lat="42.866851" lon="2.164457">
        <ele>343.02</ele>
      </trkpt>
      <trkpt lat="42.866916" lon="2.164307">
        <ele>342.32</ele>
      </trkpt>
      <trkpt lat="42.866917" lon="2.164208">
        <ele>342.52</ele>
      </trkpt>
      <trkpt lat="42.866843" lon="2.163961">
        <ele>343.82</ele>
      </trkpt>
      <trkpt lat="42.866727" lon="2.163719">
        <ele>345.01</ele>
      </trkpt>
      <trkpt lat="42.866602" lon="2.163606">
        <ele>346.25</ele>
      </trkpt>
      <trkpt lat="42.866453" lon="2.163513">
        <ele>347.88</ele>
      </trkpt>
      <trkpt lat="42.866211" lon="2.16314">
        <ele>353.65</ele>
      </trkpt>
      <trkpt lat="42.86621" lon="2.1631">
        <ele>353.86</ele>
      </trkpt>
      <trkpt lat="42.866248" lon="2.163049">
        <ele>353.27</ele>
      </trkpt>
      <trkpt lat="42.866387" lon="2.163003">
        <ele>351.22</ele>
      </trkpt>
      <trkpt lat="42.866519" lon="2.162991">
        <ele>349.67</ele>
      </trkpt>
      <trkpt lat="42.866569" lon="2.162965">
        <ele>349.16</ele>
      </trkpt>
      <trkpt lat="42.866768" lon="2.162695">
        <ele>347.29</ele>
      </trkpt>
      <trkpt lat="42.866796" lon="2.162635">
        <ele>347.07</ele>
      </trkpt>
      <trkpt lat="42.866778" lon="2.162429">
        <ele>347.71</ele>
      </trkpt>
      <trkpt lat="42.866786" lon="2.16228">
        <ele>347.92</ele>
      </trkpt>
      <trkpt lat="42.866917" lon="2.162044">
        <ele>347.14</ele>
      </trkpt>
      <trkpt lat="42.867098" lon="2.161763">
        <ele>346.69</ele>
      </trkpt>
      <trkpt lat="42.867054" lon="2.161519">
        <ele>348.24</ele>
      </trkpt>
      <trkpt lat="42.867045" lon="2.161312">
        <ele>349.28</ele>
      </trkpt>
      <trkpt lat="42.86708" lon="2.161144">
        <ele>349.55</ele>
      </trkpt>
      <trkpt lat="42.86723" lon="2.160893">
        <ele>348.79</ele>
      </trkpt>
      <trkpt lat="42.867449" lon="2.160527">
        <ele>347.68</ele>
      </trkpt>
      <trkpt lat="42.867519" lon="2.160385">
        <ele>347.61</ele>
      </trkpt>
      <trkpt lat="42.867487" lon="2.160328">
        <ele>347.98</ele>
      </trkpt>
      <trkpt lat="42.867352" lon="2.160215">
        <ele>348.91</ele>
      </trkpt>
      <trkpt lat="42.867208" lon="2.160012">
        <ele>349.54</ele>
      </trkpt>
      <trkpt lat="42.867022" lon="2.159602">
        <ele>351.22</ele>
      </trkpt>
      <trkpt lat="42.866969" lon="2.159387">
        <ele>352.46</ele>
      </trkpt>
      <trkpt lat="42.866948" lon="2.159185">
        <ele>353.47</ele>
      </trkpt>
      <trkpt lat="42.86694" lon="2.158645">
        <ele>355.72</ele>
      </trkpt>
      <trkpt lat="42.866898" lon="2.158453">
        <ele>357.01</ele>
      </trkpt>
      <trkpt lat="42.866795" lon="2.158346">
        <ele>358.36</ele>
      </trkpt>
      <trkpt lat="42.866673" lon="2.158291">
        <ele>359.6</ele>
      </trkpt>
      <trkpt lat="42.866525" lon="2.158289">
        <ele>360.76</ele>
      </trkpt>
      <trkpt lat="42.86661" lon="2.158185">
        <ele>360.68</ele>
      </trkpt>
      <trkpt lat="42.866832" lon="2.158163">
        <ele>359.03</ele>
      </trkpt>
      <trkpt lat="42.867045" lon="2.158185">
        <ele>357.22</ele>
      </trkpt>
      <trkpt lat="42.867314" lon="2.158056">
        <ele>360.43</ele>
      </trkpt>
      <trkpt lat="42.867391" lon="2.158058">
        <ele>361.94</ele>
      </trkpt>
      <trkpt lat="42.867476" lon="2.15817">
        <ele>362.78</ele>
      </trkpt>
      <trkpt lat="42.86774" lon="2.158465">
        <ele>364.85</ele>
      </trkpt>
      <trkpt lat="42.867917" lon="2.158582">
        <ele>366.39</ele>
      </trkpt>
      <trkpt lat="42.867968" lon="2.158604">
        <ele>366.92</ele>
      </trkpt>
      <trkpt lat="42.868021" lon="2.158611">
        <ele>367.43</ele>
      </trkpt>
      <trkpt lat="42.868051" lon="2.158614">
        <ele>367.71</ele>
      </trkpt>
      <trkpt lat="42.867897" lon="2.157986">
        <ele>372.81</ele>
      </trkpt>
      <trkpt lat="42.867785" lon="2.157643">
        <ele>372.4</ele>
      </trkpt>
      <trkpt lat="42.867995" lon="2.157465">
        <ele>376.56</ele>
      </trkpt>
      <trkpt lat="42.868106" lon="2.157299">
        <ele>377.34</ele>
      </trkpt>
      <trkpt lat="42.868174" lon="2.157143">
        <ele>377.83</ele>
      </trkpt>
      <trkpt lat="42.868136" lon="2.156966">
        <ele>377.9</ele>
      </trkpt>
      <trkpt lat="42.868053" lon="2.156773">
        <ele>377.97</ele>
      </trkpt>
      <trkpt lat="42.867997" lon="2.156602">
        <ele>378.11</ele>
      </trkpt>
      <trkpt lat="42.867896" lon="2.15624">
        <ele>378.26</ele>
      </trkpt>
      <trkpt lat="42.867861" lon="2.155984">
        <ele>379.66</ele>
      </trkpt>
      <trkpt lat="42.867864" lon="2.155475">
        <ele>383.35</ele>
      </trkpt>
      <trkpt lat="42.867865" lon="2.15538">
        <ele>384.04</ele>
      </trkpt>
      <trkpt lat="42.867807" lon="2.154954">
        <ele>388.73</ele>
      </trkpt>
      <trkpt lat="42.867835" lon="2.154732">
        <ele>391.62</ele>
      </trkpt>
      <trkpt lat="42.867931" lon="2.154615">
        <ele>393.64</ele>
      </trkpt>
      <trkpt lat="42.868139" lon="2.154581">
        <ele>394.94</ele>
      </trkpt>
      <trkpt lat="42.868154" lon="2.154463">
        <ele>396.76</ele>
      </trkpt>
      <trkpt lat="42.868212" lon="2.154265">
        <ele>400.29</ele>
      </trkpt>
      <trkpt lat="42.868174" lon="2.154141">
        <ele>402.46</ele>
      </trkpt>
      <trkpt lat="42.868062" lon="2.15401">
        <ele>405.2</ele>
      </trkpt>
      <trkpt lat="42.867962" lon="2.153873">
        <ele>408.19</ele>
      </trkpt>
      <trkpt lat="42.867932" lon="2.153677">
        <ele>411.93</ele>
      </trkpt>
      <trkpt lat="42.867811" lon="2.153404">
        <ele>416.55</ele>
      </trkpt>
      <trkpt lat="42.867698" lon="2.153103">
        <ele>421.91</ele>
      </trkpt>
      <trkpt lat="42.867669" lon="2.152908">
        <ele>425.76</ele>
      </trkpt>
      <trkpt lat="42.867548" lon="2.15248">
        <ele>434.14</ele>
      </trkpt>
      <trkpt lat="42.867535" lon="2.151803">
        <ele>448.41</ele>
      </trkpt>
      <trkpt lat="42.86749" lon="2.151526">
        <ele>454.16</ele>
      </trkpt>
      <trkpt lat="42.867414" lon="2.151268">
        <ele>460.18</ele>
      </trkpt>
      <trkpt lat="42.867305" lon="2.151094">
        <ele>465.16</ele>
      </trkpt>
      <trkpt lat="42.86713" lon="2.151003">
        <ele>469.01</ele>
      </trkpt>
      <trkpt lat="42.866861" lon="2.150756">
        <ele>469.34</ele>
      </trkpt>
      <trkpt lat="42.86682" lon="2.150568">
        <ele>473.07</ele>
      </trkpt>
      <trkpt lat="42.866802" lon="2.1503">
        <ele>478.84</ele>
      </trkpt>
      <trkpt lat="42.866735" lon="2.14993">
        <ele>484.08</ele>
      </trkpt>
      <trkpt lat="42.86672" lon="2.149641">
        <ele>488.85</ele>
      </trkpt>
      <trkpt lat="42.866689" lon="2.14944">
        <ele>492.49</ele>
      </trkpt>
      <trkpt lat="42.866609" lon="2.149116">
        <ele>499.68</ele>
      </trkpt>
      <trkpt lat="42.866486" lon="2.148863">
        <ele>505.3</ele>
      </trkpt>
      <trkpt lat="42.866412" lon="2.148623">
        <ele>511.39</ele>
      </trkpt>
      <trkpt lat="42.866423" lon="2.148467">
        <ele>515.46</ele>
      </trkpt>
      <trkpt lat="42.866387" lon="2.148291">
        <ele>520.01</ele>
      </trkpt>
      <trkpt lat="42.866372" lon="2.148082">
        <ele>525.59</ele>
      </trkpt>
      <trkpt lat="42.86636" lon="2.147763">
        <ele>533.77</ele>
      </trkpt>
      <trkpt lat="42.866381" lon="2.147514">
        <ele>539.1</ele>
      </trkpt>
      <trkpt lat="42.866377" lon="2.147237">
        <ele>545.26</ele>
      </trkpt>
      <trkpt lat="42.866329" lon="2.147021">
        <ele>550.76</ele>
      </trkpt>
      <trkpt lat="42.866262" lon="2.146792">
        <ele>556.48</ele>
      </trkpt>
      <trkpt lat="42.866234" lon="2.146568">
        <ele>562.27</ele>
      </trkpt>
      <trkpt lat="42.866271" lon="2.146379">
        <ele>568.19</ele>
      </trkpt>
      <trkpt lat="42.866285" lon="2.14624">
        <ele>572.28</ele>
      </trkpt>
      <trkpt lat="42.866284" lon="2.146044">
        <ele>578.39</ele>
      </trkpt>
      <trkpt lat="42.866268" lon="2.145782">
        <ele>586.63</ele>
      </trkpt>
      <trkpt lat="42.866324" lon="2.145719">
        <ele>588.99</ele>
      </trkpt>
      <trkpt lat="42.866423" lon="2.145719">
        <ele>586.82</ele>
      </trkpt>
      <trkpt lat="42.866521" lon="2.145757">
        <ele>583.5</ele>
      </trkpt>
      <trkpt lat="42.866663" lon="2.145837">
        <ele>578.06</ele>
      </trkpt>
      <trkpt lat="42.866757" lon="2.14584">
        <ele>576</ele>
      </trkpt>
      <trkpt lat="42.866788" lon="2.145709">
        <ele>579.05</ele>
      </trkpt>
      <trkpt lat="42.866798" lon="2.145489">
        <ele>585.04</ele>
      </trkpt>
      <trkpt lat="42.866788" lon="2.145161">
        <ele>594.12</ele>
      </trkpt>
      <trkpt lat="42.866767" lon="2.14485">
        <ele>602.96</ele>
      </trkpt>
      <trkpt lat="42.866849" lon="2.14419">
        <ele>614.59</ele>
      </trkpt>
      <trkpt lat="42.866855" lon="2.143775">
        <ele>621.74</ele>
      </trkpt>
      <trkpt lat="42.866773" lon="2.143056">
        <ele>637.71</ele>
      </trkpt>
      <trkpt lat="42.866747" lon="2.142619">
        <ele>645.3</ele>
      </trkpt>
      <trkpt lat="42.866672" lon="2.142085">
        <ele>655.77</ele>
      </trkpt>
      <trkpt lat="42.866751" lon="2.141709">
        <ele>659.98</ele>
      </trkpt>
      <trkpt lat="42.866743" lon="2.141551">
        <ele>664.2</ele>
      </trkpt>
      <trkpt lat="42.866786" lon="2.141422">
        <ele>665.68</ele>
      </trkpt>
      <trkpt lat="42.867052" lon="2.141353">
        <ele>657.75</ele>
      </trkpt>
      <trkpt lat="42.86717" lon="2.141353">
        <ele>654.46</ele>
      </trkpt>
      <trkpt lat="42.86728" lon="2.141369">
        <ele>654.35</ele>
      </trkpt>
      <trkpt lat="42.867382" lon="2.141396">
        <ele>653.73</ele>
      </trkpt>
      <trkpt lat="42.867583" lon="2.141516">
        <ele>649.34</ele>
      </trkpt>
      <trkpt lat="42.867675" lon="2.141519">
        <ele>649.37</ele>
      </trkpt>
      <trkpt lat="42.867828" lon="2.141581">
        <ele>646.73</ele>
      </trkpt>
      <trkpt lat="42.867929" lon="2.141683">
        <ele>641.85</ele>
      </trkpt>
      <trkpt lat="42.86808" lon="2.14179">
        <ele>641.28</ele>
      </trkpt>
      <trkpt lat="42.868237" lon="2.14179">
        <ele>648.64</ele>
      </trkpt>
      <trkpt lat="42.868396" lon="2.141814">
        <ele>655.02</ele>
      </trkpt>
      <trkpt lat="42.868595" lon="2.14194">
        <ele>658.94</ele>
      </trkpt>
      <trkpt lat="42.868709" lon="2.142147">
        <ele>656.08</ele>
      </trkpt>
      <trkpt lat="42.868797" lon="2.142284">
        <ele>654.71</ele>
      </trkpt>
      <trkpt lat="42.868807" lon="2.142299">
        <ele>654.55</ele>
      </trkpt>
      <trkpt lat="42.868959" lon="2.142356">
        <ele>659.87</ele>
      </trkpt>
      <trkpt lat="42.86921" lon="2.142385">
        <ele>671.43</ele>
      </trkpt>
      <trkpt lat="42.869366" lon="2.142589">
        <ele>671.78</ele>
      </trkpt>
      <trkpt lat="42.869533" lon="2.142774">
        <ele>673.89</ele>
      </trkpt>
      <trkpt lat="42.869788" lon="2.142973">
        <ele>675.08</ele>
      </trkpt>
      <trkpt lat="42.869902" lon="2.142954">
        <ele>677.53</ele>
      </trkpt>
      <trkpt lat="42.869967" lon="2.142844">
        <ele>682.42</ele>
      </trkpt>
      <trkpt lat="42.869989" lon="2.142696">
        <ele>687.08</ele>
      </trkpt>
      <trkpt lat="42.869953" lon="2.142637">
        <ele>688.39</ele>
      </trkpt>
      <trkpt lat="42.869928" lon="2.142554">
        <ele>690.6</ele>
      </trkpt>
      <trkpt lat="42.87002" lon="2.142216">
        <ele>701.35</ele>
      </trkpt>
      <trkpt lat="42.869973" lon="2.141809">
        <ele>712.63</ele>
      </trkpt>
      <trkpt lat="42.869928" lon="2.141556">
        <ele>719.56</ele>
      </trkpt>
      <trkpt lat="42.869971" lon="2.141272">
        <ele>727.21</ele>
      </trkpt>
      <trkpt lat="42.87016" lon="2.140822">
        <ele>734.14</ele>
      </trkpt>
      <trkpt lat="42.870128" lon="2.140594">
        <ele>737.94</ele>
      </trkpt>
      <trkpt lat="42.870029" lon="2.14047">
        <ele>741.05</ele>
      </trkpt>
      <trkpt lat="42.869969" lon="2.140258">
        <ele>744.48</ele>
      </trkpt>
      <trkpt lat="42.869747" lon="2.139631">
        <ele>751.98</ele>
      </trkpt>
      <trkpt lat="42.869366" lon="2.138752">
        <ele>759.95</ele>
      </trkpt>
      <trkpt lat="42.869327" lon="2.138663">
        <ele>760.75</ele>
      </trkpt>
      <trkpt lat="42.869086" lon="2.13793">
        <ele>768.04</ele>
      </trkpt>
      <trkpt lat="42.86894" lon="2.137217">
        <ele>773.56</ele>
      </trkpt>
      <trkpt lat="42.868886" lon="2.137003">
        <ele>775.09</ele>
      </trkpt>
      <trkpt lat="42.868804" lon="2.13655">
        <ele>775.62</ele>
      </trkpt>
      <trkpt lat="42.868746" lon="2.136416">
        <ele>777.5</ele>
      </trkpt>
      <trkpt lat="42.868591" lon="2.13634">
        <ele>783.66</ele>
      </trkpt>
      <trkpt lat="42.868383" lon="2.136117">
        <ele>792.06</ele>
      </trkpt>
      <trkpt lat="42.8683" lon="2.135787">
        <ele>795.66</ele>
      </trkpt>
      <trkpt lat="42.868223" lon="2.135387">
        <ele>798.98</ele>
      </trkpt>
      <trkpt lat="42.868245" lon="2.135092">
        <ele>799.06</ele>
      </trkpt>
      <trkpt lat="42.868127" lon="2.134773">
        <ele>805.02</ele>
      </trkpt>
      <trkpt lat="42.868068" lon="2.134532">
        <ele>808.29</ele>
      </trkpt>
      <trkpt lat="42.86795" lon="2.134341">
        <ele>812.06</ele>
      </trkpt>
      <trkpt lat="42.867903" lon="2.134089">
        <ele>812.67</ele>
      </trkpt>
      <trkpt lat="42.867775" lon="2.133679">
        <ele>816.65</ele>
      </trkpt>
      <trkpt lat="42.867726" lon="2.133636">
        <ele>818.93</ele>
      </trkpt>
      <trkpt lat="42.867575" lon="2.133057">
        <ele>822.05</ele>
      </trkpt>
      <trkpt lat="42.867343" lon="2.132598">
        <ele>829.21</ele>
      </trkpt>
      <trkpt lat="42.867219" lon="2.132281">
        <ele>831.27</ele>
      </trkpt>
      <trkpt lat="42.867042" lon="2.131782">
        <ele>836.75</ele>
      </trkpt>
      <trkpt lat="42.866906" lon="2.131667">
        <ele>844.31</ele>
      </trkpt>
      <trkpt lat="42.866875" lon="2.131557">
        <ele>845.68</ele>
      </trkpt>
      <trkpt lat="42.866802" lon="2.131066">
        <ele>847.51</ele>
      </trkpt>
      <trkpt lat="42.866675" lon="2.130637">
        <ele>851.47</ele>
      </trkpt>
      <trkpt lat="42.866549" lon="2.130262">
        <ele>854.7</ele>
      </trkpt>
      <trkpt lat="42.866368" lon="2.129841">
        <ele>857.33</ele>
      </trkpt>
      <trkpt lat="42.866142" lon="2.1295">
        <ele>861.03</ele>
      </trkpt>
      <trkpt lat="42.866006" lon="2.129237">
        <ele>861.99</ele>
      </trkpt>
      <trkpt lat="42.865902" lon="2.12898">
        <ele>860.87</ele>
      </trkpt>
      <trkpt lat="42.865831" lon="2.128856">
        <ele>860.49</ele>
      </trkpt>
      <trkpt lat="42.86568" lon="2.128679">
        <ele>860.61</ele>
      </trkpt>
      <trkpt lat="42.865566" lon="2.128596">
        <ele>862.46</ele>
      </trkpt>
      <trkpt lat="42.865452" lon="2.128561">
        <ele>864.27</ele>
      </trkpt>
      <trkpt lat="42.865277" lon="2.12843">
        <ele>865.74</ele>
      </trkpt>
      <trkpt lat="42.865045" lon="2.128274">
        <ele>866.51</ele>
      </trkpt>
      <trkpt lat="42.864874" lon="2.128089">
        <ele>864.48</ele>
      </trkpt>
      <trkpt lat="42.864647" lon="2.12796">
        <ele>862.89</ele>
      </trkpt>
      <trkpt lat="42.864559" lon="2.127869">
        <ele>861.01</ele>
      </trkpt>
      <trkpt lat="42.86453" lon="2.127756">
        <ele>861.98</ele>
      </trkpt>
      <trkpt lat="42.864553" lon="2.127621">
        <ele>863.53</ele>
      </trkpt>
      <trkpt lat="42.864758" lon="2.127534">
        <ele>865.05</ele>
      </trkpt>
      <trkpt lat="42.86483" lon="2.127527">
        <ele>865.45</ele>
      </trkpt>
      <trkpt lat="42.864908" lon="2.127535">
        <ele>865.6</ele>
      </trkpt>
      <trkpt lat="42.865002" lon="2.127563">
        <ele>865.32</ele>
      </trkpt>
      <trkpt lat="42.86522" lon="2.127658">
        <ele>863.37</ele>
      </trkpt>
      <trkpt lat="42.865866" lon="2.128011">
        <ele>858.06</ele>
      </trkpt>
      <trkpt lat="42.865996" lon="2.128045">
        <ele>857.31</ele>
      </trkpt>
      <trkpt lat="42.866711" lon="2.128228">
        <ele>853.16</ele>
      </trkpt>
      <trkpt lat="42.86685" lon="2.12831">
        <ele>851.06</ele>
      </trkpt>
      <trkpt lat="42.867713" lon="2.12824">
        <ele>846.62</ele>
      </trkpt>
      <trkpt lat="42.867834" lon="2.128242">
        <ele>845.51</ele>
      </trkpt>
      <trkpt lat="42.868701" lon="2.128256">
        <ele>840.52</ele>
      </trkpt>
      <trkpt lat="42.869671" lon="2.128227">
        <ele>838.94</ele>
      </trkpt>
      <trkpt lat="42.869947" lon="2.128161">
        <ele>839.42</ele>
      </trkpt>
      <trkpt lat="42.870404" lon="2.127844">
        <ele>840.71</ele>
      </trkpt>
      <trkpt lat="42.870644" lon="2.127739">
        <ele>839.33</ele>
      </trkpt>
      <trkpt lat="42.870835" lon="2.127701">
        <ele>837.64</ele>
      </trkpt>
      <trkpt lat="42.871073" lon="2.127679">
        <ele>835.59</ele>
      </trkpt>
      <trkpt lat="42.871136" lon="2.127691">
        <ele>835.08</ele>
      </trkpt>
      <trkpt lat="42.871626" lon="2.12781">
        <ele>831.63</ele>
      </trkpt>
      <trkpt lat="42.871707" lon="2.127821">
        <ele>831.08</ele>
      </trkpt>
      <trkpt lat="42.871829" lon="2.127966">
        <ele>830.83</ele>
      </trkpt>
      <trkpt lat="42.872049" lon="2.128191">
        <ele>830.88</ele>
      </trkpt>
      <trkpt lat="42.872202" lon="2.128422">
        <ele>831.71</ele>
      </trkpt>
      <trkpt lat="42.872306" lon="2.128805">
        <ele>832.96</ele>
      </trkpt>
      <trkpt lat="42.872354" lon="2.129191">
        <ele>833.46</ele>
      </trkpt>
      <trkpt lat="42.872346" lon="2.129299">
        <ele>833.81</ele>
      </trkpt>
      <trkpt lat="42.872373" lon="2.129527">
        <ele>834</ele>
      </trkpt>
      <trkpt lat="42.872426" lon="2.129771">
        <ele>833.39</ele>
      </trkpt>
      <trkpt lat="42.872405" lon="2.129889">
        <ele>833.74</ele>
      </trkpt>
      <trkpt lat="42.872339" lon="2.130063">
        <ele>834.79</ele>
      </trkpt>
      <trkpt lat="42.872257" lon="2.130208">
        <ele>836.13</ele>
      </trkpt>
      <trkpt lat="42.872275" lon="2.130331">
        <ele>835.96</ele>
      </trkpt>
      <trkpt lat="42.87234" lon="2.130586">
        <ele>833.03</ele>
      </trkpt>
      <trkpt lat="42.87235" lon="2.130772">
        <ele>831.31</ele>
      </trkpt>
      <trkpt lat="42.872356" lon="2.130879">
        <ele>830.33</ele>
      </trkpt>
      <trkpt lat="42.872475" lon="2.131182">
        <ele>825.91</ele>
      </trkpt>
      <trkpt lat="42.872556" lon="2.131533">
        <ele>827.3</ele>
      </trkpt>
      <trkpt lat="42.87268" lon="2.131833">
        <ele>826.93</ele>
      </trkpt>
      <trkpt lat="42.872786" lon="2.132204">
        <ele>827.44</ele>
      </trkpt>
      <trkpt lat="42.87292" lon="2.132491">
        <ele>826.19</ele>
      </trkpt>
      <trkpt lat="42.873026" lon="2.13267">
        <ele>824.68</ele>
      </trkpt>
      <trkpt lat="42.873209" lon="2.13266">
        <ele>820.76</ele>
      </trkpt>
      <trkpt lat="42.873435" lon="2.13267">
        <ele>816.07</ele>
      </trkpt>
      <trkpt lat="42.873596" lon="2.132737">
        <ele>813.04</ele>
      </trkpt>
      <trkpt lat="42.87369" lon="2.132697">
        <ele>810.82</ele>
      </trkpt>
      <trkpt lat="42.873806" lon="2.132571">
        <ele>807.76</ele>
      </trkpt>
      <trkpt lat="42.873916" lon="2.132547">
        <ele>806.3</ele>
      </trkpt>
      <trkpt lat="42.874089" lon="2.132469">
        <ele>804.08</ele>
      </trkpt>
      <trkpt lat="42.874203" lon="2.132493">
        <ele>802.86</ele>
      </trkpt>
      <trkpt lat="42.874307" lon="2.132571">
        <ele>801.72</ele>
      </trkpt>
      <trkpt lat="42.874404" lon="2.132421">
        <ele>800.62</ele>
      </trkpt>
      <trkpt lat="42.8746" lon="2.132756">
        <ele>797.85</ele>
      </trkpt>
      <trkpt lat="42.874598" lon="2.133016">
        <ele>798.69</ele>
      </trkpt>
      <trkpt lat="42.874653" lon="2.133188">
        <ele>798.59</ele>
      </trkpt>
      <trkpt lat="42.874763" lon="2.13329">
        <ele>793.24</ele>
      </trkpt>
      <trkpt lat="42.874881" lon="2.133496">
        <ele>787.82</ele>
      </trkpt>
      <trkpt lat="42.874993" lon="2.13359">
        <ele>782</ele>
      </trkpt>
      <trkpt lat="42.875041" lon="2.133504">
        <ele>779.05</ele>
      </trkpt>
      <trkpt lat="42.875123" lon="2.133279">
        <ele>773.75</ele>
      </trkpt>
      <trkpt lat="42.875206" lon="2.132874">
        <ele>768.16</ele>
      </trkpt>
      <trkpt lat="42.87528" lon="2.132662">
        <ele>764.72</ele>
      </trkpt>
      <trkpt lat="42.875292" lon="2.132477">
        <ele>764.56</ele>
      </trkpt>
      <trkpt lat="42.875363" lon="2.132209">
        <ele>761.55</ele>
      </trkpt>
      <trkpt lat="42.875453" lon="2.131833">
        <ele>758.49</ele>
      </trkpt>
      <trkpt lat="42.875579" lon="2.131764">
        <ele>753.67</ele>
      </trkpt>
      <trkpt lat="42.875768" lon="2.131715">
        <ele>746.67</ele>
      </trkpt>
      <trkpt lat="42.875907" lon="2.131648">
        <ele>741.75</ele>
      </trkpt>
      <trkpt lat="42.875977" lon="2.131579">
        <ele>739.58</ele>
      </trkpt>
      <trkpt lat="42.876086" lon="2.131436">
        <ele>736.5</ele>
      </trkpt>
      <trkpt lat="42.876454" lon="2.131219">
        <ele>727.38</ele>
      </trkpt>
      <trkpt lat="42.876737" lon="2.131104">
        <ele>723.54</ele>
      </trkpt>
      <trkpt lat="42.877032" lon="2.13083">
        <ele>720.56</ele>
      </trkpt>
      <trkpt lat="42.877447" lon="2.130353">
        <ele>713.72</ele>
      </trkpt>
      <trkpt lat="42.877576" lon="2.130066">
        <ele>710.85</ele>
      </trkpt>
      <trkpt lat="42.877767" lon="2.129728">
        <ele>707.12</ele>
      </trkpt>
      <trkpt lat="42.877877" lon="2.129336">
        <ele>706.87</ele>
      </trkpt>
      <trkpt lat="42.878066" lon="2.129028">
        <ele>703.21</ele>
      </trkpt>
      <trkpt lat="42.878138" lon="2.128778">
        <ele>701.58</ele>
      </trkpt>
      <trkpt lat="42.878188" lon="2.128575">
        <ele>701.31</ele>
      </trkpt>
      <trkpt lat="42.878245" lon="2.128668">
        <ele>697.25</ele>
      </trkpt>
      <trkpt lat="42.878331" lon="2.128768">
        <ele>692.34</ele>
      </trkpt>
      <trkpt lat="42.878482" lon="2.128816">
        <ele>684.85</ele>
      </trkpt>
      <trkpt lat="42.878581" lon="2.1288">
        <ele>680.18</ele>
      </trkpt>
      <trkpt lat="42.878912" lon="2.128888">
        <ele>666.15</ele>
      </trkpt>
      <trkpt lat="42.879029" lon="2.128931">
        <ele>662.71</ele>
      </trkpt>
      <trkpt lat="42.87921" lon="2.128958">
        <ele>657.31</ele>
      </trkpt>
      <trkpt lat="42.879484" lon="2.128939">
        <ele>649.36</ele>
      </trkpt>
      <trkpt lat="42.879607" lon="2.128843">
        <ele>646.63</ele>
      </trkpt>
      <trkpt lat="42.879786" lon="2.12867">
        <ele>644.4</ele>
      </trkpt>
      <trkpt lat="42.879968" lon="2.128458">
        <ele>643.59</ele>
      </trkpt>
      <trkpt lat="42.880103" lon="2.128383">
        <ele>641.93</ele>
      </trkpt>
      <trkpt lat="42.880325" lon="2.12818">
        <ele>640.38</ele>
      </trkpt>
      <trkpt lat="42.880422" lon="2.128026">
        <ele>640.65</ele>
      </trkpt>
      <trkpt lat="42.880528" lon="2.127917">
        <ele>640.13</ele>
      </trkpt>
      <trkpt lat="42.880657" lon="2.12785">
        <ele>638.47</ele>
      </trkpt>
      <trkpt lat="42.880806" lon="2.127758">
        <ele>637.02</ele>
      </trkpt>
      <trkpt lat="42.880916" lon="2.127737">
        <ele>634.99</ele>
      </trkpt>
      <trkpt lat="42.881183" lon="2.127789">
        <ele>628.54</ele>
      </trkpt>
      <trkpt lat="42.881259" lon="2.127849">
        <ele>626.19</ele>
      </trkpt>
      <trkpt lat="42.881296" lon="2.127901">
        <ele>624.86</ele>
      </trkpt>
      <trkpt lat="42.881335" lon="2.127982">
        <ele>623.38</ele>
      </trkpt>
      <trkpt lat="42.881846" lon="2.128175">
        <ele>616.97</ele>
      </trkpt>
      <trkpt lat="42.881875" lon="2.127468">
        <ele>620.04</ele>
      </trkpt>
      <trkpt lat="42.88201" lon="2.127215">
        <ele>619</ele>
      </trkpt>
      <trkpt lat="42.882027" lon="2.126965">
        <ele>618.99</ele>
      </trkpt>
      <trkpt lat="42.882074" lon="2.126292">
        <ele>618.97</ele>
      </trkpt>
      <trkpt lat="42.88204" lon="2.126015">
        <ele>621.14</ele>
      </trkpt>
      <trkpt lat="42.882018" lon="2.125419">
        <ele>625.82</ele>
      </trkpt>
      <trkpt lat="42.882077" lon="2.125201">
        <ele>626.21</ele>
      </trkpt>
      <trkpt lat="42.882161" lon="2.124979">
        <ele>626.24</ele>
      </trkpt>
      <trkpt lat="42.882336" lon="2.124159">
        <ele>629.03</ele>
      </trkpt>
      <trkpt lat="42.882507" lon="2.123588">
        <ele>630.7</ele>
      </trkpt>
      <trkpt lat="42.882629" lon="2.123349">
        <ele>632.02</ele>
      </trkpt>
      <trkpt lat="42.882697" lon="2.123258">
        <ele>632.02</ele>
      </trkpt>
      <trkpt lat="42.883345" lon="2.122857">
        <ele>629</ele>
      </trkpt>
      <trkpt lat="42.883629" lon="2.122768">
        <ele>627.58</ele>
      </trkpt>
      <trkpt lat="42.883881" lon="2.122744">
        <ele>624.8</ele>
      </trkpt>
      <trkpt lat="42.883988" lon="2.122604">
        <ele>625.03</ele>
      </trkpt>
      <trkpt lat="42.884224" lon="2.122023">
        <ele>627.66</ele>
      </trkpt>
      <trkpt lat="42.884355" lon="2.121441">
        <ele>627.09</ele>
      </trkpt>
      <trkpt lat="42.884532" lon="2.12051">
        <ele>628.8</ele>
      </trkpt>
      <trkpt lat="42.88466" lon="2.119778">
        <ele>635.02</ele>
      </trkpt>
      <trkpt lat="42.884851" lon="2.119229">
        <ele>635.66</ele>
      </trkpt>
      <trkpt lat="42.884933" lon="2.118919">
        <ele>635.05</ele>
      </trkpt>
      <trkpt lat="42.885031" lon="2.118548">
        <ele>634.32</ele>
      </trkpt>
      <trkpt lat="42.885142" lon="2.117631">
        <ele>630.01</ele>
      </trkpt>
      <trkpt lat="42.885156" lon="2.116997">
        <ele>628.71</ele>
      </trkpt>
      <trkpt lat="42.885988" lon="2.117191">
        <ele>607.64</ele>
      </trkpt>
      <trkpt lat="42.886827" lon="2.117652">
        <ele>591.4</ele>
      </trkpt>
      <trkpt lat="42.88798" lon="2.1183">
        <ele>580.09</ele>
      </trkpt>
      <trkpt lat="42.888638" lon="2.11867">
        <ele>573.64</ele>
      </trkpt>
      <trkpt lat="42.888667" lon="2.118385">
        <ele>573.6</ele>
      </trkpt>
      <trkpt lat="42.888733" lon="2.118121">
        <ele>573.36</ele>
      </trkpt>
      <trkpt lat="42.88901" lon="2.117637">
        <ele>573.09</ele>
      </trkpt>
      <trkpt lat="42.889255" lon="2.117251">
        <ele>573.58</ele>
      </trkpt>
      <trkpt lat="42.89001" lon="2.11626">
        <ele>575.91</ele>
      </trkpt>
      <trkpt lat="42.890393" lon="2.115706">
        <ele>580.01</ele>
      </trkpt>
      <trkpt lat="42.890641" lon="2.115234">
        <ele>582.44</ele>
      </trkpt>
      <trkpt lat="42.890903" lon="2.114495">
        <ele>581.94</ele>
      </trkpt>
      <trkpt lat="42.891161" lon="2.113953">
        <ele>579.78</ele>
      </trkpt>
      <trkpt lat="42.891392" lon="2.113407">
        <ele>578.36</ele>
      </trkpt>
      <trkpt lat="42.892559" lon="2.113805">
        <ele>572.32</ele>
      </trkpt>
      <trkpt lat="42.892973" lon="2.113931">
        <ele>570.05</ele>
      </trkpt>
      <trkpt lat="42.893288" lon="2.114007">
        <ele>569.41</ele>
      </trkpt>
      <trkpt lat="42.893488" lon="2.11399">
        <ele>569.01</ele>
      </trkpt>
      <trkpt lat="42.893649" lon="2.113891">
        <ele>568.6</ele>
      </trkpt>
      <trkpt lat="42.893792" lon="2.113701">
        <ele>568.07</ele>
      </trkpt>
      <trkpt lat="42.893984" lon="2.11357">
        <ele>567.39</ele>
      </trkpt>
      <trkpt lat="42.894772" lon="2.113426">
        <ele>565.25</ele>
      </trkpt>
      <trkpt lat="42.895091" lon="2.113629">
        <ele>566.03</ele>
      </trkpt>
      <trkpt lat="42.895135" lon="2.113673">
        <ele>566.16</ele>
      </trkpt>
      <trkpt lat="42.895794" lon="2.114">
        <ele>569.29</ele>
      </trkpt>
      <trkpt lat="42.896166" lon="2.114169">
        <ele>572.29</ele>
      </trkpt>
      <trkpt lat="42.896392" lon="2.114293">
        <ele>575.26</ele>
      </trkpt>
      <trkpt lat="42.896697" lon="2.114459">
        <ele>579.28</ele>
      </trkpt>
      <trkpt lat="42.89676" lon="2.114464">
        <ele>580.06</ele>
      </trkpt>
      <trkpt lat="42.897147" lon="2.114583">
        <ele>584.9</ele>
      </trkpt>
      <trkpt lat="42.897211" lon="2.114319">
        <ele>584.12</ele>
      </trkpt>
      <trkpt lat="42.89728" lon="2.113832">
        <ele>581.86</ele>
      </trkpt>
      <trkpt lat="42.897268" lon="2.11336">
        <ele>578.96</ele>
      </trkpt>
      <trkpt lat="42.897245" lon="2.112924">
        <ele>575.9</ele>
      </trkpt>
      <trkpt lat="42.897223" lon="2.112493">
        <ele>572.88</ele>
      </trkpt>
      <trkpt lat="42.897325" lon="2.112362">
        <ele>572.68</ele>
      </trkpt>
      <trkpt lat="42.897454" lon="2.111939">
        <ele>571.11</ele>
      </trkpt>
      <trkpt lat="42.897551" lon="2.111733">
        <ele>570.67</ele>
      </trkpt>
      <trkpt lat="42.897631" lon="2.111592">
        <ele>570.41</ele>
      </trkpt>
      <trkpt lat="42.897744" lon="2.111475">
        <ele>570.46</ele>
      </trkpt>
      <trkpt lat="42.897929" lon="2.111362">
        <ele>570.92</ele>
      </trkpt>
      <trkpt lat="42.898383" lon="2.111113">
        <ele>567.91</ele>
      </trkpt>
      <trkpt lat="42.898672" lon="2.110969">
        <ele>565.66</ele>
      </trkpt>
      <trkpt lat="42.898863" lon="2.110941">
        <ele>564.93</ele>
      </trkpt>
      <trkpt lat="42.899095" lon="2.110934">
        <ele>564.76</ele>
      </trkpt>
      <trkpt lat="42.899305" lon="2.110885">
        <ele>564.32</ele>
      </trkpt>
      <trkpt lat="42.899423" lon="2.110797">
        <ele>563.69</ele>
      </trkpt>
      <trkpt lat="42.899622" lon="2.110466">
        <ele>561.66</ele>
      </trkpt>
      <trkpt lat="42.899727" lon="2.110239">
        <ele>561.13</ele>
      </trkpt>
      <trkpt lat="42.899856" lon="2.110046">
        <ele>561.44</ele>
      </trkpt>
      <trkpt lat="42.900288" lon="2.109442">
        <ele>563.46</ele>
      </trkpt>
      <trkpt lat="42.900439" lon="2.109271">
        <ele>564.05</ele>
      </trkpt>
      <trkpt lat="42.900553" lon="2.109177">
        <ele>564.64</ele>
      </trkpt>
      <trkpt lat="42.900652" lon="2.109127">
        <ele>565.36</ele>
      </trkpt>
      <trkpt lat="42.900988" lon="2.108999">
        <ele>568.25</ele>
      </trkpt>
      <trkpt lat="42.901069" lon="2.108888">
        <ele>568.72</ele>
      </trkpt>
      <trkpt lat="42.90113" lon="2.10874">
        <ele>568.93</ele>
      </trkpt>
      <trkpt lat="42.901215" lon="2.108391">
        <ele>569.73</ele>
      </trkpt>
      <trkpt lat="42.901239" lon="2.108158">
        <ele>570.01</ele>
      </trkpt>
      <trkpt lat="42.901316" lon="2.1078">
        <ele>570.99</ele>
      </trkpt>
      <trkpt lat="42.901444" lon="2.107466">
        <ele>572.16</ele>
      </trkpt>
      <trkpt lat="42.901562" lon="2.107211">
        <ele>572.97</ele>
      </trkpt>
      <trkpt lat="42.901747" lon="2.106843">
        <ele>573.47</ele>
      </trkpt>
      <trkpt lat="42.901879" lon="2.106643">
        <ele>573.69</ele>
      </trkpt>
      <trkpt lat="42.902048" lon="2.106226">
        <ele>573.41</ele>
      </trkpt>
      <trkpt lat="42.902205" lon="2.105942">
        <ele>572.94</ele>
      </trkpt>
      <trkpt lat="42.902735" lon="2.105127">
        <ele>572.1</ele>
      </trkpt>
      <trkpt lat="42.902898" lon="2.104944">
        <ele>572.09</ele>
      </trkpt>
      <trkpt lat="42.90313" lon="2.104708">
        <ele>572.33</ele>
      </trkpt>
      <trkpt lat="42.903162" lon="2.104676">
        <ele>572.36</ele>
      </trkpt>
      <trkpt lat="42.903422" lon="2.104321">
        <ele>572.48</ele>
      </trkpt>
      <trkpt lat="42.903745" lon="2.103971">
        <ele>572.57</ele>
      </trkpt>
      <trkpt lat="42.903951" lon="2.10381">
        <ele>572.55</ele>
      </trkpt>
      <trkpt lat="42.904364" lon="2.10344">
        <ele>572.16</ele>
      </trkpt>
      <trkpt lat="42.904522" lon="2.103385">
        <ele>572.59</ele>
      </trkpt>
      <trkpt lat="42.905004" lon="2.10324">
        <ele>573.38</ele>
      </trkpt>
      <trkpt lat="42.905364" lon="2.103088">
        <ele>573.38</ele>
      </trkpt>
      <trkpt lat="42.906045" lon="2.102953">
        <ele>574.17</ele>
      </trkpt>
      <trkpt lat="42.906604" lon="2.10262">
        <ele>573.21</ele>
      </trkpt>
      <trkpt lat="42.907475" lon="2.102316">
        <ele>572.15</ele>
      </trkpt>
      <trkpt lat="42.907958" lon="2.102102">
        <ele>570.61</ele>
      </trkpt>
      <trkpt lat="42.908307" lon="2.101889">
        <ele>570.02</ele>
      </trkpt>
      <trkpt lat="42.908585" lon="2.10172">
        <ele>569.56</ele>
      </trkpt>
      <trkpt lat="42.909048" lon="2.101402">
        <ele>568.24</ele>
      </trkpt>
      <trkpt lat="42.909292" lon="2.101105">
        <ele>566.58</ele>
      </trkpt>
      <trkpt lat="42.909523" lon="2.100895">
        <ele>565.56</ele>
      </trkpt>
      <trkpt lat="42.909703" lon="2.100669">
        <ele>564.57</ele>
      </trkpt>
      <trkpt lat="42.909877" lon="2.100409">
        <ele>563.53</ele>
      </trkpt>
      <trkpt lat="42.9102" lon="2.100073">
        <ele>561.99</ele>
      </trkpt>
      <trkpt lat="42.91038" lon="2.099914">
        <ele>561.26</ele>
      </trkpt>
      <trkpt lat="42.910555" lon="2.099676">
        <ele>560.29</ele>
      </trkpt>
      <trkpt lat="42.910815" lon="2.099109">
        <ele>557.05</ele>
      </trkpt>
      <trkpt lat="42.911184" lon="2.098008">
        <ele>551.02</ele>
      </trkpt>
      <trkpt lat="42.911324" lon="2.097666">
        <ele>549.6</ele>
      </trkpt>
      <trkpt lat="42.91147" lon="2.097362">
        <ele>549.99</ele>
      </trkpt>
      <trkpt lat="42.911511" lon="2.097195">
        <ele>549.86</ele>
      </trkpt>
      <trkpt lat="42.911621" lon="2.096829">
        <ele>549.5</ele>
      </trkpt>
      <trkpt lat="42.911752" lon="2.096486">
        <ele>549.21</ele>
      </trkpt>
      <trkpt lat="42.911954" lon="2.096125">
        <ele>549.31</ele>
      </trkpt>
      <trkpt lat="42.912107" lon="2.095445">
        <ele>547.18</ele>
      </trkpt>
      <trkpt lat="42.912214" lon="2.095154">
        <ele>546.61</ele>
      </trkpt>
      <trkpt lat="42.912413" lon="2.094434">
        <ele>545.37</ele>
      </trkpt>
      <trkpt lat="42.912504" lon="2.094059">
        <ele>545.01</ele>
      </trkpt>
      <trkpt lat="42.912574" lon="2.093632">
        <ele>544.38</ele>
      </trkpt>
      <trkpt lat="42.912591" lon="2.093411">
        <ele>543.81</ele>
      </trkpt>
      <trkpt lat="42.912665" lon="2.093194">
        <ele>543.55</ele>
      </trkpt>
      <trkpt lat="42.912793" lon="2.092993">
        <ele>543.56</ele>
      </trkpt>
      <trkpt lat="42.912968" lon="2.092383">
        <ele>541.14</ele>
      </trkpt>
      <trkpt lat="42.913089" lon="2.092101">
        <ele>540.37</ele>
      </trkpt>
      <trkpt lat="42.913321" lon="2.091744">
        <ele>540.38</ele>
      </trkpt>
      <trkpt lat="42.913557" lon="2.091403">
        <ele>540.36</ele>
      </trkpt>
      <trkpt lat="42.913834" lon="2.090916">
        <ele>540.47</ele>
      </trkpt>
      <trkpt lat="42.913939" lon="2.090671">
        <ele>540.6</ele>
      </trkpt>
      <trkpt lat="42.914081" lon="2.090374">
        <ele>540.66</ele>
      </trkpt>
      <trkpt lat="42.914125" lon="2.090201">
        <ele>540.31</ele>
      </trkpt>
      <trkpt lat="42.914202" lon="2.089973">
        <ele>539.94</ele>
      </trkpt>
      <trkpt lat="42.914335" lon="2.089654">
        <ele>539.6</ele>
      </trkpt>
      <trkpt lat="42.914427" lon="2.089401">
        <ele>539.54</ele>
      </trkpt>
      <trkpt lat="42.914721" lon="2.08874">
        <ele>541.66</ele>
      </trkpt>
      <trkpt lat="42.914853" lon="2.088368">
        <ele>542.84</ele>
      </trkpt>
      <trkpt lat="42.914939" lon="2.087903">
        <ele>543.43</ele>
      </trkpt>
      <trkpt lat="42.914974" lon="2.087628">
        <ele>542.84</ele>
      </trkpt>
      <trkpt lat="42.915064" lon="2.087335">
        <ele>542.6</ele>
      </trkpt>
      <trkpt lat="42.915173" lon="2.086662">
        <ele>540.51</ele>
      </trkpt>
      <trkpt lat="42.915334" lon="2.086044">
        <ele>538.7</ele>
      </trkpt>
      <trkpt lat="42.915334" lon="2.085449">
        <ele>535.84</ele>
      </trkpt>
      <trkpt lat="42.915282" lon="2.084952">
        <ele>532.54</ele>
      </trkpt>
      <trkpt lat="42.915365" lon="2.084513">
        <ele>530.83</ele>
      </trkpt>
      <trkpt lat="42.915417" lon="2.084309">
        <ele>530.13</ele>
      </trkpt>
      <trkpt lat="42.915684" lon="2.083721">
        <ele>530.09</ele>
      </trkpt>
      <trkpt lat="42.915824" lon="2.08339">
        <ele>531.03</ele>
      </trkpt>
      <trkpt lat="42.915948" lon="2.082889">
        <ele>530.44</ele>
      </trkpt>
      <trkpt lat="42.916091" lon="2.082309">
        <ele>529.76</ele>
      </trkpt>
      <trkpt lat="42.916263" lon="2.081712">
        <ele>528.13</ele>
      </trkpt>
      <trkpt lat="42.916421" lon="2.080961">
        <ele>526.06</ele>
      </trkpt>
      <trkpt lat="42.916473" lon="2.080429">
        <ele>524.75</ele>
      </trkpt>
      <trkpt lat="42.91656" lon="2.079917">
        <ele>523.32</ele>
      </trkpt>
      <trkpt lat="42.916692" lon="2.079453">
        <ele>522.83</ele>
      </trkpt>
      <trkpt lat="42.916894" lon="2.078626">
        <ele>519.62</ele>
      </trkpt>
      <trkpt lat="42.917026" lon="2.078253">
        <ele>519.07</ele>
      </trkpt>
      <trkpt lat="42.917222" lon="2.077777">
        <ele>519.31</ele>
      </trkpt>
      <trkpt lat="42.917281" lon="2.077623">
        <ele>520.11</ele>
      </trkpt>
      <trkpt lat="42.917267" lon="2.077239">
        <ele>518.71</ele>
      </trkpt>
      <trkpt lat="42.917446" lon="2.076856">
        <ele>520.89</ele>
      </trkpt>
      <trkpt lat="42.917584" lon="2.076639">
        <ele>522.61</ele>
      </trkpt>
      <trkpt lat="42.91812" lon="2.075451">
        <ele>527.32</ele>
      </trkpt>
      <trkpt lat="42.918344" lon="2.07489">
        <ele>529.22</ele>
      </trkpt>
      <trkpt lat="42.918487" lon="2.074592">
        <ele>530.84</ele>
      </trkpt>
      <trkpt lat="42.918589" lon="2.074265">
        <ele>531.27</ele>
      </trkpt>
      <trkpt lat="42.91867" lon="2.073841">
        <ele>530.56</ele>
      </trkpt>
      <trkpt lat="42.91877" lon="2.073533">
        <ele>531.14</ele>
      </trkpt>
      <trkpt lat="42.918775" lon="2.073489">
        <ele>531.04</ele>
      </trkpt>
      <trkpt lat="42.9188" lon="2.073286">
        <ele>530.62</ele>
      </trkpt>
      <trkpt lat="42.91888" lon="2.072988">
        <ele>531.71</ele>
      </trkpt>
      <trkpt lat="42.918929" lon="2.072747">
        <ele>531.79</ele>
      </trkpt>
      <trkpt lat="42.919012" lon="2.07213">
        <ele>529.37</ele>
      </trkpt>
      <trkpt lat="42.919077" lon="2.07184">
        <ele>529.21</ele>
      </trkpt>
      <trkpt lat="42.919196" lon="2.071596">
        <ele>531.47</ele>
      </trkpt>
      <trkpt lat="42.919507" lon="2.071154">
        <ele>539.16</ele>
      </trkpt>
      <trkpt lat="42.919554" lon="2.071025">
        <ele>539.8</ele>
      </trkpt>
      <trkpt lat="42.919686" lon="2.070843">
        <ele>543.12</ele>
      </trkpt>
      <trkpt lat="42.919784" lon="2.070507">
        <ele>544.13</ele>
      </trkpt>
      <trkpt lat="42.919876" lon="2.070073">
        <ele>545.64</ele>
      </trkpt>
      <trkpt lat="42.919915" lon="2.069783">
        <ele>546.3</ele>
      </trkpt>
      <trkpt lat="42.919974" lon="2.069429">
        <ele>547.65</ele>
      </trkpt>
      <trkpt lat="42.920014" lon="2.069113">
        <ele>548.46</ele>
      </trkpt>
      <trkpt lat="42.92011" lon="2.068866">
        <ele>551.67</ele>
      </trkpt>
      <trkpt lat="42.920251" lon="2.068576">
        <ele>556.04</ele>
      </trkpt>
      <trkpt lat="42.920412" lon="2.067879">
        <ele>557.55</ele>
      </trkpt>
      <trkpt lat="42.920465" lon="2.067737">
        <ele>559.21</ele>
      </trkpt>
      <trkpt lat="42.920518" lon="2.06789">
        <ele>561.61</ele>
      </trkpt>
      <trkpt lat="42.920563" lon="2.068069">
        <ele>564.69</ele>
      </trkpt>
      <trkpt lat="42.920673" lon="2.068276">
        <ele>570.49</ele>
      </trkpt>
      <trkpt lat="42.920776" lon="2.068421">
        <ele>575.45</ele>
      </trkpt>
      <trkpt lat="42.920915" lon="2.068992">
        <ele>584.33</ele>
      </trkpt>
      <trkpt lat="42.92096" lon="2.069547">
        <ele>589.49</ele>
      </trkpt>
      <trkpt lat="42.921035" lon="2.069952">
        <ele>594.64</ele>
      </trkpt>
      <trkpt lat="42.921066" lon="2.070069">
        <ele>596.59</ele>
      </trkpt>
      <trkpt lat="42.921131" lon="2.070312">
        <ele>600.65</ele>
      </trkpt>
      <trkpt lat="42.921245" lon="2.070609">
        <ele>607.65</ele>
      </trkpt>
      <trkpt lat="42.921306" lon="2.070853">
        <ele>612.04</ele>
      </trkpt>
      <trkpt lat="42.92141" lon="2.071105">
        <ele>617.09</ele>
      </trkpt>
      <trkpt lat="42.921528" lon="2.071213">
        <ele>621.15</ele>
      </trkpt>
      <trkpt lat="42.921868" lon="2.071264">
        <ele>631.24</ele>
      </trkpt>
      <trkpt lat="42.921974" lon="2.071307">
        <ele>634.55</ele>
      </trkpt>
      <trkpt lat="42.922046" lon="2.071288">
        <ele>636.55</ele>
      </trkpt>
      <trkpt lat="42.922099" lon="2.071181">
        <ele>637.45</ele>
      </trkpt>
      <trkpt lat="42.922152" lon="2.070977">
        <ele>638.24</ele>
      </trkpt>
      <trkpt lat="42.922176" lon="2.07073">
        <ele>637.4</ele>
      </trkpt>
      <trkpt lat="42.92219" lon="2.070381">
        <ele>636.25</ele>
      </trkpt>
      <trkpt lat="42.922211" lon="2.070172">
        <ele>635.24</ele>
      </trkpt>
      <trkpt lat="42.922115" lon="2.069915">
        <ele>632.17</ele>
      </trkpt>
      <trkpt lat="42.922067" lon="2.069341">
        <ele>626.96</ele>
      </trkpt>
      <trkpt lat="42.922078" lon="2.06897">
        <ele>624.64</ele>
      </trkpt>
      <trkpt lat="42.922084" lon="2.068938">
        <ele>624.61</ele>
      </trkpt>
      <trkpt lat="42.922135" lon="2.068667">
        <ele>624.36</ele>
      </trkpt>
      <trkpt lat="42.922174" lon="2.068338">
        <ele>624.41</ele>
      </trkpt>
      <trkpt lat="42.92218" lon="2.067935">
        <ele>623.47</ele>
      </trkpt>
      <trkpt lat="42.922276" lon="2.067211">
        <ele>619.61</ele>
      </trkpt>
      <trkpt lat="42.922253" lon="2.066286">
        <ele>615.28</ele>
      </trkpt>
      <trkpt lat="42.922198" lon="2.065993">
        <ele>614.46</ele>
      </trkpt>
      <trkpt lat="42.921989" lon="2.065101">
        <ele>607.55</ele>
      </trkpt>
      <trkpt lat="42.921966" lon="2.064615">
        <ele>605.44</ele>
      </trkpt>
      <trkpt lat="42.921993" lon="2.064014">
        <ele>605.4</ele>
      </trkpt>
      <trkpt lat="42.921982" lon="2.06377">
        <ele>604.74</ele>
      </trkpt>
      <trkpt lat="42.921929" lon="2.063437">
        <ele>603.34</ele>
      </trkpt>
      <trkpt lat="42.921806" lon="2.062794">
        <ele>600.56</ele>
      </trkpt>
      <trkpt lat="42.921761" lon="2.062608">
        <ele>599.26</ele>
      </trkpt>
      <trkpt lat="42.921679" lon="2.062265">
        <ele>596.86</ele>
      </trkpt>
      <trkpt lat="42.92163" lon="2.062024">
        <ele>595.53</ele>
      </trkpt>
      <trkpt lat="42.921423" lon="2.06145">
        <ele>588.74</ele>
      </trkpt>
      <trkpt lat="42.921386" lon="2.061222">
        <ele>587.48</ele>
      </trkpt>
      <trkpt lat="42.921381" lon="2.060768">
        <ele>586.53</ele>
      </trkpt>
      <trkpt lat="42.921335" lon="2.060275">
        <ele>585.26</ele>
      </trkpt>
      <trkpt lat="42.921365" lon="2.060084">
        <ele>585.76</ele>
      </trkpt>
      <trkpt lat="42.921349" lon="2.059859">
        <ele>585.83</ele>
      </trkpt>
      <trkpt lat="42.921306" lon="2.059604">
        <ele>585.28</ele>
      </trkpt>
      <trkpt lat="42.921276" lon="2.05932">
        <ele>584.18</ele>
      </trkpt>
      <trkpt lat="42.921194" lon="2.058831">
        <ele>580.94</ele>
      </trkpt>
      <trkpt lat="42.921164" lon="2.058816">
        <ele>579.76</ele>
      </trkpt>
      <trkpt lat="42.921143" lon="2.05875">
        <ele>578.93</ele>
      </trkpt>
      <trkpt lat="42.921062" lon="2.058189">
        <ele>576.5</ele>
      </trkpt>
      <trkpt lat="42.920989" lon="2.057851">
        <ele>574.47</ele>
      </trkpt>
      <trkpt lat="42.920818" lon="2.056803">
        <ele>572.74</ele>
      </trkpt>
      <trkpt lat="42.920652" lon="2.05616">
        <ele>569.81</ele>
      </trkpt>
      <trkpt lat="42.920465" lon="2.055362">
        <ele>567.92</ele>
      </trkpt>
      <trkpt lat="42.920497" lon="2.055139">
        <ele>569.32</ele>
      </trkpt>
      <trkpt lat="42.92049" lon="2.054703">
        <ele>569.09</ele>
      </trkpt>
      <trkpt lat="42.920454" lon="2.054178">
        <ele>565.7</ele>
      </trkpt>
      <trkpt lat="42.920449" lon="2.054104">
        <ele>565.22</ele>
      </trkpt>
      <trkpt lat="42.92048" lon="2.053917">
        <ele>565.22</ele>
      </trkpt>
      <trkpt lat="42.920531" lon="2.053715">
        <ele>564.74</ele>
      </trkpt>
      <trkpt lat="42.920439" lon="2.053348">
        <ele>559.2</ele>
      </trkpt>
      <trkpt lat="42.920424" lon="2.053071">
        <ele>556.01</ele>
      </trkpt>
      <trkpt lat="42.920213" lon="2.052812">
        <ele>549.08</ele>
      </trkpt>
      <trkpt lat="42.920105" lon="2.052626">
        <ele>545.15</ele>
      </trkpt>
      <trkpt lat="42.919858" lon="2.052108">
        <ele>538.03</ele>
      </trkpt>
      <trkpt lat="42.919635" lon="2.051846">
        <ele>533.19</ele>
      </trkpt>
      <trkpt lat="42.91934" lon="2.051604">
        <ele>523.53</ele>
      </trkpt>
      <trkpt lat="42.919064" lon="2.05145">
        <ele>516.91</ele>
      </trkpt>
      <trkpt lat="42.918948" lon="2.051363">
        <ele>514.46</ele>
      </trkpt>
      <trkpt lat="42.918789" lon="2.051163">
        <ele>510.9</ele>
      </trkpt>
      <trkpt lat="42.918693" lon="2.051068">
        <ele>507.26</ele>
      </trkpt>
      <trkpt lat="42.918592" lon="2.050968">
        <ele>503.44</ele>
      </trkpt>
      <trkpt lat="42.918498" lon="2.050695">
        <ele>499.41</ele>
      </trkpt>
      <trkpt lat="42.918472" lon="2.050447">
        <ele>497.77</ele>
      </trkpt>
      <trkpt lat="42.918395" lon="2.050272">
        <ele>494.74</ele>
      </trkpt>
      <trkpt lat="42.918341" lon="2.049936">
        <ele>490.96</ele>
      </trkpt>
      <trkpt lat="42.918318" lon="2.04958">
        <ele>488.05</ele>
      </trkpt>
      <trkpt lat="42.918336" lon="2.049335">
        <ele>486.17</ele>
      </trkpt>
      <trkpt lat="42.918262" lon="2.049153">
        <ele>483.51</ele>
      </trkpt>
      <trkpt lat="42.918075" lon="2.049072">
        <ele>480.84</ele>
      </trkpt>
      <trkpt lat="42.917954" lon="2.048974">
        <ele>479.27</ele>
      </trkpt>
      <trkpt lat="42.917975" lon="2.048796">
        <ele>478.53</ele>
      </trkpt>
      <trkpt lat="42.918023" lon="2.048633">
        <ele>478.2</ele>
      </trkpt>
      <trkpt lat="42.918229" lon="2.048605">
        <ele>479.03</ele>
      </trkpt>
      <trkpt lat="42.919709" lon="2.048685">
        <ele>483.55</ele>
      </trkpt>
      <trkpt lat="42.919829" lon="2.04869">
        <ele>483.84</ele>
      </trkpt>
      <trkpt lat="42.919952" lon="2.048676">
        <ele>484.09</ele>
      </trkpt>
      <trkpt lat="42.920068" lon="2.048644">
        <ele>484.25</ele>
      </trkpt>
      <trkpt lat="42.920178" lon="2.048591">
        <ele>484.27</ele>
      </trkpt>
      <trkpt lat="42.920243" lon="2.048521">
        <ele>484.04</ele>
      </trkpt>
      <trkpt lat="42.920309" lon="2.048425">
        <ele>483.67</ele>
      </trkpt>
      <trkpt lat="42.920382" lon="2.04827">
        <ele>483.01</ele>
      </trkpt>
      <trkpt lat="42.920455" lon="2.04804">
        <ele>481.99</ele>
      </trkpt>
      <trkpt lat="42.920551" lon="2.04763">
        <ele>480.37</ele>
      </trkpt>
      <trkpt lat="42.920546" lon="2.047486">
        <ele>479.65</ele>
      </trkpt>
      <trkpt lat="42.920568" lon="2.047302">
        <ele>478.9</ele>
      </trkpt>
      <trkpt lat="42.920561" lon="2.047269">
        <ele>478.7</ele>
      </trkpt>
      <trkpt lat="42.920519" lon="2.047213">
        <ele>478.18</ele>
      </trkpt>
      <trkpt lat="42.920248" lon="2.046996">
        <ele>475.94</ele>
      </trkpt>
      <trkpt lat="42.920179" lon="2.046883">
        <ele>476.46</ele>
      </trkpt>
      <trkpt lat="42.920157" lon="2.046791">
        <ele>477.04</ele>
      </trkpt>
      <trkpt lat="42.919998" lon="2.046666">
        <ele>477.04</ele>
      </trkpt>
      <trkpt lat="42.919904" lon="2.046564">
        <ele>477.19</ele>
      </trkpt>
      <trkpt lat="42.919881" lon="2.046377">
        <ele>478.3</ele>
      </trkpt>
      <trkpt lat="42.919761" lon="2.046359">
        <ele>477.61</ele>
      </trkpt>
      <trkpt lat="42.919556" lon="2.04615">
        <ele>477.65</ele>
      </trkpt>
      <trkpt lat="42.91952" lon="2.046113">
        <ele>477.67</ele>
      </trkpt>
      <trkpt lat="42.919338" lon="2.045849">
        <ele>478.2</ele>
      </trkpt>
      <trkpt lat="42.919231" lon="2.0456">
        <ele>479.08</ele>
      </trkpt>
      <trkpt lat="42.919168" lon="2.045507">
        <ele>479.34</ele>
      </trkpt>
      <trkpt lat="42.918718" lon="2.045183">
        <ele>482.13</ele>
      </trkpt>
      <trkpt lat="42.918543" lon="2.045129">
        <ele>483.31</ele>
      </trkpt>
      <trkpt lat="42.918167" lon="2.045058">
        <ele>484.94</ele>
      </trkpt>
      <trkpt lat="42.917947" lon="2.045061">
        <ele>484.82</ele>
      </trkpt>
      <trkpt lat="42.917751" lon="2.045099">
        <ele>483.25</ele>
      </trkpt>
      <trkpt lat="42.917618" lon="2.045164">
        <ele>481.81</ele>
      </trkpt>
      <trkpt lat="42.917505" lon="2.045467">
        <ele>480.43</ele>
      </trkpt>
      <trkpt lat="42.91712" lon="2.046506">
        <ele>480.33</ele>
      </trkpt>
      <trkpt lat="42.917112" lon="2.046646">
        <ele>480.46</ele>
      </trkpt>
      <trkpt lat="42.917175" lon="2.047422">
        <ele>480.44</ele>
      </trkpt>
      <trkpt lat="42.917171" lon="2.047584">
        <ele>480.27</ele>
      </trkpt>
      <trkpt lat="42.917168" lon="2.047762">
        <ele>480.07</ele>
      </trkpt>
      <trkpt lat="42.917147" lon="2.047862">
        <ele>479.55</ele>
      </trkpt>
      <trkpt lat="42.917099" lon="2.048091">
        <ele>478.37</ele>
      </trkpt>
      <trkpt lat="42.916788" lon="2.04906">
        <ele>474.8</ele>
      </trkpt>
      <trkpt lat="42.916716" lon="2.049127">
        <ele>474.72</ele>
      </trkpt>
      <trkpt lat="42.916602" lon="2.049117">
        <ele>474.65</ele>
      </trkpt>
      <trkpt lat="42.916269" lon="2.049064">
        <ele>474.56</ele>
      </trkpt>
      <trkpt lat="42.916151" lon="2.049085">
        <ele>474.61</ele>
      </trkpt>
      <trkpt lat="42.915841" lon="2.049158">
        <ele>474.75</ele>
      </trkpt>
      <trkpt lat="42.915737" lon="2.049234">
        <ele>474.8</ele>
      </trkpt>
      <trkpt lat="42.915701" lon="2.049379">
        <ele>474.78</ele>
      </trkpt>
      <trkpt lat="42.915598" lon="2.050142">
        <ele>475.07</ele>
      </trkpt>
      <trkpt lat="42.914401" lon="2.050063">
        <ele>476.47</ele>
      </trkpt>
      <trkpt lat="42.913562" lon="2.049989">
        <ele>477.18</ele>
      </trkpt>
      <trkpt lat="42.912655" lon="2.049925">
        <ele>477.7</ele>
      </trkpt>
      <trkpt lat="42.912285" lon="2.049882">
        <ele>477.91</ele>
      </trkpt>
      <trkpt lat="42.912014" lon="2.049879">
        <ele>478.24</ele>
      </trkpt>
      <trkpt lat="42.911894" lon="2.049954">
        <ele>478.47</ele>
      </trkpt>
      <trkpt lat="42.910533" lon="2.051207">
        <ele>480.86</ele>
      </trkpt>
      <trkpt lat="42.909862" lon="2.051845">
        <ele>481.75</ele>
      </trkpt>
      <trkpt lat="42.909083" lon="2.052722">
        <ele>482.95</ele>
      </trkpt>
      <trkpt lat="42.908356" lon="2.053564">
        <ele>484.9</ele>
      </trkpt>
      <trkpt lat="42.906526" lon="2.055646">
        <ele>490.61</ele>
      </trkpt>
      <trkpt lat="42.904912" lon="2.057482">
        <ele>495.64</ele>
      </trkpt>
      <trkpt lat="42.904816" lon="2.057628">
        <ele>496.14</ele>
      </trkpt>
      <trkpt lat="42.904801" lon="2.057839">
        <ele>496.63</ele>
      </trkpt>
      <trkpt lat="42.904824" lon="2.058199">
        <ele>498.38</ele>
      </trkpt>
      <trkpt lat="42.904857" lon="2.058468">
        <ele>499.69</ele>
      </trkpt>
      <trkpt lat="42.904874" lon="2.058754">
        <ele>501.27</ele>
      </trkpt>
      <trkpt lat="42.904161" lon="2.058899">
        <ele>502.88</ele>
      </trkpt>
      <trkpt lat="42.903781" lon="2.058823">
        <ele>502.78</ele>
      </trkpt>
      <trkpt lat="42.903556" lon="2.058844">
        <ele>503.31</ele>
      </trkpt>
      <trkpt lat="42.903369" lon="2.058847">
        <ele>503.67</ele>
      </trkpt>
      <trkpt lat="42.903195" lon="2.058765">
        <ele>503.76</ele>
      </trkpt>
      <trkpt lat="42.903031" lon="2.058624">
        <ele>503.93</ele>
      </trkpt>
      <trkpt lat="42.902761" lon="2.058393">
        <ele>504.21</ele>
      </trkpt>
      <trkpt lat="42.902458" lon="2.058108">
        <ele>504.96</ele>
      </trkpt>
      <trkpt lat="42.902252" lon="2.057978">
        <ele>505.7</ele>
      </trkpt>
      <trkpt lat="42.902043" lon="2.057967">
        <ele>506.44</ele>
      </trkpt>
      <trkpt lat="42.901833" lon="2.058036">
        <ele>507.17</ele>
      </trkpt>
      <trkpt lat="42.901669" lon="2.058239">
        <ele>508.18</ele>
      </trkpt>
      <trkpt lat="42.901535" lon="2.058373">
        <ele>509.05</ele>
      </trkpt>
      <trkpt lat="42.901445" lon="2.058434">
        <ele>509.6</ele>
      </trkpt>
      <trkpt lat="42.901371" lon="2.058417">
        <ele>509.85</ele>
      </trkpt>
      <trkpt lat="42.901247" lon="2.058365">
        <ele>510.12</ele>
      </trkpt>
      <trkpt lat="42.900747" lon="2.058258">
        <ele>511.9</ele>
      </trkpt>
      <trkpt lat="42.900287" lon="2.058137">
        <ele>514.87</ele>
      </trkpt>
      <trkpt lat="42.899937" lon="2.058061">
        <ele>517.76</ele>
      </trkpt>
      <trkpt lat="42.899895" lon="2.057961">
        <ele>518.16</ele>
      </trkpt>
      <trkpt lat="42.89989" lon="2.057791">
        <ele>518.21</ele>
      </trkpt>
      <trkpt lat="42.899916" lon="2.057343">
        <ele>517.7</ele>
      </trkpt>
      <trkpt lat="42.899963" lon="2.057107">
        <ele>517.08</ele>
      </trkpt>
      <trkpt lat="42.900016" lon="2.056898">
        <ele>515.91</ele>
      </trkpt>
      <trkpt lat="42.900054" lon="2.056683">
        <ele>514.37</ele>
      </trkpt>
      <trkpt lat="42.900057" lon="2.05641">
        <ele>512.88</ele>
      </trkpt>
      <trkpt lat="42.900017" lon="2.056119">
        <ele>511.64</ele>
      </trkpt>
      <trkpt lat="42.899918" lon="2.055804">
        <ele>510.03</ele>
      </trkpt>
      <trkpt lat="42.899397" lon="2.055105">
        <ele>509.44</ele>
      </trkpt>
      <trkpt lat="42.899209" lon="2.054875">
        <ele>509</ele>
      </trkpt>
      <trkpt lat="42.898968" lon="2.054667">
        <ele>508.68</ele>
      </trkpt>
      <trkpt lat="42.898741" lon="2.054443">
        <ele>508.52</ele>
      </trkpt>
      <trkpt lat="42.898583" lon="2.054202">
        <ele>508.4</ele>
      </trkpt>
      <trkpt lat="42.8984" lon="2.05372">
        <ele>504.96</ele>
      </trkpt>
      <trkpt lat="42.89826" lon="2.053448">
        <ele>504.03</ele>
      </trkpt>
      <trkpt lat="42.898201" lon="2.053149">
        <ele>503.31</ele>
      </trkpt>
      <trkpt lat="42.898134" lon="2.053049">
        <ele>503.18</ele>
      </trkpt>
      <trkpt lat="42.898047" lon="2.052947">
        <ele>503.11</ele>
      </trkpt>
      <trkpt lat="42.897931" lon="2.052888">
        <ele>503.24</ele>
      </trkpt>
      <trkpt lat="42.897807" lon="2.05281">
        <ele>503.75</ele>
      </trkpt>
      <trkpt lat="42.897574" lon="2.052518">
        <ele>507.1</ele>
      </trkpt>
      <trkpt lat="42.897448" lon="2.052484">
        <ele>507.59</ele>
      </trkpt>
      <trkpt lat="42.897356" lon="2.052504">
        <ele>507.56</ele>
      </trkpt>
      <trkpt lat="42.897175" lon="2.052541">
        <ele>507.49</ele>
      </trkpt>
      <trkpt lat="42.896911" lon="2.052527">
        <ele>508.43</ele>
      </trkpt>
      <trkpt lat="42.896711" lon="2.052529">
        <ele>509.08</ele>
      </trkpt>
      <trkpt lat="42.896635" lon="2.052576">
        <ele>508.86</ele>
      </trkpt>
      <trkpt lat="42.896508" lon="2.052754">
        <ele>507.45</ele>
      </trkpt>
      <trkpt lat="42.896413" lon="2.052856">
        <ele>506.79</ele>
      </trkpt>
      <trkpt lat="42.896216" lon="2.052941">
        <ele>507.64</ele>
      </trkpt>
      <trkpt lat="42.896028" lon="2.053049">
        <ele>508.89</ele>
      </trkpt>
      <trkpt lat="42.895878" lon="2.053163">
        <ele>510.1</ele>
      </trkpt>
      <trkpt lat="42.895778" lon="2.053188">
        <ele>510.8</ele>
      </trkpt>
      <trkpt lat="42.895679" lon="2.053136">
        <ele>511.22</ele>
      </trkpt>
      <trkpt lat="42.89553" lon="2.053026">
        <ele>511.62</ele>
      </trkpt>
      <trkpt lat="42.895401" lon="2.052895">
        <ele>511.52</ele>
      </trkpt>
      <trkpt lat="42.895225" lon="2.052753">
        <ele>513.28</ele>
      </trkpt>
      <trkpt lat="42.895107" lon="2.052806">
        <ele>512.89</ele>
      </trkpt>
      <trkpt lat="42.894992" lon="2.052967">
        <ele>513.01</ele>
      </trkpt>
      <trkpt lat="42.894846" lon="2.053212">
        <ele>513.71</ele>
      </trkpt>
      <trkpt lat="42.894745" lon="2.053261">
        <ele>513.89</ele>
      </trkpt>
      <trkpt lat="42.894603" lon="2.053237">
        <ele>514.27</ele>
      </trkpt>
      <trkpt lat="42.894151" lon="2.053086">
        <ele>516.49</ele>
      </trkpt>
      <trkpt lat="42.893966" lon="2.053076">
        <ele>517.37</ele>
      </trkpt>
      <trkpt lat="42.893748" lon="2.053064">
        <ele>518.26</ele>
      </trkpt>
      <trkpt lat="42.893607" lon="2.053033">
        <ele>518.43</ele>
      </trkpt>
      <trkpt lat="42.893432" lon="2.052941">
        <ele>517.96</ele>
      </trkpt>
      <trkpt lat="42.893386" lon="2.052778">
        <ele>517.35</ele>
      </trkpt>
      <trkpt lat="42.893366" lon="2.05261">
        <ele>518.24</ele>
      </trkpt>
      <trkpt lat="42.892976" lon="2.052773">
        <ele>517.35</ele>
      </trkpt>
      <trkpt lat="42.892768" lon="2.052803">
        <ele>517.97</ele>
      </trkpt>
      <trkpt lat="42.89257" lon="2.052794">
        <ele>518.74</ele>
      </trkpt>
      <trkpt lat="42.891831" lon="2.052594">
        <ele>521.26</ele>
      </trkpt>
      <trkpt lat="42.891537" lon="2.05262">
        <ele>520.94</ele>
      </trkpt>
      <trkpt lat="42.891413" lon="2.052648">
        <ele>520.78</ele>
      </trkpt>
      <trkpt lat="42.891313" lon="2.052671">
        <ele>520.65</ele>
      </trkpt>
      <trkpt lat="42.890887" lon="2.052623">
        <ele>525.34</ele>
      </trkpt>
      <trkpt lat="42.89031" lon="2.052379">
        <ele>527.11</ele>
      </trkpt>
      <trkpt lat="42.890046" lon="2.05235">
        <ele>526.99</ele>
      </trkpt>
      <trkpt lat="42.889757" lon="2.052414">
        <ele>527.83</ele>
      </trkpt>
      <trkpt lat="42.88948" lon="2.052502">
        <ele>529.52</ele>
      </trkpt>
      <trkpt lat="42.889175" lon="2.052516">
        <ele>530.99</ele>
      </trkpt>
      <trkpt lat="42.888924" lon="2.052466">
        <ele>532.01</ele>
      </trkpt>
      <trkpt lat="42.888634" lon="2.052394">
        <ele>533.53</ele>
      </trkpt>
      <trkpt lat="42.888406" lon="2.052301">
        <ele>534.66</ele>
      </trkpt>
      <trkpt lat="42.888201" lon="2.052257">
        <ele>535.68</ele>
      </trkpt>
      <trkpt lat="42.887847" lon="2.052308">
        <ele>539.19</ele>
      </trkpt>
      <trkpt lat="42.88739" lon="2.05228">
        <ele>546.18</ele>
      </trkpt>
      <trkpt lat="42.887173" lon="2.052334">
        <ele>549.94</ele>
      </trkpt>
      <trkpt lat="42.886868" lon="2.052313">
        <ele>552.6</ele>
      </trkpt>
      <trkpt lat="42.886441" lon="2.052269">
        <ele>556.08</ele>
      </trkpt>
      <trkpt lat="42.886083" lon="2.052292">
        <ele>563.39</ele>
      </trkpt>
      <trkpt lat="42.88595" lon="2.052292">
        <ele>566.85</ele>
      </trkpt>
      <trkpt lat="42.885759" lon="2.052224">
        <ele>571.3</ele>
      </trkpt>
      <trkpt lat="42.885634" lon="2.052065">
        <ele>573.38</ele>
      </trkpt>
      <trkpt lat="42.885534" lon="2.05185">
        <ele>574.95</ele>
      </trkpt>
      <trkpt lat="42.885426" lon="2.051691">
        <ele>576.38</ele>
      </trkpt>
      <trkpt lat="42.885393" lon="2.051475">
        <ele>575.95</ele>
      </trkpt>
      <trkpt lat="42.885393" lon="2.051249">
        <ele>574.92</ele>
      </trkpt>
      <trkpt lat="42.885338" lon="2.050884">
        <ele>573.36</ele>
      </trkpt>
      <trkpt lat="42.885306" lon="2.050843">
        <ele>573.59</ele>
      </trkpt>
      <trkpt lat="42.885264" lon="2.050825">
        <ele>574.16</ele>
      </trkpt>
      <trkpt lat="42.885211" lon="2.050882">
        <ele>575.53</ele>
      </trkpt>
      <trkpt lat="42.885152" lon="2.051464">
        <ele>580.03</ele>
      </trkpt>
      <trkpt lat="42.885179" lon="2.051704">
        <ele>580.53</ele>
      </trkpt>
      <trkpt lat="42.885201" lon="2.051903">
        <ele>580.94</ele>
      </trkpt>
      <trkpt lat="42.885194" lon="2.051977">
        <ele>581.35</ele>
      </trkpt>
      <trkpt lat="42.885156" lon="2.052024">
        <ele>582.23</ele>
      </trkpt>
      <trkpt lat="42.885001" lon="2.051975">
        <ele>584.36</ele>
      </trkpt>
      <trkpt lat="42.884806" lon="2.051936">
        <ele>587.32</ele>
      </trkpt>
      <trkpt lat="42.884638" lon="2.051957">
        <ele>590.18</ele>
      </trkpt>
      <trkpt lat="42.88459" lon="2.051976">
        <ele>591.96</ele>
      </trkpt>
      <trkpt lat="42.884194" lon="2.052141">
        <ele>606.68</ele>
      </trkpt>
      <trkpt lat="42.884155" lon="2.052128">
        <ele>607.74</ele>
      </trkpt>
      <trkpt lat="42.884142" lon="2.052056">
        <ele>607.07</ele>
      </trkpt>
      <trkpt lat="42.884451" lon="2.051713">
        <ele>595.51</ele>
      </trkpt>
      <trkpt lat="42.884527" lon="2.051628">
        <ele>592.66</ele>
      </trkpt>
      <trkpt lat="42.884561" lon="2.051509">
        <ele>591.28</ele>
      </trkpt>
      <trkpt lat="42.884556" lon="2.051145">
        <ele>590.11</ele>
      </trkpt>
      <trkpt lat="42.884579" lon="2.051012">
        <ele>588.17</ele>
      </trkpt>
      <trkpt lat="42.884637" lon="2.050916">
        <ele>585.77</ele>
      </trkpt>
      <trkpt lat="42.884724" lon="2.050846">
        <ele>583.54</ele>
      </trkpt>
      <trkpt lat="42.884775" lon="2.050774">
        <ele>582.01</ele>
      </trkpt>
      <trkpt lat="42.884771" lon="2.050657">
        <ele>580.99</ele>
      </trkpt>
      <trkpt lat="42.884729" lon="2.050521">
        <ele>580.41</ele>
      </trkpt>
      <trkpt lat="42.884431" lon="2.050253">
        <ele>583.06</ele>
      </trkpt>
      <trkpt lat="42.884192" lon="2.050026">
        <ele>583.81</ele>
      </trkpt>
      <trkpt lat="42.884074" lon="2.049953">
        <ele>584.29</ele>
      </trkpt>
      <trkpt lat="42.883835" lon="2.049905">
        <ele>586.76</ele>
      </trkpt>
      <trkpt lat="42.883588" lon="2.049692">
        <ele>587.62</ele>
      </trkpt>
      <trkpt lat="42.883285" lon="2.049617">
        <ele>593.15</ele>
      </trkpt>
      <trkpt lat="42.883136" lon="2.049517">
        <ele>594.49</ele>
      </trkpt>
      <trkpt lat="42.883052" lon="2.049364">
        <ele>593.43</ele>
      </trkpt>
      <trkpt lat="42.882986" lon="2.049062">
        <ele>588.29</ele>
      </trkpt>
      <trkpt lat="42.882797" lon="2.04877">
        <ele>588.07</ele>
      </trkpt>
      <trkpt lat="42.882713" lon="2.048554">
        <ele>587.77</ele>
      </trkpt>
      <trkpt lat="42.882607" lon="2.04835">
        <ele>588.92</ele>
      </trkpt>
      <trkpt lat="42.882568" lon="2.048304">
        <ele>589.41</ele>
      </trkpt>
      <trkpt lat="42.882509" lon="2.047969">
        <ele>586.76</ele>
      </trkpt>
      <trkpt lat="42.882527" lon="2.047849">
        <ele>585.06</ele>
      </trkpt>
      <trkpt lat="42.882586" lon="2.047794">
        <ele>584.86</ele>
      </trkpt>
      <trkpt lat="42.88277" lon="2.047757">
        <ele>583.25</ele>
      </trkpt>
      <trkpt lat="42.882883" lon="2.047701">
        <ele>583.04</ele>
      </trkpt>
      <trkpt lat="42.883045" lon="2.047493">
        <ele>587.31</ele>
      </trkpt>
      <trkpt lat="42.883177" lon="2.047405">
        <ele>590.93</ele>
      </trkpt>
      <trkpt lat="42.883333" lon="2.047414">
        <ele>592.69</ele>
      </trkpt>
      <trkpt lat="42.883455" lon="2.04747">
        <ele>592.89</ele>
      </trkpt>
      <trkpt lat="42.883797" lon="2.047727">
        <ele>590.69</ele>
      </trkpt>
      <trkpt lat="42.884171" lon="2.047849">
        <ele>593.03</ele>
      </trkpt>
      <trkpt lat="42.884297" lon="2.047865">
        <ele>594.59</ele>
      </trkpt>
      <trkpt lat="42.884453" lon="2.047773">
        <ele>598.73</ele>
      </trkpt>
      <trkpt lat="42.884781" lon="2.04779">
        <ele>600.8</ele>
      </trkpt>
      <trkpt lat="42.884911" lon="2.047846">
        <ele>599.29</ele>
      </trkpt>
      <trkpt lat="42.884996" lon="2.047849">
        <ele>599.03</ele>
      </trkpt>
      <trkpt lat="42.885307" lon="2.047569">
        <ele>604.3</ele>
      </trkpt>
      <trkpt lat="42.885594" lon="2.047401">
        <ele>606.67</ele>
      </trkpt>
      <trkpt lat="42.885667" lon="2.047323">
        <ele>607.7</ele>
      </trkpt>
      <trkpt lat="42.885705" lon="2.047218">
        <ele>609.45</ele>
      </trkpt>
      <trkpt lat="42.885723" lon="2.047089">
        <ele>611.71</ele>
      </trkpt>
      <trkpt lat="42.885736" lon="2.046993">
        <ele>613.39</ele>
      </trkpt>
      <trkpt lat="42.885867" lon="2.046539">
        <ele>616.38</ele>
      </trkpt>
      <trkpt lat="42.88541" lon="2.046434">
        <ele>622.36</ele>
      </trkpt>
      <trkpt lat="42.88531" lon="2.046425">
        <ele>622.7</ele>
      </trkpt>
      <trkpt lat="42.885097" lon="2.04644">
        <ele>623.05</ele>
      </trkpt>
      <trkpt lat="42.885234" lon="2.045864">
        <ele>629.25</ele>
      </trkpt>
      <trkpt lat="42.885235" lon="2.045618">
        <ele>632.17</ele>
      </trkpt>
      <trkpt lat="42.885221" lon="2.045568">
        <ele>632.94</ele>
      </trkpt>
      <trkpt lat="42.885187" lon="2.04555">
        <ele>633.64</ele>
      </trkpt>
      <trkpt lat="42.885141" lon="2.045561">
        <ele>634.13</ele>
      </trkpt>
      <trkpt lat="42.884952" lon="2.045644">
        <ele>635.33</ele>
      </trkpt>
      <trkpt lat="42.884923" lon="2.045645">
        <ele>635.68</ele>
      </trkpt>
      <trkpt lat="42.884911" lon="2.045617">
        <ele>636.32</ele>
      </trkpt>
      <trkpt lat="42.884908" lon="2.045533">
        <ele>637.88</ele>
      </trkpt>
      <trkpt lat="42.884886" lon="2.045624">
        <ele>636.52</ele>
      </trkpt>
      <trkpt lat="42.884861" lon="2.045674">
        <ele>635.9</ele>
      </trkpt>
      <trkpt lat="42.884834" lon="2.0457">
        <ele>635.72</ele>
      </trkpt>
      <trkpt lat="42.884665" lon="2.045765">
        <ele>636.16</ele>
      </trkpt>
      <trkpt lat="42.884308" lon="2.045849">
        <ele>631.72</ele>
      </trkpt>
      <trkpt lat="42.884149" lon="2.045731">
        <ele>633.23</ele>
      </trkpt>
      <trkpt lat="42.884038" lon="2.045596">
        <ele>635.59</ele>
      </trkpt>
      <trkpt lat="42.884011" lon="2.045557">
        <ele>636.3</ele>
      </trkpt>
      <trkpt lat="42.883964" lon="2.045467">
        <ele>638.07</ele>
      </trkpt>
      <trkpt lat="42.883782" lon="2.0453">
        <ele>640.85</ele>
      </trkpt>
      <trkpt lat="42.883589" lon="2.045233">
        <ele>641.35</ele>
      </trkpt>
      <trkpt lat="42.883514" lon="2.045178">
        <ele>642.24</ele>
      </trkpt>
      <trkpt lat="42.8833" lon="2.044957">
        <ele>646.3</ele>
      </trkpt>
      <trkpt lat="42.883225" lon="2.044809">
        <ele>649.41</ele>
      </trkpt>
      <trkpt lat="42.883185" lon="2.044643">
        <ele>653.18</ele>
      </trkpt>
      <trkpt lat="42.883116" lon="2.044495">
        <ele>656.27</ele>
      </trkpt>
      <trkpt lat="42.882898" lon="2.044195">
        <ele>662.27</ele>
      </trkpt>
      <trkpt lat="42.882857" lon="2.04416">
        <ele>662.98</ele>
      </trkpt>
      <trkpt lat="42.882816" lon="2.044144">
        <ele>663.19</ele>
      </trkpt>
      <trkpt lat="42.882763" lon="2.044146">
        <ele>662.98</ele>
      </trkpt>
      <trkpt lat="42.88265" lon="2.044191">
        <ele>661.69</ele>
      </trkpt>
      <trkpt lat="42.882595" lon="2.044187">
        <ele>661.63</ele>
      </trkpt>
      <trkpt lat="42.882492" lon="2.044147">
        <ele>662.12</ele>
      </trkpt>
      <trkpt lat="42.882078" lon="2.044068">
        <ele>661.64</ele>
      </trkpt>
      <trkpt lat="42.882009" lon="2.044045">
        <ele>661.29</ele>
      </trkpt>
      <trkpt lat="42.881939" lon="2.043998">
        <ele>661.36</ele>
      </trkpt>
      <trkpt lat="42.881899" lon="2.043936">
        <ele>662.04</ele>
      </trkpt>
      <trkpt lat="42.881715" lon="2.043499">
        <ele>669.85</ele>
      </trkpt>
      <trkpt lat="42.881644" lon="2.043343">
        <ele>673.39</ele>
      </trkpt>
      <trkpt lat="42.881607" lon="2.04328">
        <ele>674.6</ele>
      </trkpt>
      <trkpt lat="42.88147" lon="2.043145">
        <ele>676.14</ele>
      </trkpt>
      <trkpt lat="42.881187" lon="2.042951">
        <ele>679.79</ele>
      </trkpt>
      <trkpt lat="42.880788" lon="2.04256">
        <ele>696.73</ele>
      </trkpt>
      <trkpt lat="42.88059" lon="2.042454">
        <ele>703.01</ele>
      </trkpt>
      <trkpt lat="42.880414" lon="2.042422">
        <ele>705.88</ele>
      </trkpt>
      <trkpt lat="42.880306" lon="2.042444">
        <ele>705.55</ele>
      </trkpt>
      <trkpt lat="42.88021" lon="2.04244">
        <ele>706.17</ele>
      </trkpt>
      <trkpt lat="42.880059" lon="2.042486">
        <ele>705</ele>
      </trkpt>
      <trkpt lat="42.879913" lon="2.042495">
        <ele>705.23</ele>
      </trkpt>
      <trkpt lat="42.87986" lon="2.042519">
        <ele>704.41</ele>
      </trkpt>
      <trkpt lat="42.879841" lon="2.042495">
        <ele>705.53</ele>
      </trkpt>
      <trkpt lat="42.879805" lon="2.042498">
        <ele>705.53</ele>
      </trkpt>
      <trkpt lat="42.87968" lon="2.042559">
        <ele>703.38</ele>
      </trkpt>
      <trkpt lat="42.879587" lon="2.042567">
        <ele>703.72</ele>
      </trkpt>
      <trkpt lat="42.879484" lon="2.042604">
        <ele>702.96</ele>
      </trkpt>
      <trkpt lat="42.879458" lon="2.042581">
        <ele>704.3</ele>
      </trkpt>
      <trkpt lat="42.879452" lon="2.042546">
        <ele>706.01</ele>
      </trkpt>
      <trkpt lat="42.879506" lon="2.042473">
        <ele>708.88</ele>
      </trkpt>
      <trkpt lat="42.879611" lon="2.042404">
        <ele>710.82</ele>
      </trkpt>
      <trkpt lat="42.880037" lon="2.041842">
        <ele>733.05</ele>
      </trkpt>
      <trkpt lat="42.880147" lon="2.041746">
        <ele>736.22</ele>
      </trkpt>
      <trkpt lat="42.880209" lon="2.041598">
        <ele>742.01</ele>
      </trkpt>
      <trkpt lat="42.880286" lon="2.041499">
        <ele>744.81</ele>
      </trkpt>
      <trkpt lat="42.88044" lon="2.041193">
        <ele>753.82</ele>
      </trkpt>
      <trkpt lat="42.880482" lon="2.04111">
        <ele>756.27</ele>
      </trkpt>
      <trkpt lat="42.880589" lon="2.040951">
        <ele>762.99</ele>
      </trkpt>
      <trkpt lat="42.880598" lon="2.04091">
        <ele>764.93</ele>
      </trkpt>
      <trkpt lat="42.88058" lon="2.040864">
        <ele>767.49</ele>
      </trkpt>
      <trkpt lat="42.88053" lon="2.040845">
        <ele>769.19</ele>
      </trkpt>
      <trkpt lat="42.880449" lon="2.04084">
        <ele>771.37</ele>
      </trkpt>
      <trkpt lat="42.880176" lon="2.041092">
        <ele>767.17</ele>
      </trkpt>
      <trkpt lat="42.88011" lon="2.041126">
        <ele>767.35</ele>
      </trkpt>
      <trkpt lat="42.879965" lon="2.041235">
        <ele>765.83</ele>
      </trkpt>
      <trkpt lat="42.879932" lon="2.041228">
        <ele>767.21</ele>
      </trkpt>
      <trkpt lat="42.87992" lon="2.041189">
        <ele>769.63</ele>
      </trkpt>
      <trkpt lat="42.879934" lon="2.041145">
        <ele>771.81</ele>
      </trkpt>
      <trkpt lat="42.879989" lon="2.041059">
        <ele>775.28</ele>
      </trkpt>
      <trkpt lat="42.88011" lon="2.040735">
        <ele>790.22</ele>
      </trkpt>
      <trkpt lat="42.880202" lon="2.040626">
        <ele>792.76</ele>
      </trkpt>
      <trkpt lat="42.880336" lon="2.040348">
        <ele>802.31</ele>
      </trkpt>
      <trkpt lat="42.880404" lon="2.040289">
        <ele>801.56</ele>
      </trkpt>
      <trkpt lat="42.880553" lon="2.040277">
        <ele>796.8</ele>
      </trkpt>
      <trkpt lat="42.88068" lon="2.040227">
        <ele>795.59</ele>
      </trkpt>
      <trkpt lat="42.880768" lon="2.040115">
        <ele>797.03</ele>
      </trkpt>
      <trkpt lat="42.88082" lon="2.040019">
        <ele>798.54</ele>
      </trkpt>
      <trkpt lat="42.880857" lon="2.039827">
        <ele>803.16</ele>
      </trkpt>
      <trkpt lat="42.880838" lon="2.039735">
        <ele>806.61</ele>
      </trkpt>
      <trkpt lat="42.880839" lon="2.039702">
        <ele>807.57</ele>
      </trkpt>
      <trkpt lat="42.880865" lon="2.039624">
        <ele>808.91</ele>
      </trkpt>
      <trkpt lat="42.880918" lon="2.039364">
        <ele>814.46</ele>
      </trkpt>
      <trkpt lat="42.880965" lon="2.039187">
        <ele>817.71</ele>
      </trkpt>
      <trkpt lat="42.880978" lon="2.039086">
        <ele>820.1</ele>
      </trkpt>
      <trkpt lat="42.880962" lon="2.039046">
        <ele>822.12</ele>
      </trkpt>
      <trkpt lat="42.880931" lon="2.039039">
        <ele>823.87</ele>
      </trkpt>
      <trkpt lat="42.880887" lon="2.039076">
        <ele>824.92</ele>
      </trkpt>
      <trkpt lat="42.880822" lon="2.039149">
        <ele>825.79</ele>
      </trkpt>
      <trkpt lat="42.880787" lon="2.039166">
        <ele>826.9</ele>
      </trkpt>
      <trkpt lat="42.880766" lon="2.039122">
        <ele>829.37</ele>
      </trkpt>
      <trkpt lat="42.880772" lon="2.039042">
        <ele>831.73</ele>
      </trkpt>
      <trkpt lat="42.88076" lon="2.039001">
        <ele>833.64</ele>
      </trkpt>
      <trkpt lat="42.880839" lon="2.038839">
        <ele>834.87</ele>
      </trkpt>
      <trkpt lat="42.880905" lon="2.038626">
        <ele>836.15</ele>
      </trkpt>
      <trkpt lat="42.880961" lon="2.038448">
        <ele>837.22</ele>
      </trkpt>
      <trkpt lat="42.88101" lon="2.038189">
        <ele>839</ele>
      </trkpt>
      <trkpt lat="42.881019" lon="2.038016">
        <ele>841.5</ele>
      </trkpt>
      <trkpt lat="42.881057" lon="2.037887">
        <ele>841.78</ele>
      </trkpt>
      <trkpt lat="42.881068" lon="2.037825">
        <ele>842.21</ele>
      </trkpt>
      <trkpt lat="42.881034" lon="2.037779">
        <ele>844.24</ele>
      </trkpt>
      <trkpt lat="42.880993" lon="2.037776">
        <ele>846.24</ele>
      </trkpt>
      <trkpt lat="42.880948" lon="2.037836">
        <ele>848.03</ele>
      </trkpt>
      <trkpt lat="42.880892" lon="2.037939">
        <ele>849.13</ele>
      </trkpt>
      <trkpt lat="42.880821" lon="2.037997">
        <ele>851.79</ele>
      </trkpt>
      <trkpt lat="42.880763" lon="2.038088">
        <ele>853.28</ele>
      </trkpt>
      <trkpt lat="42.880688" lon="2.038166">
        <ele>855.99</ele>
      </trkpt>
      <trkpt lat="42.880647" lon="2.038159">
        <ele>858.17</ele>
      </trkpt>
      <trkpt lat="42.880634" lon="2.038109">
        <ele>859.57</ele>
      </trkpt>
      <trkpt lat="42.880651" lon="2.037448">
        <ele>864.86</ele>
      </trkpt>
      <trkpt lat="42.880618" lon="2.037122">
        <ele>868.22</ele>
      </trkpt>
      <trkpt lat="42.88063" lon="2.036679">
        <ele>868.21</ele>
      </trkpt>
      <trkpt lat="42.880529" lon="2.036161">
        <ele>871.27</ele>
      </trkpt>
      <trkpt lat="42.880305" lon="2.03561">
        <ele>877.21</ele>
      </trkpt>
      <trkpt lat="42.880068" lon="2.034782">
        <ele>880.48</ele>
      </trkpt>
      <trkpt lat="42.880034" lon="2.034664">
        <ele>880.95</ele>
      </trkpt>
      <trkpt lat="42.879718" lon="2.033824">
        <ele>883.51</ele>
      </trkpt>
      <trkpt lat="42.879492" lon="2.033026">
        <ele>881.86</ele>
      </trkpt>
      <trkpt lat="42.879351" lon="2.032709">
        <ele>882.4</ele>
      </trkpt>
      <trkpt lat="42.879224" lon="2.032387">
        <ele>882.56</ele>
      </trkpt>
      <trkpt lat="42.879111" lon="2.031744">
        <ele>880.06</ele>
      </trkpt>
      <trkpt lat="42.879038" lon="2.031567">
        <ele>880.48</ele>
      </trkpt>
      <trkpt lat="42.879002" lon="2.031692">
        <ele>881.76</ele>
      </trkpt>
      <trkpt lat="42.878982" lon="2.031717">
        <ele>882.23</ele>
      </trkpt>
      <trkpt lat="42.878963" lon="2.031698">
        <ele>882.47</ele>
      </trkpt>
      <trkpt lat="42.878938" lon="2.031646">
        <ele>882.64</ele>
      </trkpt>
      <trkpt lat="42.87881" lon="2.031458">
        <ele>883.76</ele>
      </trkpt>
      <trkpt lat="42.878669" lon="2.031343">
        <ele>885.65</ele>
      </trkpt>
      <trkpt lat="42.878537" lon="2.031261">
        <ele>887.84</ele>
      </trkpt>
      <trkpt lat="42.878486" lon="2.031152">
        <ele>888.71</ele>
      </trkpt>
      <trkpt lat="42.878388" lon="2.031166">
        <ele>890.69</ele>
      </trkpt>
      <trkpt lat="42.878113" lon="2.03118">
        <ele>896.27</ele>
      </trkpt>
      <trkpt lat="42.877925" lon="2.031222">
        <ele>899.26</ele>
      </trkpt>
      <trkpt lat="42.877461" lon="2.031449">
        <ele>901.73</ele>
      </trkpt>
      <trkpt lat="42.877391" lon="2.031484">
        <ele>902.1</ele>
      </trkpt>
      <trkpt lat="42.877138" lon="2.031542">
        <ele>903.66</ele>
      </trkpt>
      <trkpt lat="42.876923" lon="2.03156">
        <ele>909.48</ele>
      </trkpt>
      <trkpt lat="42.87672" lon="2.031564">
        <ele>915.1</ele>
      </trkpt>
      <trkpt lat="42.876575" lon="2.031613">
        <ele>918.42</ele>
      </trkpt>
      <trkpt lat="42.876462" lon="2.031688">
        <ele>920.34</ele>
      </trkpt>
      <trkpt lat="42.876246" lon="2.031921">
        <ele>921.99</ele>
      </trkpt>
      <trkpt lat="42.876126" lon="2.0321">
        <ele>923.04</ele>
      </trkpt>
      <trkpt lat="42.875971" lon="2.032397">
        <ele>924.8</ele>
      </trkpt>
      <trkpt lat="42.875692" lon="2.032737">
        <ele>929.39</ele>
      </trkpt>
      <trkpt lat="42.875556" lon="2.032958">
        <ele>931.74</ele>
      </trkpt>
      <trkpt lat="42.875459" lon="2.033074">
        <ele>933.29</ele>
      </trkpt>
      <trkpt lat="42.875316" lon="2.033197">
        <ele>933.66</ele>
      </trkpt>
      <trkpt lat="42.875206" lon="2.033342">
        <ele>933.5</ele>
      </trkpt>
      <trkpt lat="42.875023" lon="2.033468">
        <ele>933.5</ele>
      </trkpt>
      <trkpt lat="42.874706" lon="2.033603">
        <ele>933.49</ele>
      </trkpt>
      <trkpt lat="42.874706" lon="2.033551">
        <ele>933.97</ele>
      </trkpt>
      <trkpt lat="42.874686" lon="2.033474">
        <ele>934.75</ele>
      </trkpt>
      <trkpt lat="42.874679" lon="2.033388">
        <ele>935.58</ele>
      </trkpt>
      <trkpt lat="42.874761" lon="2.033044">
        <ele>938.23</ele>
      </trkpt>
      <trkpt lat="42.874869" lon="2.032514">
        <ele>939.47</ele>
      </trkpt>
      <trkpt lat="42.874907" lon="2.032271">
        <ele>939.62</ele>
      </trkpt>
      <trkpt lat="42.874887" lon="2.032077">
        <ele>939.91</ele>
      </trkpt>
      <trkpt lat="42.874815" lon="2.031972">
        <ele>939.68</ele>
      </trkpt>
      <trkpt lat="42.874678" lon="2.031885">
        <ele>938.6</ele>
      </trkpt>
      <trkpt lat="42.874303" lon="2.031457">
        <ele>934.52</ele>
      </trkpt>
      <trkpt lat="42.874067" lon="2.031111">
        <ele>931.25</ele>
      </trkpt>
      <trkpt lat="42.873897" lon="2.031">
        <ele>931.53</ele>
      </trkpt>
      <trkpt lat="42.873748" lon="2.031093">
        <ele>933.03</ele>
      </trkpt>
      <trkpt lat="42.873518" lon="2.031062">
        <ele>936.93</ele>
      </trkpt>
      <trkpt lat="42.873488" lon="2.031058">
        <ele>937.43</ele>
      </trkpt>
      <trkpt lat="42.873254" lon="2.030967">
        <ele>940.98</ele>
      </trkpt>
      <trkpt lat="42.873237" lon="2.030581">
        <ele>939.2</ele>
      </trkpt>
      <trkpt lat="42.87288" lon="2.030218">
        <ele>941.22</ele>
      </trkpt>
      <trkpt lat="42.872731" lon="2.030506">
        <ele>940.9</ele>
      </trkpt>
      <trkpt lat="42.872768" lon="2.030615">
        <ele>942.14</ele>
      </trkpt>
      <trkpt lat="42.872521" lon="2.031029">
        <ele>946.31</ele>
      </trkpt>
      <trkpt lat="42.872399" lon="2.031056">
        <ele>946.78</ele>
      </trkpt>
      <trkpt lat="42.872281" lon="2.030939">
        <ele>945.13</ele>
      </trkpt>
      <trkpt lat="42.871963" lon="2.030882">
        <ele>945.08</ele>
      </trkpt>
      <trkpt lat="42.871755" lon="2.030722">
        <ele>943.28</ele>
      </trkpt>
      <trkpt lat="42.871253" lon="2.030366">
        <ele>939.65</ele>
      </trkpt>
      <trkpt lat="42.870871" lon="2.029563">
        <ele>934.27</ele>
      </trkpt>
      <trkpt lat="42.870323" lon="2.028797">
        <ele>930.7</ele>
      </trkpt>
      <trkpt lat="42.870192" lon="2.028613">
        <ele>929.86</ele>
      </trkpt>
      <trkpt lat="42.869941" lon="2.028336">
        <ele>931.29</ele>
      </trkpt>
      <trkpt lat="42.869292" lon="2.027464">
        <ele>923.98</ele>
      </trkpt>
      <trkpt lat="42.869038" lon="2.026784">
        <ele>913.32</ele>
      </trkpt>
      <trkpt lat="42.868897" lon="2.026459">
        <ele>907.21</ele>
      </trkpt>
      <trkpt lat="42.86867" lon="2.026155">
        <ele>901.19</ele>
      </trkpt>
      <trkpt lat="42.868292" lon="2.026106">
        <ele>903.96</ele>
      </trkpt>
      <trkpt lat="42.867875" lon="2.025725">
        <ele>895.04</ele>
      </trkpt>
      <trkpt lat="42.8674" lon="2.025489">
        <ele>883.1</ele>
      </trkpt>
      <trkpt lat="42.867105" lon="2.025499">
        <ele>880.61</ele>
      </trkpt>
      <trkpt lat="42.866991" lon="2.02552">
        <ele>881.07</ele>
      </trkpt>
      <trkpt lat="42.866755" lon="2.025564">
        <ele>882</ele>
      </trkpt>
      <trkpt lat="42.86633" lon="2.025499">
        <ele>879.9</ele>
      </trkpt>
      <trkpt lat="42.865988" lon="2.025301">
        <ele>878.42</ele>
      </trkpt>
      <trkpt lat="42.865762" lon="2.025064">
        <ele>878.21</ele>
      </trkpt>
      <trkpt lat="42.865671" lon="2.025019">
        <ele>878.49</ele>
      </trkpt>
      <trkpt lat="42.865541" lon="2.02501">
        <ele>879.38</ele>
      </trkpt>
      <trkpt lat="42.865509" lon="2.024949">
        <ele>879.04</ele>
      </trkpt>
      <trkpt lat="42.865366" lon="2.024979">
        <ele>879.43</ele>
      </trkpt>
      <trkpt lat="42.865273" lon="2.025019">
        <ele>879.7</ele>
      </trkpt>
      <trkpt lat="42.865055" lon="2.025159">
        <ele>880.78</ele>
      </trkpt>
      <trkpt lat="42.86493" lon="2.024775">
        <ele>876.95</ele>
      </trkpt>
      <trkpt lat="42.864738" lon="2.024657">
        <ele>875.58</ele>
      </trkpt>
      <trkpt lat="42.864443" lon="2.024684">
        <ele>875.19</ele>
      </trkpt>
      <trkpt lat="42.864176" lon="2.024922">
        <ele>876.6</ele>
      </trkpt>
      <trkpt lat="42.863656" lon="2.025012">
        <ele>876.01</ele>
      </trkpt>
      <trkpt lat="42.863559" lon="2.025045">
        <ele>876.14</ele>
      </trkpt>
      <trkpt lat="42.863345" lon="2.025131">
        <ele>876.57</ele>
      </trkpt>
      <trkpt lat="42.863289" lon="2.025231">
        <ele>877.4</ele>
      </trkpt>
      <trkpt lat="42.863295" lon="2.025419">
        <ele>879.48</ele>
      </trkpt>
      <trkpt lat="42.863276" lon="2.025657">
        <ele>882.68</ele>
      </trkpt>
      <trkpt lat="42.86319" lon="2.025969">
        <ele>886.96</ele>
      </trkpt>
      <trkpt lat="42.863084" lon="2.026176">
        <ele>889.9</ele>
      </trkpt>
      <trkpt lat="42.862918" lon="2.02688">
        <ele>894.96</ele>
      </trkpt>
      <trkpt lat="42.86264" lon="2.027348">
        <ele>893.8</ele>
      </trkpt>
      <trkpt lat="42.862373" lon="2.027756">
        <ele>892.66</ele>
      </trkpt>
      <trkpt lat="42.862169" lon="2.027907">
        <ele>892.61</ele>
      </trkpt>
      <trkpt lat="42.861794" lon="2.028055">
        <ele>892.4</ele>
      </trkpt>
      <trkpt lat="42.861554" lon="2.028103">
        <ele>892.63</ele>
      </trkpt>
      <trkpt lat="42.861526" lon="2.028098">
        <ele>892.67</ele>
      </trkpt>
      <trkpt lat="42.861437" lon="2.028084">
        <ele>892.82</ele>
      </trkpt>
      <trkpt lat="42.861098" lon="2.027926">
        <ele>892.77</ele>
      </trkpt>
      <trkpt lat="42.860295" lon="2.027649">
        <ele>891.17</ele>
      </trkpt>
      <trkpt lat="42.859938" lon="2.027608">
        <ele>889.28</ele>
      </trkpt>
      <trkpt lat="42.859251" lon="2.027864">
        <ele>882.49</ele>
      </trkpt>
      <trkpt lat="42.859091" lon="2.027943">
        <ele>879.61</ele>
      </trkpt>
      <trkpt lat="42.858826" lon="2.028074">
        <ele>874.87</ele>
      </trkpt>
      <trkpt lat="42.858755" lon="2.02812">
        <ele>874.13</ele>
      </trkpt>
      <trkpt lat="42.858693" lon="2.028179">
        <ele>873.61</ele>
      </trkpt>
      <trkpt lat="42.858626" lon="2.028224">
        <ele>872.97</ele>
      </trkpt>
      <trkpt lat="42.858505" lon="2.028253">
        <ele>871.71</ele>
      </trkpt>
      <trkpt lat="42.858402" lon="2.028311">
        <ele>870.6</ele>
      </trkpt>
      <trkpt lat="42.858251" lon="2.027923">
        <ele>869.24</ele>
      </trkpt>
      <trkpt lat="42.858133" lon="2.027676">
        <ele>869.08</ele>
      </trkpt>
      <trkpt lat="42.858009" lon="2.027476">
        <ele>869.69</ele>
      </trkpt>
      <trkpt lat="42.857974" lon="2.027349">
        <ele>870.54</ele>
      </trkpt>
      <trkpt lat="42.857837" lon="2.027145">
        <ele>873.08</ele>
      </trkpt>
      <trkpt lat="42.857763" lon="2.027087">
        <ele>874.02</ele>
      </trkpt>
      <trkpt lat="42.857649" lon="2.027057">
        <ele>875.06</ele>
      </trkpt>
      <trkpt lat="42.856831" lon="2.027621">
        <ele>877.33</ele>
      </trkpt>
      <trkpt lat="42.855987" lon="2.028429">
        <ele>875.76</ele>
      </trkpt>
      <trkpt lat="42.855879" lon="2.028533">
        <ele>875.55</ele>
      </trkpt>
      <trkpt lat="42.855282" lon="2.028988">
        <ele>877.55</ele>
      </trkpt>
      <trkpt lat="42.854717" lon="2.029211">
        <ele>880</ele>
      </trkpt>
      <trkpt lat="42.854226" lon="2.031301">
        <ele>872.41</ele>
      </trkpt>
      <trkpt lat="42.854127" lon="2.031367">
        <ele>872.45</ele>
      </trkpt>
      <trkpt lat="42.852889" lon="2.031166">
        <ele>878.45</ele>
      </trkpt>
      <trkpt lat="42.851196" lon="2.030813">
        <ele>892.8</ele>
      </trkpt>
      <trkpt lat="42.85065" lon="2.03072">
        <ele>891.95</ele>
      </trkpt>
      <trkpt lat="42.849101" lon="2.030459">
        <ele>889.51</ele>
      </trkpt>
      <trkpt lat="42.847016" lon="2.030087">
        <ele>877.46</ele>
      </trkpt>
      <trkpt lat="42.845508" lon="2.029896">
        <ele>874.35</ele>
      </trkpt>
      <trkpt lat="42.845365" lon="2.029826">
        <ele>874.48</ele>
      </trkpt>
      <trkpt lat="42.845148" lon="2.029566">
        <ele>875.4</ele>
      </trkpt>
      <trkpt lat="42.844928" lon="2.029435">
        <ele>875.31</ele>
      </trkpt>
      <trkpt lat="42.844822" lon="2.029272">
        <ele>875.16</ele>
      </trkpt>
      <trkpt lat="42.844443" lon="2.02913">
        <ele>875.37</ele>
      </trkpt>
      <trkpt lat="42.844366" lon="2.029263">
        <ele>875.56</ele>
      </trkpt>
      <trkpt lat="42.844592" lon="2.027765">
        <ele>875.93</ele>
      </trkpt>
      <trkpt lat="42.84504" lon="2.024694">
        <ele>874.77</ele>
      </trkpt>
      <trkpt lat="42.845292" lon="2.022906">
        <ele>877.26</ele>
      </trkpt>
      <trkpt lat="42.845333" lon="2.022687">
        <ele>877.19</ele>
      </trkpt>
      <trkpt lat="42.845378" lon="2.022509">
        <ele>876.96</ele>
      </trkpt>
      <trkpt lat="42.845258" lon="2.022434">
        <ele>876.51</ele>
      </trkpt>
      <trkpt lat="42.845088" lon="2.022373">
        <ele>876.01</ele>
      </trkpt>
      <trkpt lat="42.844878" lon="2.022315">
        <ele>875.85</ele>
      </trkpt>
      <trkpt lat="42.840633" lon="2.021168">
        <ele>886.04</ele>
      </trkpt>
      <trkpt lat="42.840049" lon="2.021019">
        <ele>886.84</ele>
      </trkpt>
      <trkpt lat="42.838954" lon="2.020739">
        <ele>888.34</ele>
      </trkpt>
      <trkpt lat="42.838261" lon="2.020531">
        <ele>889.12</ele>
      </trkpt>
      <trkpt lat="42.837483" lon="2.020378">
        <ele>888.76</ele>
      </trkpt>
      <trkpt lat="42.837015" lon="2.020365">
        <ele>887.85</ele>
      </trkpt>
      <trkpt lat="42.83689" lon="2.02037">
        <ele>887.89</ele>
      </trkpt>
      <trkpt lat="42.83273" lon="2.020537">
        <ele>889.05</ele>
      </trkpt>
      <trkpt lat="42.831067" lon="2.019591">
        <ele>890.93</ele>
      </trkpt>
      <trkpt lat="42.826325" lon="2.016894">
        <ele>896.29</ele>
      </trkpt>
      <trkpt lat="42.826238" lon="2.016868">
        <ele>896.32</ele>
      </trkpt>
      <trkpt lat="42.826167" lon="2.016931">
        <ele>896.17</ele>
      </trkpt>
      <trkpt lat="42.825955" lon="2.017915">
        <ele>895.32</ele>
      </trkpt>
      <trkpt lat="42.825793" lon="2.018717">
        <ele>895.3</ele>
      </trkpt>
      <trkpt lat="42.825682" lon="2.019267">
        <ele>895.28</ele>
      </trkpt>
      <trkpt lat="42.825283" lon="2.021134">
        <ele>893.51</ele>
      </trkpt>
      <trkpt lat="42.824945" lon="2.021076">
        <ele>894.27</ele>
      </trkpt>
      <trkpt lat="42.824567" lon="2.020964">
        <ele>894.65</ele>
      </trkpt>
      <trkpt lat="42.824518" lon="2.020949">
        <ele>894.7</ele>
      </trkpt>
      <trkpt lat="42.824383" lon="2.02094">
        <ele>894.64</ele>
      </trkpt>
      <trkpt lat="42.824264" lon="2.020935">
        <ele>894.59</ele>
      </trkpt>
      <trkpt lat="42.823458" lon="2.020978">
        <ele>894.86</ele>
      </trkpt>
      <trkpt lat="42.823324" lon="2.020998">
        <ele>895.04</ele>
      </trkpt>
      <trkpt lat="42.823135" lon="2.021002">
        <ele>895.24</ele>
      </trkpt>
      <trkpt lat="42.822807" lon="2.02101">
        <ele>896.01</ele>
      </trkpt>
      <trkpt lat="42.822301" lon="2.021119">
        <ele>898.23</ele>
      </trkpt>
      <trkpt lat="42.822122" lon="2.021081">
        <ele>898.75</ele>
      </trkpt>
      <trkpt lat="42.821902" lon="2.021099">
        <ele>899.85</ele>
      </trkpt>
      <trkpt lat="42.821389" lon="2.021078">
        <ele>902.16</ele>
      </trkpt>
      <trkpt lat="42.821458" lon="2.020649">
        <ele>900.53</ele>
      </trkpt>
      <trkpt lat="42.82161" lon="2.0197">
        <ele>896.93</ele>
      </trkpt>
      <trkpt lat="42.821693" lon="2.019237">
        <ele>896.38</ele>
      </trkpt>
      <trkpt lat="42.821842" lon="2.018484">
        <ele>895.48</ele>
      </trkpt>
      <trkpt lat="42.821897" lon="2.018296">
        <ele>895.13</ele>
      </trkpt>
      <trkpt lat="42.821889" lon="2.018171">
        <ele>895</ele>
      </trkpt>
      <trkpt lat="42.821923" lon="2.017804">
        <ele>894.5</ele>
      </trkpt>
      <trkpt lat="42.821921" lon="2.017491">
        <ele>894.41</ele>
      </trkpt>
      <trkpt lat="42.821886" lon="2.017051">
        <ele>894.32</ele>
      </trkpt>
      <trkpt lat="42.821862" lon="2.016928">
        <ele>894.36</ele>
      </trkpt>
      <trkpt lat="42.821845" lon="2.01658">
        <ele>894.5</ele>
      </trkpt>
      <trkpt lat="42.821887" lon="2.014792">
        <ele>896.74</ele>
      </trkpt>
      <trkpt lat="42.821736" lon="2.014268">
        <ele>897.75</ele>
      </trkpt>
      <trkpt lat="42.821653" lon="2.013707">
        <ele>898.69</ele>
      </trkpt>
      <trkpt lat="42.821741" lon="2.013001">
        <ele>900.07</ele>
      </trkpt>
      <trkpt lat="42.821835" lon="2.012662">
        <ele>900.77</ele>
      </trkpt>
      <trkpt lat="42.822337" lon="2.010856">
        <ele>902.84</ele>
      </trkpt>
      <trkpt lat="42.822493" lon="2.009752">
        <ele>902.84</ele>
      </trkpt>
      <trkpt lat="42.822679" lon="2.008078">
        <ele>903.8</ele>
      </trkpt>
      <trkpt lat="42.822871" lon="2.007575">
        <ele>905.1</ele>
      </trkpt>
      <trkpt lat="42.823103" lon="2.007127">
        <ele>909.13</ele>
      </trkpt>
      <trkpt lat="42.823158" lon="2.00681">
        <ele>913.16</ele>
      </trkpt>
      <trkpt lat="42.823021" lon="2.006288">
        <ele>917.88</ele>
      </trkpt>
      <trkpt lat="42.822884" lon="2.005654">
        <ele>926.61</ele>
      </trkpt>
      <trkpt lat="42.822872" lon="2.004986">
        <ele>932.29</ele>
      </trkpt>
      <trkpt lat="42.822859" lon="2.004352">
        <ele>937.68</ele>
      </trkpt>
      <trkpt lat="42.822693" lon="2.003114">
        <ele>940.77</ele>
      </trkpt>
      <trkpt lat="42.822563" lon="2.002572">
        <ele>938.46</ele>
      </trkpt>
      <trkpt lat="42.822441" lon="2.002216">
        <ele>936.44</ele>
      </trkpt>
      <trkpt lat="42.821952" lon="2.001299">
        <ele>934.11</ele>
      </trkpt>
      <trkpt lat="42.821852" lon="2.001099">
        <ele>933.95</ele>
      </trkpt>
      <trkpt lat="42.821253" lon="1.999249">
        <ele>935.25</ele>
      </trkpt>
      <trkpt lat="42.821193" lon="1.999065">
        <ele>936.27</ele>
      </trkpt>
      <trkpt lat="42.820985" lon="1.99843">
        <ele>939.8</ele>
      </trkpt>
      <trkpt lat="42.820809" lon="1.998076">
        <ele>943.93</ele>
      </trkpt>
      <trkpt lat="42.820689" lon="1.997743">
        <ele>945.65</ele>
      </trkpt>
      <trkpt lat="42.820578" lon="1.997208">
        <ele>943.22</ele>
      </trkpt>
      <trkpt lat="42.820527" lon="1.996793">
        <ele>939.91</ele>
      </trkpt>
      <trkpt lat="42.820358" lon="1.996314">
        <ele>936.54</ele>
      </trkpt>
      <trkpt lat="42.820217" lon="1.996069">
        <ele>935.74</ele>
      </trkpt>
      <trkpt lat="42.820052" lon="1.995841">
        <ele>936.15</ele>
      </trkpt>
      <trkpt lat="42.819802" lon="1.995678">
        <ele>937.39</ele>
      </trkpt>
      <trkpt lat="42.819716" lon="1.995556">
        <ele>937.47</ele>
      </trkpt>
      <trkpt lat="42.819685" lon="1.995537">
        <ele>937.49</ele>
      </trkpt>
      <trkpt lat="42.819476" lon="1.995411">
        <ele>937.57</ele>
      </trkpt>
      <trkpt lat="42.819735" lon="1.994891">
        <ele>935.02</ele>
      </trkpt>
      <trkpt lat="42.81984" lon="1.99474">
        <ele>934.27</ele>
      </trkpt>
      <trkpt lat="42.819909" lon="1.99459">
        <ele>933.91</ele>
      </trkpt>
      <trkpt lat="42.820061" lon="1.994237">
        <ele>935.07</ele>
      </trkpt>
      <trkpt lat="42.820532" lon="1.994576">
        <ele>932.8</ele>
      </trkpt>
      <trkpt lat="42.821028" lon="1.995093">
        <ele>930.62</ele>
      </trkpt>
      <trkpt lat="42.821264" lon="1.995429">
        <ele>929.11</ele>
      </trkpt>
      <trkpt lat="42.821778" lon="1.995828">
        <ele>929.69</ele>
      </trkpt>
      <trkpt lat="42.821875" lon="1.995891">
        <ele>929.67</ele>
      </trkpt>
      <trkpt lat="42.822338" lon="1.996196">
        <ele>928.84</ele>
      </trkpt>
      <trkpt lat="42.822885" lon="1.996574">
        <ele>926.16</ele>
      </trkpt>
      <trkpt lat="42.82337" lon="1.996858">
        <ele>923.74</ele>
      </trkpt>
      <trkpt lat="42.824168" lon="1.997279">
        <ele>922.14</ele>
      </trkpt>
      <trkpt lat="42.824454" lon="1.997547">
        <ele>921.75</ele>
      </trkpt>
      <trkpt lat="42.825092" lon="1.998334">
        <ele>919.96</ele>
      </trkpt>
      <trkpt lat="42.825884" lon="1.998977">
        <ele>918.76</ele>
      </trkpt>
      <trkpt lat="42.82606" lon="1.999158">
        <ele>917.82</ele>
      </trkpt>
      <trkpt lat="42.826148" lon="1.999248">
        <ele>917.35</ele>
      </trkpt>
      <trkpt lat="42.826292" lon="1.999434">
        <ele>916.28</ele>
      </trkpt>
      <trkpt lat="42.827032" lon="2.000453">
        <ele>918.37</ele>
      </trkpt>
      <trkpt lat="42.827666" lon="2.001003">
        <ele>918.71</ele>
      </trkpt>
      <trkpt lat="42.829361" lon="2.002254">
        <ele>916.73</ele>
      </trkpt>
      <trkpt lat="42.83022" lon="2.002703">
        <ele>916.04</ele>
      </trkpt>
      <trkpt lat="42.830336" lon="2.002764">
        <ele>915.95</ele>
      </trkpt>
      <trkpt lat="42.830563" lon="2.002915">
        <ele>915.71</ele>
      </trkpt>
      <trkpt lat="42.830763" lon="2.00307">
        <ele>915.18</ele>
      </trkpt>
      <trkpt lat="42.831482" lon="2.003817">
        <ele>913.29</ele>
      </trkpt>
      <trkpt lat="42.831842" lon="2.003387">
        <ele>913.26</ele>
      </trkpt>
      <trkpt lat="42.832137" lon="2.003094">
        <ele>913.38</ele>
      </trkpt>
      <trkpt lat="42.832364" lon="2.002968">
        <ele>918.02</ele>
      </trkpt>
      <trkpt lat="42.832496" lon="2.002931">
        <ele>920.76</ele>
      </trkpt>
      <trkpt lat="42.832767" lon="2.002978">
        <ele>925.69</ele>
      </trkpt>
      <trkpt lat="42.833006" lon="2.003023">
        <ele>929.67</ele>
      </trkpt>
      <trkpt lat="42.83364" lon="2.003247">
        <ele>936.65</ele>
      </trkpt>
      <trkpt lat="42.833887" lon="2.003427">
        <ele>937.07</ele>
      </trkpt>
      <trkpt lat="42.834128" lon="2.003431">
        <ele>936.33</ele>
      </trkpt>
      <trkpt lat="42.834252" lon="2.003482">
        <ele>935.65</ele>
      </trkpt>
      <trkpt lat="42.834387" lon="2.003621">
        <ele>934.56</ele>
      </trkpt>
      <trkpt lat="42.834481" lon="2.003698">
        <ele>933.71</ele>
      </trkpt>
      <trkpt lat="42.834602" lon="2.003727">
        <ele>933.12</ele>
      </trkpt>
      <trkpt lat="42.83493" lon="2.003719">
        <ele>925.02</ele>
      </trkpt>
      <trkpt lat="42.835009" lon="2.003699">
        <ele>923</ele>
      </trkpt>
      <trkpt lat="42.83505" lon="2.003664">
        <ele>922.18</ele>
      </trkpt>
      <trkpt lat="42.835107" lon="2.003648">
        <ele>920.58</ele>
      </trkpt>
      <trkpt lat="42.835189" lon="2.003068">
        <ele>919.86</ele>
      </trkpt>
      <trkpt lat="42.835134" lon="2.002569">
        <ele>925.25</ele>
      </trkpt>
      <trkpt lat="42.835131" lon="2.00254">
        <ele>925.57</ele>
      </trkpt>
      <trkpt lat="42.835172" lon="2.002338">
        <ele>926.59</ele>
      </trkpt>
      <trkpt lat="42.83551" lon="2.001585">
        <ele>922.85</ele>
      </trkpt>
      <trkpt lat="42.835633" lon="2.001181">
        <ele>921.7</ele>
      </trkpt>
      <trkpt lat="42.835831" lon="2.000765">
        <ele>922.55</ele>
      </trkpt>
      <trkpt lat="42.836416" lon="2.000293">
        <ele>913.48</ele>
      </trkpt>
      <trkpt lat="42.83649" lon="2.000069">
        <ele>913.97</ele>
      </trkpt>
      <trkpt lat="42.837322" lon="1.997193">
        <ele>908.38</ele>
      </trkpt>
      <trkpt lat="42.837948" lon="1.99507">
        <ele>914.09</ele>
      </trkpt>
      <trkpt lat="42.838434" lon="1.993812">
        <ele>910.28</ele>
      </trkpt>
      <trkpt lat="42.838566" lon="1.993004">
        <ele>908.41</ele>
      </trkpt>
      <trkpt lat="42.838581" lon="1.99285">
        <ele>907.97</ele>
      </trkpt>
      <trkpt lat="42.838631" lon="1.992341">
        <ele>906.51</ele>
      </trkpt>
      <trkpt lat="42.838664" lon="1.991566">
        <ele>904.6</ele>
      </trkpt>
      <trkpt lat="42.838788" lon="1.990443">
        <ele>898.92</ele>
      </trkpt>
      <trkpt lat="42.838953" lon="1.989915">
        <ele>901.5</ele>
      </trkpt>
      <trkpt lat="42.839134" lon="1.989465">
        <ele>902.76</ele>
      </trkpt>
      <trkpt lat="42.839472" lon="1.988308">
        <ele>896.54</ele>
      </trkpt>
      <trkpt lat="42.839455" lon="1.987713">
        <ele>896.23</ele>
      </trkpt>
      <trkpt lat="42.839381" lon="1.987477">
        <ele>898.66</ele>
      </trkpt>
      <trkpt lat="42.839381" lon="1.987219">
        <ele>898.41</ele>
      </trkpt>
      <trkpt lat="42.839496" lon="1.987006">
        <ele>893.22</ele>
      </trkpt>
      <trkpt lat="42.83971" lon="1.986934">
        <ele>888.24</ele>
      </trkpt>
      <trkpt lat="42.839731" lon="1.986587">
        <ele>890.71</ele>
      </trkpt>
      <trkpt lat="42.839831" lon="1.985952">
        <ele>896.27</ele>
      </trkpt>
      <trkpt lat="42.839812" lon="1.985816">
        <ele>896.84</ele>
      </trkpt>
      <trkpt lat="42.839669" lon="1.985513">
        <ele>897.03</ele>
      </trkpt>
      <trkpt lat="42.839667" lon="1.985388">
        <ele>897.89</ele>
      </trkpt>
      <trkpt lat="42.839733" lon="1.985182">
        <ele>899.32</ele>
      </trkpt>
      <trkpt lat="42.839984" lon="1.984665">
        <ele>900.48</ele>
      </trkpt>
      <trkpt lat="42.840168" lon="1.984147">
        <ele>902.16</ele>
      </trkpt>
      <trkpt lat="42.840302" lon="1.983858">
        <ele>902.23</ele>
      </trkpt>
      <trkpt lat="42.840519" lon="1.98354">
        <ele>902.4</ele>
      </trkpt>
      <trkpt lat="42.840893" lon="1.983231">
        <ele>909.43</ele>
      </trkpt>
      <trkpt lat="42.840923" lon="1.983125">
        <ele>910.67</ele>
      </trkpt>
      <trkpt lat="42.840907" lon="1.983023">
        <ele>911.6</ele>
      </trkpt>
      <trkpt lat="42.840752" lon="1.982724">
        <ele>914.4</ele>
      </trkpt>
      <trkpt lat="42.84074" lon="1.982625">
        <ele>915.36</ele>
      </trkpt>
      <trkpt lat="42.840808" lon="1.982153">
        <ele>920.4</ele>
      </trkpt>
      <trkpt lat="42.840799" lon="1.982017">
        <ele>921.63</ele>
      </trkpt>
      <trkpt lat="42.840796" lon="1.981965">
        <ele>922.1</ele>
      </trkpt>
      <trkpt lat="42.840708" lon="1.9817">
        <ele>922.99</ele>
      </trkpt>
      <trkpt lat="42.840665" lon="1.981526">
        <ele>923.71</ele>
      </trkpt>
      <trkpt lat="42.840656" lon="1.981411">
        <ele>924.3</ele>
      </trkpt>
      <trkpt lat="42.840688" lon="1.981238">
        <ele>925.37</ele>
      </trkpt>
      <trkpt lat="42.840738" lon="1.981122">
        <ele>926.15</ele>
      </trkpt>
      <trkpt lat="42.840823" lon="1.981012">
        <ele>926.98</ele>
      </trkpt>
      <trkpt lat="42.841022" lon="1.98082">
        <ele>928.63</ele>
      </trkpt>
      <trkpt lat="42.84115" lon="1.980673">
        <ele>929.79</ele>
      </trkpt>
      <trkpt lat="42.841227" lon="1.980534">
        <ele>930.74</ele>
      </trkpt>
      <trkpt lat="42.841322" lon="1.980287">
        <ele>932.91</ele>
      </trkpt>
      <trkpt lat="42.84135" lon="1.980095">
        <ele>936.22</ele>
      </trkpt>
      <trkpt lat="42.841338" lon="1.979906">
        <ele>938.72</ele>
      </trkpt>
      <trkpt lat="42.841301" lon="1.979766">
        <ele>940.09</ele>
      </trkpt>
      <trkpt lat="42.841248" lon="1.979689">
        <ele>940.85</ele>
      </trkpt>
      <trkpt lat="42.840999" lon="1.979552">
        <ele>941.06</ele>
      </trkpt>
      <trkpt lat="42.840946" lon="1.979486">
        <ele>941.49</ele>
      </trkpt>
      <trkpt lat="42.840895" lon="1.979318">
        <ele>942.73</ele>
      </trkpt>
      <trkpt lat="42.840866" lon="1.979125">
        <ele>944.55</ele>
      </trkpt>
      <trkpt lat="42.840867" lon="1.978948">
        <ele>946.32</ele>
      </trkpt>
      <trkpt lat="42.840893" lon="1.978802">
        <ele>947.65</ele>
      </trkpt>
      <trkpt lat="42.841206" lon="1.978248">
        <ele>947.19</ele>
      </trkpt>
      <trkpt lat="42.841557" lon="1.97786">
        <ele>949.29</ele>
      </trkpt>
      <trkpt lat="42.841624" lon="1.977834">
        <ele>950.34</ele>
      </trkpt>
      <trkpt lat="42.841677" lon="1.977886">
        <ele>951.4</ele>
      </trkpt>
      <trkpt lat="42.841667" lon="1.977999">
        <ele>951.6</ele>
      </trkpt>
      <trkpt lat="42.8416" lon="1.978153">
        <ele>950.85</ele>
      </trkpt>
      <trkpt lat="42.841484" lon="1.978662">
        <ele>949.82</ele>
      </trkpt>
      <trkpt lat="42.841407" lon="1.978932">
        <ele>947.47</ele>
      </trkpt>
      <trkpt lat="42.841422" lon="1.979037">
        <ele>947.52</ele>
      </trkpt>
      <trkpt lat="42.841484" lon="1.979062">
        <ele>948.77</ele>
      </trkpt>
      <trkpt lat="42.841535" lon="1.979027">
        <ele>949.93</ele>
      </trkpt>
      <trkpt lat="42.841742" lon="1.978701">
        <ele>955.27</ele>
      </trkpt>
      <trkpt lat="42.841916" lon="1.978488">
        <ele>958.33</ele>
      </trkpt>
      <trkpt lat="42.842129" lon="1.978403">
        <ele>962.22</ele>
      </trkpt>
      <trkpt lat="42.842257" lon="1.978393">
        <ele>964.19</ele>
      </trkpt>
      <trkpt lat="42.842358" lon="1.978368">
        <ele>965.63</ele>
      </trkpt>
      <trkpt lat="42.842571" lon="1.978214">
        <ele>968.02</ele>
      </trkpt>
      <trkpt lat="42.842692" lon="1.978055">
        <ele>968.95</ele>
      </trkpt>
      <trkpt lat="42.843025" lon="1.97747">
        <ele>974.33</ele>
      </trkpt>
      <trkpt lat="42.843202" lon="1.977161">
        <ele>977.18</ele>
      </trkpt>
      <trkpt lat="42.843465" lon="1.97678">
        <ele>982.77</ele>
      </trkpt>
      <trkpt lat="42.843527" lon="1.976725">
        <ele>983.89</ele>
      </trkpt>
      <trkpt lat="42.8437" lon="1.976614">
        <ele>986.17</ele>
      </trkpt>
      <trkpt lat="42.843759" lon="1.976513">
        <ele>987.65</ele>
      </trkpt>
      <trkpt lat="42.84361" lon="1.976113">
        <ele>993</ele>
      </trkpt>
      <trkpt lat="42.843572" lon="1.975972">
        <ele>995.89</ele>
      </trkpt>
      <trkpt lat="42.843586" lon="1.975912">
        <ele>997.07</ele>
      </trkpt>
      <trkpt lat="42.843622" lon="1.97548">
        <ele>1005.56</ele>
      </trkpt>
      <trkpt lat="42.843649" lon="1.975311">
        <ele>1008.74</ele>
      </trkpt>
      <trkpt lat="42.843654" lon="1.975118">
        <ele>1013.11</ele>
      </trkpt>
      <trkpt lat="42.843639" lon="1.97499">
        <ele>1016.15</ele>
      </trkpt>
      <trkpt lat="42.843595" lon="1.974802">
        <ele>1020.8</ele>
      </trkpt>
      <trkpt lat="42.843511" lon="1.97465">
        <ele>1024.97</ele>
      </trkpt>
      <trkpt lat="42.843382" lon="1.974502">
        <ele>1029.43</ele>
      </trkpt>
      <trkpt lat="42.843352" lon="1.974488">
        <ele>1029.96</ele>
      </trkpt>
      <trkpt lat="42.843202" lon="1.97442">
        <ele>1032.59</ele>
      </trkpt>
      <trkpt lat="42.843047" lon="1.97445">
        <ele>1033.34</ele>
      </trkpt>
      <trkpt lat="42.842812" lon="1.974592">
        <ele>1032.28</ele>
      </trkpt>
      <trkpt lat="42.842946" lon="1.974289">
        <ele>1037.69</ele>
      </trkpt>
      <trkpt lat="42.843073" lon="1.974035">
        <ele>1041.79</ele>
      </trkpt>
      <trkpt lat="42.843097" lon="1.973953">
        <ele>1043.22</ele>
      </trkpt>
      <trkpt lat="42.843105" lon="1.973852">
        <ele>1045.2</ele>
      </trkpt>
      <trkpt lat="42.843094" lon="1.973471">
        <ele>1051.3</ele>
      </trkpt>
      <trkpt lat="42.843106" lon="1.973347">
        <ele>1052.36</ele>
      </trkpt>
      <trkpt lat="42.843204" lon="1.973024">
        <ele>1052.94</ele>
      </trkpt>
      <trkpt lat="42.843103" lon="1.972517">
        <ele>1054.76</ele>
      </trkpt>
      <trkpt lat="42.843212" lon="1.972067">
        <ele>1046.7</ele>
      </trkpt>
      <trkpt lat="42.84329" lon="1.972034">
        <ele>1043.76</ele>
      </trkpt>
      <trkpt lat="42.843705" lon="1.972059">
        <ele>1030.13</ele>
      </trkpt>
      <trkpt lat="42.844553" lon="1.971924">
        <ele>1019.89</ele>
      </trkpt>
      <trkpt lat="42.844773" lon="1.971928">
        <ele>1020.31</ele>
      </trkpt>
      <trkpt lat="42.845005" lon="1.971932">
        <ele>1020.77</ele>
      </trkpt>
      <trkpt lat="42.845276" lon="1.97195">
        <ele>1021.99</ele>
      </trkpt>
      <trkpt lat="42.845465" lon="1.972061">
        <ele>1024.62</ele>
      </trkpt>
      <trkpt lat="42.845574" lon="1.972052">
        <ele>1024.54</ele>
      </trkpt>
      <trkpt lat="42.845703" lon="1.971904">
        <ele>1023.45</ele>
      </trkpt>
      <trkpt lat="42.845879" lon="1.971488">
        <ele>1023.94</ele>
      </trkpt>
      <trkpt lat="42.84611" lon="1.971132">
        <ele>1025.84</ele>
      </trkpt>
      <trkpt lat="42.846256" lon="1.970731">
        <ele>1029.15</ele>
      </trkpt>
      <trkpt lat="42.846353" lon="1.970222">
        <ele>1031.59</ele>
      </trkpt>
      <trkpt lat="42.846444" lon="1.969983">
        <ele>1032.94</ele>
      </trkpt>
      <trkpt lat="42.846673" lon="1.969723">
        <ele>1028.54</ele>
      </trkpt>
      <trkpt lat="42.84676" lon="1.969588">
        <ele>1027.06</ele>
      </trkpt>
      <trkpt lat="42.846928" lon="1.96915">
        <ele>1025.79</ele>
      </trkpt>
      <trkpt lat="42.847036" lon="1.968734">
        <ele>1024.96</ele>
      </trkpt>
      <trkpt lat="42.847113" lon="1.968436">
        <ele>1024.36</ele>
      </trkpt>
      <trkpt lat="42.847254" lon="1.967708">
        <ele>1023.63</ele>
      </trkpt>
      <trkpt lat="42.847372" lon="1.966825">
        <ele>1017.15</ele>
      </trkpt>
      <trkpt lat="42.847399" lon="1.966039">
        <ele>1013.65</ele>
      </trkpt>
      <trkpt lat="42.847425" lon="1.965955">
        <ele>1012.34</ele>
      </trkpt>
      <trkpt lat="42.847449" lon="1.965933">
        <ele>1011.01</ele>
      </trkpt>
      <trkpt lat="42.847479" lon="1.965957">
        <ele>1009.27</ele>
      </trkpt>
      <trkpt lat="42.847554" lon="1.966356">
        <ele>1005.32</ele>
      </trkpt>
      <trkpt lat="42.847662" lon="1.966658">
        <ele>1000.04</ele>
      </trkpt>
      <trkpt lat="42.847835" lon="1.967396">
        <ele>990.54</ele>
      </trkpt>
      <trkpt lat="42.847916" lon="1.968139">
        <ele>984.78</ele>
      </trkpt>
      <trkpt lat="42.847971" lon="1.968257">
        <ele>981.68</ele>
      </trkpt>
      <trkpt lat="42.848353" lon="1.968711">
        <ele>968.54</ele>
      </trkpt>
      <trkpt lat="42.848398" lon="1.968764">
        <ele>966.99</ele>
      </trkpt>
      <trkpt lat="42.848575" lon="1.969134">
        <ele>960.52</ele>
      </trkpt>
      <trkpt lat="42.848654" lon="1.969211">
        <ele>957.97</ele>
      </trkpt>
      <trkpt lat="42.848866" lon="1.969241">
        <ele>953.37</ele>
      </trkpt>
      <trkpt lat="42.849018" lon="1.969463">
        <ele>952.41</ele>
      </trkpt>
      <trkpt lat="42.849002" lon="1.969756">
        <ele>948.22</ele>
      </trkpt>
      <trkpt lat="42.848935" lon="1.970236">
        <ele>940.64</ele>
      </trkpt>
      <trkpt lat="42.848962" lon="1.970516">
        <ele>937.31</ele>
      </trkpt>
      <trkpt lat="42.849414" lon="1.972038">
        <ele>941.8</ele>
      </trkpt>
      <trkpt lat="42.849665" lon="1.973177">
        <ele>948.04</ele>
      </trkpt>
      <trkpt lat="42.849691" lon="1.973295">
        <ele>948.69</ele>
      </trkpt>
      <trkpt lat="42.849837" lon="1.973459">
        <ele>950.78</ele>
      </trkpt>
      <trkpt lat="42.850043" lon="1.973593">
        <ele>954.4</ele>
      </trkpt>
      <trkpt lat="42.850124" lon="1.97373">
        <ele>955.17</ele>
      </trkpt>
      <trkpt lat="42.850255" lon="1.973893">
        <ele>956.17</ele>
      </trkpt>
      <trkpt lat="42.850322" lon="1.974107">
        <ele>955.28</ele>
      </trkpt>
      <trkpt lat="42.850371" lon="1.974882">
        <ele>947.72</ele>
      </trkpt>
      <trkpt lat="42.850476" lon="1.975084">
        <ele>947.66</ele>
      </trkpt>
      <trkpt lat="42.850642" lon="1.97536">
        <ele>948.46</ele>
      </trkpt>
      <trkpt lat="42.850816" lon="1.975511">
        <ele>950.85</ele>
      </trkpt>
      <trkpt lat="42.851074" lon="1.975798">
        <ele>954.25</ele>
      </trkpt>
      <trkpt lat="42.851217" lon="1.975942">
        <ele>956.53</ele>
      </trkpt>
      <trkpt lat="42.851461" lon="1.976034">
        <ele>963.04</ele>
      </trkpt>
      <trkpt lat="42.851939" lon="1.976341">
        <ele>975.91</ele>
      </trkpt>
      <trkpt lat="42.85216" lon="1.976629">
        <ele>979.64</ele>
      </trkpt>
      <trkpt lat="42.85216" lon="1.976254">
        <ele>983.26</ele>
      </trkpt>
      <trkpt lat="42.852245" lon="1.975878">
        <ele>987.51</ele>
      </trkpt>
      <trkpt lat="42.85225" lon="1.97581">
        <ele>988</ele>
      </trkpt>
      <trkpt lat="42.852308" lon="1.974991">
        <ele>993.8</ele>
      </trkpt>
      <trkpt lat="42.852416" lon="1.974007">
        <ele>998.03</ele>
      </trkpt>
      <trkpt lat="42.852459" lon="1.973876">
        <ele>999.2</ele>
      </trkpt>
      <trkpt lat="42.852518" lon="1.973591">
        <ele>1001.46</ele>
      </trkpt>
      <trkpt lat="42.852608" lon="1.973275">
        <ele>1004.46</ele>
      </trkpt>
      <trkpt lat="42.852706" lon="1.972666">
        <ele>1009.72</ele>
      </trkpt>
      <trkpt lat="42.852718" lon="1.972317">
        <ele>1011.91</ele>
      </trkpt>
      <trkpt lat="42.852713" lon="1.971705">
        <ele>1014.59</ele>
      </trkpt>
      <trkpt lat="42.852639" lon="1.971285">
        <ele>1014.18</ele>
      </trkpt>
      <trkpt lat="42.852583" lon="1.971113">
        <ele>1013.57</ele>
      </trkpt>
      <trkpt lat="42.852543" lon="1.970882">
        <ele>1014.6</ele>
      </trkpt>
      <trkpt lat="42.852558" lon="1.970743">
        <ele>1016.25</ele>
      </trkpt>
      <trkpt lat="42.852573" lon="1.970603">
        <ele>1017.91</ele>
      </trkpt>
      <trkpt lat="42.852644" lon="1.970262">
        <ele>1023.16</ele>
      </trkpt>
      <trkpt lat="42.852643" lon="1.969552">
        <ele>1030.82</ele>
      </trkpt>
      <trkpt lat="42.852669" lon="1.969278">
        <ele>1035.99</ele>
      </trkpt>
      <trkpt lat="42.852761" lon="1.968946">
        <ele>1044.55</ele>
      </trkpt>
      <trkpt lat="42.852866" lon="1.968336">
        <ele>1056.14</ele>
      </trkpt>
      <trkpt lat="42.852929" lon="1.967902">
        <ele>1062.19</ele>
      </trkpt>
      <trkpt lat="42.852964" lon="1.967476">
        <ele>1066.25</ele>
      </trkpt>
      <trkpt lat="42.853006" lon="1.967146">
        <ele>1068.63</ele>
      </trkpt>
      <trkpt lat="42.853031" lon="1.966821">
        <ele>1070.69</ele>
      </trkpt>
      <trkpt lat="42.853165" lon="1.966054">
        <ele>1075.29</ele>
      </trkpt>
      <trkpt lat="42.853194" lon="1.965418">
        <ele>1075.73</ele>
      </trkpt>
      <trkpt lat="42.853188" lon="1.965078">
        <ele>1077.42</ele>
      </trkpt>
      <trkpt lat="42.853234" lon="1.964756">
        <ele>1079.78</ele>
      </trkpt>
      <trkpt lat="42.853271" lon="1.964423">
        <ele>1082.57</ele>
      </trkpt>
      <trkpt lat="42.853267" lon="1.963618">
        <ele>1091.63</ele>
      </trkpt>
      <trkpt lat="42.853308" lon="1.962903">
        <ele>1100.14</ele>
      </trkpt>
      <trkpt lat="42.853306" lon="1.962803">
        <ele>1100.81</ele>
      </trkpt>
      <trkpt lat="42.853302" lon="1.962608">
        <ele>1102.12</ele>
      </trkpt>
      <trkpt lat="42.853312" lon="1.962189">
        <ele>1104.39</ele>
      </trkpt>
      <trkpt lat="42.853338" lon="1.961894">
        <ele>1105.56</ele>
      </trkpt>
      <trkpt lat="42.853306" lon="1.961465">
        <ele>1104.99</ele>
      </trkpt>
      <trkpt lat="42.853275" lon="1.961255">
        <ele>1104.41</ele>
      </trkpt>
      <trkpt lat="42.853287" lon="1.960891">
        <ele>1102.82</ele>
      </trkpt>
      <trkpt lat="42.853332" lon="1.960438">
        <ele>1100.91</ele>
      </trkpt>
      <trkpt lat="42.853326" lon="1.959646">
        <ele>1096.8</ele>
      </trkpt>
      <trkpt lat="42.85334" lon="1.959193">
        <ele>1096.65</ele>
      </trkpt>
      <trkpt lat="42.853399" lon="1.958796">
        <ele>1097.92</ele>
      </trkpt>
      <trkpt lat="42.853393" lon="1.958367">
        <ele>1098.88</ele>
      </trkpt>
      <trkpt lat="42.853412" lon="1.957959">
        <ele>1100.48</ele>
      </trkpt>
      <trkpt lat="42.853445" lon="1.957554">
        <ele>1104.63</ele>
      </trkpt>
      <trkpt lat="42.853467" lon="1.957106">
        <ele>1110.27</ele>
      </trkpt>
      <trkpt lat="42.85341" lon="1.956659">
        <ele>1113.22</ele>
      </trkpt>
      <trkpt lat="42.853402" lon="1.955849">
        <ele>1119.42</ele>
      </trkpt>
      <trkpt lat="42.853422" lon="1.955224">
        <ele>1123.28</ele>
      </trkpt>
      <trkpt lat="42.853463" lon="1.955049">
        <ele>1124.26</ele>
      </trkpt>
      <trkpt lat="42.853473" lon="1.95481">
        <ele>1124.43</ele>
      </trkpt>
      <trkpt lat="42.85343" lon="1.954623">
        <ele>1123.6</ele>
      </trkpt>
      <trkpt lat="42.853334" lon="1.95455">
        <ele>1121.95</ele>
      </trkpt>
      <trkpt lat="42.85331" lon="1.954403">
        <ele>1121.64</ele>
      </trkpt>
      <trkpt lat="42.8533" lon="1.95418">
        <ele>1121.53</ele>
      </trkpt>
      <trkpt lat="42.853338" lon="1.953671">
        <ele>1122.21</ele>
      </trkpt>
      <trkpt lat="42.853397" lon="1.953558">
        <ele>1122.76</ele>
      </trkpt>
      <trkpt lat="42.853507" lon="1.953512">
        <ele>1124.23</ele>
      </trkpt>
      <trkpt lat="42.853613" lon="1.953402">
        <ele>1125.49</ele>
      </trkpt>
      <trkpt lat="42.853632" lon="1.953201">
        <ele>1125.24</ele>
      </trkpt>
      <trkpt lat="42.853575" lon="1.952938">
        <ele>1123.66</ele>
      </trkpt>
      <trkpt lat="42.853585" lon="1.952635">
        <ele>1121.41</ele>
      </trkpt>
      <trkpt lat="42.853642" lon="1.952493">
        <ele>1120.65</ele>
      </trkpt>
      <trkpt lat="42.853686" lon="1.952249">
        <ele>1118.46</ele>
      </trkpt>
      <trkpt lat="42.853554" lon="1.951715">
        <ele>1112.64</ele>
      </trkpt>
      <trkpt lat="42.853513" lon="1.951393">
        <ele>1110.52</ele>
      </trkpt>
      <trkpt lat="42.85346" lon="1.951175">
        <ele>1108.65</ele>
      </trkpt>
      <trkpt lat="42.853477" lon="1.951109">
        <ele>1108.99</ele>
      </trkpt>
      <trkpt lat="42.853465" lon="1.951026">
        <ele>1109.12</ele>
      </trkpt>
      <trkpt lat="42.853312" lon="1.950677">
        <ele>1107.98</ele>
      </trkpt>
      <trkpt lat="42.853139" lon="1.950417">
        <ele>1106.22</ele>
      </trkpt>
      <trkpt lat="42.852706" lon="1.949722">
        <ele>1111.08</ele>
      </trkpt>
      <trkpt lat="42.852527" lon="1.949406">
        <ele>1114.34</ele>
      </trkpt>
      <trkpt lat="42.852473" lon="1.949326">
        <ele>1114.36</ele>
      </trkpt>
      <trkpt lat="42.852372" lon="1.949178">
        <ele>1114.4</ele>
      </trkpt>
      <trkpt lat="42.852189" lon="1.948966">
        <ele>1113.98</ele>
      </trkpt>
      <trkpt lat="42.851947" lon="1.948625">
        <ele>1112.01</ele>
      </trkpt>
      <trkpt lat="42.851804" lon="1.948328">
        <ele>1108.78</ele>
      </trkpt>
      <trkpt lat="42.851725" lon="1.948019">
        <ele>1106.73</ele>
      </trkpt>
      <trkpt lat="42.85169" lon="1.94778">
        <ele>1105.61</ele>
      </trkpt>
      <trkpt lat="42.85167" lon="1.947568">
        <ele>1104.8</ele>
      </trkpt>
      <trkpt lat="42.851633" lon="1.946708">
        <ele>1102.47</ele>
      </trkpt>
      <trkpt lat="42.851658" lon="1.946268">
        <ele>1102.09</ele>
      </trkpt>
      <trkpt lat="42.851687" lon="1.945248">
        <ele>1103.05</ele>
      </trkpt>
      <trkpt lat="42.851747" lon="1.944669">
        <ele>1104.11</ele>
      </trkpt>
      <trkpt lat="42.85182" lon="1.94439">
        <ele>1105.39</ele>
      </trkpt>
      <trkpt lat="42.85183" lon="1.944247">
        <ele>1106.18</ele>
      </trkpt>
      <trkpt lat="42.851914" lon="1.943777">
        <ele>1109.24</ele>
      </trkpt>
      <trkpt lat="42.851954" lon="1.943456">
        <ele>1110.97</ele>
      </trkpt>
      <trkpt lat="42.851954" lon="1.943371">
        <ele>1111.3</ele>
      </trkpt>
      <trkpt lat="42.851954" lon="1.943221">
        <ele>1111.88</ele>
      </trkpt>
      <trkpt lat="42.851935" lon="1.942941">
        <ele>1112.8</ele>
      </trkpt>
      <trkpt lat="42.851919" lon="1.942506">
        <ele>1113.71</ele>
      </trkpt>
      <trkpt lat="42.851926" lon="1.942363">
        <ele>1114.02</ele>
      </trkpt>
      <trkpt lat="42.851912" lon="1.942236">
        <ele>1114.16</ele>
      </trkpt>
      <trkpt lat="42.851905" lon="1.941991">
        <ele>1114.58</ele>
      </trkpt>
      <trkpt lat="42.851914" lon="1.94181">
        <ele>1114.55</ele>
      </trkpt>
      <trkpt lat="42.851956" lon="1.941629">
        <ele>1114.6</ele>
      </trkpt>
      <trkpt lat="42.851952" lon="1.941369">
        <ele>1114.39</ele>
      </trkpt>
      <trkpt lat="42.851839" lon="1.941012">
        <ele>1115.48</ele>
      </trkpt>
      <trkpt lat="42.8517" lon="1.940471">
        <ele>1120.39</ele>
      </trkpt>
      <trkpt lat="42.851736" lon="1.939964">
        <ele>1125.1</ele>
      </trkpt>
      <trkpt lat="42.851812" lon="1.939391">
        <ele>1130.23</ele>
      </trkpt>
      <trkpt lat="42.851794" lon="1.939098">
        <ele>1132.88</ele>
      </trkpt>
      <trkpt lat="42.851795" lon="1.938742">
        <ele>1135.93</ele>
      </trkpt>
      <trkpt lat="42.851756" lon="1.93856">
        <ele>1137.39</ele>
      </trkpt>
      <trkpt lat="42.851506" lon="1.937978">
        <ele>1141.08</ele>
      </trkpt>
      <trkpt lat="42.851431" lon="1.937702">
        <ele>1142.43</ele>
      </trkpt>
      <trkpt lat="42.851276" lon="1.937346">
        <ele>1145.08</ele>
      </trkpt>
      <trkpt lat="42.851128" lon="1.936935">
        <ele>1150.49</ele>
      </trkpt>
      <trkpt lat="42.851074" lon="1.936019">
        <ele>1154.8</ele>
      </trkpt>
      <trkpt lat="42.850997" lon="1.935351">
        <ele>1161</ele>
      </trkpt>
      <trkpt lat="42.850959" lon="1.935027">
        <ele>1163.33</ele>
      </trkpt>
      <trkpt lat="42.850845" lon="1.934582">
        <ele>1166.09</ele>
      </trkpt>
      <trkpt lat="42.850762" lon="1.933779">
        <ele>1165.88</ele>
      </trkpt>
      <trkpt lat="42.850738" lon="1.932665">
        <ele>1159.66</ele>
      </trkpt>
      <trkpt lat="42.850694" lon="1.932124">
        <ele>1157.17</ele>
      </trkpt>
      <trkpt lat="42.850575" lon="1.931419">
        <ele>1153.58</ele>
      </trkpt>
      <trkpt lat="42.850534" lon="1.930765">
        <ele>1154.39</ele>
      </trkpt>
      <trkpt lat="42.850527" lon="1.930127">
        <ele>1157.61</ele>
      </trkpt>
      <trkpt lat="42.850359" lon="1.929194">
        <ele>1162.42</ele>
      </trkpt>
      <trkpt lat="42.850353" lon="1.929133">
        <ele>1162.86</ele>
      </trkpt>
      <trkpt lat="42.850205" lon="1.927634">
        <ele>1173.61</ele>
      </trkpt>
      <trkpt lat="42.850147" lon="1.927233">
        <ele>1175.61</ele>
      </trkpt>
      <trkpt lat="42.850064" lon="1.926583">
        <ele>1179.4</ele>
      </trkpt>
      <trkpt lat="42.850027" lon="1.925862">
        <ele>1180.96</ele>
      </trkpt>
      <trkpt lat="42.84987" lon="1.925141">
        <ele>1180.06</ele>
      </trkpt>
      <trkpt lat="42.849718" lon="1.924715">
        <ele>1178.79</ele>
      </trkpt>
      <trkpt lat="42.84968" lon="1.924208">
        <ele>1178.32</ele>
      </trkpt>
      <trkpt lat="42.849448" lon="1.922949">
        <ele>1184.71</ele>
      </trkpt>
      <trkpt lat="42.849422" lon="1.922273">
        <ele>1188.45</ele>
      </trkpt>
      <trkpt lat="42.849414" lon="1.922063">
        <ele>1189.62</ele>
      </trkpt>
      <trkpt lat="42.84937" lon="1.921484">
        <ele>1190.81</ele>
      </trkpt>
      <trkpt lat="42.849276" lon="1.921042">
        <ele>1191.13</ele>
      </trkpt>
      <trkpt lat="42.849241" lon="1.920698">
        <ele>1189.74</ele>
      </trkpt>
      <trkpt lat="42.849143" lon="1.92006">
        <ele>1186.51</ele>
      </trkpt>
      <trkpt lat="42.849043" lon="1.919654">
        <ele>1183.74</ele>
      </trkpt>
      <trkpt lat="42.849003" lon="1.919217">
        <ele>1179.86</ele>
      </trkpt>
      <trkpt lat="42.848979" lon="1.918536">
        <ele>1173.64</ele>
      </trkpt>
      <trkpt lat="42.849011" lon="1.918034">
        <ele>1171.31</ele>
      </trkpt>
      <trkpt lat="42.849175" lon="1.917386">
        <ele>1168.66</ele>
      </trkpt>
      <trkpt lat="42.84923" lon="1.916792">
        <ele>1166.4</ele>
      </trkpt>
      <trkpt lat="42.849237" lon="1.916586">
        <ele>1166.27</ele>
      </trkpt>
      <trkpt lat="42.849248" lon="1.916285">
        <ele>1166.09</ele>
      </trkpt>
      <trkpt lat="42.849223" lon="1.91597">
        <ele>1167.43</ele>
      </trkpt>
      <trkpt lat="42.849236" lon="1.915818">
        <ele>1168.58</ele>
      </trkpt>
      <trkpt lat="42.849227" lon="1.915541">
        <ele>1170.76</ele>
      </trkpt>
      <trkpt lat="42.849197" lon="1.915194">
        <ele>1174.11</ele>
      </trkpt>
      <trkpt lat="42.848985" lon="1.914105">
        <ele>1187.33</ele>
      </trkpt>
      <trkpt lat="42.848827" lon="1.91357">
        <ele>1192.48</ele>
      </trkpt>
      <trkpt lat="42.848534" lon="1.913116">
        <ele>1198.65</ele>
      </trkpt>
      <trkpt lat="42.848338" lon="1.912867">
        <ele>1203.63</ele>
      </trkpt>
      <trkpt lat="42.847708" lon="1.912312">
        <ele>1212.51</ele>
      </trkpt>
      <trkpt lat="42.847434" lon="1.912022">
        <ele>1218.02</ele>
      </trkpt>
      <trkpt lat="42.847113" lon="1.911684">
        <ele>1224.45</ele>
      </trkpt>
      <trkpt lat="42.846725" lon="1.911094">
        <ele>1241.11</ele>
      </trkpt>
      <trkpt lat="42.846384" lon="1.909959">
        <ele>1273.31</ele>
      </trkpt>
      <trkpt lat="42.846206" lon="1.909457">
        <ele>1289.05</ele>
      </trkpt>
      <trkpt lat="42.846176" lon="1.909231">
        <ele>1291.91</ele>
      </trkpt>
      <trkpt lat="42.846157" lon="1.908822">
        <ele>1295.36</ele>
      </trkpt>
      <trkpt lat="42.846146" lon="1.908176">
        <ele>1300.63</ele>
      </trkpt>
      <trkpt lat="42.846123" lon="1.907913">
        <ele>1303.7</ele>
      </trkpt>
      <trkpt lat="42.846033" lon="1.907273">
        <ele>1309.6</ele>
      </trkpt>
      <trkpt lat="42.845967" lon="1.90656">
        <ele>1311.9</ele>
      </trkpt>
      <trkpt lat="42.845963" lon="1.906274">
        <ele>1311.09</ele>
      </trkpt>
      <trkpt lat="42.845908" lon="1.905826">
        <ele>1310.72</ele>
      </trkpt>
      <trkpt lat="42.845785" lon="1.90536">
        <ele>1311.87</ele>
      </trkpt>
      <trkpt lat="42.845688" lon="1.905023">
        <ele>1312.49</ele>
      </trkpt>
      <trkpt lat="42.845365" lon="1.903944">
        <ele>1314.83</ele>
      </trkpt>
      <trkpt lat="42.845193" lon="1.903186">
        <ele>1315.26</ele>
      </trkpt>
      <trkpt lat="42.845088" lon="1.902812">
        <ele>1316.33</ele>
      </trkpt>
      <trkpt lat="42.844908" lon="1.902068">
        <ele>1318.81</ele>
      </trkpt>
      <trkpt lat="42.844815" lon="1.90174">
        <ele>1320.14</ele>
      </trkpt>
      <trkpt lat="42.844648" lon="1.901488">
        <ele>1323.82</ele>
      </trkpt>
      <trkpt lat="42.844382" lon="1.900938">
        <ele>1324.95</ele>
      </trkpt>
      <trkpt lat="42.844179" lon="1.90062">
        <ele>1326.21</ele>
      </trkpt>
      <trkpt lat="42.843938" lon="1.90005">
        <ele>1325.62</ele>
      </trkpt>
      <trkpt lat="42.843861" lon="1.899769">
        <ele>1324.05</ele>
      </trkpt>
      <trkpt lat="42.8438" lon="1.899386">
        <ele>1322.5</ele>
      </trkpt>
      <trkpt lat="42.843619" lon="1.898036">
        <ele>1321.75</ele>
      </trkpt>
      <trkpt lat="42.843544" lon="1.897588">
        <ele>1319.36</ele>
      </trkpt>
      <trkpt lat="42.843415" lon="1.897095">
        <ele>1315.61</ele>
      </trkpt>
      <trkpt lat="42.843255" lon="1.896534">
        <ele>1316.32</ele>
      </trkpt>
      <trkpt lat="42.84324" lon="1.896368">
        <ele>1316.66</ele>
      </trkpt>
      <trkpt lat="42.843261" lon="1.895864">
        <ele>1315.37</ele>
      </trkpt>
      <trkpt lat="42.843226" lon="1.895322">
        <ele>1313.79</ele>
      </trkpt>
      <trkpt lat="42.84316" lon="1.895103">
        <ele>1312.78</ele>
      </trkpt>
      <trkpt lat="42.84311" lon="1.894854">
        <ele>1311.19</ele>
      </trkpt>
      <trkpt lat="42.842943" lon="1.894362">
        <ele>1308.91</ele>
      </trkpt>
      <trkpt lat="42.842907" lon="1.894128">
        <ele>1307.13</ele>
      </trkpt>
      <trkpt lat="42.84285" lon="1.893934">
        <ele>1305.7</ele>
      </trkpt>
      <trkpt lat="42.842814" lon="1.893845">
        <ele>1305.1</ele>
      </trkpt>
      <trkpt lat="42.842768" lon="1.893769">
        <ele>1304.61</ele>
      </trkpt>
      <trkpt lat="42.842663" lon="1.893677">
        <ele>1304.11</ele>
      </trkpt>
      <trkpt lat="42.842607" lon="1.89366">
        <ele>1304.04</ele>
      </trkpt>
      <trkpt lat="42.842532" lon="1.893666">
        <ele>1304.05</ele>
      </trkpt>
      <trkpt lat="42.842472" lon="1.893719">
        <ele>1304.15</ele>
      </trkpt>
      <trkpt lat="42.842273" lon="1.894088">
        <ele>1304.06</ele>
      </trkpt>
      <trkpt lat="42.842011" lon="1.894481">
        <ele>1304.4</ele>
      </trkpt>
      <trkpt lat="42.84196" lon="1.894579">
        <ele>1305.54</ele>
      </trkpt>
      <trkpt lat="42.841593" lon="1.895285">
        <ele>1313.75</ele>
      </trkpt>
      <trkpt lat="42.841394" lon="1.895549">
        <ele>1316.52</ele>
      </trkpt>
      <trkpt lat="42.84124" lon="1.895787">
        <ele>1320.62</ele>
      </trkpt>
      <trkpt lat="42.841142" lon="1.895908">
        <ele>1324.63</ele>
      </trkpt>
      <trkpt lat="42.841038" lon="1.895885">
        <ele>1328.17</ele>
      </trkpt>
      <trkpt lat="42.840937" lon="1.895837">
        <ele>1331.55</ele>
      </trkpt>
      <trkpt lat="42.840601" lon="1.895086">
        <ele>1339.85</ele>
      </trkpt>
      <trkpt lat="42.840286" lon="1.894142">
        <ele>1346.06</ele>
      </trkpt>
      <trkpt lat="42.840184" lon="1.893837">
        <ele>1348.07</ele>
      </trkpt>
      <trkpt lat="42.840079" lon="1.893439">
        <ele>1348.87</ele>
      </trkpt>
      <trkpt lat="42.839818" lon="1.892894">
        <ele>1354.93</ele>
      </trkpt>
      <trkpt lat="42.839525" lon="1.892088">
        <ele>1358.49</ele>
      </trkpt>
      <trkpt lat="42.839403" lon="1.891613">
        <ele>1360.48</ele>
      </trkpt>
      <trkpt lat="42.839252" lon="1.891101">
        <ele>1363.93</ele>
      </trkpt>
      <trkpt lat="42.839143" lon="1.89044">
        <ele>1364.81</ele>
      </trkpt>
      <trkpt lat="42.838866" lon="1.889253">
        <ele>1364.67</ele>
      </trkpt>
      <trkpt lat="42.838817" lon="1.889114">
        <ele>1364.8</ele>
      </trkpt>
      <trkpt lat="42.838693" lon="1.888827">
        <ele>1365.57</ele>
      </trkpt>
      <trkpt lat="42.838424" lon="1.888318">
        <ele>1364</ele>
      </trkpt>
      <trkpt lat="42.838377" lon="1.888228">
        <ele>1363.73</ele>
      </trkpt>
      <trkpt lat="42.838169" lon="1.887936">
        <ele>1364.51</ele>
      </trkpt>
      <trkpt lat="42.838139" lon="1.887848">
        <ele>1363.37</ele>
      </trkpt>
      <trkpt lat="42.83808" lon="1.887515">
        <ele>1350.91</ele>
      </trkpt>
      <trkpt lat="42.838043" lon="1.887416">
        <ele>1347.81</ele>
      </trkpt>
      <trkpt lat="42.837984" lon="1.88733">
        <ele>1346.25</ele>
      </trkpt>
      <trkpt lat="42.83785" lon="1.887208">
        <ele>1344.89</ele>
      </trkpt>
      <trkpt lat="42.837777" lon="1.887101">
        <ele>1342.11</ele>
      </trkpt>
      <trkpt lat="42.837708" lon="1.886921">
        <ele>1336.26</ele>
      </trkpt>
      <trkpt lat="42.83766" lon="1.886861">
        <ele>1335.57</ele>
      </trkpt>
      <trkpt lat="42.837592" lon="1.886839">
        <ele>1336.93</ele>
      </trkpt>
      <trkpt lat="42.837389" lon="1.886851">
        <ele>1344.09</ele>
      </trkpt>
      <trkpt lat="42.837296" lon="1.88684">
        <ele>1346.75</ele>
      </trkpt>
      <trkpt lat="42.837167" lon="1.886801">
        <ele>1349.61</ele>
      </trkpt>
      <trkpt lat="42.83708" lon="1.886751">
        <ele>1351.19</ele>
      </trkpt>
      <trkpt lat="42.836872" lon="1.886552">
        <ele>1351.77</ele>
      </trkpt>
      <trkpt lat="42.836598" lon="1.886374">
        <ele>1354.17</ele>
      </trkpt>
      <trkpt lat="42.836526" lon="1.88627">
        <ele>1351.83</ele>
      </trkpt>
      <trkpt lat="42.836476" lon="1.886164">
        <ele>1348.5</ele>
      </trkpt>
      <trkpt lat="42.836394" lon="1.88593">
        <ele>1339.37</ele>
      </trkpt>
      <trkpt lat="42.836341" lon="1.88582">
        <ele>1335.44</ele>
      </trkpt>
      <trkpt lat="42.836296" lon="1.885779">
        <ele>1334.8</ele>
      </trkpt>
      <trkpt lat="42.836233" lon="1.885755">
        <ele>1335.94</ele>
      </trkpt>
      <trkpt lat="42.836002" lon="1.885725">
        <ele>1343</ele>
      </trkpt>
      <trkpt lat="42.835645" lon="1.885554">
        <ele>1347.66</ele>
      </trkpt>
      <trkpt lat="42.835553" lon="1.885466">
        <ele>1346.68</ele>
      </trkpt>
      <trkpt lat="42.83544" lon="1.885319">
        <ele>1341.79</ele>
      </trkpt>
      <trkpt lat="42.835355" lon="1.885147">
        <ele>1332.15</ele>
      </trkpt>
      <trkpt lat="42.835231" lon="1.884944">
        <ele>1320.57</ele>
      </trkpt>
      <trkpt lat="42.835147" lon="1.884848">
        <ele>1314.84</ele>
      </trkpt>
      <trkpt lat="42.835002" lon="1.88468">
        <ele>1304.86</ele>
      </trkpt>
      <trkpt lat="42.834925" lon="1.884605">
        <ele>1300.32</ele>
      </trkpt>
      <trkpt lat="42.834886" lon="1.884587">
        <ele>1299.02</ele>
      </trkpt>
      <trkpt lat="42.834832" lon="1.884585">
        <ele>1298.24</ele>
      </trkpt>
      <trkpt lat="42.83476" lon="1.884612">
        <ele>1298.61</ele>
      </trkpt>
      <trkpt lat="42.834624" lon="1.884692">
        <ele>1300.38</ele>
      </trkpt>
      <trkpt lat="42.834469" lon="1.884806">
        <ele>1300.26</ele>
      </trkpt>
      <trkpt lat="42.834021" lon="1.885221">
        <ele>1301.07</ele>
      </trkpt>
      <trkpt lat="42.833861" lon="1.885402">
        <ele>1301.92</ele>
      </trkpt>
      <trkpt lat="42.833685" lon="1.88564">
        <ele>1304.91</ele>
      </trkpt>
      <trkpt lat="42.83315" lon="1.886571">
        <ele>1311.95</ele>
      </trkpt>
      <trkpt lat="42.832272" lon="1.888097">
        <ele>1323.48</ele>
      </trkpt>
      <trkpt lat="42.832061" lon="1.888509">
        <ele>1325.05</ele>
      </trkpt>
      <trkpt lat="42.831834" lon="1.888993">
        <ele>1332.53</ele>
      </trkpt>
      <trkpt lat="42.831466" lon="1.889897">
        <ele>1341.36</ele>
      </trkpt>
      <trkpt lat="42.831204" lon="1.890497">
        <ele>1348.03</ele>
      </trkpt>
      <trkpt lat="42.830948" lon="1.891018">
        <ele>1358.24</ele>
      </trkpt>
      <trkpt lat="42.830787" lon="1.891292">
        <ele>1362.16</ele>
      </trkpt>
      <trkpt lat="42.830502" lon="1.891842">
        <ele>1364.45</ele>
      </trkpt>
      <trkpt lat="42.83034" lon="1.892088">
        <ele>1367.29</ele>
      </trkpt>
      <trkpt lat="42.83027" lon="1.892195">
        <ele>1368.52</ele>
      </trkpt>
      <trkpt lat="42.830054" lon="1.892455">
        <ele>1370.69</ele>
      </trkpt>
      <trkpt lat="42.82995" lon="1.892613">
        <ele>1370.35</ele>
      </trkpt>
      <trkpt lat="42.829924" lon="1.892636">
        <ele>1370.34</ele>
      </trkpt>
      <trkpt lat="42.829785" lon="1.892614">
        <ele>1372.33</ele>
      </trkpt>
      <trkpt lat="42.829739" lon="1.89263">
        <ele>1372.61</ele>
      </trkpt>
      <trkpt lat="42.829663" lon="1.892695">
        <ele>1372.2</ele>
      </trkpt>
      <trkpt lat="42.829372" lon="1.893007">
        <ele>1371.39</ele>
      </trkpt>
      <trkpt lat="42.829245" lon="1.893111">
        <ele>1371.33</ele>
      </trkpt>
      <trkpt lat="42.829063" lon="1.8932">
        <ele>1371.95</ele>
      </trkpt>
      <trkpt lat="42.82887" lon="1.893329">
        <ele>1371.33</ele>
      </trkpt>
      <trkpt lat="42.828709" lon="1.893394">
        <ele>1371.25</ele>
      </trkpt>
      <trkpt lat="42.828403" lon="1.893431">
        <ele>1373.08</ele>
      </trkpt>
      <trkpt lat="42.828092" lon="1.893599">
        <ele>1372.66</ele>
      </trkpt>
      <trkpt lat="42.827748" lon="1.893661">
        <ele>1377.56</ele>
      </trkpt>
      <trkpt lat="42.827469" lon="1.89376">
        <ele>1382.12</ele>
      </trkpt>
      <trkpt lat="42.827317" lon="1.893928">
        <ele>1383.71</ele>
      </trkpt>
      <trkpt lat="42.82722" lon="1.894164">
        <ele>1383.97</ele>
      </trkpt>
      <trkpt lat="42.826969" lon="1.894998">
        <ele>1382.65</ele>
      </trkpt>
      <trkpt lat="42.826646" lon="1.896163">
        <ele>1379.45</ele>
      </trkpt>
      <trkpt lat="42.826496" lon="1.896885">
        <ele>1377.78</ele>
      </trkpt>
      <trkpt lat="42.826407" lon="1.897313">
        <ele>1376.8</ele>
      </trkpt>
      <trkpt lat="42.82624" lon="1.897895">
        <ele>1375.24</ele>
      </trkpt>
      <trkpt lat="42.826033" lon="1.8983">
        <ele>1374.89</ele>
      </trkpt>
      <trkpt lat="42.825792" lon="1.89862">
        <ele>1376.71</ele>
      </trkpt>
      <trkpt lat="42.825651" lon="1.898898">
        <ele>1376.01</ele>
      </trkpt>
      <trkpt lat="42.825564" lon="1.899139">
        <ele>1374.07</ele>
      </trkpt>
      <trkpt lat="42.825398" lon="1.899515">
        <ele>1372.91</ele>
      </trkpt>
      <trkpt lat="42.82524" lon="1.899827">
        <ele>1374.55</ele>
      </trkpt>
      <trkpt lat="42.824894" lon="1.900431">
        <ele>1376.92</ele>
      </trkpt>
      <trkpt lat="42.824636" lon="1.900835">
        <ele>1374</ele>
      </trkpt>
      <trkpt lat="42.824256" lon="1.901292">
        <ele>1365.18</ele>
      </trkpt>
      <trkpt lat="42.824077" lon="1.90143">
        <ele>1362.58</ele>
      </trkpt>
      <trkpt lat="42.823955" lon="1.901491">
        <ele>1362</ele>
      </trkpt>
      <trkpt lat="42.823629" lon="1.901448">
        <ele>1365.24</ele>
      </trkpt>
      <trkpt lat="42.823367" lon="1.901529">
        <ele>1358.94</ele>
      </trkpt>
      <trkpt lat="42.82319" lon="1.901601">
        <ele>1353.77</ele>
      </trkpt>
      <trkpt lat="42.823053" lon="1.901627">
        <ele>1351.16</ele>
      </trkpt>
      <trkpt lat="42.822972" lon="1.901618">
        <ele>1350.91</ele>
      </trkpt>
      <trkpt lat="42.822806" lon="1.901523">
        <ele>1352.72</ele>
      </trkpt>
      <trkpt lat="42.822702" lon="1.901502">
        <ele>1351.71</ele>
      </trkpt>
      <trkpt lat="42.8225" lon="1.90151">
        <ele>1347.5</ele>
      </trkpt>
      <trkpt lat="42.822398" lon="1.90148">
        <ele>1346.66</ele>
      </trkpt>
      <trkpt lat="42.82221" lon="1.901381">
        <ele>1346.02</ele>
      </trkpt>
      <trkpt lat="42.82196" lon="1.901299">
        <ele>1345.05</ele>
      </trkpt>
      <trkpt lat="42.821904" lon="1.901264">
        <ele>1345.36</ele>
      </trkpt>
      <trkpt lat="42.821627" lon="1.90109">
        <ele>1346.93</ele>
      </trkpt>
      <trkpt lat="42.821543" lon="1.90106">
        <ele>1346.76</ele>
      </trkpt>
      <trkpt lat="42.82145" lon="1.901071">
        <ele>1345.11</ele>
      </trkpt>
      <trkpt lat="42.821392" lon="1.901114">
        <ele>1343.09</ele>
      </trkpt>
      <trkpt lat="42.821353" lon="1.901182">
        <ele>1341.1</ele>
      </trkpt>
      <trkpt lat="42.821253" lon="1.901496">
        <ele>1334.54</ele>
      </trkpt>
      <trkpt lat="42.821139" lon="1.901699">
        <ele>1327.96</ele>
      </trkpt>
      <trkpt lat="42.82103" lon="1.901851">
        <ele>1322.03</ele>
      </trkpt>
      <trkpt lat="42.820975" lon="1.901907">
        <ele>1319.29</ele>
      </trkpt>
      <trkpt lat="42.820932" lon="1.901922">
        <ele>1317.6</ele>
      </trkpt>
      <trkpt lat="42.820882" lon="1.901916">
        <ele>1316.06</ele>
      </trkpt>
      <trkpt lat="42.820829" lon="1.901877">
        <ele>1315.04</ele>
      </trkpt>
      <trkpt lat="42.820653" lon="1.9016">
        <ele>1314.82</ele>
      </trkpt>
      <trkpt lat="42.820514" lon="1.90135">
        <ele>1315.93</ele>
      </trkpt>
      <trkpt lat="42.820389" lon="1.901045">
        <ele>1321.51</ele>
      </trkpt>
      <trkpt lat="42.820259" lon="1.90077">
        <ele>1327.7</ele>
      </trkpt>
      <trkpt lat="42.820141" lon="1.900615">
        <ele>1330.29</ele>
      </trkpt>
      <trkpt lat="42.819954" lon="1.900441">
        <ele>1331.97</ele>
      </trkpt>
      <trkpt lat="42.819813" lon="1.900323">
        <ele>1332.42</ele>
      </trkpt>
      <trkpt lat="42.819706" lon="1.900264">
        <ele>1331.57</ele>
      </trkpt>
      <trkpt lat="42.819638" lon="1.900255">
        <ele>1330.61</ele>
      </trkpt>
      <trkpt lat="42.819579" lon="1.900284">
        <ele>1329.59</ele>
      </trkpt>
      <trkpt lat="42.819356" lon="1.900539">
        <ele>1323.44</ele>
      </trkpt>
      <trkpt lat="42.819223" lon="1.900604">
        <ele>1321.24</ele>
      </trkpt>
      <trkpt lat="42.819137" lon="1.900612">
        <ele>1320.32</ele>
      </trkpt>
      <trkpt lat="42.818858" lon="1.900545">
        <ele>1318.35</ele>
      </trkpt>
      <trkpt lat="42.818703" lon="1.900564">
        <ele>1318.79</ele>
      </trkpt>
      <trkpt lat="42.818625" lon="1.900563">
        <ele>1319.7</ele>
      </trkpt>
      <trkpt lat="42.818561" lon="1.900532">
        <ele>1320.52</ele>
      </trkpt>
      <trkpt lat="42.818232" lon="1.900262">
        <ele>1321.98</ele>
      </trkpt>
      <trkpt lat="42.817958" lon="1.90002">
        <ele>1319.11</ele>
      </trkpt>
      <trkpt lat="42.817621" lon="1.899419">
        <ele>1310.17</ele>
      </trkpt>
      <trkpt lat="42.817507" lon="1.899277">
        <ele>1308.02</ele>
      </trkpt>
      <trkpt lat="42.817254" lon="1.899029">
        <ele>1303.7</ele>
      </trkpt>
      <trkpt lat="42.817169" lon="1.898919">
        <ele>1301.5</ele>
      </trkpt>
      <trkpt lat="42.816987" lon="1.898712">
        <ele>1296.37</ele>
      </trkpt>
      <trkpt lat="42.816782" lon="1.898547">
        <ele>1292.42</ele>
      </trkpt>
      <trkpt lat="42.816681" lon="1.89845">
        <ele>1290.55</ele>
      </trkpt>
      <trkpt lat="42.816579" lon="1.898371">
        <ele>1288.98</ele>
      </trkpt>
      <trkpt lat="42.816512" lon="1.898334">
        <ele>1288.18</ele>
      </trkpt>
      <trkpt lat="42.815947" lon="1.898139">
        <ele>1281.39</ele>
      </trkpt>
      <trkpt lat="42.81585" lon="1.898087">
        <ele>1279.92</ele>
      </trkpt>
      <trkpt lat="42.815731" lon="1.89799">
        <ele>1277.85</ele>
      </trkpt>
      <trkpt lat="42.815605" lon="1.897861">
        <ele>1275.54</ele>
      </trkpt>
      <trkpt lat="42.81531" lon="1.89748">
        <ele>1271.99</ele>
      </trkpt>
      <trkpt lat="42.81533" lon="1.897443">
        <ele>1272.55</ele>
      </trkpt>
      <trkpt lat="42.815265" lon="1.897181">
        <ele>1272.44</ele>
      </trkpt>
      <trkpt lat="42.815252" lon="1.896892">
        <ele>1272.63</ele>
      </trkpt>
      <trkpt lat="42.815235" lon="1.896805">
        <ele>1271.92</ele>
      </trkpt>
      <trkpt lat="42.815207" lon="1.896482">
        <ele>1269.89</ele>
      </trkpt>
      <trkpt lat="42.815156" lon="1.896024">
        <ele>1266.15</ele>
      </trkpt>
      <trkpt lat="42.814986" lon="1.895403">
        <ele>1255.76</ele>
      </trkpt>
      <trkpt lat="42.814911" lon="1.895194">
        <ele>1252.22</ele>
      </trkpt>
      <trkpt lat="42.81484" lon="1.895094">
        <ele>1250.21</ele>
      </trkpt>
      <trkpt lat="42.814834" lon="1.89505">
        <ele>1249.5</ele>
      </trkpt>
      <trkpt lat="42.814878" lon="1.894933">
        <ele>1248.17</ele>
      </trkpt>
      <trkpt lat="42.814883" lon="1.894884">
        <ele>1247.5</ele>
      </trkpt>
      <trkpt lat="42.814874" lon="1.89485">
        <ele>1246.93</ele>
      </trkpt>
      <trkpt lat="42.814855" lon="1.894816">
        <ele>1246.25</ele>
      </trkpt>
      <trkpt lat="42.814853" lon="1.894778">
        <ele>1245.68</ele>
      </trkpt>
      <trkpt lat="42.814847" lon="1.894702">
        <ele>1244.51</ele>
      </trkpt>
      <trkpt lat="42.814852" lon="1.894624">
        <ele>1243.41</ele>
      </trkpt>
      <trkpt lat="42.814872" lon="1.894501">
        <ele>1241.83</ele>
      </trkpt>
      <trkpt lat="42.814988" lon="1.894128">
        <ele>1236.85</ele>
      </trkpt>
      <trkpt lat="42.815113" lon="1.893838">
        <ele>1233.32</ele>
      </trkpt>
      <trkpt lat="42.815138" lon="1.893761">
        <ele>1232.31</ele>
      </trkpt>
      <trkpt lat="42.815152" lon="1.893744">
        <ele>1232.17</ele>
      </trkpt>
      <trkpt lat="42.815179" lon="1.89371">
        <ele>1231.89</ele>
      </trkpt>
      <trkpt lat="42.815229" lon="1.893586">
        <ele>1230.11</ele>
      </trkpt>
      <trkpt lat="42.815236" lon="1.893517">
        <ele>1228.78</ele>
      </trkpt>
      <trkpt lat="42.815231" lon="1.893472">
        <ele>1227.81</ele>
      </trkpt>
      <trkpt lat="42.815201" lon="1.893393">
        <ele>1225.88</ele>
      </trkpt>
      <trkpt lat="42.815156" lon="1.893343">
        <ele>1224.38</ele>
      </trkpt>
      <trkpt lat="42.815091" lon="1.893305">
        <ele>1222.89</ele>
      </trkpt>
      <trkpt lat="42.814995" lon="1.893278">
        <ele>1221.32</ele>
      </trkpt>
      <trkpt lat="42.814946" lon="1.893281">
        <ele>1220.85</ele>
      </trkpt>
      <trkpt lat="42.814882" lon="1.893305">
        <ele>1220.64</ele>
      </trkpt>
      <trkpt lat="42.814816" lon="1.893307">
        <ele>1219.97</ele>
      </trkpt>
      <trkpt lat="42.814791" lon="1.893288">
        <ele>1219.31</ele>
      </trkpt>
      <trkpt lat="42.814773" lon="1.893245">
        <ele>1218.25</ele>
      </trkpt>
      <trkpt lat="42.814764" lon="1.893066">
        <ele>1214.49</ele>
      </trkpt>
      <trkpt lat="42.81477" lon="1.892848">
        <ele>1210.12</ele>
      </trkpt>
      <trkpt lat="42.81479" lon="1.892763">
        <ele>1209.01</ele>
      </trkpt>
      <trkpt lat="42.814832" lon="1.892681">
        <ele>1208.49</ele>
      </trkpt>
      <trkpt lat="42.814892" lon="1.89263">
        <ele>1208.59</ele>
      </trkpt>
      <trkpt lat="42.814959" lon="1.892611">
        <ele>1209.17</ele>
      </trkpt>
      <trkpt lat="42.815132" lon="1.892607">
        <ele>1211.2</ele>
      </trkpt>
      <trkpt lat="42.815417" lon="1.892665">
        <ele>1215.12</ele>
      </trkpt>
      <trkpt lat="42.815466" lon="1.892664">
        <ele>1215.69</ele>
      </trkpt>
      <trkpt lat="42.815488" lon="1.892648">
        <ele>1215.83</ele>
      </trkpt>
      <trkpt lat="42.8155" lon="1.892615">
        <ele>1215.72</ele>
      </trkpt>
      <trkpt lat="42.815494" lon="1.892547">
        <ele>1215.08</ele>
      </trkpt>
      <trkpt lat="42.815474" lon="1.89251">
        <ele>1214.5</ele>
      </trkpt>
      <trkpt lat="42.815398" lon="1.892416">
        <ele>1212.72</ele>
      </trkpt>
      <trkpt lat="42.814963" lon="1.891928">
        <ele>1202.11</ele>
      </trkpt>
      <trkpt lat="42.81441" lon="1.8915">
        <ele>1195.25</ele>
      </trkpt>
      <trkpt lat="42.81422" lon="1.891411">
        <ele>1193.35</ele>
      </trkpt>
      <trkpt lat="42.814134" lon="1.891497">
        <ele>1192.41</ele>
      </trkpt>
      <trkpt lat="42.814031" lon="1.891573">
        <ele>1191.33</ele>
      </trkpt>
      <trkpt lat="42.81391" lon="1.891645">
        <ele>1190.08</ele>
      </trkpt>
      <trkpt lat="42.81382" lon="1.891673">
        <ele>1189.18</ele>
      </trkpt>
      <trkpt lat="42.813746" lon="1.891681">
        <ele>1188.75</ele>
      </trkpt>
      <trkpt lat="42.813502" lon="1.891638">
        <ele>1187.62</ele>
      </trkpt>
      <trkpt lat="42.813354" lon="1.891589">
        <ele>1186.88</ele>
      </trkpt>
      <trkpt lat="42.813225" lon="1.891512">
        <ele>1186.14</ele>
      </trkpt>
      <trkpt lat="42.813017" lon="1.891295">
        <ele>1184.62</ele>
      </trkpt>
      <trkpt lat="42.812906" lon="1.891144">
        <ele>1183.26</ele>
      </trkpt>
      <trkpt lat="42.812824" lon="1.891086">
        <ele>1182.47</ele>
      </trkpt>
      <trkpt lat="42.812652" lon="1.891095">
        <ele>1180.28</ele>
      </trkpt>
      <trkpt lat="42.812601" lon="1.891086">
        <ele>1179.64</ele>
      </trkpt>
      <trkpt lat="42.812468" lon="1.891062">
        <ele>1177.97</ele>
      </trkpt>
      <trkpt lat="42.812101" lon="1.89103">
        <ele>1173.23</ele>
      </trkpt>
      <trkpt lat="42.811906" lon="1.891041">
        <ele>1171.31</ele>
      </trkpt>
      <trkpt lat="42.811418" lon="1.891138">
        <ele>1166.25</ele>
      </trkpt>
      <trkpt lat="42.811333" lon="1.891165">
        <ele>1165.33</ele>
      </trkpt>
      <trkpt lat="42.811269" lon="1.891209">
        <ele>1165.32</ele>
      </trkpt>
      <trkpt lat="42.811498" lon="1.890418">
        <ele>1167.77</ele>
      </trkpt>
      <trkpt lat="42.811593" lon="1.890063">
        <ele>1168.14</ele>
      </trkpt>
      <trkpt lat="42.811674" lon="1.889882">
        <ele>1167.79</ele>
      </trkpt>
      <trkpt lat="42.811805" lon="1.889688">
        <ele>1166.68</ele>
      </trkpt>
      <trkpt lat="42.811876" lon="1.889541">
        <ele>1165.51</ele>
      </trkpt>
      <trkpt lat="42.812026" lon="1.889085">
        <ele>1163.69</ele>
      </trkpt>
      <trkpt lat="42.812086" lon="1.888862">
        <ele>1162.85</ele>
      </trkpt>
      <trkpt lat="42.812116" lon="1.888616">
        <ele>1162.3</ele>
      </trkpt>
      <trkpt lat="42.812116" lon="1.88843">
        <ele>1162.53</ele>
      </trkpt>
      <trkpt lat="42.812105" lon="1.888284">
        <ele>1162.85</ele>
      </trkpt>
      <trkpt lat="42.812045" lon="1.887799">
        <ele>1164.31</ele>
      </trkpt>
      <trkpt lat="42.812" lon="1.887427">
        <ele>1165.42</ele>
      </trkpt>
      <trkpt lat="42.812001" lon="1.887118">
        <ele>1165.76</ele>
      </trkpt>
      <trkpt lat="42.812032" lon="1.886494">
        <ele>1167.98</ele>
      </trkpt>
      <trkpt lat="42.812044" lon="1.885983">
        <ele>1170.34</ele>
      </trkpt>
      <trkpt lat="42.812071" lon="1.885811">
        <ele>1170.73</ele>
      </trkpt>
      <trkpt lat="42.812254" lon="1.885286">
        <ele>1172.18</ele>
      </trkpt>
      <trkpt lat="42.812379" lon="1.884854">
        <ele>1173.77</ele>
      </trkpt>
      <trkpt lat="42.812428" lon="1.884589">
        <ele>1174.12</ele>
      </trkpt>
      <trkpt lat="42.812449" lon="1.884311">
        <ele>1173.55</ele>
      </trkpt>
      <trkpt lat="42.812457" lon="1.88366">
        <ele>1171.26</ele>
      </trkpt>
      <trkpt lat="42.812468" lon="1.88338">
        <ele>1171.78</ele>
      </trkpt>
      <trkpt lat="42.812522" lon="1.883131">
        <ele>1171.36</ele>
      </trkpt>
      <trkpt lat="42.812511" lon="1.882966">
        <ele>1172.03</ele>
      </trkpt>
      <trkpt lat="42.812454" lon="1.882739">
        <ele>1175.04</ele>
      </trkpt>
      <trkpt lat="42.812442" lon="1.882559">
        <ele>1178.57</ele>
      </trkpt>
      <trkpt lat="42.81248" lon="1.88221">
        <ele>1183.42</ele>
      </trkpt>
      <trkpt lat="42.812514" lon="1.881774">
        <ele>1190.51</ele>
      </trkpt>
      <trkpt lat="42.812534" lon="1.881687">
        <ele>1191.48</ele>
      </trkpt>
      <trkpt lat="42.812672" lon="1.881356">
        <ele>1191.24</ele>
      </trkpt>
      <trkpt lat="42.812751" lon="1.881099">
        <ele>1191.58</ele>
      </trkpt>
      <trkpt lat="42.81293" lon="1.88039">
        <ele>1195.74</ele>
      </trkpt>
      <trkpt lat="42.812978" lon="1.880048">
        <ele>1200.04</ele>
      </trkpt>
      <trkpt lat="42.813025" lon="1.879849">
        <ele>1202</ele>
      </trkpt>
      <trkpt lat="42.813082" lon="1.879714">
        <ele>1201.98</ele>
      </trkpt>
      <trkpt lat="42.813159" lon="1.879613">
        <ele>1200.13</ele>
      </trkpt>
      <trkpt lat="42.813223" lon="1.879586">
        <ele>1197.48</ele>
      </trkpt>
      <trkpt lat="42.81344" lon="1.879534">
        <ele>1187.61</ele>
      </trkpt>
      <trkpt lat="42.813648" lon="1.879463">
        <ele>1178.01</ele>
      </trkpt>
      <trkpt lat="42.813848" lon="1.879358">
        <ele>1170.78</ele>
      </trkpt>
      <trkpt lat="42.814039" lon="1.879199">
        <ele>1168.44</ele>
      </trkpt>
      <trkpt lat="42.814243" lon="1.878981">
        <ele>1165.23</ele>
      </trkpt>
      <trkpt lat="42.81433" lon="1.878808">
        <ele>1163.94</ele>
      </trkpt>
      <trkpt lat="42.814447" lon="1.878458">
        <ele>1163.14</ele>
      </trkpt>
      <trkpt lat="42.814559" lon="1.878053">
        <ele>1164.27</ele>
      </trkpt>
      <trkpt lat="42.814578" lon="1.877931">
        <ele>1165.14</ele>
      </trkpt>
      <trkpt lat="42.814567" lon="1.877708">
        <ele>1167.5</ele>
      </trkpt>
      <trkpt lat="42.814581" lon="1.876852">
        <ele>1172.52</ele>
      </trkpt>
      <trkpt lat="42.81453" lon="1.875122">
        <ele>1179.78</ele>
      </trkpt>
      <trkpt lat="42.814491" lon="1.874922">
        <ele>1182.39</ele>
      </trkpt>
      <trkpt lat="42.814405" lon="1.874557">
        <ele>1189.02</ele>
      </trkpt>
      <trkpt lat="42.814408" lon="1.874305">
        <ele>1189.75</ele>
      </trkpt>
      <trkpt lat="42.814456" lon="1.874013">
        <ele>1187.2</ele>
      </trkpt>
      <trkpt lat="42.81466" lon="1.873158">
        <ele>1179.21</ele>
      </trkpt>
      <trkpt lat="42.814868" lon="1.872737">
        <ele>1170.14</ele>
      </trkpt>
      <trkpt lat="42.814921" lon="1.872588">
        <ele>1167.52</ele>
      </trkpt>
      <trkpt lat="42.814953" lon="1.872409">
        <ele>1166.61</ele>
      </trkpt>
      <trkpt lat="42.814957" lon="1.872241">
        <ele>1167.62</ele>
      </trkpt>
      <trkpt lat="42.814938" lon="1.871557">
        <ele>1171.74</ele>
      </trkpt>
      <trkpt lat="42.815023" lon="1.871149">
        <ele>1165.78</ele>
      </trkpt>
      <trkpt lat="42.815134" lon="1.87086">
        <ele>1160.75</ele>
      </trkpt>
      <trkpt lat="42.81521" lon="1.870598">
        <ele>1157.87</ele>
      </trkpt>
      <trkpt lat="42.815233" lon="1.870522">
        <ele>1157.03</ele>
      </trkpt>
      <trkpt lat="42.815272" lon="1.870237">
        <ele>1157.42</ele>
      </trkpt>
      <trkpt lat="42.815304" lon="1.869926">
        <ele>1159.39</ele>
      </trkpt>
      <trkpt lat="42.815406" lon="1.869395">
        <ele>1159.04</ele>
      </trkpt>
      <trkpt lat="42.81552" lon="1.869167">
        <ele>1154.73</ele>
      </trkpt>
      <trkpt lat="42.815659" lon="1.868958">
        <ele>1149.65</ele>
      </trkpt>
      <trkpt lat="42.816505" lon="1.867804">
        <ele>1123.07</ele>
      </trkpt>
      <trkpt lat="42.816716" lon="1.867491">
        <ele>1121.05</ele>
      </trkpt>
      <trkpt lat="42.816881" lon="1.867142">
        <ele>1118.86</ele>
      </trkpt>
      <trkpt lat="42.816989" lon="1.86695">
        <ele>1115.86</ele>
      </trkpt>
      <trkpt lat="42.817211" lon="1.866771">
        <ele>1110.2</ele>
      </trkpt>
      <trkpt lat="42.817337" lon="1.866657">
        <ele>1110.23</ele>
      </trkpt>
      <trkpt lat="42.817448" lon="1.866476">
        <ele>1110.21</ele>
      </trkpt>
      <trkpt lat="42.817512" lon="1.866271">
        <ele>1110.2</ele>
      </trkpt>
      <trkpt lat="42.817578" lon="1.86592">
        <ele>1112.77</ele>
      </trkpt>
      <trkpt lat="42.817667" lon="1.865608">
        <ele>1114.6</ele>
      </trkpt>
      <trkpt lat="42.817684" lon="1.86544">
        <ele>1115.92</ele>
      </trkpt>
      <trkpt lat="42.817681" lon="1.865198">
        <ele>1119.35</ele>
      </trkpt>
      <trkpt lat="42.817697" lon="1.864908">
        <ele>1123.67</ele>
      </trkpt>
      <trkpt lat="42.817726" lon="1.864685">
        <ele>1125.98</ele>
      </trkpt>
      <trkpt lat="42.817759" lon="1.864572">
        <ele>1125.55</ele>
      </trkpt>
      <trkpt lat="42.817867" lon="1.864209">
        <ele>1124.16</ele>
      </trkpt>
      <trkpt lat="42.817922" lon="1.863955">
        <ele>1123.32</ele>
      </trkpt>
      <trkpt lat="42.817971" lon="1.863621">
        <ele>1123.05</ele>
      </trkpt>
      <trkpt lat="42.817983" lon="1.863444">
        <ele>1123.37</ele>
      </trkpt>
      <trkpt lat="42.817973" lon="1.863269">
        <ele>1123.85</ele>
      </trkpt>
      <trkpt lat="42.817952" lon="1.863132">
        <ele>1125.68</ele>
      </trkpt>
      <trkpt lat="42.81792" lon="1.863006">
        <ele>1128.7</ele>
      </trkpt>
      <trkpt lat="42.817909" lon="1.862887">
        <ele>1129.96</ele>
      </trkpt>
      <trkpt lat="42.817909" lon="1.862771">
        <ele>1131.14</ele>
      </trkpt>
      <trkpt lat="42.817936" lon="1.862669">
        <ele>1131.31</ele>
      </trkpt>
      <trkpt lat="42.818095" lon="1.862311">
        <ele>1132.29</ele>
      </trkpt>
      <trkpt lat="42.818167" lon="1.862051">
        <ele>1134.4</ele>
      </trkpt>
      <trkpt lat="42.818218" lon="1.861927">
        <ele>1136.1</ele>
      </trkpt>
      <trkpt lat="42.818303" lon="1.861819">
        <ele>1137.65</ele>
      </trkpt>
      <trkpt lat="42.818413" lon="1.86174">
        <ele>1136.07</ele>
      </trkpt>
      <trkpt lat="42.818507" lon="1.861686">
        <ele>1133.78</ele>
      </trkpt>
      <trkpt lat="42.818628" lon="1.861568">
        <ele>1132.84</ele>
      </trkpt>
      <trkpt lat="42.818741" lon="1.861476">
        <ele>1130.57</ele>
      </trkpt>
      <trkpt lat="42.818908" lon="1.861392">
        <ele>1126.91</ele>
      </trkpt>
      <trkpt lat="42.818952" lon="1.861335">
        <ele>1127.08</ele>
      </trkpt>
      <trkpt lat="42.819009" lon="1.861204">
        <ele>1128.28</ele>
      </trkpt>
      <trkpt lat="42.819103" lon="1.860952">
        <ele>1135.16</ele>
      </trkpt>
      <trkpt lat="42.819173" lon="1.860847">
        <ele>1136.76</ele>
      </trkpt>
      <trkpt lat="42.81924" lon="1.860782">
        <ele>1136.2</ele>
      </trkpt>
      <trkpt lat="42.819474" lon="1.860672">
        <ele>1127.51</ele>
      </trkpt>
      <trkpt lat="42.819653" lon="1.860543">
        <ele>1122.81</ele>
      </trkpt>
      <trkpt lat="42.819703" lon="1.860479">
        <ele>1123.64</ele>
      </trkpt>
      <trkpt lat="42.81978" lon="1.860337">
        <ele>1125.2</ele>
      </trkpt>
      <trkpt lat="42.81999" lon="1.860062">
        <ele>1124.99</ele>
      </trkpt>
      <trkpt lat="42.820203" lon="1.859863">
        <ele>1120.39</ele>
      </trkpt>
      <trkpt lat="42.820342" lon="1.85979">
        <ele>1114.65</ele>
      </trkpt>
      <trkpt lat="42.820595" lon="1.859779">
        <ele>1103.53</ele>
      </trkpt>
      <trkpt lat="42.820716" lon="1.859757">
        <ele>1100.56</ele>
      </trkpt>
      <trkpt lat="42.82111" lon="1.859617">
        <ele>1089.2</ele>
      </trkpt>
      <trkpt lat="42.821182" lon="1.859609">
        <ele>1086.52</ele>
      </trkpt>
      <trkpt lat="42.821383" lon="1.859659">
        <ele>1081.78</ele>
      </trkpt>
      <trkpt lat="42.821477" lon="1.85966">
        <ele>1081.16</ele>
      </trkpt>
      <trkpt lat="42.821531" lon="1.85964">
        <ele>1080.59</ele>
      </trkpt>
      <trkpt lat="42.821575" lon="1.8596">
        <ele>1079.81</ele>
      </trkpt>
      <trkpt lat="42.821601" lon="1.859548">
        <ele>1079</ele>
      </trkpt>
      <trkpt lat="42.821684" lon="1.859573">
        <ele>1078.62</ele>
      </trkpt>
      <trkpt lat="42.821728" lon="1.859575">
        <ele>1078.3</ele>
      </trkpt>
      <trkpt lat="42.82176" lon="1.859554">
        <ele>1077.74</ele>
      </trkpt>
      <trkpt lat="42.82179" lon="1.859463">
        <ele>1076.83</ele>
      </trkpt>
      <trkpt lat="42.821858" lon="1.859374">
        <ele>1079.7</ele>
      </trkpt>
      <trkpt lat="42.821947" lon="1.859329">
        <ele>1081.3</ele>
      </trkpt>
      <trkpt lat="42.822087" lon="1.859322">
        <ele>1081.44</ele>
      </trkpt>
      <trkpt lat="42.822289" lon="1.859371">
        <ele>1081.29</ele>
      </trkpt>
      <trkpt lat="42.822392" lon="1.859424">
        <ele>1079.71</ele>
      </trkpt>
      <trkpt lat="42.822642" lon="1.859503">
        <ele>1080.23</ele>
      </trkpt>
      <trkpt lat="42.822948" lon="1.859525">
        <ele>1084.74</ele>
      </trkpt>
      <trkpt lat="42.823005" lon="1.859515">
        <ele>1086.05</ele>
      </trkpt>
      <trkpt lat="42.823114" lon="1.859438">
        <ele>1092.44</ele>
      </trkpt>
      <trkpt lat="42.82322" lon="1.859407">
        <ele>1098.55</ele>
      </trkpt>
      <trkpt lat="42.823307" lon="1.859409">
        <ele>1101.41</ele>
      </trkpt>
      <trkpt lat="42.823438" lon="1.859514">
        <ele>1101.59</ele>
      </trkpt>
      <trkpt lat="42.823503" lon="1.859526">
        <ele>1103.77</ele>
      </trkpt>
      <trkpt lat="42.82361" lon="1.859497">
        <ele>1108.14</ele>
      </trkpt>
      <trkpt lat="42.823761" lon="1.859504">
        <ele>1113.49</ele>
      </trkpt>
      <trkpt lat="42.824096" lon="1.859649">
        <ele>1111.87</ele>
      </trkpt>
      <trkpt lat="42.824168" lon="1.85967">
        <ele>1111.76</ele>
      </trkpt>
      <trkpt lat="42.824238" lon="1.85966">
        <ele>1112.43</ele>
      </trkpt>
      <trkpt lat="42.824292" lon="1.859628">
        <ele>1113.42</ele>
      </trkpt>
      <trkpt lat="42.824338" lon="1.859518">
        <ele>1115.82</ele>
      </trkpt>
      <trkpt lat="42.824372" lon="1.859378">
        <ele>1121.08</ele>
      </trkpt>
      <trkpt lat="42.824427" lon="1.85924">
        <ele>1127.32</ele>
      </trkpt>
      <trkpt lat="42.824519" lon="1.859167">
        <ele>1130.8</ele>
      </trkpt>
      <trkpt lat="42.824667" lon="1.859116">
        <ele>1132.81</ele>
      </trkpt>
      <trkpt lat="42.824829" lon="1.859143">
        <ele>1128.31</ele>
      </trkpt>
      <trkpt lat="42.824993" lon="1.859262">
        <ele>1121.06</ele>
      </trkpt>
      <trkpt lat="42.825206" lon="1.859465">
        <ele>1112.51</ele>
      </trkpt>
      <trkpt lat="42.825344" lon="1.859559">
        <ele>1110.08</ele>
      </trkpt>
      <trkpt lat="42.825559" lon="1.859648">
        <ele>1103.51</ele>
      </trkpt>
      <trkpt lat="42.825695" lon="1.859753">
        <ele>1095.48</ele>
      </trkpt>
      <trkpt lat="42.825823" lon="1.859837">
        <ele>1088.25</ele>
      </trkpt>
      <trkpt lat="42.8259" lon="1.859845">
        <ele>1084.36</ele>
      </trkpt>
      <trkpt lat="42.826013" lon="1.859835">
        <ele>1078.84</ele>
      </trkpt>
      <trkpt lat="42.826141" lon="1.859854">
        <ele>1072.34</ele>
      </trkpt>
      <trkpt lat="42.826288" lon="1.859887">
        <ele>1064.84</ele>
      </trkpt>
      <trkpt lat="42.826414" lon="1.859945">
        <ele>1062.69</ele>
      </trkpt>
      <trkpt lat="42.826571" lon="1.859959">
        <ele>1061.08</ele>
      </trkpt>
      <trkpt lat="42.826744" lon="1.860016">
        <ele>1057.85</ele>
      </trkpt>
      <trkpt lat="42.826886" lon="1.860112">
        <ele>1052.56</ele>
      </trkpt>
      <trkpt lat="42.827031" lon="1.860242">
        <ele>1044.74</ele>
      </trkpt>
      <trkpt lat="42.827318" lon="1.860563">
        <ele>1048</ele>
      </trkpt>
      <trkpt lat="42.827388" lon="1.860627">
        <ele>1048.76</ele>
      </trkpt>
      <trkpt lat="42.827648" lon="1.860753">
        <ele>1044.44</ele>
      </trkpt>
      <trkpt lat="42.827943" lon="1.860922">
        <ele>1035.42</ele>
      </trkpt>
      <trkpt lat="42.828043" lon="1.861017">
        <ele>1034.52</ele>
      </trkpt>
      <trkpt lat="42.828357" lon="1.861454">
        <ele>1037.6</ele>
      </trkpt>
      <trkpt lat="42.828746" lon="1.862001">
        <ele>1018.22</ele>
      </trkpt>
      <trkpt lat="42.828873" lon="1.862212">
        <ele>1020.4</ele>
      </trkpt>
      <trkpt lat="42.828898" lon="1.862303">
        <ele>1022.63</ele>
      </trkpt>
      <trkpt lat="42.828898" lon="1.862395">
        <ele>1025.53</ele>
      </trkpt>
      <trkpt lat="42.828915" lon="1.862466">
        <ele>1026.76</ele>
      </trkpt>
      <trkpt lat="42.828981" lon="1.862552">
        <ele>1024.77</ele>
      </trkpt>
      <trkpt lat="42.829132" lon="1.862693">
        <ele>1014.81</ele>
      </trkpt>
      <trkpt lat="42.829268" lon="1.862792">
        <ele>1001.57</ele>
      </trkpt>
      <trkpt lat="42.829519" lon="1.862951">
        <ele>983.12</ele>
      </trkpt>
      <trkpt lat="42.829582" lon="1.863044">
        <ele>980.95</ele>
      </trkpt>
      <trkpt lat="42.82964" lon="1.863198">
        <ele>981.66</ele>
      </trkpt>
      <trkpt lat="42.82965" lon="1.863357">
        <ele>988.51</ele>
      </trkpt>
      <trkpt lat="42.829668" lon="1.863484">
        <ele>993.13</ele>
      </trkpt>
      <trkpt lat="42.829699" lon="1.863598">
        <ele>995.58</ele>
      </trkpt>
      <trkpt lat="42.829838" lon="1.863834">
        <ele>1001.47</ele>
      </trkpt>
      <trkpt lat="42.829914" lon="1.863902">
        <ele>999.75</ele>
      </trkpt>
      <trkpt lat="42.830107" lon="1.864008">
        <ele>987.97</ele>
      </trkpt>
      <trkpt lat="42.830273" lon="1.864066">
        <ele>974.13</ele>
      </trkpt>
      <trkpt lat="42.830384" lon="1.864136">
        <ele>965.49</ele>
      </trkpt>
      <trkpt lat="42.83043" lon="1.864187">
        <ele>962.57</ele>
      </trkpt>
      <trkpt lat="42.830478" lon="1.864308">
        <ele>962.17</ele>
      </trkpt>
      <trkpt lat="42.830568" lon="1.864433">
        <ele>960.43</ele>
      </trkpt>
      <trkpt lat="42.830642" lon="1.864477">
        <ele>955.95</ele>
      </trkpt>
      <trkpt lat="42.831048" lon="1.864637">
        <ele>932.89</ele>
      </trkpt>
      <trkpt lat="42.831203" lon="1.864686">
        <ele>920.87</ele>
      </trkpt>
      <trkpt lat="42.831383" lon="1.864701">
        <ele>915.13</ele>
      </trkpt>
      <trkpt lat="42.831789" lon="1.864769">
        <ele>931.87</ele>
      </trkpt>
      <trkpt lat="42.831839" lon="1.864819">
        <ele>932.64</ele>
      </trkpt>
      <trkpt lat="42.83185" lon="1.864879">
        <ele>931.58</ele>
      </trkpt>
      <trkpt lat="42.83182" lon="1.864969">
        <ele>928.94</ele>
      </trkpt>
      <trkpt lat="42.8318" lon="1.86508">
        <ele>926.54</ele>
      </trkpt>
      <trkpt lat="42.8318" lon="1.865161">
        <ele>925.05</ele>
      </trkpt>
      <trkpt lat="42.8318" lon="1.865205">
        <ele>924.24</ele>
      </trkpt>
      <trkpt lat="42.83182" lon="1.8653">
        <ele>922.19</ele>
      </trkpt>
      <trkpt lat="42.831851" lon="1.865359">
        <ele>921.78</ele>
      </trkpt>
      <trkpt lat="42.831969" lon="1.865489">
        <ele>918.43</ele>
      </trkpt>
      <trkpt lat="42.832008" lon="1.865553">
        <ele>916.34</ele>
      </trkpt>
      <trkpt lat="42.832008" lon="1.865591">
        <ele>915.93</ele>
      </trkpt>
      <trkpt lat="42.832024" lon="1.865629">
        <ele>914.72</ele>
      </trkpt>
      <trkpt lat="42.832087" lon="1.865701">
        <ele>910.18</ele>
      </trkpt>
      <trkpt lat="42.832096" lon="1.865748">
        <ele>908.7</ele>
      </trkpt>
      <trkpt lat="42.832081" lon="1.865808">
        <ele>908.45</ele>
      </trkpt>
      <trkpt lat="42.832065" lon="1.865838">
        <ele>909.04</ele>
      </trkpt>
      <trkpt lat="42.831849" lon="1.865899">
        <ele>925.1</ele>
      </trkpt>
      <trkpt lat="42.831774" lon="1.865953">
        <ele>931.81</ele>
      </trkpt>
      <trkpt lat="42.831747" lon="1.866022">
        <ele>935.32</ele>
      </trkpt>
      <trkpt lat="42.831728" lon="1.866105">
        <ele>938.62</ele>
      </trkpt>
      <trkpt lat="42.831726" lon="1.866156">
        <ele>939.88</ele>
      </trkpt>
      <trkpt lat="42.831768" lon="1.866289">
        <ele>938.07</ele>
      </trkpt>
      <trkpt lat="42.831834" lon="1.866398">
        <ele>930.06</ele>
      </trkpt>
      <trkpt lat="42.831996" lon="1.86661">
        <ele>899.34</ele>
      </trkpt>
      <trkpt lat="42.832198" lon="1.866781">
        <ele>859.48</ele>
      </trkpt>
      <trkpt lat="42.832557" lon="1.867048">
        <ele>831.81</ele>
      </trkpt>
      <trkpt lat="42.83277" lon="1.867318">
        <ele>820.03</ele>
      </trkpt>
      <trkpt lat="42.832818" lon="1.867349">
        <ele>817.66</ele>
      </trkpt>
      <trkpt lat="42.833057" lon="1.867781">
        <ele>808.38</ele>
      </trkpt>
      <trkpt lat="42.833468" lon="1.868301">
        <ele>806.25</ele>
      </trkpt>
      <trkpt lat="42.833752" lon="1.868572">
        <ele>793.2</ele>
      </trkpt>
      <trkpt lat="42.833862" lon="1.868647">
        <ele>790.76</ele>
      </trkpt>
      <trkpt lat="42.834036" lon="1.868745">
        <ele>794.34</ele>
      </trkpt>
      <trkpt lat="42.834197" lon="1.868936">
        <ele>792.32</ele>
      </trkpt>
      <trkpt lat="42.834289" lon="1.869119">
        <ele>786.36</ele>
      </trkpt>
      <trkpt lat="42.83436" lon="1.869336">
        <ele>776.81</ele>
      </trkpt>
      <trkpt lat="42.834425" lon="1.869497">
        <ele>768.54</ele>
      </trkpt>
      <trkpt lat="42.834495" lon="1.869621">
        <ele>764.82</ele>
      </trkpt>
      <trkpt lat="42.834598" lon="1.869889">
        <ele>755.92</ele>
      </trkpt>
      <trkpt lat="42.834613" lon="1.869992">
        <ele>753.13</ele>
      </trkpt>
      <trkpt lat="42.834631" lon="1.870235">
        <ele>747.17</ele>
      </trkpt>
      <trkpt lat="42.834658" lon="1.870298">
        <ele>745.94</ele>
      </trkpt>
      <trkpt lat="42.834759" lon="1.870394">
        <ele>749.51</ele>
      </trkpt>
      <trkpt lat="42.834868" lon="1.870554">
        <ele>752.2</ele>
      </trkpt>
      <trkpt lat="42.834931" lon="1.870707">
        <ele>752.26</ele>
      </trkpt>
      <trkpt lat="42.834968" lon="1.870858">
        <ele>751.1</ele>
      </trkpt>
      <trkpt lat="42.834984" lon="1.871257">
        <ele>748.77</ele>
      </trkpt>
      <trkpt lat="42.835006" lon="1.871392">
        <ele>749.01</ele>
      </trkpt>
      <trkpt lat="42.835039" lon="1.871502">
        <ele>748.44</ele>
      </trkpt>
      <trkpt lat="42.835104" lon="1.871629">
        <ele>746.14</ele>
      </trkpt>
      <trkpt lat="42.835337" lon="1.871959">
        <ele>732.52</ele>
      </trkpt>
      <trkpt lat="42.835427" lon="1.872161">
        <ele>728.53</ele>
      </trkpt>
      <trkpt lat="42.835524" lon="1.872501">
        <ele>728.46</ele>
      </trkpt>
      <trkpt lat="42.835576" lon="1.872657">
        <ele>728.77</ele>
      </trkpt>
      <trkpt lat="42.835606" lon="1.872708">
        <ele>728.48</ele>
      </trkpt>
      <trkpt lat="42.836006" lon="1.87318">
        <ele>725.64</ele>
      </trkpt>
      <trkpt lat="42.836337" lon="1.873505">
        <ele>715.75</ele>
      </trkpt>
      <trkpt lat="42.836597" lon="1.873719">
        <ele>715.52</ele>
      </trkpt>
      <trkpt lat="42.836704" lon="1.873777">
        <ele>715.97</ele>
      </trkpt>
      <trkpt lat="42.837012" lon="1.873878">
        <ele>713.35</ele>
      </trkpt>
      <trkpt lat="42.83725" lon="1.874023">
        <ele>714.3</ele>
      </trkpt>
      <trkpt lat="42.837412" lon="1.874187">
        <ele>715.38</ele>
      </trkpt>
      <trkpt lat="42.837465" lon="1.874253">
        <ele>714.87</ele>
      </trkpt>
      <trkpt lat="42.837638" lon="1.874598">
        <ele>715.54</ele>
      </trkpt>
      <trkpt lat="42.837777" lon="1.874801">
        <ele>719.95</ele>
      </trkpt>
      <trkpt lat="42.83784" lon="1.874857">
        <ele>719.56</ele>
      </trkpt>
      <trkpt lat="42.838073" lon="1.874921">
        <ele>715.32</ele>
      </trkpt>
      <trkpt lat="42.838517" lon="1.874952">
        <ele>713.23</ele>
      </trkpt>
      <trkpt lat="42.83876" lon="1.875055">
        <ele>709.86</ele>
      </trkpt>
      <trkpt lat="42.83898" lon="1.875189">
        <ele>704.37</ele>
      </trkpt>
      <trkpt lat="42.839216" lon="1.87537">
        <ele>697.9</ele>
      </trkpt>
      <trkpt lat="42.839349" lon="1.875502">
        <ele>697.51</ele>
      </trkpt>
      <trkpt lat="42.839573" lon="1.875848">
        <ele>695.51</ele>
      </trkpt>
      <trkpt lat="42.840018" lon="1.8765">
        <ele>692.96</ele>
      </trkpt>
      <trkpt lat="42.840105" lon="1.876594">
        <ele>691.31</ele>
      </trkpt>
      <trkpt lat="42.840179" lon="1.876639">
        <ele>689.23</ele>
      </trkpt>
      <trkpt lat="42.840719" lon="1.876755">
        <ele>680.41</ele>
      </trkpt>
      <trkpt lat="42.841009" lon="1.876837">
        <ele>679.83</ele>
      </trkpt>
      <trkpt lat="42.841453" lon="1.876906">
        <ele>677.03</ele>
      </trkpt>
      <trkpt lat="42.842154" lon="1.876931">
        <ele>672</ele>
      </trkpt>
      <trkpt lat="42.842555" lon="1.877022">
        <ele>667.99</ele>
      </trkpt>
      <trkpt lat="42.84354" lon="1.877">
        <ele>661.2</ele>
      </trkpt>
      <trkpt lat="42.843981" lon="1.876987">
        <ele>657.41</ele>
      </trkpt>
      <trkpt lat="42.844028" lon="1.876947">
        <ele>657.64</ele>
      </trkpt>
      <trkpt lat="42.844061" lon="1.876894">
        <ele>658.75</ele>
      </trkpt>
      <trkpt lat="42.844129" lon="1.876735">
        <ele>661.93</ele>
      </trkpt>
      <trkpt lat="42.844321" lon="1.875758">
        <ele>677.7</ele>
      </trkpt>
      <trkpt lat="42.844395" lon="1.875565">
        <ele>676.4</ele>
      </trkpt>
      <trkpt lat="42.84446" lon="1.875442">
        <ele>673.4</ele>
      </trkpt>
      <trkpt lat="42.844606" lon="1.87527">
        <ele>663.35</ele>
      </trkpt>
      <trkpt lat="42.844872" lon="1.875065">
        <ele>660.33</ele>
      </trkpt>
      <trkpt lat="42.845078" lon="1.874978">
        <ele>658.64</ele>
      </trkpt>
      <trkpt lat="42.845196" lon="1.874967">
        <ele>656.59</ele>
      </trkpt>
      <trkpt lat="42.845282" lon="1.87499">
        <ele>654.12</ele>
      </trkpt>
      <trkpt lat="42.845463" lon="1.875084">
        <ele>647.21</ele>
      </trkpt>
      <trkpt lat="42.845541" lon="1.875102">
        <ele>646.76</ele>
      </trkpt>
      <trkpt lat="42.845605" lon="1.875103">
        <ele>647.13</ele>
      </trkpt>
      <trkpt lat="42.84572" lon="1.875071">
        <ele>649.03</ele>
      </trkpt>
      <trkpt lat="42.846063" lon="1.874881">
        <ele>658.68</ele>
      </trkpt>
      <trkpt lat="42.846313" lon="1.874725">
        <ele>666.85</ele>
      </trkpt>
      <trkpt lat="42.846553" lon="1.874516">
        <ele>669.53</ele>
      </trkpt>
      <trkpt lat="42.846697" lon="1.874437">
        <ele>669.98</ele>
      </trkpt>
      <trkpt lat="42.84684" lon="1.874412">
        <ele>668.28</ele>
      </trkpt>
      <trkpt lat="42.847445" lon="1.874443">
        <ele>656.7</ele>
      </trkpt>
      <trkpt lat="42.84777" lon="1.874426">
        <ele>655.32</ele>
      </trkpt>
      <trkpt lat="42.848047" lon="1.874411">
        <ele>654.14</ele>
      </trkpt>
      <trkpt lat="42.848349" lon="1.874352">
        <ele>653.75</ele>
      </trkpt>
      <trkpt lat="42.848477" lon="1.874357">
        <ele>651.77</ele>
      </trkpt>
      <trkpt lat="42.848613" lon="1.874402">
        <ele>647.28</ele>
      </trkpt>
      <trkpt lat="42.849172" lon="1.874854">
        <ele>641.39</ele>
      </trkpt>
      <trkpt lat="42.849328" lon="1.874966">
        <ele>639.15</ele>
      </trkpt>
      <trkpt lat="42.849687" lon="1.875264">
        <ele>628.24</ele>
      </trkpt>
      <trkpt lat="42.849886" lon="1.875377">
        <ele>630.15</ele>
      </trkpt>
      <trkpt lat="42.849964" lon="1.875406">
        <ele>631.26</ele>
      </trkpt>
      <trkpt lat="42.850053" lon="1.875415">
        <ele>632.13</ele>
      </trkpt>
      <trkpt lat="42.850191" lon="1.875381">
        <ele>633.3</ele>
      </trkpt>
      <trkpt lat="42.851158" lon="1.874997">
        <ele>647.94</ele>
      </trkpt>
      <trkpt lat="42.851336" lon="1.87499">
        <ele>646.64</ele>
      </trkpt>
      <trkpt lat="42.851455" lon="1.875013">
        <ele>643.73</ele>
      </trkpt>
      <trkpt lat="42.851654" lon="1.875106">
        <ele>636.9</ele>
      </trkpt>
      <trkpt lat="42.851777" lon="1.875203">
        <ele>631.59</ele>
      </trkpt>
      <trkpt lat="42.852165" lon="1.875555">
        <ele>621.62</ele>
      </trkpt>
      <trkpt lat="42.852317" lon="1.875645">
        <ele>621.97</ele>
      </trkpt>
      <trkpt lat="42.85246" lon="1.875707">
        <ele>622.3</ele>
      </trkpt>
      <trkpt lat="42.852558" lon="1.875733">
        <ele>622.68</ele>
      </trkpt>
      <trkpt lat="42.852646" lon="1.87574">
        <ele>623.24</ele>
      </trkpt>
      <trkpt lat="42.853379" lon="1.875746">
        <ele>623.01</ele>
      </trkpt>
      <trkpt lat="42.853539" lon="1.875737">
        <ele>622.15</ele>
      </trkpt>
      <trkpt lat="42.853694" lon="1.875714">
        <ele>621.54</ele>
      </trkpt>
      <trkpt lat="42.853989" lon="1.875614">
        <ele>621.96</ele>
      </trkpt>
      <trkpt lat="42.854106" lon="1.875561">
        <ele>622.39</ele>
      </trkpt>
      <trkpt lat="42.854052" lon="1.87546">
        <ele>624.19</ele>
      </trkpt>
      <trkpt lat="42.854012" lon="1.875351">
        <ele>626.15</ele>
      </trkpt>
      <trkpt lat="42.853995" lon="1.87522">
        <ele>627.8</ele>
      </trkpt>
      <trkpt lat="42.853969" lon="1.875098">
        <ele>629.08</ele>
      </trkpt>
      <trkpt lat="42.853859" lon="1.874816">
        <ele>631.63</ele>
      </trkpt>
      <trkpt lat="42.853744" lon="1.874566">
        <ele>634.55</ele>
      </trkpt>
      <trkpt lat="42.853706" lon="1.874439">
        <ele>636.32</ele>
      </trkpt>
      <trkpt lat="42.853635" lon="1.874117">
        <ele>640.94</ele>
      </trkpt>
      <trkpt lat="42.853628" lon="1.874001">
        <ele>642.29</ele>
      </trkpt>
      <trkpt lat="42.853637" lon="1.873873">
        <ele>643.31</ele>
      </trkpt>
      <trkpt lat="42.853663" lon="1.873785">
        <ele>643.41</ele>
      </trkpt>
      <trkpt lat="42.853678" lon="1.873694">
        <ele>643.79</ele>
      </trkpt>
      <trkpt lat="42.853669" lon="1.873275">
        <ele>648.1</ele>
      </trkpt>
      <trkpt lat="42.853668" lon="1.872983">
        <ele>650.93</ele>
      </trkpt>
      <trkpt lat="42.853668" lon="1.872833">
        <ele>652.39</ele>
      </trkpt>
      <trkpt lat="42.853632" lon="1.872663">
        <ele>655.58</ele>
      </trkpt>
      <trkpt lat="42.85363" lon="1.872527">
        <ele>657.14</ele>
      </trkpt>
      <trkpt lat="42.853831" lon="1.871538">
        <ele>658.62</ele>
      </trkpt>
      <trkpt lat="42.853854" lon="1.871296">
        <ele>660.5</ele>
      </trkpt>
      <trkpt lat="42.853856" lon="1.870592">
        <ele>664.85</ele>
      </trkpt>
      <trkpt lat="42.853946" lon="1.870046">
        <ele>667.59</ele>
      </trkpt>
      <trkpt lat="42.853936" lon="1.869722">
        <ele>670.44</ele>
      </trkpt>
      <trkpt lat="42.853909" lon="1.869498">
        <ele>672.79</ele>
      </trkpt>
      <trkpt lat="42.853893" lon="1.869367">
        <ele>674.17</ele>
      </trkpt>
      <trkpt lat="42.853799" lon="1.869017">
        <ele>679.64</ele>
      </trkpt>
      <trkpt lat="42.853816" lon="1.868823">
        <ele>680.97</ele>
      </trkpt>
      <trkpt lat="42.853843" lon="1.868676">
        <ele>682.17</ele>
      </trkpt>
      <trkpt lat="42.853891" lon="1.868551">
        <ele>682.67</ele>
      </trkpt>
      <trkpt lat="42.853902" lon="1.868428">
        <ele>683.62</ele>
      </trkpt>
      <trkpt lat="42.85388" lon="1.868201">
        <ele>686.05</ele>
      </trkpt>
      <trkpt lat="42.85393" lon="1.867694">
        <ele>689.84</ele>
      </trkpt>
      <trkpt lat="42.853959" lon="1.867107">
        <ele>694.97</ele>
      </trkpt>
      <trkpt lat="42.853943" lon="1.866788">
        <ele>698.91</ele>
      </trkpt>
      <trkpt lat="42.853919" lon="1.866505">
        <ele>703</ele>
      </trkpt>
      <trkpt lat="42.853898" lon="1.866443">
        <ele>704.41</ele>
      </trkpt>
      <trkpt lat="42.85391" lon="1.866295">
        <ele>705.87</ele>
      </trkpt>
      <trkpt lat="42.854007" lon="1.86598">
        <ele>706.72</ele>
      </trkpt>
      <trkpt lat="42.854151" lon="1.865591">
        <ele>706.94</ele>
      </trkpt>
      <trkpt lat="42.854167" lon="1.865549">
        <ele>706.96</ele>
      </trkpt>
      <trkpt lat="42.854203" lon="1.865244">
        <ele>710.01</ele>
      </trkpt>
      <trkpt lat="42.85435" lon="1.864749">
        <ele>713.39</ele>
      </trkpt>
      <trkpt lat="42.854425" lon="1.864413">
        <ele>715.83</ele>
      </trkpt>
      <trkpt lat="42.854489" lon="1.86398">
        <ele>720.88</ele>
      </trkpt>
      <trkpt lat="42.854488" lon="1.863735">
        <ele>725.4</ele>
      </trkpt>
      <trkpt lat="42.854501" lon="1.863621">
        <ele>726.9</ele>
      </trkpt>
      <trkpt lat="42.854597" lon="1.863249">
        <ele>730.17</ele>
      </trkpt>
      <trkpt lat="42.854592" lon="1.862918">
        <ele>737.17</ele>
      </trkpt>
      <trkpt lat="42.854638" lon="1.862717">
        <ele>739.46</ele>
      </trkpt>
      <trkpt lat="42.854754" lon="1.862514">
        <ele>741.53</ele>
      </trkpt>
      <trkpt lat="42.854803" lon="1.862462">
        <ele>741.38</ele>
      </trkpt>
      <trkpt lat="42.85505" lon="1.8622">
        <ele>740.59</ele>
      </trkpt>
      <trkpt lat="42.855118" lon="1.862038">
        <ele>741.64</ele>
      </trkpt>
      <trkpt lat="42.855179" lon="1.861765">
        <ele>748.47</ele>
      </trkpt>
      <trkpt lat="42.855385" lon="1.861468">
        <ele>752.14</ele>
      </trkpt>
      <trkpt lat="42.855436" lon="1.861319">
        <ele>755.5</ele>
      </trkpt>
      <trkpt lat="42.85545" lon="1.8612">
        <ele>759.03</ele>
      </trkpt>
      <trkpt lat="42.855664" lon="1.86079">
        <ele>767.92</ele>
      </trkpt>
      <trkpt lat="42.855767" lon="1.860455">
        <ele>775.33</ele>
      </trkpt>
      <trkpt lat="42.855831" lon="1.860339">
        <ele>776.69</ele>
      </trkpt>
      <trkpt lat="42.855897" lon="1.860036">
        <ele>781.43</ele>
      </trkpt>
      <trkpt lat="42.856158" lon="1.859582">
        <ele>782.23</ele>
      </trkpt>
      <trkpt lat="42.856323" lon="1.859424">
        <ele>780.34</ele>
      </trkpt>
      <trkpt lat="42.856409" lon="1.859393">
        <ele>781.03</ele>
      </trkpt>
      <trkpt lat="42.856462" lon="1.859255">
        <ele>783.99</ele>
      </trkpt>
      <trkpt lat="42.856456" lon="1.85914">
        <ele>786.52</ele>
      </trkpt>
      <trkpt lat="42.85641" lon="1.859104">
        <ele>787.66</ele>
      </trkpt>
      <trkpt lat="42.856451" lon="1.858957">
        <ele>790.57</ele>
      </trkpt>
      <trkpt lat="42.856432" lon="1.85891">
        <ele>791.83</ele>
      </trkpt>
      <trkpt lat="42.856479" lon="1.858754">
        <ele>794.59</ele>
      </trkpt>
      <trkpt lat="42.856589" lon="1.858587">
        <ele>796.58</ele>
      </trkpt>
      <trkpt lat="42.856786" lon="1.858367">
        <ele>798.7</ele>
      </trkpt>
      <trkpt lat="42.856916" lon="1.858059">
        <ele>803.74</ele>
      </trkpt>
      <trkpt lat="42.857148" lon="1.857826">
        <ele>803.64</ele>
      </trkpt>
      <trkpt lat="42.857235" lon="1.857573">
        <ele>811.81</ele>
      </trkpt>
      <trkpt lat="42.857479" lon="1.856988">
        <ele>823.66</ele>
      </trkpt>
      <trkpt lat="42.857618" lon="1.85661">
        <ele>832.3</ele>
      </trkpt>
      <trkpt lat="42.857715" lon="1.856513">
        <ele>832.76</ele>
      </trkpt>
      <trkpt lat="42.857882" lon="1.85604">
        <ele>844.19</ele>
      </trkpt>
      <trkpt lat="42.857975" lon="1.855925">
        <ele>845.61</ele>
      </trkpt>
      <trkpt lat="42.857978" lon="1.855881">
        <ele>847.12</ele>
      </trkpt>
      <trkpt lat="42.857966" lon="1.855771">
        <ele>851.2</ele>
      </trkpt>
      <trkpt lat="42.857988" lon="1.855415">
        <ele>863.16</ele>
      </trkpt>
      <trkpt lat="42.85811" lon="1.855063">
        <ele>866.87</ele>
      </trkpt>
      <trkpt lat="42.858183" lon="1.854603">
        <ele>869.63</ele>
      </trkpt>
      <trkpt lat="42.858177" lon="1.854472">
        <ele>870.93</ele>
      </trkpt>
      <trkpt lat="42.858175" lon="1.854426">
        <ele>871.39</ele>
      </trkpt>
      <trkpt lat="42.858224" lon="1.854182">
        <ele>872.55</ele>
      </trkpt>
      <trkpt lat="42.858361" lon="1.85377">
        <ele>873.14</ele>
      </trkpt>
      <trkpt lat="42.858397" lon="1.853564">
        <ele>875.06</ele>
      </trkpt>
      <trkpt lat="42.858391" lon="1.853514">
        <ele>876.25</ele>
      </trkpt>
      <trkpt lat="42.858351" lon="1.853516">
        <ele>877.09</ele>
      </trkpt>
      <trkpt lat="42.858191" lon="1.853662">
        <ele>877.93</ele>
      </trkpt>
      <trkpt lat="42.858118" lon="1.853763">
        <ele>878.67</ele>
      </trkpt>
      <trkpt lat="42.858066" lon="1.853769">
        <ele>879.78</ele>
      </trkpt>
      <trkpt lat="42.85798" lon="1.853851">
        <ele>880.91</ele>
      </trkpt>
      <trkpt lat="42.857958" lon="1.853848">
        <ele>881.7</ele>
      </trkpt>
      <trkpt lat="42.857964" lon="1.853811">
        <ele>881.82</ele>
      </trkpt>
      <trkpt lat="42.858038" lon="1.853678">
        <ele>881.25</ele>
      </trkpt>
      <trkpt lat="42.858075" lon="1.853428">
        <ele>885.14</ele>
      </trkpt>
      <trkpt lat="42.85817" lon="1.853253">
        <ele>886.65</ele>
      </trkpt>
      <trkpt lat="42.858281" lon="1.853006">
        <ele>889.31</ele>
      </trkpt>
      <trkpt lat="42.858349" lon="1.85282">
        <ele>891.72</ele>
      </trkpt>
      <trkpt lat="42.858425" lon="1.852759">
        <ele>891.46</ele>
      </trkpt>
      <trkpt lat="42.858479" lon="1.852586">
        <ele>894.27</ele>
      </trkpt>
      <trkpt lat="42.858532" lon="1.852322">
        <ele>899.3</ele>
      </trkpt>
      <trkpt lat="42.858525" lon="1.852094">
        <ele>904.72</ele>
      </trkpt>
      <trkpt lat="42.858457" lon="1.851827">
        <ele>912.15</ele>
      </trkpt>
      <trkpt lat="42.858401" lon="1.85163">
        <ele>917.73</ele>
      </trkpt>
      <trkpt lat="42.858292" lon="1.851107">
        <ele>931.75</ele>
      </trkpt>
      <trkpt lat="42.858227" lon="1.850735">
        <ele>941.55</ele>
      </trkpt>
      <trkpt lat="42.858161" lon="1.850651">
        <ele>944.58</ele>
      </trkpt>
      <trkpt lat="42.858085" lon="1.850411">
        <ele>951.15</ele>
      </trkpt>
      <trkpt lat="42.857992" lon="1.850315">
        <ele>954.64</ele>
      </trkpt>
      <trkpt lat="42.857978" lon="1.850136">
        <ele>959.52</ele>
      </trkpt>
      <trkpt lat="42.857888" lon="1.849957">
        <ele>967.98</ele>
      </trkpt>
      <trkpt lat="42.857892" lon="1.849816">
        <ele>971.58</ele>
      </trkpt>
      <trkpt lat="42.85782" lon="1.849759">
        <ele>976.19</ele>
      </trkpt>
      <trkpt lat="42.857799" lon="1.849727">
        <ele>977.97</ele>
      </trkpt>
      <trkpt lat="42.857845" lon="1.849611">
        <ele>979.14</ele>
      </trkpt>
      <trkpt lat="42.85783" lon="1.849561">
        <ele>981.16</ele>
      </trkpt>
      <trkpt lat="42.857746" lon="1.849544">
        <ele>985.32</ele>
      </trkpt>
      <trkpt lat="42.857758" lon="1.849432">
        <ele>987.69</ele>
      </trkpt>
      <trkpt lat="42.857724" lon="1.849089">
        <ele>997.22</ele>
      </trkpt>
      <trkpt lat="42.857743" lon="1.848935">
        <ele>999.93</ele>
      </trkpt>
      <trkpt lat="42.857744" lon="1.848771">
        <ele>1003.72</ele>
      </trkpt>
      <trkpt lat="42.857715" lon="1.848665">
        <ele>1007.63</ele>
      </trkpt>
      <trkpt lat="42.857729" lon="1.848522">
        <ele>1010.51</ele>
      </trkpt>
      <trkpt lat="42.857723" lon="1.848485">
        <ele>1011.7</ele>
      </trkpt>
      <trkpt lat="42.857734" lon="1.848424">
        <ele>1012.73</ele>
      </trkpt>
      <trkpt lat="42.857721" lon="1.848389">
        <ele>1014.24</ele>
      </trkpt>
      <trkpt lat="42.857692" lon="1.84837">
        <ele>1016.03</ele>
      </trkpt>
      <trkpt lat="42.857616" lon="1.848279">
        <ele>1021.59</ele>
      </trkpt>
      <trkpt lat="42.8576" lon="1.848237">
        <ele>1023.26</ele>
      </trkpt>
      <trkpt lat="42.857619" lon="1.848218">
        <ele>1022.86</ele>
      </trkpt>
      <trkpt lat="42.857659" lon="1.848223">
        <ele>1021.05</ele>
      </trkpt>
      <trkpt lat="42.857713" lon="1.848208">
        <ele>1019.16</ele>
      </trkpt>
      <trkpt lat="42.857826" lon="1.848102">
        <ele>1017.23</ele>
      </trkpt>
      <trkpt lat="42.857974" lon="1.847859">
        <ele>1018.55</ele>
      </trkpt>
      <trkpt lat="42.858289" lon="1.846947">
        <ele>1040.19</ele>
      </trkpt>
      <trkpt lat="42.858377" lon="1.846556">
        <ele>1047.94</ele>
      </trkpt>
      <trkpt lat="42.858384" lon="1.846344">
        <ele>1053.35</ele>
      </trkpt>
      <trkpt lat="42.858396" lon="1.845947">
        <ele>1063.52</ele>
      </trkpt>
      <trkpt lat="42.858443" lon="1.845753">
        <ele>1067.77</ele>
      </trkpt>
      <trkpt lat="42.858608" lon="1.845649">
        <ele>1065.8</ele>
      </trkpt>
      <trkpt lat="42.858713" lon="1.84555">
        <ele>1065.16</ele>
      </trkpt>
      <trkpt lat="42.858775" lon="1.845524">
        <ele>1063.87</ele>
      </trkpt>
      <trkpt lat="42.858853" lon="1.845557">
        <ele>1062.72</ele>
      </trkpt>
      <trkpt lat="42.858965" lon="1.845688">
        <ele>1061.02</ele>
      </trkpt>
      <trkpt lat="42.859047" lon="1.845738">
        <ele>1060.76</ele>
      </trkpt>
      <trkpt lat="42.859184" lon="1.845792">
        <ele>1060.87</ele>
      </trkpt>
      <trkpt lat="42.859393" lon="1.845835">
        <ele>1061.93</ele>
      </trkpt>
      <trkpt lat="42.859496" lon="1.845885">
        <ele>1061.29</ele>
      </trkpt>
      <trkpt lat="42.859557" lon="1.845967">
        <ele>1058.92</ele>
      </trkpt>
      <trkpt lat="42.859672" lon="1.846233">
        <ele>1050.99</ele>
      </trkpt>
      <trkpt lat="42.859906" lon="1.84669">
        <ele>1044.87</ele>
      </trkpt>
      <trkpt lat="42.860099" lon="1.847169">
        <ele>1038.93</ele>
      </trkpt>
      <trkpt lat="42.860155" lon="1.8473">
        <ele>1038.38</ele>
      </trkpt>
      <trkpt lat="42.860295" lon="1.847533">
        <ele>1038.89</ele>
      </trkpt>
      <trkpt lat="42.860313" lon="1.847607">
        <ele>1038.01</ele>
      </trkpt>
      <trkpt lat="42.860324" lon="1.847712">
        <ele>1036.19</ele>
      </trkpt>
      <trkpt lat="42.860363" lon="1.847814">
        <ele>1035.51</ele>
      </trkpt>
      <trkpt lat="42.860473" lon="1.847937">
        <ele>1037.07</ele>
      </trkpt>
      <trkpt lat="42.860635" lon="1.848047">
        <ele>1042.51</ele>
      </trkpt>
      <trkpt lat="42.860846" lon="1.848092">
        <ele>1051.53</ele>
      </trkpt>
      <trkpt lat="42.860999" lon="1.84819">
        <ele>1056.09</ele>
      </trkpt>
      <trkpt lat="42.861177" lon="1.848396">
        <ele>1058.1</ele>
      </trkpt>
      <trkpt lat="42.861335" lon="1.848604">
        <ele>1057.43</ele>
      </trkpt>
      <trkpt lat="42.861585" lon="1.848902">
        <ele>1052.9</ele>
      </trkpt>
      <trkpt lat="42.861679" lon="1.849054">
        <ele>1051.39</ele>
      </trkpt>
      <trkpt lat="42.861768" lon="1.849062">
        <ele>1053</ele>
      </trkpt>
      <trkpt lat="42.861869" lon="1.849005">
        <ele>1055.86</ele>
      </trkpt>
      <trkpt lat="42.861922" lon="1.848857">
        <ele>1058.89</ele>
      </trkpt>
      <trkpt lat="42.86203" lon="1.848661">
        <ele>1062.69</ele>
      </trkpt>
      <trkpt lat="42.86219" lon="1.8484">
        <ele>1068.24</ele>
      </trkpt>
      <trkpt lat="42.86236" lon="1.847984">
        <ele>1071.91</ele>
      </trkpt>
      <trkpt lat="42.862441" lon="1.847738">
        <ele>1074</ele>
      </trkpt>
      <trkpt lat="42.862537" lon="1.847513">
        <ele>1075.58</ele>
      </trkpt>
      <trkpt lat="42.86258" lon="1.847428">
        <ele>1075.7</ele>
      </trkpt>
      <trkpt lat="42.862707" lon="1.847226">
        <ele>1074.15</ele>
      </trkpt>
      <trkpt lat="42.862824" lon="1.846844">
        <ele>1072.7</ele>
      </trkpt>
      <trkpt lat="42.862903" lon="1.846588">
        <ele>1071.73</ele>
      </trkpt>
      <trkpt lat="42.863049" lon="1.846258">
        <ele>1067.08</ele>
      </trkpt>
      <trkpt lat="42.863145" lon="1.84581">
        <ele>1067.96</ele>
      </trkpt>
      <trkpt lat="42.863178" lon="1.8457">
        <ele>1067.77</ele>
      </trkpt>
      <trkpt lat="42.863577" lon="1.844734">
        <ele>1055.37</ele>
      </trkpt>
      <trkpt lat="42.863733" lon="1.844155">
        <ele>1046.57</ele>
      </trkpt>
      <trkpt lat="42.863823" lon="1.843871">
        <ele>1039.91</ele>
      </trkpt>
      <trkpt lat="42.8639" lon="1.84338">
        <ele>1033.5</ele>
      </trkpt>
      <trkpt lat="42.863778" lon="1.842945">
        <ele>1035.03</ele>
      </trkpt>
      <trkpt lat="42.863794" lon="1.842683">
        <ele>1031.14</ele>
      </trkpt>
      <trkpt lat="42.863735" lon="1.842492">
        <ele>1031.54</ele>
      </trkpt>
      <trkpt lat="42.863745" lon="1.842173">
        <ele>1026.23</ele>
      </trkpt>
      <trkpt lat="42.863798" lon="1.842017">
        <ele>1021.27</ele>
      </trkpt>
      <trkpt lat="42.8638" lon="1.841795">
        <ele>1018.41</ele>
      </trkpt>
      <trkpt lat="42.863825" lon="1.841569">
        <ele>1014.63</ele>
      </trkpt>
      <trkpt lat="42.86389" lon="1.841317">
        <ele>1009.43</ele>
      </trkpt>
      <trkpt lat="42.863939" lon="1.84102">
        <ele>1005.55</ele>
      </trkpt>
      <trkpt lat="42.863931" lon="1.840741">
        <ele>1005.13</ele>
      </trkpt>
      <trkpt lat="42.863998" lon="1.840486">
        <ele>1002.36</ele>
      </trkpt>
      <trkpt lat="42.864144" lon="1.840274">
        <ele>997.05</ele>
      </trkpt>
      <trkpt lat="42.864302" lon="1.84015">
        <ele>991.17</ele>
      </trkpt>
      <trkpt lat="42.864332" lon="1.840126">
        <ele>990.04</ele>
      </trkpt>
      <trkpt lat="42.864486" lon="1.839955">
        <ele>983.84</ele>
      </trkpt>
      <trkpt lat="42.864537" lon="1.839729">
        <ele>980.59</ele>
      </trkpt>
      <trkpt lat="42.864566" lon="1.839504">
        <ele>978.01</ele>
      </trkpt>
      <trkpt lat="42.864639" lon="1.839287">
        <ele>975.62</ele>
      </trkpt>
      <trkpt lat="42.864761" lon="1.839107">
        <ele>974.89</ele>
      </trkpt>
      <trkpt lat="42.864899" lon="1.838952">
        <ele>973.69</ele>
      </trkpt>
      <trkpt lat="42.864993" lon="1.838895">
        <ele>972.68</ele>
      </trkpt>
      <trkpt lat="42.865136" lon="1.838876">
        <ele>971.11</ele>
      </trkpt>
      <trkpt lat="42.865249" lon="1.838909">
        <ele>970.02</ele>
      </trkpt>
      <trkpt lat="42.865593" lon="1.839102">
        <ele>966.49</ele>
      </trkpt>
      <trkpt lat="42.865992" lon="1.839483">
        <ele>963.01</ele>
      </trkpt>
      <trkpt lat="42.86623" lon="1.839866">
        <ele>959.22</ele>
      </trkpt>
      <trkpt lat="42.866328" lon="1.839952">
        <ele>957.29</ele>
      </trkpt>
      <trkpt lat="42.866406" lon="1.840004">
        <ele>956.71</ele>
      </trkpt>
      <trkpt lat="42.866453" lon="1.839946">
        <ele>956.31</ele>
      </trkpt>
      <trkpt lat="42.866515" lon="1.839822">
        <ele>955.48</ele>
      </trkpt>
      <trkpt lat="42.86659" lon="1.839566">
        <ele>953.68</ele>
      </trkpt>
      <trkpt lat="42.866605" lon="1.839483">
        <ele>953.1</ele>
      </trkpt>
      <trkpt lat="42.866611" lon="1.839394">
        <ele>951.49</ele>
      </trkpt>
      <trkpt lat="42.866639" lon="1.839365">
        <ele>950.45</ele>
      </trkpt>
      <trkpt lat="42.866659" lon="1.839329">
        <ele>949.4</ele>
      </trkpt>
      <trkpt lat="42.866655" lon="1.839232">
        <ele>947.63</ele>
      </trkpt>
      <trkpt lat="42.866623" lon="1.838994">
        <ele>943.8</ele>
      </trkpt>
      <trkpt lat="42.866611" lon="1.838855">
        <ele>941.45</ele>
      </trkpt>
      <trkpt lat="42.866613" lon="1.838766">
        <ele>939.76</ele>
      </trkpt>
      <trkpt lat="42.866585" lon="1.838664">
        <ele>938.55</ele>
      </trkpt>
      <trkpt lat="42.86653" lon="1.838577">
        <ele>937.99</ele>
      </trkpt>
      <trkpt lat="42.866445" lon="1.838478">
        <ele>937.8</ele>
      </trkpt>
      <trkpt lat="42.866385" lon="1.838392">
        <ele>937.36</ele>
      </trkpt>
      <trkpt lat="42.866341" lon="1.838304">
        <ele>936.53</ele>
      </trkpt>
      <trkpt lat="42.866285" lon="1.838222">
        <ele>936.4</ele>
      </trkpt>
      <trkpt lat="42.866251" lon="1.838154">
        <ele>936.08</ele>
      </trkpt>
      <trkpt lat="42.866299" lon="1.838126">
        <ele>933.74</ele>
      </trkpt>
      <trkpt lat="42.866305" lon="1.838111">
        <ele>933.16</ele>
      </trkpt>
      <trkpt lat="42.866237" lon="1.837971">
        <ele>932.72</ele>
      </trkpt>
      <trkpt lat="42.866181" lon="1.837905">
        <ele>933.61</ele>
      </trkpt>
      <trkpt lat="42.86615" lon="1.837803">
        <ele>932.89</ele>
      </trkpt>
      <trkpt lat="42.866157" lon="1.837768">
        <ele>931.82</ele>
      </trkpt>
      <trkpt lat="42.866185" lon="1.837759">
        <ele>930.43</ele>
      </trkpt>
      <trkpt lat="42.866485" lon="1.837752">
        <ele>919.57</ele>
      </trkpt>
      <trkpt lat="42.866558" lon="1.837775">
        <ele>917.87</ele>
      </trkpt>
      <trkpt lat="42.866594" lon="1.83781">
        <ele>917.59</ele>
      </trkpt>
      <trkpt lat="42.866628" lon="1.83786">
        <ele>917.82</ele>
      </trkpt>
      <trkpt lat="42.866654" lon="1.837873">
        <ele>917.36</ele>
      </trkpt>
      <trkpt lat="42.866666" lon="1.83786">
        <ele>916.67</ele>
      </trkpt>
      <trkpt lat="42.866669" lon="1.837828">
        <ele>915.79</ele>
      </trkpt>
      <trkpt lat="42.866664" lon="1.837805">
        <ele>915.39</ele>
      </trkpt>
      <trkpt lat="42.866596" lon="1.837691">
        <ele>914.81</ele>
      </trkpt>
      <trkpt lat="42.866563" lon="1.837656">
        <ele>915.03</ele>
      </trkpt>
      <trkpt lat="42.866548" lon="1.837612">
        <ele>914.48</ele>
      </trkpt>
      <trkpt lat="42.866528" lon="1.837492">
        <ele>912.41</ele>
      </trkpt>
      <trkpt lat="42.866459" lon="1.837205">
        <ele>908.2</ele>
      </trkpt>
      <trkpt lat="42.866445" lon="1.837053">
        <ele>905.27</ele>
      </trkpt>
      <trkpt lat="42.866463" lon="1.83702">
        <ele>903.96</ele>
      </trkpt>
      <trkpt lat="42.866487" lon="1.837011">
        <ele>902.96</ele>
      </trkpt>
      <trkpt lat="42.866533" lon="1.837027">
        <ele>901.74</ele>
      </trkpt>
      <trkpt lat="42.86659" lon="1.837073">
        <ele>900.89</ele>
      </trkpt>
      <trkpt lat="42.866634" lon="1.83708">
        <ele>899.6</ele>
      </trkpt>
      <trkpt lat="42.866653" lon="1.837073">
        <ele>898.83</ele>
      </trkpt>
      <trkpt lat="42.866694" lon="1.837037">
        <ele>896.64</ele>
      </trkpt>
      <trkpt lat="42.866737" lon="1.836946">
        <ele>893.27</ele>
      </trkpt>
      <trkpt lat="42.866756" lon="1.836875">
        <ele>891.49</ele>
      </trkpt>
      <trkpt lat="42.866781" lon="1.836831">
        <ele>889.97</ele>
      </trkpt>
      <trkpt lat="42.866798" lon="1.836818">
        <ele>889.25</ele>
      </trkpt>
      <trkpt lat="42.866846" lon="1.836644">
        <ele>885.11</ele>
      </trkpt>
      <trkpt lat="42.866888" lon="1.836631">
        <ele>883.63</ele>
      </trkpt>
      <trkpt lat="42.866965" lon="1.836546">
        <ele>880.14</ele>
      </trkpt>
      <trkpt lat="42.867051" lon="1.836395">
        <ele>875.66</ele>
      </trkpt>
      <trkpt lat="42.867067" lon="1.836294">
        <ele>873.94</ele>
      </trkpt>
      <trkpt lat="42.867025" lon="1.836121">
        <ele>873.04</ele>
      </trkpt>
      <trkpt lat="42.86693" lon="1.835895">
        <ele>874.91</ele>
      </trkpt>
      <trkpt lat="42.866729" lon="1.835462">
        <ele>877.64</ele>
      </trkpt>
      <trkpt lat="42.866717" lon="1.835399">
        <ele>877.52</ele>
      </trkpt>
      <trkpt lat="42.866717" lon="1.835354">
        <ele>877.32</ele>
      </trkpt>
      <trkpt lat="42.866725" lon="1.835318">
        <ele>877.08</ele>
      </trkpt>
      <trkpt lat="42.86682" lon="1.835165">
        <ele>877.34</ele>
      </trkpt>
      <trkpt lat="42.866863" lon="1.835149">
        <ele>877.14</ele>
      </trkpt>
      <trkpt lat="42.86691" lon="1.835159">
        <ele>876.67</ele>
      </trkpt>
      <trkpt lat="42.867001" lon="1.835209">
        <ele>875.4</ele>
      </trkpt>
      <trkpt lat="42.867218" lon="1.835371">
        <ele>872.72</ele>
      </trkpt>
      <trkpt lat="42.867269" lon="1.835427">
        <ele>872.41</ele>
      </trkpt>
      <trkpt lat="42.867335" lon="1.835466">
        <ele>872.12</ele>
      </trkpt>
      <trkpt lat="42.867467" lon="1.835456">
        <ele>871.97</ele>
      </trkpt>
      <trkpt lat="42.867777" lon="1.835375">
        <ele>872.32</ele>
      </trkpt>
      <trkpt lat="42.867858" lon="1.835298">
        <ele>873.06</ele>
      </trkpt>
      <trkpt lat="42.867746" lon="1.835094">
        <ele>874.63</ele>
      </trkpt>
      <trkpt lat="42.867657" lon="1.834949">
        <ele>876.01</ele>
      </trkpt>
      <trkpt lat="42.867612" lon="1.834875">
        <ele>876.72</ele>
      </trkpt>
      <trkpt lat="42.867426" lon="1.834656">
        <ele>879.48</ele>
      </trkpt>
      <trkpt lat="42.867328" lon="1.834578">
        <ele>880.78</ele>
      </trkpt>
      <trkpt lat="42.867267" lon="1.834546">
        <ele>881.45</ele>
      </trkpt>
      <trkpt lat="42.867184" lon="1.834461">
        <ele>882.79</ele>
      </trkpt>
      <trkpt lat="42.867035" lon="1.834384">
        <ele>883.34</ele>
      </trkpt>
      <trkpt lat="42.866873" lon="1.834254">
        <ele>883.85</ele>
      </trkpt>
      <trkpt lat="42.866786" lon="1.834155">
        <ele>884.19</ele>
      </trkpt>
      <trkpt lat="42.866741" lon="1.83401">
        <ele>884.59</ele>
      </trkpt>
      <trkpt lat="42.866734" lon="1.833555">
        <ele>885.84</ele>
      </trkpt>
      <trkpt lat="42.86671" lon="1.833337">
        <ele>886.78</ele>
      </trkpt>
      <trkpt lat="42.866676" lon="1.833202">
        <ele>887.36</ele>
      </trkpt>
      <trkpt lat="42.866625" lon="1.833062">
        <ele>887.96</ele>
      </trkpt>
      <trkpt lat="42.866851" lon="1.832645">
        <ele>890.71</ele>
      </trkpt>
      <trkpt lat="42.866917" lon="1.832566">
        <ele>891.7</ele>
      </trkpt>
      <trkpt lat="42.866979" lon="1.832409">
        <ele>893.67</ele>
      </trkpt>
      <trkpt lat="42.867017" lon="1.832359">
        <ele>894.55</ele>
      </trkpt>
      <trkpt lat="42.867209" lon="1.832111">
        <ele>898.96</ele>
      </trkpt>
      <trkpt lat="42.867277" lon="1.832141">
        <ele>899.38</ele>
      </trkpt>
      <trkpt lat="42.86775" lon="1.832254">
        <ele>903.28</ele>
      </trkpt>
      <trkpt lat="42.867957" lon="1.832264">
        <ele>905.51</ele>
      </trkpt>
      <trkpt lat="42.868047" lon="1.832227">
        <ele>907.74</ele>
      </trkpt>
      <trkpt lat="42.868192" lon="1.832321">
        <ele>908.68</ele>
      </trkpt>
      <trkpt lat="42.868358" lon="1.83241">
        <ele>909.89</ele>
      </trkpt>
      <trkpt lat="42.868452" lon="1.832448">
        <ele>910.66</ele>
      </trkpt>
      <trkpt lat="42.868623" lon="1.832518">
        <ele>912.08</ele>
      </trkpt>
      <trkpt lat="42.868977" lon="1.832582">
        <ele>916.82</ele>
      </trkpt>
      <trkpt lat="42.869253" lon="1.832573">
        <ele>922.44</ele>
      </trkpt>
      <trkpt lat="42.870315" lon="1.83233">
        <ele>939.36</ele>
      </trkpt>
      <trkpt lat="42.870815" lon="1.832329">
        <ele>939.41</ele>
      </trkpt>
      <trkpt lat="42.871325" lon="1.832328">
        <ele>939.46</ele>
      </trkpt>
      <trkpt lat="42.871409" lon="1.832295">
        <ele>941.19</ele>
      </trkpt>
      <trkpt lat="42.871461" lon="1.832236">
        <ele>943</ele>
      </trkpt>
      <trkpt lat="42.871484" lon="1.832173">
        <ele>944.57</ele>
      </trkpt>
      <trkpt lat="42.871478" lon="1.83211">
        <ele>945.77</ele>
      </trkpt>
      <trkpt lat="42.871442" lon="1.832058">
        <ele>946.47</ele>
      </trkpt>
      <trkpt lat="42.871232" lon="1.831878">
        <ele>950.74</ele>
      </trkpt>
      <trkpt lat="42.871047" lon="1.831676">
        <ele>958.65</ele>
      </trkpt>
      <trkpt lat="42.870718" lon="1.831468">
        <ele>967.24</ele>
      </trkpt>
      <trkpt lat="42.870696" lon="1.83142">
        <ele>968.93</ele>
      </trkpt>
      <trkpt lat="42.870695" lon="1.831371">
        <ele>970.55</ele>
      </trkpt>
      <trkpt lat="42.870438" lon="1.831337">
        <ele>970.49</ele>
      </trkpt>
      <trkpt lat="42.86997" lon="1.831276">
        <ele>970.38</ele>
      </trkpt>
      <trkpt lat="42.869603" lon="1.831294">
        <ele>966.41</ele>
      </trkpt>
      <trkpt lat="42.869475" lon="1.831196">
        <ele>966.28</ele>
      </trkpt>
      <trkpt lat="42.869344" lon="1.830943">
        <ele>969.02</ele>
      </trkpt>
      <trkpt lat="42.869295" lon="1.830775">
        <ele>971.73</ele>
      </trkpt>
      <trkpt lat="42.869232" lon="1.830557">
        <ele>975.24</ele>
      </trkpt>
      <trkpt lat="42.8692" lon="1.830335">
        <ele>979.63</ele>
      </trkpt>
      <trkpt lat="42.869224" lon="1.830195">
        <ele>981.46</ele>
      </trkpt>
      <trkpt lat="42.86932" lon="1.830093">
        <ele>982.87</ele>
      </trkpt>
      <trkpt lat="42.869985" lon="1.829806">
        <ele>984.55</ele>
      </trkpt>
      <trkpt lat="42.870435" lon="1.829675">
        <ele>983.11</ele>
      </trkpt>
      <trkpt lat="42.87061" lon="1.829648">
        <ele>983.86</ele>
      </trkpt>
      <trkpt lat="42.871484" lon="1.829629">
        <ele>989.56</ele>
      </trkpt>
      <trkpt lat="42.871777" lon="1.829656">
        <ele>990.39</ele>
      </trkpt>
      <trkpt lat="42.871901" lon="1.829677">
        <ele>990.73</ele>
      </trkpt>
      <trkpt lat="42.872012" lon="1.829739">
        <ele>991.1</ele>
      </trkpt>
      <trkpt lat="42.872089" lon="1.829762">
        <ele>991.26</ele>
      </trkpt>
      <trkpt lat="42.872168" lon="1.829763">
        <ele>991.54</ele>
      </trkpt>
      <trkpt lat="42.872249" lon="1.829746">
        <ele>992.24</ele>
      </trkpt>
      <trkpt lat="42.872311" lon="1.829723">
        <ele>992.77</ele>
      </trkpt>
      <trkpt lat="42.872382" lon="1.829681">
        <ele>993.38</ele>
      </trkpt>
      <trkpt lat="42.8727" lon="1.829439">
        <ele>996.44</ele>
      </trkpt>
      <trkpt lat="42.873045" lon="1.829132">
        <ele>1000.76</ele>
      </trkpt>
      <trkpt lat="42.873229" lon="1.828985">
        <ele>1004.42</ele>
      </trkpt>
      <trkpt lat="42.873413" lon="1.828807">
        <ele>1007.62</ele>
      </trkpt>
      <trkpt lat="42.873546" lon="1.828691">
        <ele>1009.68</ele>
      </trkpt>
      <trkpt lat="42.873801" lon="1.828532">
        <ele>1014.08</ele>
      </trkpt>
      <trkpt lat="42.873851" lon="1.828546">
        <ele>1014.92</ele>
      </trkpt>
      <trkpt lat="42.873916" lon="1.828477">
        <ele>1016.27</ele>
      </trkpt>
      <trkpt lat="42.873988" lon="1.82838">
        <ele>1017.85</ele>
      </trkpt>
      <trkpt lat="42.87402" lon="1.828407">
        <ele>1018.35</ele>
      </trkpt>
      <trkpt lat="42.874137" lon="1.828355">
        <ele>1020.65</ele>
      </trkpt>
      <trkpt lat="42.874179" lon="1.828347">
        <ele>1021.45</ele>
      </trkpt>
      <trkpt lat="42.87421" lon="1.82836">
        <ele>1021.98</ele>
      </trkpt>
      <trkpt lat="42.874342" lon="1.828326">
        <ele>1024.53</ele>
      </trkpt>
      <trkpt lat="42.874502" lon="1.828235">
        <ele>1027.77</ele>
      </trkpt>
      <trkpt lat="42.874577" lon="1.828167">
        <ele>1029.42</ele>
      </trkpt>
      <trkpt lat="42.874624" lon="1.828097">
        <ele>1030.53</ele>
      </trkpt>
      <trkpt lat="42.874842" lon="1.827924">
        <ele>1033.75</ele>
      </trkpt>
      <trkpt lat="42.875009" lon="1.827556">
        <ele>1038.64</ele>
      </trkpt>
      <trkpt lat="42.875215" lon="1.82732">
        <ele>1043.17</ele>
      </trkpt>
      <trkpt lat="42.875347" lon="1.827003">
        <ele>1047.57</ele>
      </trkpt>
      <trkpt lat="42.87541" lon="1.826706">
        <ele>1051.9</ele>
      </trkpt>
      <trkpt lat="42.875481" lon="1.826475">
        <ele>1055.53</ele>
      </trkpt>
      <trkpt lat="42.875504" lon="1.826217">
        <ele>1058.63</ele>
      </trkpt>
      <trkpt lat="42.875589" lon="1.826051">
        <ele>1060.03</ele>
      </trkpt>
      <trkpt lat="42.875626" lon="1.825979">
        <ele>1060.64</ele>
      </trkpt>
      <trkpt lat="42.875897" lon="1.825566">
        <ele>1065.63</ele>
      </trkpt>
      <trkpt lat="42.876051" lon="1.82552">
        <ele>1065.87</ele>
      </trkpt>
      <trkpt lat="42.876232" lon="1.825432">
        <ele>1067.18</ele>
      </trkpt>
      <trkpt lat="42.876353" lon="1.825295">
        <ele>1069.03</ele>
      </trkpt>
      <trkpt lat="42.876489" lon="1.825061">
        <ele>1068.28</ele>
      </trkpt>
      <trkpt lat="42.876786" lon="1.824369">
        <ele>1069.54</ele>
      </trkpt>
      <trkpt lat="42.877112" lon="1.824039">
        <ele>1065.12</ele>
      </trkpt>
      <trkpt lat="42.877183" lon="1.823822">
        <ele>1064.72</ele>
      </trkpt>
      <trkpt lat="42.877402" lon="1.823545">
        <ele>1058.86</ele>
      </trkpt>
      <trkpt lat="42.877462" lon="1.823381">
        <ele>1056.46</ele>
      </trkpt>
      <trkpt lat="42.877573" lon="1.823187">
        <ele>1053.19</ele>
      </trkpt>
      <trkpt lat="42.877756" lon="1.822819">
        <ele>1049.47</ele>
      </trkpt>
      <trkpt lat="42.877964" lon="1.822221">
        <ele>1041.2</ele>
      </trkpt>
      <trkpt lat="42.878111" lon="1.821719">
        <ele>1030.5</ele>
      </trkpt>
      <trkpt lat="42.878199" lon="1.821258">
        <ele>1022.62</ele>
      </trkpt>
      <trkpt lat="42.878111" lon="1.82088">
        <ele>1021.99</ele>
      </trkpt>
      <trkpt lat="42.878024" lon="1.820639">
        <ele>1022.4</ele>
      </trkpt>
      <trkpt lat="42.878077" lon="1.820576">
        <ele>1019.7</ele>
      </trkpt>
      <trkpt lat="42.878121" lon="1.820649">
        <ele>1018.91</ele>
      </trkpt>
      <trkpt lat="42.878322" lon="1.820863">
        <ele>1013.85</ele>
      </trkpt>
      <trkpt lat="42.878396" lon="1.820953">
        <ele>1012.05</ele>
      </trkpt>
      <trkpt lat="42.878482" lon="1.821106">
        <ele>1010.39</ele>
      </trkpt>
      <trkpt lat="42.878533" lon="1.821246">
        <ele>1009.32</ele>
      </trkpt>
      <trkpt lat="42.878573" lon="1.821317">
        <ele>1008.07</ele>
      </trkpt>
      <trkpt lat="42.878623" lon="1.821339">
        <ele>1006.17</ele>
      </trkpt>
      <trkpt lat="42.878661" lon="1.821328">
        <ele>1004.6</ele>
      </trkpt>
      <trkpt lat="42.878725" lon="1.821264">
        <ele>1001.81</ele>
      </trkpt>
      <trkpt lat="42.878928" lon="1.820875">
        <ele>993.03</ele>
      </trkpt>
      <trkpt lat="42.879034" lon="1.820631">
        <ele>988.97</ele>
      </trkpt>
      <trkpt lat="42.879103" lon="1.820447">
        <ele>986.44</ele>
      </trkpt>
      <trkpt lat="42.879178" lon="1.820172">
        <ele>982.91</ele>
      </trkpt>
      <trkpt lat="42.87954" lon="1.818529">
        <ele>957.45</ele>
      </trkpt>
      <trkpt lat="42.879556" lon="1.818453">
        <ele>956.25</ele>
      </trkpt>
      <trkpt lat="42.879626" lon="1.818229">
        <ele>952.43</ele>
      </trkpt>
      <trkpt lat="42.879699" lon="1.818062">
        <ele>951.14</ele>
      </trkpt>
      <trkpt lat="42.879846" lon="1.81782">
        <ele>951.04</ele>
      </trkpt>
      <trkpt lat="42.879946" lon="1.817639">
        <ele>950.84</ele>
      </trkpt>
      <trkpt lat="42.880013" lon="1.81748">
        <ele>950.2</ele>
      </trkpt>
      <trkpt lat="42.880063" lon="1.817274">
        <ele>948.66</ele>
      </trkpt>
      <trkpt lat="42.880113" lon="1.817045">
        <ele>946.76</ele>
      </trkpt>
      <trkpt lat="42.880136" lon="1.816839">
        <ele>945.49</ele>
      </trkpt>
      <trkpt lat="42.880142" lon="1.816616">
        <ele>944.31</ele>
      </trkpt>
      <trkpt lat="42.880134" lon="1.816421">
        <ele>943.16</ele>
      </trkpt>
      <trkpt lat="42.880107" lon="1.816088">
        <ele>941.41</ele>
      </trkpt>
      <trkpt lat="42.880117" lon="1.815961">
        <ele>940.99</ele>
      </trkpt>
      <trkpt lat="42.880172" lon="1.815852">
        <ele>940.27</ele>
      </trkpt>
      <trkpt lat="42.880263" lon="1.815762">
        <ele>939.02</ele>
      </trkpt>
      <trkpt lat="42.880493" lon="1.815606">
        <ele>935.29</ele>
      </trkpt>
      <trkpt lat="42.880554" lon="1.81554">
        <ele>935.81</ele>
      </trkpt>
      <trkpt lat="42.880613" lon="1.81546">
        <ele>936.1</ele>
      </trkpt>
      <trkpt lat="42.880659" lon="1.815343">
        <ele>935.61</ele>
      </trkpt>
      <trkpt lat="42.880846" lon="1.814455">
        <ele>926.46</ele>
      </trkpt>
      <trkpt lat="42.880872" lon="1.814265">
        <ele>925.27</ele>
      </trkpt>
      <trkpt lat="42.880886" lon="1.814029">
        <ele>923.39</ele>
      </trkpt>
      <trkpt lat="42.880887" lon="1.813648">
        <ele>920.01</ele>
      </trkpt>
      <trkpt lat="42.8809" lon="1.813384">
        <ele>917.9</ele>
      </trkpt>
      <trkpt lat="42.880957" lon="1.813125">
        <ele>915.93</ele>
      </trkpt>
      <trkpt lat="42.881018" lon="1.812937">
        <ele>914.32</ele>
      </trkpt>
      <trkpt lat="42.881087" lon="1.812784">
        <ele>912.82</ele>
      </trkpt>
      <trkpt lat="42.881117" lon="1.812737">
        <ele>912.17</ele>
      </trkpt>
      <trkpt lat="42.881188" lon="1.812628">
        <ele>910.65</ele>
      </trkpt>
      <trkpt lat="42.881442" lon="1.812303">
        <ele>906.45</ele>
      </trkpt>
      <trkpt lat="42.881694" lon="1.811961">
        <ele>903.83</ele>
      </trkpt>
      <trkpt lat="42.882024" lon="1.811287">
        <ele>898.36</ele>
      </trkpt>
      <trkpt lat="42.881949" lon="1.811261">
        <ele>897.23</ele>
      </trkpt>
      <trkpt lat="42.881863" lon="1.811285">
        <ele>896.76</ele>
      </trkpt>
      <trkpt lat="42.881684" lon="1.81151">
        <ele>897.91</ele>
      </trkpt>
      <trkpt lat="42.881617" lon="1.811607">
        <ele>898.31</ele>
      </trkpt>
      <trkpt lat="42.881365" lon="1.811864">
        <ele>897.76</ele>
      </trkpt>
      <trkpt lat="42.88101" lon="1.812176">
        <ele>908.58</ele>
      </trkpt>
      <trkpt lat="42.880793" lon="1.81235">
        <ele>913.33</ele>
      </trkpt>
      <trkpt lat="42.880528" lon="1.812779">
        <ele>913.24</ele>
      </trkpt>
      <trkpt lat="42.880412" lon="1.813109">
        <ele>918.45</ele>
      </trkpt>
      <trkpt lat="42.880347" lon="1.813195">
        <ele>922.75</ele>
      </trkpt>
      <trkpt lat="42.880273" lon="1.813364">
        <ele>927.55</ele>
      </trkpt>
      <trkpt lat="42.880216" lon="1.813662">
        <ele>930.93</ele>
      </trkpt>
      <trkpt lat="42.879968" lon="1.814027">
        <ele>943.3</ele>
      </trkpt>
      <trkpt lat="42.880015" lon="1.813759">
        <ele>941.82</ele>
      </trkpt>
      <trkpt lat="42.879968" lon="1.813488">
        <ele>945.45</ele>
      </trkpt>
      <trkpt lat="42.879981" lon="1.813227">
        <ele>945.64</ele>
      </trkpt>
      <trkpt lat="42.880088" lon="1.812914">
        <ele>939.6</ele>
      </trkpt>
      <trkpt lat="42.880379" lon="1.812184">
        <ele>926.81</ele>
      </trkpt>
      <trkpt lat="42.880412" lon="1.811902">
        <ele>928.05</ele>
      </trkpt>
      <trkpt lat="42.880491" lon="1.811567">
        <ele>928.34</ele>
      </trkpt>
      <trkpt lat="42.880668" lon="1.811229">
        <ele>924.03</ele>
      </trkpt>
      <trkpt lat="42.880858" lon="1.810977">
        <ele>915.22</ele>
      </trkpt>
      <trkpt lat="42.881094" lon="1.810494">
        <ele>905.09</ele>
      </trkpt>
      <trkpt lat="42.881297" lon="1.80999">
        <ele>895.4</ele>
      </trkpt>
      <trkpt lat="42.881389" lon="1.809636">
        <ele>891.98</ele>
      </trkpt>
      <trkpt lat="42.881426" lon="1.809244">
        <ele>886.38</ele>
      </trkpt>
      <trkpt lat="42.881572" lon="1.808534">
        <ele>870.91</ele>
      </trkpt>
      <trkpt lat="42.881548" lon="1.808196">
        <ele>866.21</ele>
      </trkpt>
      <trkpt lat="42.881512" lon="1.807986">
        <ele>863.47</ele>
      </trkpt>
      <trkpt lat="42.881491" lon="1.807866">
        <ele>861.9</ele>
      </trkpt>
      <trkpt lat="42.881517" lon="1.80756">
        <ele>861.87</ele>
      </trkpt>
      <trkpt lat="42.881472" lon="1.807246">
        <ele>864.18</ele>
      </trkpt>
      <trkpt lat="42.88149" lon="1.806982">
        <ele>865.38</ele>
      </trkpt>
      <trkpt lat="42.881653" lon="1.806716">
        <ele>868.46</ele>
      </trkpt>
      <trkpt lat="42.881941" lon="1.805999">
        <ele>871.95</ele>
      </trkpt>
      <trkpt lat="42.882118" lon="1.805707">
        <ele>868.26</ele>
      </trkpt>
      <trkpt lat="42.882289" lon="1.805057">
        <ele>869.59</ele>
      </trkpt>
      <trkpt lat="42.882543" lon="1.804368">
        <ele>867.61</ele>
      </trkpt>
      <trkpt lat="42.882875" lon="1.80403">
        <ele>857.74</ele>
      </trkpt>
      <trkpt lat="42.883036" lon="1.803899">
        <ele>853.57</ele>
      </trkpt>
      <trkpt lat="42.883233" lon="1.803829">
        <ele>848.46</ele>
      </trkpt>
      <trkpt lat="42.883376" lon="1.803545">
        <ele>846.53</ele>
      </trkpt>
      <trkpt lat="42.88348" lon="1.803226">
        <ele>847.01</ele>
      </trkpt>
      <trkpt lat="42.883659" lon="1.802963">
        <ele>843.77</ele>
      </trkpt>
      <trkpt lat="42.883789" lon="1.802681">
        <ele>841.4</ele>
      </trkpt>
      <trkpt lat="42.883924" lon="1.802185">
        <ele>838.93</ele>
      </trkpt>
      <trkpt lat="42.884062" lon="1.802019">
        <ele>834.71</ele>
      </trkpt>
      <trkpt lat="42.884146" lon="1.80171">
        <ele>830.48</ele>
      </trkpt>
      <trkpt lat="42.884201" lon="1.801563">
        <ele>827.66</ele>
      </trkpt>
      <trkpt lat="42.884239" lon="1.801251">
        <ele>824.39</ele>
      </trkpt>
      <trkpt lat="42.88421" lon="1.80114">
        <ele>824.88</ele>
      </trkpt>
      <trkpt lat="42.884286" lon="1.800892">
        <ele>819.38</ele>
      </trkpt>
      <trkpt lat="42.884411" lon="1.800673">
        <ele>812.54</ele>
      </trkpt>
      <trkpt lat="42.884508" lon="1.800364">
        <ele>806.38</ele>
      </trkpt>
      <trkpt lat="42.884614" lon="1.799913">
        <ele>802.38</ele>
      </trkpt>
      <trkpt lat="42.884652" lon="1.799701">
        <ele>801.69</ele>
      </trkpt>
      <trkpt lat="42.884742" lon="1.799425">
        <ele>801.87</ele>
      </trkpt>
      <trkpt lat="42.884821" lon="1.799028">
        <ele>806.7</ele>
      </trkpt>
      <trkpt lat="42.88474" lon="1.798674">
        <ele>813.8</ele>
      </trkpt>
      <trkpt lat="42.884659" lon="1.798422">
        <ele>820.17</ele>
      </trkpt>
      <trkpt lat="42.884744" lon="1.79818">
        <ele>821.01</ele>
      </trkpt>
      <trkpt lat="42.884862" lon="1.797907">
        <ele>819.93</ele>
      </trkpt>
      <trkpt lat="42.884946" lon="1.797515">
        <ele>818.2</ele>
      </trkpt>
      <trkpt lat="42.884949" lon="1.797265">
        <ele>818.76</ele>
      </trkpt>
      <trkpt lat="42.884942" lon="1.79685">
        <ele>819.86</ele>
      </trkpt>
      <trkpt lat="42.885149" lon="1.796026">
        <ele>805.75</ele>
      </trkpt>
      <trkpt lat="42.885316" lon="1.795914">
        <ele>795.33</ele>
      </trkpt>
      <trkpt lat="42.885416" lon="1.795798">
        <ele>789.31</ele>
      </trkpt>
      <trkpt lat="42.885546" lon="1.795442">
        <ele>785.3</ele>
      </trkpt>
      <trkpt lat="42.885607" lon="1.795098">
        <ele>784.33</ele>
      </trkpt>
      <trkpt lat="42.885577" lon="1.794463">
        <ele>784.69</ele>
      </trkpt>
      <trkpt lat="42.885553" lon="1.794218">
        <ele>784.9</ele>
      </trkpt>
      <trkpt lat="42.885577" lon="1.794047">
        <ele>784.01</ele>
      </trkpt>
      <trkpt lat="42.885841" lon="1.793655">
        <ele>776.14</ele>
      </trkpt>
      <trkpt lat="42.885984" lon="1.793457">
        <ele>775.14</ele>
      </trkpt>
      <trkpt lat="42.886145" lon="1.793285">
        <ele>772.77</ele>
      </trkpt>
      <trkpt lat="42.886265" lon="1.792993">
        <ele>772.54</ele>
      </trkpt>
      <trkpt lat="42.886416" lon="1.792878">
        <ele>769.94</ele>
      </trkpt>
      <trkpt lat="42.886692" lon="1.792596">
        <ele>769.83</ele>
      </trkpt>
      <trkpt lat="42.886841" lon="1.792464">
        <ele>769.51</ele>
      </trkpt>
      <trkpt lat="42.887354" lon="1.792287">
        <ele>762.91</ele>
      </trkpt>
      <trkpt lat="42.887497" lon="1.792191">
        <ele>762.7</ele>
      </trkpt>
      <trkpt lat="42.887678" lon="1.792051">
        <ele>762.15</ele>
      </trkpt>
      <trkpt lat="42.887914" lon="1.791976">
        <ele>759.09</ele>
      </trkpt>
      <trkpt lat="42.888083" lon="1.792014">
        <ele>755.97</ele>
      </trkpt>
      <trkpt lat="42.888413" lon="1.791901">
        <ele>752.45</ele>
      </trkpt>
      <trkpt lat="42.888773" lon="1.791912">
        <ele>746.39</ele>
      </trkpt>
      <trkpt lat="42.888985" lon="1.791858">
        <ele>745.11</ele>
      </trkpt>
      <trkpt lat="42.8894" lon="1.791802">
        <ele>742.54</ele>
      </trkpt>
      <trkpt lat="42.889454" lon="1.791775">
        <ele>742.36</ele>
      </trkpt>
      <trkpt lat="42.889641" lon="1.791684">
        <ele>741.76</ele>
      </trkpt>
      <trkpt lat="42.88982" lon="1.791654">
        <ele>740.44</ele>
      </trkpt>
      <trkpt lat="42.890249" lon="1.791617">
        <ele>736.82</ele>
      </trkpt>
      <trkpt lat="42.890486" lon="1.791536">
        <ele>735.03</ele>
      </trkpt>
      <trkpt lat="42.890636" lon="1.791443">
        <ele>734.54</ele>
      </trkpt>
      <trkpt lat="42.890805" lon="1.791408">
        <ele>733.61</ele>
      </trkpt>
      <trkpt lat="42.890932" lon="1.791443">
        <ele>732.67</ele>
      </trkpt>
      <trkpt lat="42.891235" lon="1.791633">
        <ele>730.26</ele>
      </trkpt>
      <trkpt lat="42.891371" lon="1.791657">
        <ele>729.12</ele>
      </trkpt>
      <trkpt lat="42.891555" lon="1.791727">
        <ele>726.86</ele>
      </trkpt>
      <trkpt lat="42.891659" lon="1.791783">
        <ele>725.49</ele>
      </trkpt>
      <trkpt lat="42.891758" lon="1.791854">
        <ele>724.1</ele>
      </trkpt>
      <trkpt lat="42.891923" lon="1.791872">
        <ele>722.1</ele>
      </trkpt>
      <trkpt lat="42.892066" lon="1.79181">
        <ele>720.7</ele>
      </trkpt>
      <trkpt lat="42.892172" lon="1.791791">
        <ele>719.46</ele>
      </trkpt>
      <trkpt lat="42.892233" lon="1.79184">
        <ele>718.26</ele>
      </trkpt>
      <trkpt lat="42.892374" lon="1.79201">
        <ele>715.91</ele>
      </trkpt>
      <trkpt lat="42.892506" lon="1.79221">
        <ele>715.56</ele>
      </trkpt>
      <trkpt lat="42.892613" lon="1.792237">
        <ele>713.97</ele>
      </trkpt>
      <trkpt lat="42.892752" lon="1.792199">
        <ele>711.3</ele>
      </trkpt>
      <trkpt lat="42.892899" lon="1.792199">
        <ele>708.8</ele>
      </trkpt>
      <trkpt lat="42.893167" lon="1.792373">
        <ele>707.26</ele>
      </trkpt>
      <trkpt lat="42.893491" lon="1.792617">
        <ele>704.66</ele>
      </trkpt>
      <trkpt lat="42.893636" lon="1.792741">
        <ele>702.62</ele>
      </trkpt>
      <trkpt lat="42.893739" lon="1.792867">
        <ele>701.38</ele>
      </trkpt>
      <trkpt lat="42.893829" lon="1.79303">
        <ele>700.82</ele>
      </trkpt>
      <trkpt lat="42.893902" lon="1.793221">
        <ele>701.15</ele>
      </trkpt>
      <trkpt lat="42.893939" lon="1.793417">
        <ele>701.31</ele>
      </trkpt>
      <trkpt lat="42.893954" lon="1.793602">
        <ele>701.46</ele>
      </trkpt>
      <trkpt lat="42.893997" lon="1.793766">
        <ele>703.23</ele>
      </trkpt>
      <trkpt lat="42.893989" lon="1.793852">
        <ele>704.76</ele>
      </trkpt>
      <trkpt lat="42.894135" lon="1.793939">
        <ele>704.21</ele>
      </trkpt>
      <trkpt lat="42.89418" lon="1.793859">
        <ele>702.44</ele>
      </trkpt>
      <trkpt lat="42.894323" lon="1.793617">
        <ele>697.59</ele>
      </trkpt>
      <trkpt lat="42.894366" lon="1.793566">
        <ele>697.4</ele>
      </trkpt>
      <trkpt lat="42.894401" lon="1.793526">
        <ele>697.29</ele>
      </trkpt>
      <trkpt lat="42.894475" lon="1.79347">
        <ele>696.99</ele>
      </trkpt>
      <trkpt lat="42.894541" lon="1.793458">
        <ele>696.54</ele>
      </trkpt>
      <trkpt lat="42.89461" lon="1.793483">
        <ele>695.76</ele>
      </trkpt>
      <trkpt lat="42.89468" lon="1.793524">
        <ele>695.24</ele>
      </trkpt>
      <trkpt lat="42.894732" lon="1.793527">
        <ele>695.52</ele>
      </trkpt>
      <trkpt lat="42.894709" lon="1.793463">
        <ele>696</ele>
      </trkpt>
      <trkpt lat="42.894559" lon="1.793313">
        <ele>697.59</ele>
      </trkpt>
      <trkpt lat="42.894445" lon="1.793162">
        <ele>699.2</ele>
      </trkpt>
      <trkpt lat="42.894314" lon="1.792898">
        <ele>700.77</ele>
      </trkpt>
      <trkpt lat="42.894224" lon="1.792637">
        <ele>702.43</ele>
      </trkpt>
      <trkpt lat="42.894283" lon="1.792332">
        <ele>705.42</ele>
      </trkpt>
      <trkpt lat="42.894295" lon="1.792192">
        <ele>706.77</ele>
      </trkpt>
      <trkpt lat="42.894265" lon="1.791887">
        <ele>709.31</ele>
      </trkpt>
      <trkpt lat="42.894222" lon="1.791569">
        <ele>711.51</ele>
      </trkpt>
      <trkpt lat="42.894249" lon="1.791485">
        <ele>712.38</ele>
      </trkpt>
      <trkpt lat="42.894367" lon="1.791254">
        <ele>715.27</ele>
      </trkpt>
      <trkpt lat="42.894577" lon="1.791135">
        <ele>718.28</ele>
      </trkpt>
      <trkpt lat="42.894665" lon="1.791064">
        <ele>719.97</ele>
      </trkpt>
      <trkpt lat="42.89473" lon="1.790966">
        <ele>722.31</ele>
      </trkpt>
      <trkpt lat="42.894798" lon="1.79081">
        <ele>725.41</ele>
      </trkpt>
      <trkpt lat="42.894816" lon="1.790712">
        <ele>726.83</ele>
      </trkpt>
      <trkpt lat="42.894786" lon="1.790488">
        <ele>728.48</ele>
      </trkpt>
      <trkpt lat="42.894799" lon="1.79042">
        <ele>729.5</ele>
      </trkpt>
      <trkpt lat="42.89484" lon="1.790376">
        <ele>730.99</ele>
      </trkpt>
      <trkpt lat="42.89485" lon="1.790286">
        <ele>732.22</ele>
      </trkpt>
      <trkpt lat="42.894963" lon="1.790063">
        <ele>738.09</ele>
      </trkpt>
      <trkpt lat="42.894962" lon="1.789919">
        <ele>740.01</ele>
      </trkpt>
      <trkpt lat="42.89503" lon="1.789742">
        <ele>743.99</ele>
      </trkpt>
      <trkpt lat="42.895051" lon="1.789552">
        <ele>747.02</ele>
      </trkpt>
      <trkpt lat="42.895095" lon="1.789482">
        <ele>748.83</ele>
      </trkpt>
      <trkpt lat="42.895187" lon="1.789337">
        <ele>752.6</ele>
      </trkpt>
      <trkpt lat="42.89534" lon="1.788986">
        <ele>759.27</ele>
      </trkpt>
      <trkpt lat="42.895515" lon="1.788739">
        <ele>764.79</ele>
      </trkpt>
      <trkpt lat="42.895647" lon="1.788455">
        <ele>770.84</ele>
      </trkpt>
      <trkpt lat="42.895696" lon="1.787588">
        <ele>783.26</ele>
      </trkpt>
      <trkpt lat="42.895635" lon="1.787006">
        <ele>791.88</ele>
      </trkpt>
      <trkpt lat="42.895664" lon="1.786813">
        <ele>794.17</ele>
      </trkpt>
      <trkpt lat="42.895682" lon="1.786497">
        <ele>797.37</ele>
      </trkpt>
      <trkpt lat="42.895688" lon="1.785893">
        <ele>803.21</ele>
      </trkpt>
      <trkpt lat="42.895448" lon="1.785054">
        <ele>811.53</ele>
      </trkpt>
      <trkpt lat="42.895387" lon="1.784614">
        <ele>816.4</ele>
      </trkpt>
      <trkpt lat="42.895208" lon="1.784353">
        <ele>819.56</ele>
      </trkpt>
      <trkpt lat="42.894901" lon="1.783845">
        <ele>827.52</ele>
      </trkpt>
      <trkpt lat="42.894818" lon="1.783721">
        <ele>830.02</ele>
      </trkpt>
      <trkpt lat="42.894713" lon="1.783565">
        <ele>833.32</ele>
      </trkpt>
      <trkpt lat="42.894642" lon="1.783414">
        <ele>834.28</ele>
      </trkpt>
      <trkpt lat="42.894455" lon="1.782988">
        <ele>835.32</ele>
      </trkpt>
      <trkpt lat="42.894414" lon="1.782766">
        <ele>837.28</ele>
      </trkpt>
      <trkpt lat="42.894322" lon="1.782538">
        <ele>837.83</ele>
      </trkpt>
      <trkpt lat="42.894261" lon="1.781966">
        <ele>845.65</ele>
      </trkpt>
      <trkpt lat="42.894208" lon="1.781709">
        <ele>846.76</ele>
      </trkpt>
      <trkpt lat="42.894067" lon="1.781231">
        <ele>848.48</ele>
      </trkpt>
      <trkpt lat="42.894067" lon="1.781057">
        <ele>850.53</ele>
      </trkpt>
      <trkpt lat="42.894047" lon="1.780936">
        <ele>851.86</ele>
      </trkpt>
      <trkpt lat="42.893996" lon="1.780804">
        <ele>852.92</ele>
      </trkpt>
      <trkpt lat="42.893982" lon="1.780752">
        <ele>853.44</ele>
      </trkpt>
      <trkpt lat="42.8939" lon="1.780583">
        <ele>854.72</ele>
      </trkpt>
      <trkpt lat="42.893799" lon="1.78034">
        <ele>856.48</ele>
      </trkpt>
      <trkpt lat="42.893755" lon="1.780209">
        <ele>856.44</ele>
      </trkpt>
      <trkpt lat="42.893732" lon="1.780082">
        <ele>857.36</ele>
      </trkpt>
      <trkpt lat="42.894139" lon="1.779971">
        <ele>866.21</ele>
      </trkpt>
      <trkpt lat="42.894318" lon="1.779869">
        <ele>869.16</ele>
      </trkpt>
      <trkpt lat="42.894483" lon="1.779745">
        <ele>871.96</ele>
      </trkpt>
      <trkpt lat="42.89457" lon="1.779791">
        <ele>872.19</ele>
      </trkpt>
      <trkpt lat="42.89464" lon="1.779737">
        <ele>873.3</ele>
      </trkpt>
      <trkpt lat="42.894766" lon="1.779523">
        <ele>876.11</ele>
      </trkpt>
      <trkpt lat="42.89488" lon="1.779469">
        <ele>877.33</ele>
      </trkpt>
      <trkpt lat="42.895035" lon="1.779528">
        <ele>877.62</ele>
      </trkpt>
      <trkpt lat="42.895283" lon="1.779684">
        <ele>877.28</ele>
      </trkpt>
      <trkpt lat="42.895422" lon="1.779743">
        <ele>877.32</ele>
      </trkpt>
      <trkpt lat="42.895452" lon="1.779756">
        <ele>877.33</ele>
      </trkpt>
      <trkpt lat="42.895658" lon="1.779754">
        <ele>879.45</ele>
      </trkpt>
      <trkpt lat="42.895871" lon="1.779654">
        <ele>883.59</ele>
      </trkpt>
      <trkpt lat="42.895969" lon="1.779517">
        <ele>887.52</ele>
      </trkpt>
      <trkpt lat="42.896057" lon="1.779327">
        <ele>892.59</ele>
      </trkpt>
      <trkpt lat="42.896236" lon="1.779024">
        <ele>901.56</ele>
      </trkpt>
      <trkpt lat="42.896509" lon="1.778871">
        <ele>904.87</ele>
      </trkpt>
      <trkpt lat="42.896653" lon="1.778683">
        <ele>909.44</ele>
      </trkpt>
      <trkpt lat="42.897138" lon="1.778316">
        <ele>918.15</ele>
      </trkpt>
      <trkpt lat="42.897281" lon="1.778265">
        <ele>915.06</ele>
      </trkpt>
      <trkpt lat="42.897661" lon="1.778187">
        <ele>904.98</ele>
      </trkpt>
      <trkpt lat="42.89779" lon="1.778292">
        <ele>897.83</ele>
      </trkpt>
      <trkpt lat="42.897912" lon="1.778485">
        <ele>887.97</ele>
      </trkpt>
      <trkpt lat="42.898065" lon="1.77864">
        <ele>880.26</ele>
      </trkpt>
      <trkpt lat="42.898226" lon="1.778681">
        <ele>878.3</ele>
      </trkpt>
      <trkpt lat="42.898429" lon="1.778592">
        <ele>879.79</ele>
      </trkpt>
      <trkpt lat="42.898606" lon="1.778453">
        <ele>881.95</ele>
      </trkpt>
      <trkpt lat="42.898729" lon="1.778294">
        <ele>884.28</ele>
      </trkpt>
      <trkpt lat="42.898845" lon="1.778128">
        <ele>886.21</ele>
      </trkpt>
      <trkpt lat="42.898963" lon="1.777916">
        <ele>888.14</ele>
      </trkpt>
      <trkpt lat="42.899044" lon="1.777726">
        <ele>888.96</ele>
      </trkpt>
      <trkpt lat="42.899207" lon="1.777699">
        <ele>885.77</ele>
      </trkpt>
      <trkpt lat="42.899321" lon="1.777597">
        <ele>883.59</ele>
      </trkpt>
      <trkpt lat="42.899557" lon="1.777246">
        <ele>878.06</ele>
      </trkpt>
      <trkpt lat="42.899629" lon="1.777183">
        <ele>876.25</ele>
      </trkpt>
      <trkpt lat="42.899726" lon="1.777098">
        <ele>873.81</ele>
      </trkpt>
      <trkpt lat="42.899934" lon="1.776945">
        <ele>868.87</ele>
      </trkpt>
      <trkpt lat="42.900152" lon="1.776811">
        <ele>864.12</ele>
      </trkpt>
      <trkpt lat="42.900396" lon="1.776741">
        <ele>858.69</ele>
      </trkpt>
      <trkpt lat="42.900622" lon="1.776717">
        <ele>856.22</ele>
      </trkpt>
      <trkpt lat="42.900889" lon="1.776741">
        <ele>855.44</ele>
      </trkpt>
      <trkpt lat="42.901103" lon="1.776843">
        <ele>855.79</ele>
      </trkpt>
      <trkpt lat="42.901372" lon="1.777168">
        <ele>860.09</ele>
      </trkpt>
      <trkpt lat="42.901561" lon="1.777576">
        <ele>864.95</ele>
      </trkpt>
      <trkpt lat="42.901834" lon="1.77794">
        <ele>867.87</ele>
      </trkpt>
      <trkpt lat="42.902417" lon="1.778434">
        <ele>861.89</ele>
      </trkpt>
      <trkpt lat="42.902795" lon="1.778812">
        <ele>854.77</ele>
      </trkpt>
      <trkpt lat="42.902968" lon="1.779096">
        <ele>853.04</ele>
      </trkpt>
      <trkpt lat="42.903009" lon="1.779048">
        <ele>850.51</ele>
      </trkpt>
      <trkpt lat="42.90296" lon="1.778482">
        <ele>841.08</ele>
      </trkpt>
      <trkpt lat="42.902887" lon="1.778254">
        <ele>838.13</ele>
      </trkpt>
      <trkpt lat="42.902842" lon="1.777857">
        <ele>829.86</ele>
      </trkpt>
      <trkpt lat="42.902706" lon="1.777374">
        <ele>825.38</ele>
      </trkpt>
      <trkpt lat="42.902618" lon="1.77724">
        <ele>826.32</ele>
      </trkpt>
      <trkpt lat="42.902451" lon="1.776884">
        <ele>827.38</ele>
      </trkpt>
      <trkpt lat="42.902319" lon="1.776656">
        <ele>832.4</ele>
      </trkpt>
      <trkpt lat="42.90241" lon="1.776696">
        <ele>828.95</ele>
      </trkpt>
      <trkpt lat="42.902645" lon="1.776843">
        <ele>819.47</ele>
      </trkpt>
      <trkpt lat="42.902816" lon="1.777094">
        <ele>814.81</ele>
      </trkpt>
      <trkpt lat="42.9031" lon="1.777259">
        <ele>806.29</ele>
      </trkpt>
      <trkpt lat="42.903323" lon="1.777259">
        <ele>797.2</ele>
      </trkpt>
      <trkpt lat="42.903696" lon="1.777431">
        <ele>785.47</ele>
      </trkpt>
      <trkpt lat="42.903948" lon="1.777562">
        <ele>779.06</ele>
      </trkpt>
      <trkpt lat="42.904103" lon="1.7776">
        <ele>774.91</ele>
      </trkpt>
      <trkpt lat="42.904449" lon="1.777822">
        <ele>768.96</ele>
      </trkpt>
      <trkpt lat="42.904726" lon="1.778058">
        <ele>765.87</ele>
      </trkpt>
      <trkpt lat="42.905042" lon="1.778294">
        <ele>760.17</ele>
      </trkpt>
      <trkpt lat="42.905183" lon="1.778475">
        <ele>759.42</ele>
      </trkpt>
      <trkpt lat="42.90515" lon="1.778195">
        <ele>753.78</ele>
      </trkpt>
      <trkpt lat="42.905072" lon="1.77797">
        <ele>751.12</ele>
      </trkpt>
      <trkpt lat="42.904946" lon="1.777683">
        <ele>748.93</ele>
      </trkpt>
      <trkpt lat="42.904695" lon="1.777246">
        <ele>747.98</ele>
      </trkpt>
      <trkpt lat="42.904559" lon="1.777042">
        <ele>747.86</ele>
      </trkpt>
      <trkpt lat="42.904233" lon="1.776763">
        <ele>759.56</ele>
      </trkpt>
      <trkpt lat="42.904141" lon="1.776631">
        <ele>764.37</ele>
      </trkpt>
      <trkpt lat="42.904127" lon="1.776529">
        <ele>766.13</ele>
      </trkpt>
      <trkpt lat="42.904194" lon="1.776452">
        <ele>764.83</ele>
      </trkpt>
      <trkpt lat="42.904319" lon="1.776468">
        <ele>760.31</ele>
      </trkpt>
      <trkpt lat="42.904508" lon="1.77631">
        <ele>755.77</ele>
      </trkpt>
      <trkpt lat="42.904622" lon="1.776318">
        <ele>751.74</ele>
      </trkpt>
      <trkpt lat="42.904844" lon="1.776232">
        <ele>746.54</ele>
      </trkpt>
      <trkpt lat="42.904974" lon="1.776323">
        <ele>741.71</ele>
      </trkpt>
      <trkpt lat="42.905182" lon="1.776374">
        <ele>735.11</ele>
      </trkpt>
      <trkpt lat="42.905336" lon="1.776457">
        <ele>729.35</ele>
      </trkpt>
      <trkpt lat="42.905366" lon="1.776473">
        <ele>728.22</ele>
      </trkpt>
      <trkpt lat="42.905669" lon="1.776521">
        <ele>721.48</ele>
      </trkpt>
      <trkpt lat="42.90583" lon="1.776631">
        <ele>716.64</ele>
      </trkpt>
      <trkpt lat="42.906038" lon="1.776867">
        <ele>706.74</ele>
      </trkpt>
      <trkpt lat="42.906219" lon="1.776945">
        <ele>700.69</ele>
      </trkpt>
      <trkpt lat="42.906598" lon="1.777141">
        <ele>698.56</ele>
      </trkpt>
      <trkpt lat="42.906818" lon="1.777447">
        <ele>694.92</ele>
      </trkpt>
      <trkpt lat="42.906963" lon="1.777585">
        <ele>690.93</ele>
      </trkpt>
      <trkpt lat="42.907107" lon="1.777696">
        <ele>686.12</ele>
      </trkpt>
      <trkpt lat="42.907343" lon="1.777948">
        <ele>684.67</ele>
      </trkpt>
      <trkpt lat="42.907535" lon="1.778246">
        <ele>682.79</ele>
      </trkpt>
      <trkpt lat="42.907791" lon="1.778528">
        <ele>674.98</ele>
      </trkpt>
      <trkpt lat="42.907909" lon="1.778761">
        <ele>669.39</ele>
      </trkpt>
      <trkpt lat="42.908156" lon="1.779043">
        <ele>665.23</ele>
      </trkpt>
      <trkpt lat="42.908408" lon="1.779161">
        <ele>662.87</ele>
      </trkpt>
      <trkpt lat="42.908673" lon="1.779225">
        <ele>660.18</ele>
      </trkpt>
      <trkpt lat="42.908867" lon="1.779139">
        <ele>661.33</ele>
      </trkpt>
      <trkpt lat="42.909074" lon="1.779121">
        <ele>660.89</ele>
      </trkpt>
      <trkpt lat="42.909317" lon="1.779182">
        <ele>658.03</ele>
      </trkpt>
      <trkpt lat="42.909482" lon="1.779121">
        <ele>659.05</ele>
      </trkpt>
      <trkpt lat="42.909704" lon="1.778981">
        <ele>661.13</ele>
      </trkpt>
      <trkpt lat="42.910001" lon="1.778973">
        <ele>653.86</ele>
      </trkpt>
      <trkpt lat="42.910571" lon="1.778844">
        <ele>642.1</ele>
      </trkpt>
      <trkpt lat="42.910667" lon="1.778994">
        <ele>636.89</ele>
      </trkpt>
      <trkpt lat="42.910824" lon="1.779048">
        <ele>632.46</ele>
      </trkpt>
      <trkpt lat="42.910963" lon="1.778954">
        <ele>630.43</ele>
      </trkpt>
      <trkpt lat="42.910948" lon="1.778823">
        <ele>632.33</ele>
      </trkpt>
      <trkpt lat="42.910938" lon="1.778579">
        <ele>635.35</ele>
      </trkpt>
      <trkpt lat="42.910977" lon="1.778359">
        <ele>636.13</ele>
      </trkpt>
      <trkpt lat="42.911074" lon="1.778115">
        <ele>635.08</ele>
      </trkpt>
      <trkpt lat="42.911184" lon="1.777919">
        <ele>632.88</ele>
      </trkpt>
      <trkpt lat="42.91129" lon="1.777602">
        <ele>632.32</ele>
      </trkpt>
      <trkpt lat="42.911276" lon="1.777415">
        <ele>634.97</ele>
      </trkpt>
      <trkpt lat="42.911311" lon="1.777275">
        <ele>635.48</ele>
      </trkpt>
      <trkpt lat="42.911396" lon="1.777157">
        <ele>633.84</ele>
      </trkpt>
      <trkpt lat="42.911598" lon="1.776921">
        <ele>628.97</ele>
      </trkpt>
      <trkpt lat="42.911728" lon="1.776572">
        <ele>627.51</ele>
      </trkpt>
      <trkpt lat="42.911863" lon="1.776411">
        <ele>624.44</ele>
      </trkpt>
      <trkpt lat="42.912148" lon="1.775891">
        <ele>618.42</ele>
      </trkpt>
      <trkpt lat="42.912395" lon="1.775469">
        <ele>611.8</ele>
      </trkpt>
      <trkpt lat="42.912645" lon="1.776398">
        <ele>599.55</ele>
      </trkpt>
      <trkpt lat="42.912689" lon="1.776537">
        <ele>597.27</ele>
      </trkpt>
      <trkpt lat="42.912718" lon="1.776701">
        <ele>595.4</ele>
      </trkpt>
      <trkpt lat="42.912708" lon="1.776854">
        <ele>594.69</ele>
      </trkpt>
      <trkpt lat="42.912747" lon="1.776977">
        <ele>592.98</ele>
      </trkpt>
      <trkpt lat="42.912815" lon="1.777019">
        <ele>591.25</ele>
      </trkpt>
      <trkpt lat="42.913209" lon="1.775626">
        <ele>594.26</ele>
      </trkpt>
      <trkpt lat="42.913314" lon="1.775316">
        <ele>595.17</ele>
      </trkpt>
      <trkpt lat="42.913417" lon="1.775483">
        <ele>594.9</ele>
      </trkpt>
      <trkpt lat="42.913498" lon="1.775558">
        <ele>595.01</ele>
      </trkpt>
      <trkpt lat="42.913541" lon="1.775751">
        <ele>595.39</ele>
      </trkpt>
      <trkpt lat="42.913627" lon="1.775913">
        <ele>596.29</ele>
      </trkpt>
      <trkpt lat="42.913641" lon="1.776011">
        <ele>596.7</ele>
      </trkpt>
      <trkpt lat="42.913559" lon="1.776073">
        <ele>596.08</ele>
      </trkpt>
      <trkpt lat="42.913452" lon="1.776208">
        <ele>595.34</ele>
      </trkpt>
      <trkpt lat="42.913366" lon="1.776438">
        <ele>594.86</ele>
      </trkpt>
      <trkpt lat="42.913344" lon="1.776612">
        <ele>594.88</ele>
      </trkpt>
      <trkpt lat="42.913342" lon="1.777028">
        <ele>595.74</ele>
      </trkpt>
      <trkpt lat="42.913484" lon="1.7775">
        <ele>600.76</ele>
      </trkpt>
      <trkpt lat="42.9136" lon="1.777774">
        <ele>604.87</ele>
      </trkpt>
      <trkpt lat="42.913688" lon="1.777921">
        <ele>607.17</ele>
      </trkpt>
      <trkpt lat="42.913755" lon="1.778032">
        <ele>608.91</ele>
      </trkpt>
      <trkpt lat="42.913889" lon="1.778302">
        <ele>612.75</ele>
      </trkpt>
      <trkpt lat="42.913995" lon="1.778541">
        <ele>616.17</ele>
      </trkpt>
      <trkpt lat="42.914116" lon="1.778675">
        <ele>620.24</ele>
      </trkpt>
      <trkpt lat="42.914258" lon="1.778858">
        <ele>624.72</ele>
      </trkpt>
      <trkpt lat="42.91435" lon="1.779126">
        <ele>627.29</ele>
      </trkpt>
      <trkpt lat="42.914403" lon="1.779359">
        <ele>628.58</ele>
      </trkpt>
      <trkpt lat="42.91439" lon="1.779579">
        <ele>627.26</ele>
      </trkpt>
      <trkpt lat="42.914417" lon="1.779888">
        <ele>626.7</ele>
      </trkpt>
      <trkpt lat="42.914474" lon="1.780212">
        <ele>627.32</ele>
      </trkpt>
      <trkpt lat="42.914543" lon="1.780408">
        <ele>629.3</ele>
      </trkpt>
      <trkpt lat="42.914551" lon="1.780671">
        <ele>628.79</ele>
      </trkpt>
      <trkpt lat="42.914594" lon="1.78128">
        <ele>629.52</ele>
      </trkpt>
      <trkpt lat="42.914653" lon="1.781478">
        <ele>632.43</ele>
      </trkpt>
      <trkpt lat="42.914814" lon="1.781773">
        <ele>638.67</ele>
      </trkpt>
      <trkpt lat="42.914908" lon="1.78198">
        <ele>642.29</ele>
      </trkpt>
      <trkpt lat="42.915069" lon="1.782178">
        <ele>649.02</ele>
      </trkpt>
      <trkpt lat="42.915332" lon="1.782838">
        <ele>661.19</ele>
      </trkpt>
      <trkpt lat="42.915301" lon="1.783114">
        <ele>662.57</ele>
      </trkpt>
      <trkpt lat="42.915309" lon="1.783374">
        <ele>665.09</ele>
      </trkpt>
      <trkpt lat="42.915284" lon="1.783611">
        <ele>666.49</ele>
      </trkpt>
      <trkpt lat="42.915289" lon="1.783726">
        <ele>667.46</ele>
      </trkpt>
      <trkpt lat="42.915454" lon="1.784088">
        <ele>673.97</ele>
      </trkpt>
      <trkpt lat="42.915535" lon="1.784195">
        <ele>675.81</ele>
      </trkpt>
      <trkpt lat="42.915623" lon="1.784206">
        <ele>676.63</ele>
      </trkpt>
      <trkpt lat="42.91571" lon="1.784139">
        <ele>677.12</ele>
      </trkpt>
      <trkpt lat="42.915975" lon="1.783747">
        <ele>679.16</ele>
      </trkpt>
      <trkpt lat="42.91611" lon="1.783495">
        <ele>681.11</ele>
      </trkpt>
      <trkpt lat="42.916246" lon="1.783173">
        <ele>684.15</ele>
      </trkpt>
      <trkpt lat="42.916417" lon="1.782913">
        <ele>688.39</ele>
      </trkpt>
      <trkpt lat="42.91647" lon="1.782653">
        <ele>690.66</ele>
      </trkpt>
      <trkpt lat="42.916505" lon="1.782412">
        <ele>692.6</ele>
      </trkpt>
      <trkpt lat="42.916527" lon="1.782267">
        <ele>693.77</ele>
      </trkpt>
      <trkpt lat="42.916519" lon="1.78184">
        <ele>695.72</ele>
      </trkpt>
      <trkpt lat="42.916539" lon="1.781685">
        <ele>697.25</ele>
      </trkpt>
      <trkpt lat="42.916617" lon="1.781384">
        <ele>701.4</ele>
      </trkpt>
      <trkpt lat="42.916662" lon="1.781116">
        <ele>704.35</ele>
      </trkpt>
      <trkpt lat="42.916707" lon="1.780775">
        <ele>707.48</ele>
      </trkpt>
      <trkpt lat="42.916753" lon="1.780558">
        <ele>710.15</ele>
      </trkpt>
      <trkpt lat="42.916882" lon="1.780317">
        <ele>716.13</ele>
      </trkpt>
      <trkpt lat="42.916957" lon="1.780035">
        <ele>717.43</ele>
      </trkpt>
      <trkpt lat="42.91701" lon="1.779906">
        <ele>718.44</ele>
      </trkpt>
      <trkpt lat="42.91703" lon="1.779767">
        <ele>718.22</ele>
      </trkpt>
      <trkpt lat="42.917145" lon="1.779458">
        <ele>719.71</ele>
      </trkpt>
      <trkpt lat="42.917369" lon="1.779177">
        <ele>720.56</ele>
      </trkpt>
      <trkpt lat="42.917576" lon="1.77896">
        <ele>722.49</ele>
      </trkpt>
      <trkpt lat="42.917723" lon="1.778868">
        <ele>724.85</ele>
      </trkpt>
      <trkpt lat="42.917947" lon="1.778538">
        <ele>727.91</ele>
      </trkpt>
      <trkpt lat="42.918049" lon="1.778313">
        <ele>729.68</ele>
      </trkpt>
      <trkpt lat="42.918228" lon="1.77804">
        <ele>733.12</ele>
      </trkpt>
      <trkpt lat="42.918544" lon="1.777356">
        <ele>742.12</ele>
      </trkpt>
      <trkpt lat="42.918744" lon="1.777058">
        <ele>747.86</ele>
      </trkpt>
      <trkpt lat="42.9189" lon="1.776849">
        <ele>748.9</ele>
      </trkpt>
      <trkpt lat="42.918949" lon="1.776666">
        <ele>747.69</ele>
      </trkpt>
      <trkpt lat="42.918957" lon="1.776457">
        <ele>746.5</ele>
      </trkpt>
      <trkpt lat="42.919141" lon="1.776095">
        <ele>745.23</ele>
      </trkpt>
      <trkpt lat="42.919273" lon="1.775969">
        <ele>744.6</ele>
      </trkpt>
      <trkpt lat="42.919483" lon="1.775883">
        <ele>744.47</ele>
      </trkpt>
      <trkpt lat="42.91965" lon="1.775862">
        <ele>744.78</ele>
      </trkpt>
      <trkpt lat="42.919998" lon="1.775658">
        <ele>740.67</ele>
      </trkpt>
      <trkpt lat="42.920204" lon="1.775494">
        <ele>738.62</ele>
      </trkpt>
      <trkpt lat="42.920439" lon="1.775325">
        <ele>737.18</ele>
      </trkpt>
      <trkpt lat="42.920616" lon="1.775081">
        <ele>734.62</ele>
      </trkpt>
      <trkpt lat="42.920728" lon="1.77485">
        <ele>732.43</ele>
      </trkpt>
      <trkpt lat="42.920868" lon="1.774783">
        <ele>732.26</ele>
      </trkpt>
      <trkpt lat="42.92095" lon="1.774698">
        <ele>731.82</ele>
      </trkpt>
      <trkpt lat="42.921149" lon="1.77455">
        <ele>731.6</ele>
      </trkpt>
      <trkpt lat="42.921302" lon="1.774453">
        <ele>731.77</ele>
      </trkpt>
      <trkpt lat="42.921354" lon="1.774462">
        <ele>732.04</ele>
      </trkpt>
      <trkpt lat="42.921437" lon="1.774496">
        <ele>732.3</ele>
      </trkpt>
      <trkpt lat="42.921506" lon="1.774641">
        <ele>732.96</ele>
      </trkpt>
      <trkpt lat="42.921626" lon="1.774845">
        <ele>733.48</ele>
      </trkpt>
      <trkpt lat="42.921752" lon="1.774985">
        <ele>733.38</ele>
      </trkpt>
      <trkpt lat="42.921903" lon="1.774982">
        <ele>732.77</ele>
      </trkpt>
      <trkpt lat="42.922138" lon="1.77495">
        <ele>731.89</ele>
      </trkpt>
      <trkpt lat="42.9225" lon="1.774751">
        <ele>728.24</ele>
      </trkpt>
      <trkpt lat="42.92271" lon="1.774625">
        <ele>726.77</ele>
      </trkpt>
      <trkpt lat="42.922944" lon="1.77444">
        <ele>726.31</ele>
      </trkpt>
      <trkpt lat="42.923136" lon="1.77425">
        <ele>724.02</ele>
      </trkpt>
      <trkpt lat="42.923478" lon="1.774043">
        <ele>720.58</ele>
      </trkpt>
      <trkpt lat="42.923686" lon="1.774011">
        <ele>718.73</ele>
      </trkpt>
      <trkpt lat="42.923916" lon="1.773847">
        <ele>717.21</ele>
      </trkpt>
      <trkpt lat="42.924073" lon="1.773708">
        <ele>717.01</ele>
      </trkpt>
      <trkpt lat="42.924152" lon="1.773704">
        <ele>716.76</ele>
      </trkpt>
      <trkpt lat="42.924247" lon="1.773687">
        <ele>716.55</ele>
      </trkpt>
      <trkpt lat="42.924329" lon="1.77361">
        <ele>716.6</ele>
      </trkpt>
      <trkpt lat="42.924457" lon="1.77344">
        <ele>714.78</ele>
      </trkpt>
      <trkpt lat="42.924661" lon="1.77331">
        <ele>713.29</ele>
      </trkpt>
      <trkpt lat="42.924811" lon="1.773323">
        <ele>712.85</ele>
      </trkpt>
      <trkpt lat="42.925303" lon="1.773556">
        <ele>711.26</ele>
      </trkpt>
      <trkpt lat="42.92552" lon="1.773791">
        <ele>709.02</ele>
      </trkpt>
      <trkpt lat="42.925575" lon="1.774091">
        <ele>707.52</ele>
      </trkpt>
      <trkpt lat="42.925607" lon="1.774369">
        <ele>706.03</ele>
      </trkpt>
      <trkpt lat="42.925694" lon="1.774639">
        <ele>705.73</ele>
      </trkpt>
      <trkpt lat="42.925765" lon="1.774712">
        <ele>706.86</ele>
      </trkpt>
      <trkpt lat="42.925873" lon="1.774703">
        <ele>709.9</ele>
      </trkpt>
      <trkpt lat="42.926193" lon="1.774521">
        <ele>720.78</ele>
      </trkpt>
      <trkpt lat="42.926532" lon="1.774347">
        <ele>728.03</ele>
      </trkpt>
      <trkpt lat="42.926772" lon="1.774162">
        <ele>733.17</ele>
      </trkpt>
      <trkpt lat="42.927082" lon="1.77398">
        <ele>741.82</ele>
      </trkpt>
      <trkpt lat="42.927297" lon="1.773945">
        <ele>745.3</ele>
      </trkpt>
      <trkpt lat="42.927529" lon="1.773935">
        <ele>747.51</ele>
      </trkpt>
      <trkpt lat="42.927704" lon="1.773798">
        <ele>752.27</ele>
      </trkpt>
      <trkpt lat="42.927863" lon="1.773617">
        <ele>758.46</ele>
      </trkpt>
      <trkpt lat="42.928052" lon="1.773526">
        <ele>760.84</ele>
      </trkpt>
      <trkpt lat="42.928212" lon="1.773356">
        <ele>762.27</ele>
      </trkpt>
      <trkpt lat="42.928376" lon="1.773138">
        <ele>765.01</ele>
      </trkpt>
      <trkpt lat="42.928637" lon="1.772919">
        <ele>768.49</ele>
      </trkpt>
      <trkpt lat="42.928743" lon="1.772902">
        <ele>768.82</ele>
      </trkpt>
      <trkpt lat="42.928835" lon="1.772939">
        <ele>768.17</ele>
      </trkpt>
      <trkpt lat="42.92925" lon="1.773171">
        <ele>766.7</ele>
      </trkpt>
      <trkpt lat="42.929378" lon="1.773297">
        <ele>765.04</ele>
      </trkpt>
      <trkpt lat="42.929511" lon="1.773493">
        <ele>761.86</ele>
      </trkpt>
      <trkpt lat="42.929612" lon="1.773789">
        <ele>757.11</ele>
      </trkpt>
      <trkpt lat="42.92969" lon="1.774247">
        <ele>751.44</ele>
      </trkpt>
      <trkpt lat="42.929793" lon="1.774494">
        <ele>751.16</ele>
      </trkpt>
      <trkpt lat="42.930026" lon="1.774898">
        <ele>757.18</ele>
      </trkpt>
      <trkpt lat="42.930206" lon="1.77525">
        <ele>761.97</ele>
      </trkpt>
      <trkpt lat="42.930288" lon="1.775409">
        <ele>764.13</ele>
      </trkpt>
      <trkpt lat="42.930453" lon="1.775664">
        <ele>767.7</ele>
      </trkpt>
      <trkpt lat="42.930545" lon="1.775869">
        <ele>769.56</ele>
      </trkpt>
      <trkpt lat="42.930609" lon="1.776118">
        <ele>770.42</ele>
      </trkpt>
      <trkpt lat="42.930666" lon="1.7765">
        <ele>768.75</ele>
      </trkpt>
      <trkpt lat="42.930755" lon="1.776797">
        <ele>768.91</ele>
      </trkpt>
      <trkpt lat="42.930871" lon="1.777081">
        <ele>769.46</ele>
      </trkpt>
      <trkpt lat="42.930936" lon="1.777131">
        <ele>771.12</ele>
      </trkpt>
      <trkpt lat="42.931028" lon="1.7771">
        <ele>775</ele>
      </trkpt>
      <trkpt lat="42.931118" lon="1.777008">
        <ele>779.71</ele>
      </trkpt>
      <trkpt lat="42.931347" lon="1.776639">
        <ele>793.58</ele>
      </trkpt>
      <trkpt lat="42.931691" lon="1.776122">
        <ele>803.81</ele>
      </trkpt>
      <trkpt lat="42.931867" lon="1.775838">
        <ele>807.12</ele>
      </trkpt>
      <trkpt lat="42.932154" lon="1.775421">
        <ele>815.32</ele>
      </trkpt>
      <trkpt lat="42.932272" lon="1.775182">
        <ele>815.21</ele>
      </trkpt>
      <trkpt lat="42.93249" lon="1.774391">
        <ele>815.57</ele>
      </trkpt>
      <trkpt lat="42.932662" lon="1.773841">
        <ele>817.11</ele>
      </trkpt>
      <trkpt lat="42.932745" lon="1.773528">
        <ele>817.95</ele>
      </trkpt>
      <trkpt lat="42.932871" lon="1.773149">
        <ele>817.59</ele>
      </trkpt>
      <trkpt lat="42.932889" lon="1.772801">
        <ele>819</ele>
      </trkpt>
      <trkpt lat="42.932948" lon="1.772006">
        <ele>823.29</ele>
      </trkpt>
      <trkpt lat="42.93296" lon="1.771635">
        <ele>823.31</ele>
      </trkpt>
      <trkpt lat="42.9329" lon="1.771014">
        <ele>822.02</ele>
      </trkpt>
      <trkpt lat="42.932912" lon="1.770656">
        <ele>817.59</ele>
      </trkpt>
      <trkpt lat="42.9329" lon="1.770247">
        <ele>812.77</ele>
      </trkpt>
      <trkpt lat="42.932859" lon="1.769856">
        <ele>809.05</ele>
      </trkpt>
      <trkpt lat="42.932793" lon="1.769586">
        <ele>806.12</ele>
      </trkpt>
      <trkpt lat="42.932718" lon="1.769456">
        <ele>804.52</ele>
      </trkpt>
      <trkpt lat="42.932663" lon="1.769362">
        <ele>803.36</ele>
      </trkpt>
      <trkpt lat="42.932601" lon="1.769084">
        <ele>800.84</ele>
      </trkpt>
      <trkpt lat="42.932554" lon="1.768596">
        <ele>796.57</ele>
      </trkpt>
      <trkpt lat="42.932492" lon="1.768372">
        <ele>794.26</ele>
      </trkpt>
      <trkpt lat="42.932504" lon="1.768206">
        <ele>793.48</ele>
      </trkpt>
      <trkpt lat="42.932545" lon="1.767914">
        <ele>792.85</ele>
      </trkpt>
      <trkpt lat="42.932548" lon="1.767619">
        <ele>790.18</ele>
      </trkpt>
      <trkpt lat="42.932514" lon="1.767312">
        <ele>785.45</ele>
      </trkpt>
      <trkpt lat="42.932571" lon="1.767002">
        <ele>783.45</ele>
      </trkpt>
      <trkpt lat="42.932665" lon="1.766771">
        <ele>782.88</ele>
      </trkpt>
      <trkpt lat="42.932814" lon="1.766515">
        <ele>783.26</ele>
      </trkpt>
      <trkpt lat="42.932949" lon="1.766322">
        <ele>784.1</ele>
      </trkpt>
      <trkpt lat="42.933132" lon="1.765529">
        <ele>776.67</ele>
      </trkpt>
      <trkpt lat="42.93329" lon="1.765185">
        <ele>776.98</ele>
      </trkpt>
      <trkpt lat="42.933499" lon="1.764699">
        <ele>776.84</ele>
      </trkpt>
      <trkpt lat="42.93364" lon="1.764501">
        <ele>778.16</ele>
      </trkpt>
      <trkpt lat="42.933731" lon="1.764306">
        <ele>778.44</ele>
      </trkpt>
      <trkpt lat="42.933828" lon="1.763958">
        <ele>777.14</ele>
      </trkpt>
      <trkpt lat="42.933977" lon="1.763695">
        <ele>778.44</ele>
      </trkpt>
      <trkpt lat="42.934058" lon="1.763452">
        <ele>779.34</ele>
      </trkpt>
      <trkpt lat="42.934205" lon="1.763081">
        <ele>782.46</ele>
      </trkpt>
      <trkpt lat="42.934269" lon="1.762716">
        <ele>782.76</ele>
      </trkpt>
      <trkpt lat="42.934346" lon="1.762401">
        <ele>782.48</ele>
      </trkpt>
      <trkpt lat="42.934411" lon="1.762185">
        <ele>782.73</ele>
      </trkpt>
      <trkpt lat="42.93442" lon="1.761959">
        <ele>781.05</ele>
      </trkpt>
      <trkpt lat="42.934577" lon="1.761396">
        <ele>776.51</ele>
      </trkpt>
      <trkpt lat="42.934711" lon="1.761213">
        <ele>777.61</ele>
      </trkpt>
      <trkpt lat="42.934851" lon="1.760801">
        <ele>776.95</ele>
      </trkpt>
      <trkpt lat="42.934937" lon="1.760105">
        <ele>770.76</ele>
      </trkpt>
      <trkpt lat="42.934996" lon="1.759844">
        <ele>770.08</ele>
      </trkpt>
      <trkpt lat="42.935117" lon="1.759225">
        <ele>768.04</ele>
      </trkpt>
      <trkpt lat="42.935093" lon="1.758936">
        <ele>765.53</ele>
      </trkpt>
      <trkpt lat="42.935044" lon="1.758574">
        <ele>762.01</ele>
      </trkpt>
      <trkpt lat="42.934922" lon="1.758058">
        <ele>756.48</ele>
      </trkpt>
      <trkpt lat="42.934939" lon="1.757895">
        <ele>755.97</ele>
      </trkpt>
      <trkpt lat="42.935031" lon="1.757625">
        <ele>757.42</ele>
      </trkpt>
      <trkpt lat="42.935182" lon="1.757391">
        <ele>760.46</ele>
      </trkpt>
      <trkpt lat="42.935463" lon="1.756732">
        <ele>765.55</ele>
      </trkpt>
      <trkpt lat="42.935457" lon="1.756626">
        <ele>765.45</ele>
      </trkpt>
      <trkpt lat="42.935571" lon="1.756559">
        <ele>766.14</ele>
      </trkpt>
      <trkpt lat="42.935713" lon="1.756525">
        <ele>766.42</ele>
      </trkpt>
      <trkpt lat="42.935795" lon="1.756346">
        <ele>766.81</ele>
      </trkpt>
      <trkpt lat="42.935849" lon="1.756213">
        <ele>767.03</ele>
      </trkpt>
      <trkpt lat="42.936029" lon="1.755772">
        <ele>767.74</ele>
      </trkpt>
      <trkpt lat="42.93571" lon="1.755588">
        <ele>764.77</ele>
      </trkpt>
      <trkpt lat="42.935872" lon="1.755275">
        <ele>765.28</ele>
      </trkpt>
      <trkpt lat="42.93595" lon="1.755114">
        <ele>763.39</ele>
      </trkpt>
      <trkpt lat="42.936065" lon="1.754877">
        <ele>760.61</ele>
      </trkpt>
      <trkpt lat="42.93636" lon="1.755057">
        <ele>767.58</ele>
      </trkpt>
      <trkpt lat="42.936461" lon="1.755016">
        <ele>768.4</ele>
      </trkpt>
      <trkpt lat="42.936571" lon="1.754936">
        <ele>768.73</ele>
      </trkpt>
      <trkpt lat="42.936618" lon="1.754902">
        <ele>768.87</ele>
      </trkpt>
      <trkpt lat="42.936851" lon="1.754791">
        <ele>770.57</ele>
      </trkpt>
      <trkpt lat="42.937071" lon="1.75461">
        <ele>771.05</ele>
      </trkpt>
      <trkpt lat="42.93724" lon="1.754497">
        <ele>773.92</ele>
      </trkpt>
      <trkpt lat="42.937297" lon="1.754422">
        <ele>774.77</ele>
      </trkpt>
      <trkpt lat="42.937372" lon="1.754233">
        <ele>773.65</ele>
      </trkpt>
      <trkpt lat="42.937426" lon="1.754022">
        <ele>771.24</ele>
      </trkpt>
      <trkpt lat="42.937499" lon="1.753887">
        <ele>771.24</ele>
      </trkpt>
      <trkpt lat="42.937755" lon="1.753557">
        <ele>773.84</ele>
      </trkpt>
      <trkpt lat="42.937944" lon="1.753254">
        <ele>772.26</ele>
      </trkpt>
      <trkpt lat="42.938131" lon="1.752881">
        <ele>771.39</ele>
      </trkpt>
      <trkpt lat="42.938293" lon="1.752587">
        <ele>772.42</ele>
      </trkpt>
      <trkpt lat="42.93842" lon="1.752484">
        <ele>776.28</ele>
      </trkpt>
      <trkpt lat="42.9386" lon="1.752266">
        <ele>778.32</ele>
      </trkpt>
      <trkpt lat="42.938709" lon="1.752103">
        <ele>777.56</ele>
      </trkpt>
      <trkpt lat="42.93879" lon="1.752032">
        <ele>778.47</ele>
      </trkpt>
      <trkpt lat="42.938893" lon="1.75202">
        <ele>782</ele>
      </trkpt>
      <trkpt lat="42.939058" lon="1.752106">
        <ele>791.45</ele>
      </trkpt>
      <trkpt lat="42.939132" lon="1.752164">
        <ele>796.43</ele>
      </trkpt>
      <trkpt lat="42.939203" lon="1.752199">
        <ele>800.36</ele>
      </trkpt>
      <trkpt lat="42.939302" lon="1.752229">
        <ele>805.13</ele>
      </trkpt>
      <trkpt lat="42.939444" lon="1.752256">
        <ele>811.34</ele>
      </trkpt>
      <trkpt lat="42.939521" lon="1.752241">
        <ele>813.56</ele>
      </trkpt>
      <trkpt lat="42.939585" lon="1.752228">
        <ele>815.41</ele>
      </trkpt>
      <trkpt lat="42.939653" lon="1.752164">
        <ele>815.52</ele>
      </trkpt>
      <trkpt lat="42.939754" lon="1.752012">
        <ele>812.87</ele>
      </trkpt>
      <trkpt lat="42.940228" lon="1.751687">
        <ele>815.15</ele>
      </trkpt>
      <trkpt lat="42.940454" lon="1.751452">
        <ele>813.64</ele>
      </trkpt>
      <trkpt lat="42.940599" lon="1.751283">
        <ele>813.2</ele>
      </trkpt>
      <trkpt lat="42.940597" lon="1.751249">
        <ele>811.93</ele>
      </trkpt>
      <trkpt lat="42.940691" lon="1.751008">
        <ele>807.5</ele>
      </trkpt>
      <trkpt lat="42.940787" lon="1.750882">
        <ele>806.94</ele>
      </trkpt>
      <trkpt lat="42.940984" lon="1.750753">
        <ele>809.73</ele>
      </trkpt>
      <trkpt lat="42.941211" lon="1.750699">
        <ele>816.02</ele>
      </trkpt>
      <trkpt lat="42.941338" lon="1.750558">
        <ele>814.7</ele>
      </trkpt>
      <trkpt lat="42.941612" lon="1.750206">
        <ele>811.01</ele>
      </trkpt>
      <trkpt lat="42.942208" lon="1.74879">
        <ele>793.84</ele>
      </trkpt>
      <trkpt lat="42.942334" lon="1.748489">
        <ele>790.19</ele>
      </trkpt>
      <trkpt lat="42.942664" lon="1.74777">
        <ele>790.55</ele>
      </trkpt>
      <trkpt lat="42.942821" lon="1.747159">
        <ele>786.61</ele>
      </trkpt>
      <trkpt lat="42.943018" lon="1.746612">
        <ele>791.86</ele>
      </trkpt>
      <trkpt lat="42.942982" lon="1.746491">
        <ele>790.41</ele>
      </trkpt>
      <trkpt lat="42.942884" lon="1.746292">
        <ele>784.39</ele>
      </trkpt>
      <trkpt lat="42.942929" lon="1.745941">
        <ele>785.96</ele>
      </trkpt>
      <trkpt lat="42.94279" lon="1.745615">
        <ele>777.44</ele>
      </trkpt>
      <trkpt lat="42.942802" lon="1.745406">
        <ele>777.57</ele>
      </trkpt>
      <trkpt lat="42.942876" lon="1.745073">
        <ele>779.73</ele>
      </trkpt>
      <trkpt lat="42.942988" lon="1.744675">
        <ele>783.18</ele>
      </trkpt>
      <trkpt lat="42.9436" lon="1.742903">
        <ele>797.98</ele>
      </trkpt>
      <trkpt lat="42.943733" lon="1.742299">
        <ele>797.12</ele>
      </trkpt>
      <trkpt lat="42.943918" lon="1.741082">
        <ele>790.8</ele>
      </trkpt>
      <trkpt lat="42.944065" lon="1.74062">
        <ele>792.76</ele>
      </trkpt>
      <trkpt lat="42.944171" lon="1.739863">
        <ele>787.69</ele>
      </trkpt>
      <trkpt lat="42.944443" lon="1.739199">
        <ele>788.8</ele>
      </trkpt>
      <trkpt lat="42.944517" lon="1.738944">
        <ele>788.2</ele>
      </trkpt>
      <trkpt lat="42.944699" lon="1.738695">
        <ele>790.24</ele>
      </trkpt>
      <trkpt lat="42.944803" lon="1.738404">
        <ele>787.51</ele>
      </trkpt>
      <trkpt lat="42.944992" lon="1.737783">
        <ele>782.13</ele>
      </trkpt>
      <trkpt lat="42.945216" lon="1.737387">
        <ele>780.32</ele>
      </trkpt>
      <trkpt lat="42.945301" lon="1.737237">
        <ele>779.63</ele>
      </trkpt>
      <trkpt lat="42.945412" lon="1.736758">
        <ele>775.74</ele>
      </trkpt>
      <trkpt lat="42.945534" lon="1.736379">
        <ele>772.24</ele>
      </trkpt>
      <trkpt lat="42.945358" lon="1.736336">
        <ele>768.37</ele>
      </trkpt>
      <trkpt lat="42.945304" lon="1.735776">
        <ele>757.58</ele>
      </trkpt>
      <trkpt lat="42.945374" lon="1.735248">
        <ele>749.76</ele>
      </trkpt>
      <trkpt lat="42.945116" lon="1.735166">
        <ele>740.25</ele>
      </trkpt>
      <trkpt lat="42.94514" lon="1.734968">
        <ele>736.31</ele>
      </trkpt>
      <trkpt lat="42.945154" lon="1.734853">
        <ele>734.01</ele>
      </trkpt>
      <trkpt lat="42.945319" lon="1.734231">
        <ele>725.44</ele>
      </trkpt>
      <trkpt lat="42.945319" lon="1.73393">
        <ele>717.77</ele>
      </trkpt>
      <trkpt lat="42.945374" lon="1.733651">
        <ele>713.53</ele>
      </trkpt>
      <trkpt lat="42.945531" lon="1.732965">
        <ele>702.26</ele>
      </trkpt>
      <trkpt lat="42.945688" lon="1.73216">
        <ele>692.01</ele>
      </trkpt>
      <trkpt lat="42.945759" lon="1.731387">
        <ele>677.16</ele>
      </trkpt>
      <trkpt lat="42.945955" lon="1.731184">
        <ele>682.04</ele>
      </trkpt>
      <trkpt lat="42.94601" lon="1.730958">
        <ele>679.84</ele>
      </trkpt>
      <trkpt lat="42.94601" lon="1.73084">
        <ele>677.46</ele>
      </trkpt>
      <trkpt lat="42.946057" lon="1.730508">
        <ele>672.97</ele>
      </trkpt>
      <trkpt lat="42.946144" lon="1.729585">
        <ele>663.98</ele>
      </trkpt>
      <trkpt lat="42.946161" lon="1.728832">
        <ele>655.13</ele>
      </trkpt>
      <trkpt lat="42.946167" lon="1.728598">
        <ele>652.38</ele>
      </trkpt>
      <trkpt lat="42.946371" lon="1.727729">
        <ele>646.87</ele>
      </trkpt>
      <trkpt lat="42.946293" lon="1.727278">
        <ele>641.08</ele>
      </trkpt>
      <trkpt lat="42.946199" lon="1.726602">
        <ele>634.48</ele>
      </trkpt>
      <trkpt lat="42.946089" lon="1.726216">
        <ele>629.31</ele>
      </trkpt>
      <trkpt lat="42.945916" lon="1.726068">
        <ele>623.99</ele>
      </trkpt>
      <trkpt lat="42.945825" lon="1.726016">
        <ele>621.42</ele>
      </trkpt>
      <trkpt lat="42.945865" lon="1.725882">
        <ele>621.9</ele>
      </trkpt>
      <trkpt lat="42.945926" lon="1.725512">
        <ele>621.88</ele>
      </trkpt>
      <trkpt lat="42.945936" lon="1.725379">
        <ele>621.97</ele>
      </trkpt>
      <trkpt lat="42.94596" lon="1.725058">
        <ele>622.19</ele>
      </trkpt>
      <trkpt lat="42.945947" lon="1.724942">
        <ele>622.12</ele>
      </trkpt>
      <trkpt lat="42.945924" lon="1.724863">
        <ele>621.68</ele>
      </trkpt>
      <trkpt lat="42.945865" lon="1.724729">
        <ele>620.37</ele>
      </trkpt>
      <trkpt lat="42.945827" lon="1.724663">
        <ele>619.43</ele>
      </trkpt>
      <trkpt lat="42.945801" lon="1.724465">
        <ele>618.93</ele>
      </trkpt>
      <trkpt lat="42.9458" lon="1.724289">
        <ele>618.7</ele>
      </trkpt>
      <trkpt lat="42.945812" lon="1.724127">
        <ele>618.88</ele>
      </trkpt>
      <trkpt lat="42.945841" lon="1.723956">
        <ele>619.69</ele>
      </trkpt>
      <trkpt lat="42.945872" lon="1.723836">
        <ele>620.71</ele>
      </trkpt>
      <trkpt lat="42.945919" lon="1.723714">
        <ele>622.42</ele>
      </trkpt>
      <trkpt lat="42.946028" lon="1.723535">
        <ele>626.91</ele>
      </trkpt>
      <trkpt lat="42.946052" lon="1.723456">
        <ele>628.13</ele>
      </trkpt>
      <trkpt lat="42.946047" lon="1.723087">
        <ele>629.27</ele>
      </trkpt>
      <trkpt lat="42.946065" lon="1.722967">
        <ele>630.53</ele>
      </trkpt>
      <trkpt lat="42.946096" lon="1.722873">
        <ele>632.38</ele>
      </trkpt>
      <trkpt lat="42.946256" lon="1.722611">
        <ele>640.2</ele>
      </trkpt>
      <trkpt lat="42.946338" lon="1.722413">
        <ele>643.6</ele>
      </trkpt>
      <trkpt lat="42.946413" lon="1.722287">
        <ele>646.22</ele>
      </trkpt>
      <trkpt lat="42.94654" lon="1.722075">
        <ele>650.65</ele>
      </trkpt>
      <trkpt lat="42.946709" lon="1.72182">
        <ele>656.17</ele>
      </trkpt>
      <trkpt lat="42.946903" lon="1.721471">
        <ele>661.47</ele>
      </trkpt>
      <trkpt lat="42.947086" lon="1.721187">
        <ele>667.32</ele>
      </trkpt>
      <trkpt lat="42.947154" lon="1.721101">
        <ele>669.6</ele>
      </trkpt>
      <trkpt lat="42.947234" lon="1.721044">
        <ele>669.8</ele>
      </trkpt>
      <trkpt lat="42.947725" lon="1.720793">
        <ele>670.99</ele>
      </trkpt>
      <trkpt lat="42.947816" lon="1.720704">
        <ele>670.53</ele>
      </trkpt>
      <trkpt lat="42.94795" lon="1.720526">
        <ele>669.12</ele>
      </trkpt>
      <trkpt lat="42.948042" lon="1.720423">
        <ele>668.78</ele>
      </trkpt>
      <trkpt lat="42.948125" lon="1.720354">
        <ele>669.02</ele>
      </trkpt>
      <trkpt lat="42.948333" lon="1.720224">
        <ele>669.88</ele>
      </trkpt>
      <trkpt lat="42.948444" lon="1.720184">
        <ele>670.68</ele>
      </trkpt>
      <trkpt lat="42.948489" lon="1.720134">
        <ele>670.35</ele>
      </trkpt>
      <trkpt lat="42.948576" lon="1.719994">
        <ele>668.68</ele>
      </trkpt>
      <trkpt lat="42.948704" lon="1.719738">
        <ele>664.61</ele>
      </trkpt>
      <trkpt lat="42.948821" lon="1.719628">
        <ele>662.95</ele>
      </trkpt>
      <trkpt lat="42.948918" lon="1.719507">
        <ele>664.2</ele>
      </trkpt>
      <trkpt lat="42.948966" lon="1.719442">
        <ele>664.78</ele>
      </trkpt>
      <trkpt lat="42.949155" lon="1.719134">
        <ele>667.35</ele>
      </trkpt>
      <trkpt lat="42.949237" lon="1.718964">
        <ele>667.26</ele>
      </trkpt>
      <trkpt lat="42.949378" lon="1.718644">
        <ele>665.41</ele>
      </trkpt>
      <trkpt lat="42.949428" lon="1.718556">
        <ele>665.57</ele>
      </trkpt>
      <trkpt lat="42.949475" lon="1.718493">
        <ele>666.12</ele>
      </trkpt>
      <trkpt lat="42.949537" lon="1.718433">
        <ele>667.12</ele>
      </trkpt>
      <trkpt lat="42.949613" lon="1.718372">
        <ele>668.46</ele>
      </trkpt>
      <trkpt lat="42.949733" lon="1.718307">
        <ele>673.1</ele>
      </trkpt>
      <trkpt lat="42.949785" lon="1.718256">
        <ele>675.41</ele>
      </trkpt>
      <trkpt lat="42.949809" lon="1.718007">
        <ele>673.61</ele>
      </trkpt>
      <trkpt lat="42.94982" lon="1.717345">
        <ele>667.89</ele>
      </trkpt>
      <trkpt lat="42.949852" lon="1.717128">
        <ele>667.93</ele>
      </trkpt>
      <trkpt lat="42.949897" lon="1.716962">
        <ele>668.97</ele>
      </trkpt>
      <trkpt lat="42.949975" lon="1.716759">
        <ele>671.39</ele>
      </trkpt>
      <trkpt lat="42.950216" lon="1.716211">
        <ele>679.27</ele>
      </trkpt>
      <trkpt lat="42.950301" lon="1.715963">
        <ele>681.43</ele>
      </trkpt>
      <trkpt lat="42.950483" lon="1.715359">
        <ele>684.37</ele>
      </trkpt>
      <trkpt lat="42.950508" lon="1.715307">
        <ele>685.07</ele>
      </trkpt>
      <trkpt lat="42.950739" lon="1.714953">
        <ele>695.59</ele>
      </trkpt>
      <trkpt lat="42.950917" lon="1.714723">
        <ele>702.48</ele>
      </trkpt>
      <trkpt lat="42.951212" lon="1.714244">
        <ele>710.72</ele>
      </trkpt>
      <trkpt lat="42.951385" lon="1.714025">
        <ele>715.56</ele>
      </trkpt>
      <trkpt lat="42.951446" lon="1.713967">
        <ele>717.28</ele>
      </trkpt>
      <trkpt lat="42.951487" lon="1.713884">
        <ele>718.06</ele>
      </trkpt>
      <trkpt lat="42.951544" lon="1.713629">
        <ele>717.95</ele>
      </trkpt>
      <trkpt lat="42.951661" lon="1.713378">
        <ele>720.77</ele>
      </trkpt>
      <trkpt lat="42.951701" lon="1.713255">
        <ele>721.54</ele>
      </trkpt>
      <trkpt lat="42.951781" lon="1.713083">
        <ele>723.53</ele>
      </trkpt>
      <trkpt lat="42.952052" lon="1.712808">
        <ele>732.13</ele>
      </trkpt>
      <trkpt lat="42.952138" lon="1.712755">
        <ele>734.14</ele>
      </trkpt>
      <trkpt lat="42.95225" lon="1.712686">
        <ele>736.75</ele>
      </trkpt>
      <trkpt lat="42.952517" lon="1.712406">
        <ele>739.12</ele>
      </trkpt>
      <trkpt lat="42.952651" lon="1.712297">
        <ele>740.78</ele>
      </trkpt>
      <trkpt lat="42.952756" lon="1.712179">
        <ele>741.58</ele>
      </trkpt>
      <trkpt lat="42.952852" lon="1.712099">
        <ele>742.76</ele>
      </trkpt>
      <trkpt lat="42.952941" lon="1.712043">
        <ele>744.13</ele>
      </trkpt>
      <trkpt lat="42.953146" lon="1.711947">
        <ele>747.67</ele>
      </trkpt>
      <trkpt lat="42.953169" lon="1.711912">
        <ele>748.1</ele>
      </trkpt>
      <trkpt lat="42.953187" lon="1.711847">
        <ele>748.34</ele>
      </trkpt>
      <trkpt lat="42.953167" lon="1.71096">
        <ele>745.18</ele>
      </trkpt>
      <trkpt lat="42.953191" lon="1.710288">
        <ele>745.65</ele>
      </trkpt>
      <trkpt lat="42.953228" lon="1.709745">
        <ele>749.77</ele>
      </trkpt>
      <trkpt lat="42.953268" lon="1.709499">
        <ele>752.06</ele>
      </trkpt>
      <trkpt lat="42.953354" lon="1.7091">
        <ele>755.83</ele>
      </trkpt>
      <trkpt lat="42.953379" lon="1.708711">
        <ele>757.49</ele>
      </trkpt>
      <trkpt lat="42.9534" lon="1.708545">
        <ele>758.21</ele>
      </trkpt>
      <trkpt lat="42.953428" lon="1.708429">
        <ele>758.76</ele>
      </trkpt>
      <trkpt lat="42.953477" lon="1.708272">
        <ele>759.4</ele>
      </trkpt>
      <trkpt lat="42.953543" lon="1.708114">
        <ele>759.81</ele>
      </trkpt>
      <trkpt lat="42.953692" lon="1.707699">
        <ele>760.41</ele>
      </trkpt>
      <trkpt lat="42.953758" lon="1.707534">
        <ele>761.5</ele>
      </trkpt>
      <trkpt lat="42.953745" lon="1.707444">
        <ele>762.36</ele>
      </trkpt>
      <trkpt lat="42.953704" lon="1.707329">
        <ele>763.65</ele>
      </trkpt>
      <trkpt lat="42.953581" lon="1.707158">
        <ele>766.1</ele>
      </trkpt>
      <trkpt lat="42.953596" lon="1.706899">
        <ele>768.14</ele>
      </trkpt>
      <trkpt lat="42.953749" lon="1.706494">
        <ele>768</ele>
      </trkpt>
      <trkpt lat="42.953904" lon="1.706247">
        <ele>769.15</ele>
      </trkpt>
      <trkpt lat="42.95394" lon="1.706106">
        <ele>770.1</ele>
      </trkpt>
      <trkpt lat="42.954038" lon="1.705874">
        <ele>772.24</ele>
      </trkpt>
      <trkpt lat="42.954116" lon="1.70563">
        <ele>773.53</ele>
      </trkpt>
      <trkpt lat="42.954182" lon="1.705478">
        <ele>774.2</ele>
      </trkpt>
      <trkpt lat="42.954245" lon="1.705374">
        <ele>774.63</ele>
      </trkpt>
      <trkpt lat="42.954129" lon="1.705271">
        <ele>773.89</ele>
      </trkpt>
      <trkpt lat="42.953973" lon="1.705178">
        <ele>773.62</ele>
      </trkpt>
      <trkpt lat="42.953753" lon="1.705125">
        <ele>775.3</ele>
      </trkpt>
      <trkpt lat="42.953483" lon="1.705086">
        <ele>782.98</ele>
      </trkpt>
      <trkpt lat="42.953437" lon="1.705098">
        <ele>784.1</ele>
      </trkpt>
      <trkpt lat="42.953289" lon="1.705205">
        <ele>786.6</ele>
      </trkpt>
      <trkpt lat="42.953211" lon="1.705286">
        <ele>787.46</ele>
      </trkpt>
      <trkpt lat="42.9531" lon="1.705351">
        <ele>789.33</ele>
      </trkpt>
      <trkpt lat="42.953053" lon="1.70535">
        <ele>790.48</ele>
      </trkpt>
      <trkpt lat="42.953009" lon="1.705322">
        <ele>791.99</ele>
      </trkpt>
      <trkpt lat="42.952978" lon="1.70525">
        <ele>793.82</ele>
      </trkpt>
      <trkpt lat="42.952973" lon="1.705138">
        <ele>795.83</ele>
      </trkpt>
      <trkpt lat="42.952985" lon="1.705018">
        <ele>797.61</ele>
      </trkpt>
      <trkpt lat="42.953074" lon="1.704448">
        <ele>804.31</ele>
      </trkpt>
      <trkpt lat="42.953066" lon="1.704417">
        <ele>805.17</ele>
      </trkpt>
      <trkpt lat="42.953047" lon="1.704406">
        <ele>806.06</ele>
      </trkpt>
      <trkpt lat="42.953021" lon="1.704412">
        <ele>806.82</ele>
      </trkpt>
      <trkpt lat="42.952995" lon="1.704446">
        <ele>807.01</ele>
      </trkpt>
      <trkpt lat="42.952905" lon="1.704664">
        <ele>805.75</ele>
      </trkpt>
      <trkpt lat="42.952752" lon="1.704959">
        <ele>803.74</ele>
      </trkpt>
      <trkpt lat="42.952661" lon="1.705154">
        <ele>801.43</ele>
      </trkpt>
      <trkpt lat="42.952611" lon="1.705237">
        <ele>800.48</ele>
      </trkpt>
      <trkpt lat="42.952505" lon="1.705319">
        <ele>800.68</ele>
      </trkpt>
      <trkpt lat="42.952354" lon="1.705407">
        <ele>801.69</ele>
      </trkpt>
      <trkpt lat="42.95225" lon="1.705442">
        <ele>802.84</ele>
      </trkpt>
      <trkpt lat="42.952091" lon="1.705595">
        <ele>803.67</ele>
      </trkpt>
      <trkpt lat="42.952047" lon="1.705711">
        <ele>803.07</ele>
      </trkpt>
      <trkpt lat="42.952002" lon="1.705982">
        <ele>800.18</ele>
      </trkpt>
      <trkpt lat="42.952023" lon="1.706461">
        <ele>793.68</ele>
      </trkpt>
      <trkpt lat="42.95186" lon="1.706642">
        <ele>797.01</ele>
      </trkpt>
      <trkpt lat="42.95173" lon="1.706848">
        <ele>799.01</ele>
      </trkpt>
      <trkpt lat="42.951386" lon="1.707283">
        <ele>803.12</ele>
      </trkpt>
      <trkpt lat="42.951179" lon="1.707593">
        <ele>803.93</ele>
      </trkpt>
      <trkpt lat="42.951033" lon="1.707784">
        <ele>805.14</ele>
      </trkpt>
      <trkpt lat="42.95095" lon="1.707925">
        <ele>804.8</ele>
      </trkpt>
      <trkpt lat="42.950882" lon="1.70809">
        <ele>803.4</ele>
      </trkpt>
      <trkpt lat="42.950827" lon="1.708265">
        <ele>801.28</ele>
      </trkpt>
      <trkpt lat="42.950663" lon="1.708689">
        <ele>796.78</ele>
      </trkpt>
      <trkpt lat="42.950431" lon="1.709087">
        <ele>794.63</ele>
      </trkpt>
      <trkpt lat="42.950189" lon="1.709411">
        <ele>792.65</ele>
      </trkpt>
      <trkpt lat="42.949994" lon="1.70969">
        <ele>790.48</ele>
      </trkpt>
      <trkpt lat="42.949611" lon="1.71015">
        <ele>785.92</ele>
      </trkpt>
      <trkpt lat="42.949544" lon="1.710206">
        <ele>784.34</ele>
      </trkpt>
      <trkpt lat="42.949473" lon="1.710244">
        <ele>783.1</ele>
      </trkpt>
      <trkpt lat="42.94927" lon="1.710315">
        <ele>779.93</ele>
      </trkpt>
      <trkpt lat="42.949148" lon="1.710333">
        <ele>778.58</ele>
      </trkpt>
      <trkpt lat="42.94926" lon="1.710223">
        <ele>782.73</ele>
      </trkpt>
      <trkpt lat="42.949375" lon="1.71006">
        <ele>787.32</ele>
      </trkpt>
      <trkpt lat="42.949452" lon="1.709844">
        <ele>792.85</ele>
      </trkpt>
      <trkpt lat="42.949485" lon="1.709396">
        <ele>803.72</ele>
      </trkpt>
      <trkpt lat="42.949706" lon="1.708778">
        <ele>815.59</ele>
      </trkpt>
      <trkpt lat="42.949712" lon="1.708619">
        <ele>818.89</ele>
      </trkpt>
      <trkpt lat="42.949673" lon="1.708535">
        <ele>821.2</ele>
      </trkpt>
      <trkpt lat="42.949591" lon="1.708438">
        <ele>824</ele>
      </trkpt>
      <trkpt lat="42.949256" lon="1.708463">
        <ele>827.32</ele>
      </trkpt>
      <trkpt lat="42.949185" lon="1.708402">
        <ele>829.3</ele>
      </trkpt>
      <trkpt lat="42.948841" lon="1.707894">
        <ele>843.57</ele>
      </trkpt>
      <trkpt lat="42.948696" lon="1.707601">
        <ele>849.49</ele>
      </trkpt>
      <trkpt lat="42.948663" lon="1.707506">
        <ele>850.91</ele>
      </trkpt>
      <trkpt lat="42.948615" lon="1.707317">
        <ele>853.48</ele>
      </trkpt>
      <trkpt lat="42.948513" lon="1.707086">
        <ele>856.64</ele>
      </trkpt>
      <trkpt lat="42.948397" lon="1.706939">
        <ele>858.59</ele>
      </trkpt>
      <trkpt lat="42.948368" lon="1.706769">
        <ele>859.34</ele>
      </trkpt>
      <trkpt lat="42.94845" lon="1.706562">
        <ele>860.19</ele>
      </trkpt>
      <trkpt lat="42.948511" lon="1.706389">
        <ele>861.07</ele>
      </trkpt>
      <trkpt lat="42.94854" lon="1.70582">
        <ele>864.55</ele>
      </trkpt>
      <trkpt lat="42.948603" lon="1.705601">
        <ele>866.08</ele>
      </trkpt>
      <trkpt lat="42.948941" lon="1.70496">
        <ele>873.93</ele>
      </trkpt>
      <trkpt lat="42.949126" lon="1.7047">
        <ele>878.07</ele>
      </trkpt>
      <trkpt lat="42.94928" lon="1.704501">
        <ele>880.66</ele>
      </trkpt>
      <trkpt lat="42.949463" lon="1.704316">
        <ele>883.34</ele>
      </trkpt>
      <trkpt lat="42.949564" lon="1.704112">
        <ele>886.5</ele>
      </trkpt>
      <trkpt lat="42.949626" lon="1.703884">
        <ele>889.9</ele>
      </trkpt>
      <trkpt lat="42.94972" lon="1.703391">
        <ele>896.32</ele>
      </trkpt>
      <trkpt lat="42.950036" lon="1.702669">
        <ele>900.7</ele>
      </trkpt>
      <trkpt lat="42.95027" lon="1.702605">
        <ele>897.23</ele>
      </trkpt>
      <trkpt lat="42.950521" lon="1.702503">
        <ele>894.65</ele>
      </trkpt>
      <trkpt lat="42.950743" lon="1.702253">
        <ele>898.75</ele>
      </trkpt>
      <trkpt lat="42.950929" lon="1.701876">
        <ele>905.44</ele>
      </trkpt>
      <trkpt lat="42.95115" lon="1.701226">
        <ele>919.71</ele>
      </trkpt>
      <trkpt lat="42.951441" lon="1.700623">
        <ele>923.5</ele>
      </trkpt>
      <trkpt lat="42.951519" lon="1.700468">
        <ele>923.44</ele>
      </trkpt>
      <trkpt lat="42.951844" lon="1.700139">
        <ele>915.74</ele>
      </trkpt>
      <trkpt lat="42.951905" lon="1.699832">
        <ele>913.43</ele>
      </trkpt>
      <trkpt lat="42.951863" lon="1.699479">
        <ele>914.72</ele>
      </trkpt>
      <trkpt lat="42.9517" lon="1.69892">
        <ele>919.62</ele>
      </trkpt>
      <trkpt lat="42.95161" lon="1.698621">
        <ele>922.39</ele>
      </trkpt>
      <trkpt lat="42.951512" lon="1.698225">
        <ele>926.48</ele>
      </trkpt>
      <trkpt lat="42.951513" lon="1.697972">
        <ele>926.53</ele>
      </trkpt>
      <trkpt lat="42.951576" lon="1.69754">
        <ele>927.39</ele>
      </trkpt>
      <trkpt lat="42.951762" lon="1.697312">
        <ele>923.21</ele>
      </trkpt>
      <trkpt lat="42.95201" lon="1.697217">
        <ele>914.91</ele>
      </trkpt>
      <trkpt lat="42.952118" lon="1.697031">
        <ele>913.39</ele>
      </trkpt>
      <trkpt lat="42.952212" lon="1.696754">
        <ele>914.27</ele>
      </trkpt>
      <trkpt lat="42.952377" lon="1.695937">
        <ele>919.14</ele>
      </trkpt>
      <trkpt lat="42.952392" lon="1.695765">
        <ele>919.8</ele>
      </trkpt>
      <trkpt lat="42.952416" lon="1.695679">
        <ele>919.46</ele>
      </trkpt>
      <trkpt lat="42.952411" lon="1.695383">
        <ele>921.71</ele>
      </trkpt>
      <trkpt lat="42.952339" lon="1.695049">
        <ele>926.19</ele>
      </trkpt>
      <trkpt lat="42.952167" lon="1.694668">
        <ele>935.56</ele>
      </trkpt>
      <trkpt lat="42.952074" lon="1.694361">
        <ele>940.75</ele>
      </trkpt>
      <trkpt lat="42.95207" lon="1.694202">
        <ele>941.72</ele>
      </trkpt>
      <trkpt lat="42.952058" lon="1.693618">
        <ele>945.28</ele>
      </trkpt>
      <trkpt lat="42.952092" lon="1.693203">
        <ele>942.9</ele>
      </trkpt>
      <trkpt lat="42.952175" lon="1.692547">
        <ele>937.73</ele>
      </trkpt>
      <trkpt lat="42.952345" lon="1.691768">
        <ele>927.87</ele>
      </trkpt>
      <trkpt lat="42.952258" lon="1.691377">
        <ele>923.94</ele>
      </trkpt>
      <trkpt lat="42.952091" lon="1.691449">
        <ele>922.79</ele>
      </trkpt>
      <trkpt lat="42.951885" lon="1.691511">
        <ele>920.72</ele>
      </trkpt>
      <trkpt lat="42.951825" lon="1.691678">
        <ele>922.58</ele>
      </trkpt>
      <trkpt lat="42.951549" lon="1.691645">
        <ele>918.24</ele>
      </trkpt>
      <trkpt lat="42.951186" lon="1.691649">
        <ele>915.17</ele>
      </trkpt>
      <trkpt lat="42.950929" lon="1.691691">
        <ele>915.65</ele>
      </trkpt>
      <trkpt lat="42.950235" lon="1.69164">
        <ele>913.93</ele>
      </trkpt>
      <trkpt lat="42.950123" lon="1.691711">
        <ele>914.43</ele>
      </trkpt>
      <trkpt lat="42.949963" lon="1.691797">
        <ele>914.98</ele>
      </trkpt>
      <trkpt lat="42.949851" lon="1.691707">
        <ele>913.63</ele>
      </trkpt>
      <trkpt lat="42.949744" lon="1.691541">
        <ele>911.27</ele>
      </trkpt>
      <trkpt lat="42.949648" lon="1.691392">
        <ele>909.15</ele>
      </trkpt>
      <trkpt lat="42.949564" lon="1.691387">
        <ele>907.71</ele>
      </trkpt>
      <trkpt lat="42.949452" lon="1.691415">
        <ele>906.23</ele>
      </trkpt>
      <trkpt lat="42.94941" lon="1.691344">
        <ele>904.66</ele>
      </trkpt>
      <trkpt lat="42.949267" lon="1.691387">
        <ele>902.84</ele>
      </trkpt>
      <trkpt lat="42.94918" lon="1.691239">
        <ele>899.53</ele>
      </trkpt>
      <trkpt lat="42.94911" lon="1.690795">
        <ele>896.3</ele>
      </trkpt>
      <trkpt lat="42.949033" lon="1.690728">
        <ele>894.56</ele>
      </trkpt>
      <trkpt lat="42.948872" lon="1.690685">
        <ele>890.96</ele>
      </trkpt>
      <trkpt lat="42.948757" lon="1.690685">
        <ele>885.64</ele>
      </trkpt>
      <trkpt lat="42.948697" lon="1.690589">
        <ele>881.35</ele>
      </trkpt>
      <trkpt lat="42.948589" lon="1.690499">
        <ele>873.85</ele>
      </trkpt>
      <trkpt lat="42.948526" lon="1.690365">
        <ele>868.87</ele>
      </trkpt>
      <trkpt lat="42.948442" lon="1.690322">
        <ele>863.06</ele>
      </trkpt>
      <trkpt lat="42.948407" lon="1.690203">
        <ele>860.35</ele>
      </trkpt>
      <trkpt lat="42.948383" lon="1.689969">
        <ele>858.44</ele>
      </trkpt>
      <trkpt lat="42.948428" lon="1.689639">
        <ele>861.1</ele>
      </trkpt>
      <trkpt lat="42.94833" lon="1.689424">
        <ele>854.23</ele>
      </trkpt>
      <trkpt lat="42.948386" lon="1.689276">
        <ele>858.09</ele>
      </trkpt>
      <trkpt lat="42.948369" lon="1.688976">
        <ele>857.19</ele>
      </trkpt>
      <trkpt lat="42.94833" lon="1.688603">
        <ele>855.34</ele>
      </trkpt>
      <trkpt lat="42.948411" lon="1.68833">
        <ele>855.72</ele>
      </trkpt>
      <trkpt lat="42.948383" lon="1.688065">
        <ele>850.71</ele>
      </trkpt>
      <trkpt lat="42.948414" lon="1.687935">
        <ele>850.4</ele>
      </trkpt>
      <trkpt lat="42.948498" lon="1.687758">
        <ele>851.48</ele>
      </trkpt>
      <trkpt lat="42.948512" lon="1.687295">
        <ele>839.76</ele>
      </trkpt>
      <trkpt lat="42.948642" lon="1.686626">
        <ele>833.37</ele>
      </trkpt>
      <trkpt lat="42.948637" lon="1.686418">
        <ele>830.58</ele>
      </trkpt>
      <trkpt lat="42.948681" lon="1.686144">
        <ele>829.17</ele>
      </trkpt>
      <trkpt lat="42.948731" lon="1.685866">
        <ele>829.6</ele>
      </trkpt>
      <trkpt lat="42.948792" lon="1.685657">
        <ele>830.57</ele>
      </trkpt>
      <trkpt lat="42.948795" lon="1.685385">
        <ele>828.88</ele>
      </trkpt>
      <trkpt lat="42.948753" lon="1.685051">
        <ele>830.02</ele>
      </trkpt>
      <trkpt lat="42.948946" lon="1.684578">
        <ele>839.22</ele>
      </trkpt>
      <trkpt lat="42.94911" lon="1.684378">
        <ele>843.81</ele>
      </trkpt>
      <trkpt lat="42.949295" lon="1.684062">
        <ele>851.27</ele>
      </trkpt>
      <trkpt lat="42.949459" lon="1.683709">
        <ele>857.59</ele>
      </trkpt>
      <trkpt lat="42.949655" lon="1.683236">
        <ele>864.9</ele>
      </trkpt>
      <trkpt lat="42.949874" lon="1.682794">
        <ele>869.48</ele>
      </trkpt>
      <trkpt lat="42.950045" lon="1.682475">
        <ele>872.03</ele>
      </trkpt>
      <trkpt lat="42.95015" lon="1.6823">
        <ele>873.36</ele>
      </trkpt>
      <trkpt lat="42.950402" lon="1.682224">
        <ele>871.91</ele>
      </trkpt>
      <trkpt lat="42.950682" lon="1.682434">
        <ele>866.46</ele>
      </trkpt>
      <trkpt lat="42.950973" lon="1.682472">
        <ele>864.02</ele>
      </trkpt>
      <trkpt lat="42.951011" lon="1.682441">
        <ele>863.83</ele>
      </trkpt>
      <trkpt lat="42.951034" lon="1.682371">
        <ele>863.78</ele>
      </trkpt>
      <trkpt lat="42.951088" lon="1.682334">
        <ele>863.3</ele>
      </trkpt>
      <trkpt lat="42.951165" lon="1.682335">
        <ele>862.5</ele>
      </trkpt>
      <trkpt lat="42.951216" lon="1.682298">
        <ele>861.89</ele>
      </trkpt>
      <trkpt lat="42.951247" lon="1.682231">
        <ele>861.35</ele>
      </trkpt>
      <trkpt lat="42.951521" lon="1.68188">
        <ele>856.95</ele>
      </trkpt>
      <trkpt lat="42.951801" lon="1.681575">
        <ele>853.48</ele>
      </trkpt>
      <trkpt lat="42.951888" lon="1.681427">
        <ele>852.07</ele>
      </trkpt>
      <trkpt lat="42.951988" lon="1.681233">
        <ele>850.16</ele>
      </trkpt>
      <trkpt lat="42.952054" lon="1.680972">
        <ele>849.69</ele>
      </trkpt>
      <trkpt lat="42.952087" lon="1.680754">
        <ele>850.64</ele>
      </trkpt>
      <trkpt lat="42.95208" lon="1.680663">
        <ele>851.36</ele>
      </trkpt>
      <trkpt lat="42.952122" lon="1.680353">
        <ele>852.93</ele>
      </trkpt>
      <trkpt lat="42.952211" lon="1.680227">
        <ele>852.9</ele>
      </trkpt>
      <trkpt lat="42.952354" lon="1.680066">
        <ele>852.34</ele>
      </trkpt>
      <trkpt lat="42.95254" lon="1.679836">
        <ele>850.71</ele>
      </trkpt>
      <trkpt lat="42.952608" lon="1.679562">
        <ele>850.4</ele>
      </trkpt>
      <trkpt lat="42.952608" lon="1.679235">
        <ele>849.7</ele>
      </trkpt>
      <trkpt lat="42.952407" lon="1.678691">
        <ele>852.43</ele>
      </trkpt>
      <trkpt lat="42.952156" lon="1.677703">
        <ele>852.61</ele>
      </trkpt>
      <trkpt lat="42.952049" lon="1.677374">
        <ele>854.11</ele>
      </trkpt>
      <trkpt lat="42.952021" lon="1.677287">
        <ele>854.5</ele>
      </trkpt>
      <trkpt lat="42.95197" lon="1.676764">
        <ele>853.88</ele>
      </trkpt>
      <trkpt lat="42.95194" lon="1.675999">
        <ele>853.01</ele>
      </trkpt>
      <trkpt lat="42.951836" lon="1.675774">
        <ele>858.6</ele>
      </trkpt>
      <trkpt lat="42.951713" lon="1.675597">
        <ele>865.41</ele>
      </trkpt>
      <trkpt lat="42.951652" lon="1.675371">
        <ele>869.82</ele>
      </trkpt>
      <trkpt lat="42.951626" lon="1.674962">
        <ele>875.88</ele>
      </trkpt>
      <trkpt lat="42.951637" lon="1.6748">
        <ele>877.39</ele>
      </trkpt>
      <trkpt lat="42.951869" lon="1.674609">
        <ele>865.97</ele>
      </trkpt>
      <trkpt lat="42.951952" lon="1.674493">
        <ele>862.15</ele>
      </trkpt>
      <trkpt lat="42.952024" lon="1.674141">
        <ele>863.16</ele>
      </trkpt>
      <trkpt lat="42.952292" lon="1.672951">
        <ele>860.6</ele>
      </trkpt>
      <trkpt lat="42.952376" lon="1.672516">
        <ele>856.5</ele>
      </trkpt>
      <trkpt lat="42.952616" lon="1.671759">
        <ele>844.31</ele>
      </trkpt>
      <trkpt lat="42.95264" lon="1.67152">
        <ele>843.66</ele>
      </trkpt>
      <trkpt lat="42.952581" lon="1.671212">
        <ele>847.06</ele>
      </trkpt>
      <trkpt lat="42.952533" lon="1.67072">
        <ele>849.04</ele>
      </trkpt>
      <trkpt lat="42.952516" lon="1.670439">
        <ele>849.49</ele>
      </trkpt>
      <trkpt lat="42.952465" lon="1.670254">
        <ele>851.84</ele>
      </trkpt>
      <trkpt lat="42.952305" lon="1.669957">
        <ele>861.17</ele>
      </trkpt>
      <trkpt lat="42.952197" lon="1.669612">
        <ele>868.23</ele>
      </trkpt>
      <trkpt lat="42.952227" lon="1.66949">
        <ele>867.6</ele>
      </trkpt>
      <trkpt lat="42.952392" lon="1.669266">
        <ele>861.81</ele>
      </trkpt>
      <trkpt lat="42.952434" lon="1.669156">
        <ele>860.86</ele>
      </trkpt>
      <trkpt lat="42.952487" lon="1.668583">
        <ele>863.6</ele>
      </trkpt>
      <trkpt lat="42.952551" lon="1.668368">
        <ele>862.58</ele>
      </trkpt>
      <trkpt lat="42.952577" lon="1.668065">
        <ele>863.54</ele>
      </trkpt>
      <trkpt lat="42.952566" lon="1.667455">
        <ele>868</ele>
      </trkpt>
      <trkpt lat="42.952538" lon="1.666788">
        <ele>873.65</ele>
      </trkpt>
      <trkpt lat="42.952494" lon="1.666349">
        <ele>878.6</ele>
      </trkpt>
      <trkpt lat="42.952501" lon="1.66609">
        <ele>880.28</ele>
      </trkpt>
      <trkpt lat="42.952573" lon="1.665606">
        <ele>882.54</ele>
      </trkpt>
      <trkpt lat="42.952565" lon="1.665176">
        <ele>888.25</ele>
      </trkpt>
      <trkpt lat="42.952709" lon="1.664883">
        <ele>887.96</ele>
      </trkpt>
      <trkpt lat="42.952709" lon="1.664477">
        <ele>895.26</ele>
      </trkpt>
      <trkpt lat="42.952739" lon="1.664276">
        <ele>897.7</ele>
      </trkpt>
      <trkpt lat="42.952946" lon="1.663265">
        <ele>903.03</ele>
      </trkpt>
      <trkpt lat="42.952976" lon="1.662738">
        <ele>905.95</ele>
      </trkpt>
      <trkpt lat="42.952921" lon="1.662454">
        <ele>909.82</ele>
      </trkpt>
      <trkpt lat="42.952779" lon="1.662133">
        <ele>916.4</ele>
      </trkpt>
      <trkpt lat="42.952777" lon="1.661981">
        <ele>916.87</ele>
      </trkpt>
      <trkpt lat="42.952829" lon="1.661873">
        <ele>916.38</ele>
      </trkpt>
      <trkpt lat="42.952954" lon="1.661703">
        <ele>915.65</ele>
      </trkpt>
      <trkpt lat="42.953039" lon="1.661496">
        <ele>916.15</ele>
      </trkpt>
      <trkpt lat="42.953111" lon="1.661279">
        <ele>916.17</ele>
      </trkpt>
      <trkpt lat="42.953153" lon="1.661152">
        <ele>916.19</ele>
      </trkpt>
      <trkpt lat="42.953205" lon="1.660782">
        <ele>920.13</ele>
      </trkpt>
      <trkpt lat="42.953422" lon="1.659984">
        <ele>922.29</ele>
      </trkpt>
      <trkpt lat="42.953492" lon="1.659827">
        <ele>921.46</ele>
      </trkpt>
      <trkpt lat="42.953713" lon="1.659499">
        <ele>919.2</ele>
      </trkpt>
      <trkpt lat="42.953817" lon="1.65926">
        <ele>919.64</ele>
      </trkpt>
      <trkpt lat="42.953873" lon="1.659042">
        <ele>920.06</ele>
      </trkpt>
      <trkpt lat="42.95396" lon="1.658652">
        <ele>921.42</ele>
      </trkpt>
      <trkpt lat="42.954034" lon="1.658179">
        <ele>919.15</ele>
      </trkpt>
      <trkpt lat="42.9541" lon="1.658041">
        <ele>916.92</ele>
      </trkpt>
      <trkpt lat="42.954086" lon="1.657849">
        <ele>917.77</ele>
      </trkpt>
      <trkpt lat="42.954156" lon="1.657525">
        <ele>916.04</ele>
      </trkpt>
      <trkpt lat="42.954237" lon="1.657272">
        <ele>914.64</ele>
      </trkpt>
      <trkpt lat="42.954303" lon="1.656941">
        <ele>914.56</ele>
      </trkpt>
      <trkpt lat="42.954492" lon="1.656265">
        <ele>915.35</ele>
      </trkpt>
      <trkpt lat="42.954526" lon="1.656066">
        <ele>916.08</ele>
      </trkpt>
      <trkpt lat="42.954629" lon="1.655344">
        <ele>915.02</ele>
      </trkpt>
      <trkpt lat="42.954667" lon="1.654994">
        <ele>915.77</ele>
      </trkpt>
      <trkpt lat="42.954729" lon="1.654598">
        <ele>915.51</ele>
      </trkpt>
      <trkpt lat="42.954799" lon="1.654289">
        <ele>914.08</ele>
      </trkpt>
      <trkpt lat="42.9548" lon="1.654199">
        <ele>913.9</ele>
      </trkpt>
      <trkpt lat="42.954707" lon="1.653934">
        <ele>915.25</ele>
      </trkpt>
      <trkpt lat="42.9547" lon="1.653697">
        <ele>914.67</ele>
      </trkpt>
      <trkpt lat="42.95475" lon="1.653474">
        <ele>912.79</ele>
      </trkpt>
      <trkpt lat="42.954799" lon="1.653352">
        <ele>911.34</ele>
      </trkpt>
      <trkpt lat="42.954891" lon="1.652938">
        <ele>907.73</ele>
      </trkpt>
      <trkpt lat="42.954949" lon="1.652493">
        <ele>903.31</ele>
      </trkpt>
      <trkpt lat="42.955065" lon="1.652106">
        <ele>899.01</ele>
      </trkpt>
      <trkpt lat="42.955061" lon="1.652026">
        <ele>898.28</ele>
      </trkpt>
      <trkpt lat="42.955138" lon="1.651958">
        <ele>897.56</ele>
      </trkpt>
      <trkpt lat="42.955159" lon="1.651705">
        <ele>896.32</ele>
      </trkpt>
      <trkpt lat="42.955246" lon="1.651333">
        <ele>895.05</ele>
      </trkpt>
      <trkpt lat="42.955369" lon="1.651165">
        <ele>895.25</ele>
      </trkpt>
      <trkpt lat="42.955662" lon="1.650575">
        <ele>896.97</ele>
      </trkpt>
      <trkpt lat="42.955734" lon="1.650356">
        <ele>897.33</ele>
      </trkpt>
      <trkpt lat="42.955823" lon="1.650043">
        <ele>900.59</ele>
      </trkpt>
      <trkpt lat="42.955911" lon="1.64986">
        <ele>902.71</ele>
      </trkpt>
      <trkpt lat="42.956157" lon="1.649561">
        <ele>905.42</ele>
      </trkpt>
      <trkpt lat="42.956316" lon="1.649481">
        <ele>905.35</ele>
      </trkpt>
      <trkpt lat="42.956581" lon="1.649461">
        <ele>897.06</ele>
      </trkpt>
      <trkpt lat="42.956665" lon="1.649404">
        <ele>895.09</ele>
      </trkpt>
      <trkpt lat="42.956794" lon="1.64926">
        <ele>892.74</ele>
      </trkpt>
      <trkpt lat="42.956864" lon="1.648993">
        <ele>894.31</ele>
      </trkpt>
      <trkpt lat="42.956941" lon="1.648765">
        <ele>895.42</ele>
      </trkpt>
      <trkpt lat="42.956951" lon="1.648549">
        <ele>897.25</ele>
      </trkpt>
      <trkpt lat="42.956952" lon="1.64831">
        <ele>896.24</ele>
      </trkpt>
      <trkpt lat="42.957008" lon="1.648065">
        <ele>893.99</ele>
      </trkpt>
      <trkpt lat="42.957063" lon="1.647892">
        <ele>892.23</ele>
      </trkpt>
      <trkpt lat="42.957092" lon="1.647712">
        <ele>890.85</ele>
      </trkpt>
      <trkpt lat="42.957139" lon="1.647482">
        <ele>888.54</ele>
      </trkpt>
      <trkpt lat="42.957152" lon="1.647299">
        <ele>887.24</ele>
      </trkpt>
      <trkpt lat="42.957154" lon="1.647268">
        <ele>887.02</ele>
      </trkpt>
      <trkpt lat="42.95728" lon="1.646754">
        <ele>879.6</ele>
      </trkpt>
      <trkpt lat="42.95732" lon="1.646445">
        <ele>875.81</ele>
      </trkpt>
      <trkpt lat="42.957331" lon="1.64599">
        <ele>871.07</ele>
      </trkpt>
      <trkpt lat="42.957364" lon="1.645335">
        <ele>861.63</ele>
      </trkpt>
      <trkpt lat="42.957335" lon="1.645156">
        <ele>859.26</ele>
      </trkpt>
      <trkpt lat="42.957199" lon="1.644976">
        <ele>858.09</ele>
      </trkpt>
      <trkpt lat="42.957025" lon="1.644825">
        <ele>850.32</ele>
      </trkpt>
      <trkpt lat="42.956976" lon="1.644696">
        <ele>845.51</ele>
      </trkpt>
      <trkpt lat="42.956983" lon="1.644443">
        <ele>840.36</ele>
      </trkpt>
      <trkpt lat="42.957057" lon="1.644068">
        <ele>835.84</ele>
      </trkpt>
      <trkpt lat="42.957188" lon="1.643585">
        <ele>830.38</ele>
      </trkpt>
      <trkpt lat="42.957242" lon="1.643454">
        <ele>827.1</ele>
      </trkpt>
      <trkpt lat="42.957277" lon="1.643316">
        <ele>823.77</ele>
      </trkpt>
      <trkpt lat="42.957312" lon="1.643113">
        <ele>819.05</ele>
      </trkpt>
      <trkpt lat="42.957383" lon="1.642945">
        <ele>815.48</ele>
      </trkpt>
      <trkpt lat="42.957503" lon="1.642471">
        <ele>806.56</ele>
      </trkpt>
      <trkpt lat="42.957559" lon="1.642179">
        <ele>801.68</ele>
      </trkpt>
      <trkpt lat="42.957541" lon="1.64194">
        <ele>796.85</ele>
      </trkpt>
      <trkpt lat="42.957496" lon="1.641732">
        <ele>792.76</ele>
      </trkpt>
      <trkpt lat="42.957507" lon="1.641444">
        <ele>788.53</ele>
      </trkpt>
      <trkpt lat="42.957591" lon="1.640954">
        <ele>783.36</ele>
      </trkpt>
      <trkpt lat="42.957491" lon="1.640996">
        <ele>780.61</ele>
      </trkpt>
      <trkpt lat="42.957412" lon="1.640992">
        <ele>777.78</ele>
      </trkpt>
      <trkpt lat="42.957294" lon="1.641">
        <ele>773.84</ele>
      </trkpt>
      <trkpt lat="42.957035" lon="1.641187">
        <ele>766.94</ele>
      </trkpt>
      <trkpt lat="42.956873" lon="1.641407">
        <ele>763.4</ele>
      </trkpt>
      <trkpt lat="42.9565" lon="1.64197">
        <ele>759.07</ele>
      </trkpt>
      <trkpt lat="42.956062" lon="1.642595">
        <ele>749.64</ele>
      </trkpt>
      <trkpt lat="42.955944" lon="1.642847">
        <ele>747.91</ele>
      </trkpt>
      <trkpt lat="42.955892" lon="1.643154">
        <ele>751.57</ele>
      </trkpt>
      <trkpt lat="42.955864" lon="1.643433">
        <ele>756.18</ele>
      </trkpt>
      <trkpt lat="42.955822" lon="1.643608">
        <ele>757.59</ele>
      </trkpt>
      <trkpt lat="42.955748" lon="1.643795">
        <ele>757.85</ele>
      </trkpt>
      <trkpt lat="42.955623" lon="1.64401">
        <ele>755.94</ele>
      </trkpt>
      <trkpt lat="42.955543" lon="1.644129">
        <ele>754.36</ele>
      </trkpt>
      <trkpt lat="42.954915" lon="1.645323">
        <ele>762.75</ele>
      </trkpt>
      <trkpt lat="42.954594" lon="1.645631">
        <ele>762.98</ele>
      </trkpt>
      <trkpt lat="42.954494" lon="1.645686">
        <ele>762.96</ele>
      </trkpt>
      <trkpt lat="42.95421" lon="1.645842">
        <ele>762.87</ele>
      </trkpt>
      <trkpt lat="42.953491" lon="1.645831">
        <ele>738.26</ele>
      </trkpt>
      <trkpt lat="42.953359" lon="1.645943">
        <ele>735.18</ele>
      </trkpt>
      <trkpt lat="42.952971" lon="1.647028">
        <ele>743.14</ele>
      </trkpt>
      <trkpt lat="42.952678" lon="1.647336">
        <ele>743.11</ele>
      </trkpt>
      <trkpt lat="42.952047" lon="1.647512">
        <ele>727.86</ele>
      </trkpt>
      <trkpt lat="42.951753" lon="1.647716">
        <ele>725.13</ele>
      </trkpt>
      <trkpt lat="42.951527" lon="1.648068">
        <ele>720.56</ele>
      </trkpt>
      <trkpt lat="42.951442" lon="1.647874">
        <ele>716.42</ele>
      </trkpt>
      <trkpt lat="42.95143" lon="1.647783">
        <ele>715.68</ele>
      </trkpt>
      <trkpt lat="42.951472" lon="1.647665">
        <ele>714.42</ele>
      </trkpt>
      <trkpt lat="42.951495" lon="1.647571">
        <ele>712.86</ele>
      </trkpt>
      <trkpt lat="42.951474" lon="1.647504">
        <ele>710.56</ele>
      </trkpt>
      <trkpt lat="42.951424" lon="1.64745">
        <ele>707.84</ele>
      </trkpt>
      <trkpt lat="42.95134" lon="1.647405">
        <ele>704.42</ele>
      </trkpt>
      <trkpt lat="42.951236" lon="1.647464">
        <ele>700.52</ele>
      </trkpt>
      <trkpt lat="42.951165" lon="1.647458">
        <ele>696.64</ele>
      </trkpt>
      <trkpt lat="42.951116" lon="1.647394">
        <ele>692.7</ele>
      </trkpt>
      <trkpt lat="42.951091" lon="1.647319">
        <ele>689.83</ele>
      </trkpt>
      <trkpt lat="42.951026" lon="1.647217">
        <ele>684.4</ele>
      </trkpt>
      <trkpt lat="42.950924" lon="1.647102">
        <ele>676.87</ele>
      </trkpt>
      <trkpt lat="42.950896" lon="1.646962">
        <ele>672.78</ele>
      </trkpt>
      <trkpt lat="42.950931" lon="1.646859">
        <ele>672.6</ele>
      </trkpt>
      <trkpt lat="42.950969" lon="1.64678">
        <ele>672.89</ele>
      </trkpt>
      <trkpt lat="42.951051" lon="1.646683">
        <ele>674.6</ele>
      </trkpt>
      <trkpt lat="42.951169" lon="1.646643">
        <ele>678.76</ele>
      </trkpt>
      <trkpt lat="42.951277" lon="1.646565">
        <ele>681.22</ele>
      </trkpt>
      <trkpt lat="42.951438" lon="1.64642">
        <ele>681.09</ele>
      </trkpt>
      <trkpt lat="42.95131" lon="1.646246">
        <ele>673.48</ele>
      </trkpt>
      <trkpt lat="42.95113" lon="1.646038">
        <ele>662.58</ele>
      </trkpt>
      <trkpt lat="42.950972" lon="1.645911">
        <ele>655.58</ele>
      </trkpt>
      <trkpt lat="42.95057" lon="1.645451">
        <ele>641.33</ele>
      </trkpt>
      <trkpt lat="42.95034" lon="1.645216">
        <ele>630.92</ele>
      </trkpt>
      <trkpt lat="42.950102" lon="1.645042">
        <ele>617.77</ele>
      </trkpt>
      <trkpt lat="42.949887" lon="1.644803">
        <ele>606.44</ele>
      </trkpt>
      <trkpt lat="42.949815" lon="1.644884">
        <ele>604.55</ele>
      </trkpt>
      <trkpt lat="42.949746" lon="1.645002">
        <ele>602.88</ele>
      </trkpt>
      <trkpt lat="42.949638" lon="1.645146">
        <ele>599.53</ele>
      </trkpt>
      <trkpt lat="42.949579" lon="1.645415">
        <ele>598.45</ele>
      </trkpt>
      <trkpt lat="42.949557" lon="1.64597">
        <ele>598.84</ele>
      </trkpt>
      <trkpt lat="42.949581" lon="1.646238">
        <ele>600.62</ele>
      </trkpt>
      <trkpt lat="42.949538" lon="1.646399">
        <ele>599.83</ele>
      </trkpt>
      <trkpt lat="42.949381" lon="1.646571">
        <ele>595.49</ele>
      </trkpt>
      <trkpt lat="42.949237" lon="1.646697">
        <ele>591.81</ele>
      </trkpt>
      <trkpt lat="42.949153" lon="1.646816">
        <ele>590.27</ele>
      </trkpt>
      <trkpt lat="42.949097" lon="1.646927">
        <ele>589.7</ele>
      </trkpt>
      <trkpt lat="42.949015" lon="1.646974">
        <ele>588.37</ele>
      </trkpt>
      <trkpt lat="42.948986" lon="1.64699">
        <ele>587.91</ele>
      </trkpt>
      <trkpt lat="42.948918" lon="1.646989">
        <ele>585.91</ele>
      </trkpt>
      <trkpt lat="42.948863" lon="1.646951">
        <ele>583.37</ele>
      </trkpt>
      <trkpt lat="42.948729" lon="1.646803">
        <ele>579.94</ele>
      </trkpt>
      <trkpt lat="42.94865" lon="1.646789">
        <ele>579.54</ele>
      </trkpt>
      <trkpt lat="42.94856" lon="1.646836">
        <ele>580.13</ele>
      </trkpt>
      <trkpt lat="42.948454" lon="1.646917">
        <ele>581.52</ele>
      </trkpt>
      <trkpt lat="42.948379" lon="1.646997">
        <ele>583.41</ele>
      </trkpt>
      <trkpt lat="42.948281" lon="1.647102">
        <ele>586.04</ele>
      </trkpt>
      <trkpt lat="42.948222" lon="1.647147">
        <ele>587.19</ele>
      </trkpt>
      <trkpt lat="42.948158" lon="1.647102">
        <ele>586.04</ele>
      </trkpt>
      <trkpt lat="42.94812" lon="1.647032">
        <ele>584.29</ele>
      </trkpt>
      <trkpt lat="42.948112" lon="1.646882">
        <ele>580.48</ele>
      </trkpt>
      <trkpt lat="42.948167" lon="1.646552">
        <ele>572.44</ele>
      </trkpt>
      <trkpt lat="42.948173" lon="1.646445">
        <ele>569.86</ele>
      </trkpt>
      <trkpt lat="42.94795" lon="1.645884">
        <ele>555.21</ele>
      </trkpt>
      <trkpt lat="42.947849" lon="1.645793">
        <ele>552.44</ele>
      </trkpt>
      <trkpt lat="42.947794" lon="1.645712">
        <ele>550.38</ele>
      </trkpt>
      <trkpt lat="42.947684" lon="1.645664">
        <ele>547.95</ele>
      </trkpt>
      <trkpt lat="42.947494" lon="1.645653">
        <ele>544.86</ele>
      </trkpt>
      <trkpt lat="42.947223" lon="1.645602">
        <ele>539.71</ele>
      </trkpt>
      <trkpt lat="42.946956" lon="1.645565">
        <ele>538.17</ele>
      </trkpt>
      <trkpt lat="42.94672" lon="1.645567">
        <ele>538.51</ele>
      </trkpt>
      <trkpt lat="42.94651" lon="1.645527">
        <ele>537.94</ele>
      </trkpt>
      <trkpt lat="42.946387" lon="1.64546">
        <ele>536.72</ele>
      </trkpt>
      <trkpt lat="42.946212" lon="1.645348">
        <ele>535.83</ele>
      </trkpt>
      <trkpt lat="42.946092" lon="1.645286">
        <ele>536.02</ele>
      </trkpt>
      <trkpt lat="42.945977" lon="1.645195">
        <ele>535.8</ele>
      </trkpt>
      <trkpt lat="42.94591" lon="1.645205">
        <ele>536.78</ele>
      </trkpt>
      <trkpt lat="42.945841" lon="1.645235">
        <ele>538.1</ele>
      </trkpt>
      <trkpt lat="42.945787" lon="1.645221">
        <ele>538.5</ele>
      </trkpt>
      <trkpt lat="42.945501" lon="1.644924">
        <ele>536.16</ele>
      </trkpt>
      <trkpt lat="42.945303" lon="1.644629">
        <ele>528.2</ele>
      </trkpt>
      <trkpt lat="42.945252" lon="1.644524">
        <ele>525.64</ele>
      </trkpt>
      <trkpt lat="42.945179" lon="1.644487">
        <ele>524.08</ele>
      </trkpt>
      <trkpt lat="42.945071" lon="1.644476">
        <ele>522.57</ele>
      </trkpt>
      <trkpt lat="42.944853" lon="1.644495">
        <ele>520.23</ele>
      </trkpt>
      <trkpt lat="42.944643" lon="1.64457">
        <ele>518.9</ele>
      </trkpt>
      <trkpt lat="42.94456" lon="1.644625">
        <ele>519.07</ele>
      </trkpt>
      <trkpt lat="42.944465" lon="1.644688">
        <ele>519.26</ele>
      </trkpt>
      <trkpt lat="42.944298" lon="1.644753">
        <ele>518.8</ele>
      </trkpt>
      <trkpt lat="42.944235" lon="1.644715">
        <ele>517.73</ele>
      </trkpt>
      <trkpt lat="42.944121" lon="1.644602">
        <ele>515.28</ele>
      </trkpt>
      <trkpt lat="42.944077" lon="1.644539">
        <ele>514.1</ele>
      </trkpt>
      <trkpt lat="42.944027" lon="1.644507">
        <ele>513.31</ele>
      </trkpt>
      <trkpt lat="42.943983" lon="1.644497">
        <ele>512.86</ele>
      </trkpt>
      <trkpt lat="42.943945" lon="1.644512">
        <ele>512.77</ele>
      </trkpt>
      <trkpt lat="42.943891" lon="1.644555">
        <ele>512.89</ele>
      </trkpt>
      <trkpt lat="42.943798" lon="1.644598">
        <ele>512.77</ele>
      </trkpt>
      <trkpt lat="42.943591" lon="1.64458">
        <ele>511.7</ele>
      </trkpt>
      <trkpt lat="42.94347" lon="1.644495">
        <ele>510.29</ele>
      </trkpt>
      <trkpt lat="42.943423" lon="1.644478">
        <ele>509.94</ele>
      </trkpt>
      <trkpt lat="42.943318" lon="1.644419">
        <ele>508.92</ele>
      </trkpt>
      <trkpt lat="42.943198" lon="1.644323">
        <ele>507.33</ele>
      </trkpt>
      <trkpt lat="42.943032" lon="1.644218">
        <ele>505.48</ele>
      </trkpt>
      <trkpt lat="42.94289" lon="1.644256">
        <ele>505.44</ele>
      </trkpt>
      <trkpt lat="42.942725" lon="1.64428">
        <ele>505.18</ele>
      </trkpt>
      <trkpt lat="42.942597" lon="1.644269">
        <ele>504.62</ele>
      </trkpt>
      <trkpt lat="42.942521" lon="1.644292">
        <ele>504.63</ele>
      </trkpt>
      <trkpt lat="42.942451" lon="1.644292">
        <ele>504.39</ele>
      </trkpt>
      <trkpt lat="42.942337" lon="1.644241">
        <ele>503.44</ele>
      </trkpt>
      <trkpt lat="42.941489" lon="1.643796">
        <ele>493.3</ele>
      </trkpt>
      <trkpt lat="42.940947" lon="1.643753">
        <ele>488.42</ele>
      </trkpt>
      <trkpt lat="42.940872" lon="1.64373">
        <ele>487.56</ele>
      </trkpt>
      <trkpt lat="42.940776" lon="1.643681">
        <ele>486.3</ele>
      </trkpt>
      <trkpt lat="42.940255" lon="1.643568">
        <ele>483.04</ele>
      </trkpt>
      <trkpt lat="42.940168" lon="1.643541">
        <ele>482.85</ele>
      </trkpt>
      <trkpt lat="42.940127" lon="1.643497">
        <ele>482.31</ele>
      </trkpt>
      <trkpt lat="42.940067" lon="1.643371">
        <ele>480.6</ele>
      </trkpt>
      <trkpt lat="42.940024" lon="1.64334">
        <ele>480.19</ele>
      </trkpt>
      <trkpt lat="42.939983" lon="1.643336">
        <ele>480.17</ele>
      </trkpt>
      <trkpt lat="42.939827" lon="1.643379">
        <ele>480.98</ele>
      </trkpt>
      <trkpt lat="42.939442" lon="1.64351">
        <ele>482.78</ele>
      </trkpt>
      <trkpt lat="42.939366" lon="1.643498">
        <ele>482.4</ele>
      </trkpt>
      <trkpt lat="42.93934" lon="1.643459">
        <ele>481.78</ele>
      </trkpt>
      <trkpt lat="42.939179" lon="1.64293">
        <ele>474.69</ele>
      </trkpt>
      <trkpt lat="42.939071" lon="1.642634">
        <ele>471.99</ele>
      </trkpt>
      <trkpt lat="42.939038" lon="1.642486">
        <ele>470.89</ele>
      </trkpt>
      <trkpt lat="42.939031" lon="1.642203">
        <ele>468.63</ele>
      </trkpt>
      <trkpt lat="42.938961" lon="1.641811">
        <ele>465.77</ele>
      </trkpt>
      <trkpt lat="42.938867" lon="1.641442">
        <ele>463.34</ele>
      </trkpt>
      <trkpt lat="42.938814" lon="1.641343">
        <ele>462.81</ele>
      </trkpt>
      <trkpt lat="42.938673" lon="1.64114">
        <ele>463.19</ele>
      </trkpt>
      <trkpt lat="42.938544" lon="1.640777">
        <ele>463.77</ele>
      </trkpt>
      <trkpt lat="42.938403" lon="1.640557">
        <ele>465.91</ele>
      </trkpt>
      <trkpt lat="42.938308" lon="1.64046">
        <ele>467.76</ele>
      </trkpt>
      <trkpt lat="42.938393" lon="1.640389">
        <ele>465.93</ele>
      </trkpt>
      <trkpt lat="42.938681" lon="1.640104">
        <ele>458.47</ele>
      </trkpt>
      <trkpt lat="42.938771" lon="1.639956">
        <ele>455.68</ele>
      </trkpt>
      <trkpt lat="42.938829" lon="1.639773">
        <ele>453.59</ele>
      </trkpt>
      <trkpt lat="42.938918" lon="1.639343">
        <ele>451.41</ele>
      </trkpt>
      <trkpt lat="42.938985" lon="1.639192">
        <ele>450.66</ele>
      </trkpt>
      <trkpt lat="42.939096" lon="1.639029">
        <ele>449.71</ele>
      </trkpt>
      <trkpt lat="42.939829" lon="1.638157">
        <ele>444.49</ele>
      </trkpt>
      <trkpt lat="42.940052" lon="1.637932">
        <ele>443.96</ele>
      </trkpt>
      <trkpt lat="42.940284" lon="1.637746">
        <ele>443.56</ele>
      </trkpt>
      <trkpt lat="42.94076" lon="1.63742">
        <ele>440.15</ele>
      </trkpt>
      <trkpt lat="42.940902" lon="1.637286">
        <ele>438.8</ele>
      </trkpt>
      <trkpt lat="42.942123" lon="1.635894">
        <ele>433.74</ele>
      </trkpt>
      <trkpt lat="42.942309" lon="1.635635">
        <ele>433.25</ele>
      </trkpt>
      <trkpt lat="42.942498" lon="1.635322">
        <ele>432.65</ele>
      </trkpt>
      <trkpt lat="42.942611" lon="1.635071">
        <ele>432.21</ele>
      </trkpt>
      <trkpt lat="42.942845" lon="1.634445">
        <ele>431.18</ele>
      </trkpt>
      <trkpt lat="42.942946" lon="1.634235">
        <ele>431.04</ele>
      </trkpt>
      <trkpt lat="42.943096" lon="1.634019">
        <ele>431</ele>
      </trkpt>
      <trkpt lat="42.943784" lon="1.633278">
        <ele>429.7</ele>
      </trkpt>
      <trkpt lat="42.944196" lon="1.632839">
        <ele>428.2</ele>
      </trkpt>
      <trkpt lat="42.944589" lon="1.63247">
        <ele>428</ele>
      </trkpt>
      <trkpt lat="42.944643" lon="1.632421">
        <ele>428</ele>
      </trkpt>
      <trkpt lat="42.945024" lon="1.632136">
        <ele>427.33</ele>
      </trkpt>
      <trkpt lat="42.945588" lon="1.63179">
        <ele>425.93</ele>
      </trkpt>
      <trkpt lat="42.94641" lon="1.631333">
        <ele>424.03</ele>
      </trkpt>
      <trkpt lat="42.946822" lon="1.63104">
        <ele>424.03</ele>
      </trkpt>
      <trkpt lat="42.947421" lon="1.63076">
        <ele>423.05</ele>
      </trkpt>
      <trkpt lat="42.947556" lon="1.630711">
        <ele>422.57</ele>
      </trkpt>
      <trkpt lat="42.948066" lon="1.63054">
        <ele>420.91</ele>
      </trkpt>
      <trkpt lat="42.948767" lon="1.630339">
        <ele>420.07</ele>
      </trkpt>
      <trkpt lat="42.949082" lon="1.630221">
        <ele>419.69</ele>
      </trkpt>
      <trkpt lat="42.949285" lon="1.630081">
        <ele>419.45</ele>
      </trkpt>
      <trkpt lat="42.949639" lon="1.62976">
        <ele>419.02</ele>
      </trkpt>
      <trkpt lat="42.950156" lon="1.629234">
        <ele>419.31</ele>
      </trkpt>
      <trkpt lat="42.950694" lon="1.628706">
        <ele>418.49</ele>
      </trkpt>
      <trkpt lat="42.95083" lon="1.628573">
        <ele>418.41</ele>
      </trkpt>
      <trkpt lat="42.951606" lon="1.627935">
        <ele>418.39</ele>
      </trkpt>
      <trkpt lat="42.951721" lon="1.62783">
        <ele>418.08</ele>
      </trkpt>
      <trkpt lat="42.952313" lon="1.627214">
        <ele>417.06</ele>
      </trkpt>
      <trkpt lat="42.953003" lon="1.626522">
        <ele>417.5</ele>
      </trkpt>
      <trkpt lat="42.953249" lon="1.626296">
        <ele>417.23</ele>
      </trkpt>
      <trkpt lat="42.953749" lon="1.625904">
        <ele>416.56</ele>
      </trkpt>
      <trkpt lat="42.954005" lon="1.625686">
        <ele>415.89</ele>
      </trkpt>
      <trkpt lat="42.954538" lon="1.625274">
        <ele>415</ele>
      </trkpt>
      <trkpt lat="42.954728" lon="1.625164">
        <ele>414.53</ele>
      </trkpt>
      <trkpt lat="42.955096" lon="1.625025">
        <ele>413.59</ele>
      </trkpt>
      <trkpt lat="42.955163" lon="1.624988">
        <ele>413.38</ele>
      </trkpt>
      <trkpt lat="42.955218" lon="1.624944">
        <ele>413.15</ele>
      </trkpt>
      <trkpt lat="42.95527" lon="1.624887">
        <ele>412.89</ele>
      </trkpt>
      <trkpt lat="42.95536" lon="1.62476">
        <ele>412.32</ele>
      </trkpt>
      <trkpt lat="42.955395" lon="1.624698">
        <ele>412.06</ele>
      </trkpt>
      <trkpt lat="42.95543" lon="1.624621">
        <ele>411.73</ele>
      </trkpt>
      <trkpt lat="42.955462" lon="1.624506">
        <ele>411.29</ele>
      </trkpt>
      <trkpt lat="42.955501" lon="1.624372">
        <ele>410.46</ele>
      </trkpt>
      <trkpt lat="42.955526" lon="1.624251">
        <ele>409.47</ele>
      </trkpt>
      <trkpt lat="42.95556" lon="1.624221">
        <ele>409.26</ele>
      </trkpt>
      <trkpt lat="42.955586" lon="1.624177">
        <ele>408.92</ele>
      </trkpt>
      <trkpt lat="42.9556" lon="1.624124">
        <ele>408.5</ele>
      </trkpt>
      <trkpt lat="42.955601" lon="1.624068">
        <ele>408.03</ele>
      </trkpt>
      <trkpt lat="42.955659" lon="1.623936">
        <ele>406.99</ele>
      </trkpt>
      <trkpt lat="42.955698" lon="1.623868">
        <ele>406.47</ele>
      </trkpt>
      <trkpt lat="42.956203" lon="1.623194">
        <ele>399.68</ele>
      </trkpt>
      <trkpt lat="42.956515" lon="1.62278">
        <ele>395.1</ele>
      </trkpt>
      <trkpt lat="42.95665" lon="1.622526">
        <ele>394.26</ele>
      </trkpt>
      <trkpt lat="42.95687" lon="1.622141">
        <ele>391.52</ele>
      </trkpt>
      <trkpt lat="42.958176" lon="1.619003">
        <ele>389.58</ele>
      </trkpt>
      <trkpt lat="42.958534" lon="1.617895">
        <ele>391.58</ele>
      </trkpt>
      <trkpt lat="42.9586" lon="1.617728">
        <ele>391.78</ele>
      </trkpt>
      <trkpt lat="42.958695" lon="1.617588">
        <ele>392.52</ele>
      </trkpt>
      <trkpt lat="42.959202" lon="1.616916">
        <ele>395.2</ele>
      </trkpt>
      <trkpt lat="42.960676" lon="1.615067">
        <ele>394.89</ele>
      </trkpt>
      <trkpt lat="42.961704" lon="1.613758">
        <ele>389.63</ele>
      </trkpt>
      <trkpt lat="42.962167" lon="1.613181">
        <ele>384.51</ele>
      </trkpt>
      <trkpt lat="42.962229" lon="1.613125">
        <ele>384.31</ele>
      </trkpt>
      <trkpt lat="42.962357" lon="1.613047">
        <ele>384.09</ele>
      </trkpt>
      <trkpt lat="42.962677" lon="1.612918">
        <ele>383.27</ele>
      </trkpt>
      <trkpt lat="42.962927" lon="1.612779">
        <ele>380.24</ele>
      </trkpt>
      <trkpt lat="42.963492" lon="1.612234">
        <ele>383.34</ele>
      </trkpt>
      <trkpt lat="42.963897" lon="1.61181">
        <ele>381.76</ele>
      </trkpt>
      <trkpt lat="42.964098" lon="1.611586">
        <ele>384.38</ele>
      </trkpt>
      <trkpt lat="42.964314" lon="1.611366">
        <ele>384.59</ele>
      </trkpt>
      <trkpt lat="42.964413" lon="1.611285">
        <ele>384.03</ele>
      </trkpt>
      <trkpt lat="42.964688" lon="1.610964">
        <ele>382.46</ele>
      </trkpt>
      <trkpt lat="42.964718" lon="1.611016">
        <ele>382.44</ele>
      </trkpt>
      <trkpt lat="42.965083" lon="1.610623">
        <ele>386.44</ele>
      </trkpt>
      <trkpt lat="42.965426" lon="1.61029">
        <ele>384.53</ele>
      </trkpt>
      <trkpt lat="42.966136" lon="1.609735">
        <ele>386.04</ele>
      </trkpt>
      <trkpt lat="42.966289" lon="1.6096">
        <ele>384.7</ele>
      </trkpt>
      <trkpt lat="42.966381" lon="1.609504">
        <ele>383.91</ele>
      </trkpt>
      <trkpt lat="42.966455" lon="1.6094">
        <ele>383.42</ele>
      </trkpt>
      <trkpt lat="42.966603" lon="1.609237">
        <ele>383.98</ele>
      </trkpt>
      <trkpt lat="42.966554" lon="1.609161">
        <ele>384.15</ele>
      </trkpt>
      <trkpt lat="42.966616" lon="1.609093">
        <ele>384.2</ele>
      </trkpt>
      <trkpt lat="42.96696" lon="1.608777">
        <ele>382.89</ele>
      </trkpt>
      <trkpt lat="42.96721" lon="1.608607">
        <ele>381.27</ele>
      </trkpt>
      <trkpt lat="42.967464" lon="1.608452">
        <ele>382.83</ele>
      </trkpt>
      <trkpt lat="42.967886" lon="1.608238">
        <ele>383.63</ele>
      </trkpt>
      <trkpt lat="42.967954" lon="1.608187">
        <ele>383.51</ele>
      </trkpt>
      <trkpt lat="42.968045" lon="1.608095">
        <ele>383.41</ele>
      </trkpt>
      <trkpt lat="42.968096" lon="1.608095">
        <ele>383.66</ele>
      </trkpt>
      <trkpt lat="42.968116" lon="1.608042">
        <ele>383.46</ele>
      </trkpt>
      <trkpt lat="42.968179" lon="1.607934">
        <ele>383.04</ele>
      </trkpt>
      <trkpt lat="42.968413" lon="1.607668">
        <ele>381.82</ele>
      </trkpt>
      <trkpt lat="42.968698" lon="1.607445">
        <ele>380.75</ele>
      </trkpt>
      <trkpt lat="42.968886" lon="1.607379">
        <ele>380.2</ele>
      </trkpt>
      <trkpt lat="42.969752" lon="1.607301">
        <ele>380.84</ele>
      </trkpt>
    </trkseg>
  </trk>
</gpx>
